Copyright 1986-2022 Xilinx, Inc. All Rights Reserved. Copyright 2022-2026 Advanced Micro Devices, Inc. All Rights Reserved.
------------------------------------------------------------------------------------------------------------------------------------------------------------------------------------------------------------------------------------------------------------------
| Tool Version : Vivado v.2026.1 (win64) Build 6511674 Tue Jun 16 11:02:23 MDT 2026
| Date         : Mon Aug  3 15:50:49 2026
| Host         : LAPTOP-64BO2FPL running 64-bit major release  (build 9200)
| Command      : report_timing_summary -max_paths 10 -routable_nets -report_unconstrained -file top_unit_pipelined_timing_summary_routed.rpt -pb top_unit_pipelined_timing_summary_routed.pb -rpx top_unit_pipelined_timing_summary_routed.rpx -warn_on_violation
| Design       : top_unit_pipelined
| Device       : 7a100t-csg324
| Speed File   : -1  PRODUCTION 1.23 2018-06-13
| Design State : Routed
------------------------------------------------------------------------------------------------------------------------------------------------------------------------------------------------------------------------------------------------------------------

Timing Summary Report

------------------------------------------------------------------------------------------------
| Timer Settings
| --------------
------------------------------------------------------------------------------------------------

  Enable Multi Corner Analysis               :  Yes
  Enable Pessimism Removal                   :  Yes
  Pessimism Removal Resolution               :  Nearest Common Node
  Enable Input Delay Default Clock           :  No
  Enable Preset / Clear Arcs                 :  No
  Disable Flight Delays                      :  No
  Ignore I/O Paths                           :  No
  Timing Early Launch at Borrowing Latches   :  No
  Borrow Time for Max Delay Exceptions       :  Yes
  Merge Timing Exceptions                    :  Yes
  Inter-SLR Compensation                     :  Conservative

  Corner  Analyze    Analyze    
  Name    Max Paths  Min Paths  
  ------  ---------  ---------  
  Slow    Yes        Yes        
  Fast    Yes        Yes        


------------------------------------------------------------------------------------------------
| Report Methodology
| ------------------
------------------------------------------------------------------------------------------------

Rule       Severity          Description                                                Violations  
---------  ----------------  ---------------------------------------------------------  ----------  
TIMING-17  Critical Warning  Non-clocked sequential cell                                34          
SYNTH-5    Warning           Mapped onto distributed RAM because of timing constraints  128         
TIMING-16  Warning           Large setup violation                                      192         
TIMING-18  Warning           Missing input or output delay                              26          

Note: This report is based on the most recent report_methodology run and may not be up-to-date. Run report_methodology on the current design for the latest report.



check_timing report

Table of Contents
-----------------
1. checking no_clock (34)
2. checking constant_clock (0)
3. checking pulse_width_clock (0)
4. checking unconstrained_internal_endpoints (55)
5. checking no_input_delay (4)
6. checking no_output_delay (24)
7. checking multiple_clock (0)
8. checking generated_clocks (0)
9. checking loops (0)
10. checking partial_input_delay (0)
11. checking partial_output_delay (0)
12. checking latch_loops (0)

1. checking no_clock (34)
-------------------------
 There are 11 register/latch pins with no clock driven by root clock pin: CLK50MHZ_reg/Q (HIGH)

 There are 13 register/latch pins with no clock driven by root clock pin: keyboard/debounce/O0_reg/Q (HIGH)

 There are 10 register/latch pins with no clock driven by root clock pin: keyboard/flag_reg/Q (HIGH)


2. checking constant_clock (0)
------------------------------
 There are 0 register/latch pins with constant_clock.


3. checking pulse_width_clock (0)
---------------------------------
 There are 0 register/latch pins which need pulse_width check


4. checking unconstrained_internal_endpoints (55)
-------------------------------------------------
 There are 55 pins that are not constrained for maximum delay. (HIGH)

 There are 0 pins that are not constrained for maximum delay due to constant clock.


5. checking no_input_delay (4)
------------------------------
 There are 4 input ports with no input delay specified. (HIGH)

 There are 0 input ports with no input delay but user has a false path constraint.


6. checking no_output_delay (24)
--------------------------------
 There are 24 ports with no output delay specified. (HIGH)

 There are 0 ports with no output delay but user has a false path constraint

 There are 0 ports with no output delay but with a timing clock defined on it or propagating through it


7. checking multiple_clock (0)
------------------------------
 There are 0 register/latch pins with multiple clocks.


8. checking generated_clocks (0)
--------------------------------
 There are 0 generated clocks that are not connected to a clock source.


9. checking loops (0)
---------------------
 There are 0 combinational loops in the design.


10. checking partial_input_delay (0)
------------------------------------
 There are 0 input ports with partial input delay specified.


11. checking partial_output_delay (0)
-------------------------------------
 There are 0 ports with partial output delay specified.


12. checking latch_loops (0)
----------------------------
 There are 0 combinational latch loops in the design through latch input



------------------------------------------------------------------------------------------------
| Design Timing Summary
| ---------------------
------------------------------------------------------------------------------------------------

    WNS(ns)      TNS(ns)  TNS Failing Endpoints  TNS Total Endpoints      WHS(ns)      THS(ns)  THS Failing Endpoints  THS Total Endpoints     WPWS(ns)     TPWS(ns)  TPWS Failing Endpoints  TPWS Total Endpoints  
    -------      -------  ---------------------  -------------------      -------      -------  ---------------------  -------------------     --------     --------  ----------------------  --------------------  
    -28.690    -1334.364                    225                 7429        0.025        0.000                      0                 7429        3.750        0.000                       0                  1409  


Timing constraints are not met.


------------------------------------------------------------------------------------------------
| Clock Summary
| -------------
------------------------------------------------------------------------------------------------

Clock        Waveform(ns)       Period(ns)      Frequency(MHz)
-----        ------------       ----------      --------------
sys_clk_pin  {0.000 5.000}      10.000          100.000         


------------------------------------------------------------------------------------------------
| Intra Clock Table
| -----------------
------------------------------------------------------------------------------------------------

Clock             WNS(ns)      TNS(ns)  TNS Failing Endpoints  TNS Total Endpoints      WHS(ns)      THS(ns)  THS Failing Endpoints  THS Total Endpoints     WPWS(ns)     TPWS(ns)  TPWS Failing Endpoints  TPWS Total Endpoints  
-----             -------      -------  ---------------------  -------------------      -------      -------  ---------------------  -------------------     --------     --------  ----------------------  --------------------  
sys_clk_pin       -28.690    -1334.364                    225                 7429        0.025        0.000                      0                 7429        3.750        0.000                       0                  1409  


------------------------------------------------------------------------------------------------
| Inter Clock Table
| -----------------
------------------------------------------------------------------------------------------------

From Clock    To Clock          WNS(ns)      TNS(ns)  TNS Failing Endpoints  TNS Total Endpoints      WHS(ns)      THS(ns)  THS Failing Endpoints  THS Total Endpoints  
----------    --------          -------      -------  ---------------------  -------------------      -------      -------  ---------------------  -------------------  


------------------------------------------------------------------------------------------------
| Other Path Groups Table
| -----------------------
------------------------------------------------------------------------------------------------

Path Group    From Clock    To Clock          WNS(ns)      TNS(ns)  TNS Failing Endpoints  TNS Total Endpoints      WHS(ns)      THS(ns)  THS Failing Endpoints  THS Total Endpoints  
----------    ----------    --------          -------      -------  ---------------------  -------------------      -------      -------  ---------------------  -------------------  


------------------------------------------------------------------------------------------------
| User Ignored Path Table
| -----------------------
------------------------------------------------------------------------------------------------

Path Group    From Clock    To Clock    
----------    ----------    --------    


------------------------------------------------------------------------------------------------
| Unconstrained Path Table
| ------------------------
------------------------------------------------------------------------------------------------

Path Group    From Clock    To Clock    
----------    ----------    --------    
(none)                                    
(none)        sys_clk_pin                 
(none)                      sys_clk_pin   


------------------------------------------------------------------------------------------------
| Timing Details
| --------------
------------------------------------------------------------------------------------------------


---------------------------------------------------------------------------------------------------
From Clock:  sys_clk_pin
  To Clock:  sys_clk_pin

Setup :          225  Failing Endpoints,  Worst Slack      -28.690ns,  Total Violation    -1334.364ns
Hold  :            0  Failing Endpoints,  Worst Slack        0.025ns,  Total Violation        0.000ns
PW    :            0  Failing Endpoints,  Worst Slack        3.750ns,  Total Violation        0.000ns
---------------------------------------------------------------------------------------------------


Max Delay Paths
--------------------------------------------------------------------------------------
Slack (VIOLATED) :        -28.690ns  (required time - arrival time)
  Source:                 tokenizer/token2_reg[93]/C
                            (rising edge-triggered cell FDSE clocked by sys_clk_pin  {rise@0.000ns fall@5.000ns period=10.000ns})
  Destination:            operand_interpreter/imm_reg[31]/D
                            (rising edge-triggered cell FDRE clocked by sys_clk_pin  {rise@0.000ns fall@5.000ns period=10.000ns})
  Path Group:             sys_clk_pin
  Path Type:              Setup (Max at Slow Process Corner)
  Requirement:            10.000ns  (sys_clk_pin rise@10.000ns - sys_clk_pin rise@0.000ns)
  Data Path Delay:        38.596ns  (logic 18.644ns (48.305%)  route 19.952ns (51.695%))
  Logic Levels:           58  (CARRY4=29 LUT2=11 LUT3=2 LUT4=5 LUT5=2 LUT6=9)
  Clock Path Skew:        -0.090ns (DCD - SCD + CPR)
    Destination Clock Delay (DCD):    5.103ns = ( 15.103 - 10.000 ) 
    Source Clock Delay      (SCD):    5.389ns
    Clock Pessimism Removal (CPR):    0.195ns
  Clock Uncertainty:      0.035ns  ((TSJ^2 + TIJ^2)^1/2 + DJ) / 2 + PE
    Total System Jitter     (TSJ):    0.071ns
    Total Input Jitter      (TIJ):    0.000ns
    Discrete Jitter          (DJ):    0.000ns
    Phase Error              (PE):    0.000ns

    Location             Delay type                Incr(ns)  Path(ns)    Netlist Resource(s)
  -------------------------------------------------------------------    -------------------
                         (clock sys_clk_pin rise edge)
                                                      0.000     0.000 r  <hidden>
    E3                                                0.000     0.000 r  CLK100MHZ
                         net (fo=0)                   0.000     0.000    CLK100MHZ
    E3                   IBUF (Prop_ibuf_I_O)         1.482     1.482 r  CLK100MHZ_IBUF_inst/O
                         net (fo=1, routed)           2.025     3.506    CLK100MHZ_IBUF
    BUFGCTRL_X0Y16       BUFG (Prop_bufg_I_O)         0.096     3.602 r  CLK100MHZ_IBUF_BUFG_inst/O
                         net (fo=1408, routed)        1.786     5.389    tokenizer/CLK100MHZ_IBUF_BUFG
    SLICE_X61Y22         FDSE                                         r  tokenizer/token2_reg[93]/C
  -------------------------------------------------------------------    -------------------
    SLICE_X61Y22         FDSE (Prop_fdse_C_Q)         0.456     5.845 f  tokenizer/token2_reg[93]/Q
                         net (fo=22, routed)          0.788     6.633    tokenizer/token2[93]
    SLICE_X59Y23         LUT6 (Prop_lut6_I4_O)        0.124     6.757 r  tokenizer/imm[7]_i_23/O
                         net (fo=11, routed)          0.440     7.197    tokenizer/imm[7]_i_23_n_0
    SLICE_X61Y22         LUT4 (Prop_lut4_I2_O)        0.124     7.321 r  tokenizer/imm[4]_i_230/O
                         net (fo=1, routed)           0.000     7.321    tokenizer/imm[4]_i_230_n_0
    SLICE_X61Y22         CARRY4 (Prop_carry4_S[0]_O[0])
                                                      0.247     7.568 r  tokenizer/imm_reg[4]_i_118/O[0]
                         net (fo=2, routed)           0.401     7.969    tokenizer/imm_reg[4]_i_118_n_7
    SLICE_X62Y22         LUT2 (Prop_lut2_I0_O)        0.299     8.268 r  tokenizer/imm[4]_i_121/O
                         net (fo=1, routed)           0.000     8.268    tokenizer/imm[4]_i_121_n_0
    SLICE_X62Y22         CARRY4 (Prop_carry4_S[1]_O[1])
                                                      0.230     8.498 r  tokenizer/imm_reg[4]_i_50/O[1]
                         net (fo=5, routed)           0.642     9.140    tokenizer/imm_reg[4]_i_50_n_6
    SLICE_X63Y22         LUT6 (Prop_lut6_I5_O)        0.306     9.446 r  tokenizer/imm[4]_i_211/O
                         net (fo=1, routed)           0.770    10.217    tokenizer/imm[4]_i_211_n_0
    SLICE_X59Y18         CARRY4 (Prop_carry4_DI[1]_O[2])
                                                      0.537    10.754 r  tokenizer/imm_reg[4]_i_108/O[2]
                         net (fo=2, routed)           0.660    11.414    tokenizer/imm_reg[4]_i_108_n_5
    SLICE_X60Y21         LUT2 (Prop_lut2_I1_O)        0.302    11.716 r  tokenizer/imm[4]_i_109/O
                         net (fo=1, routed)           0.000    11.716    tokenizer/imm[4]_i_109_n_0
    SLICE_X60Y21         CARRY4 (Prop_carry4_S[3]_CO[3])
                                                      0.376    12.092 r  tokenizer/imm_reg[4]_i_48/CO[3]
                         net (fo=1, routed)           0.000    12.092    tokenizer/imm_reg[4]_i_48_n_0
    SLICE_X60Y22         CARRY4 (Prop_carry4_CI_O[0])
                                                      0.219    12.311 r  tokenizer/imm_reg[8]_i_66/O[0]
                         net (fo=1, routed)           0.459    12.769    tokenizer/imm_reg[8]_i_66_n_7
    SLICE_X57Y22         LUT6 (Prop_lut6_I5_O)        0.295    13.064 r  tokenizer/imm[5]_i_9/O
                         net (fo=11, routed)          0.667    13.731    tokenizer/imm[5]_i_9_n_0
    SLICE_X55Y23         LUT2 (Prop_lut2_I0_O)        0.124    13.855 r  tokenizer/imm[12]_i_309/O
                         net (fo=1, routed)           0.000    13.855    tokenizer/imm[12]_i_309_n_0
    SLICE_X55Y23         CARRY4 (Prop_carry4_S[0]_O[0])
                                                      0.247    14.102 r  tokenizer/imm_reg[12]_i_142/O[0]
                         net (fo=4, routed)           0.454    14.556    tokenizer/imm_reg[12]_i_142_n_7
    SLICE_X54Y23         LUT4 (Prop_lut4_I1_O)        0.299    14.855 r  tokenizer/imm[8]_i_137/O
                         net (fo=1, routed)           0.000    14.855    tokenizer/imm[8]_i_137_n_0
    SLICE_X54Y23         CARRY4 (Prop_carry4_S[1]_O[1])
                                                      0.230    15.085 r  tokenizer/imm_reg[8]_i_64/O[1]
                         net (fo=2, routed)           0.457    15.542    tokenizer/imm_reg[8]_i_64_n_6
    SLICE_X57Y22         LUT4 (Prop_lut4_I3_O)        0.306    15.848 r  tokenizer/imm[16]_i_415/O
                         net (fo=1, routed)           0.306    16.155    tokenizer/imm[16]_i_415_n_0
    SLICE_X56Y20         LUT6 (Prop_lut6_I1_O)        0.124    16.279 r  tokenizer/imm[16]_i_330/O
                         net (fo=3, routed)           0.582    16.860    tokenizer/imm[16]_i_330_n_0
    SLICE_X53Y22         LUT6 (Prop_lut6_I5_O)        0.124    16.984 r  tokenizer/imm[16]_i_334/O
                         net (fo=1, routed)           0.000    16.984    tokenizer/imm[16]_i_334_n_0
    SLICE_X53Y22         CARRY4 (Prop_carry4_S[1]_O[2])
                                                      0.580    17.564 r  tokenizer/imm_reg[16]_i_182/O[2]
                         net (fo=3, routed)           0.559    18.123    tokenizer/imm_reg[16]_i_182_n_5
    SLICE_X51Y21         LUT3 (Prop_lut3_I2_O)        0.302    18.425 r  tokenizer/imm[8]_i_156/O
                         net (fo=1, routed)           0.000    18.425    tokenizer/imm[8]_i_156_n_0
    SLICE_X51Y21         CARRY4 (Prop_carry4_S[3]_CO[3])
                                                      0.401    18.826 r  tokenizer/imm_reg[8]_i_67/CO[3]
                         net (fo=1, routed)           0.000    18.826    tokenizer/imm_reg[8]_i_67_n_0
    SLICE_X51Y22         CARRY4 (Prop_carry4_CI_O[1])
                                                      0.334    19.160 r  tokenizer/imm_reg[16]_i_68/O[1]
                         net (fo=2, routed)           0.333    19.493    tokenizer/imm_reg[16]_i_68_n_6
    SLICE_X49Y23         LUT6 (Prop_lut6_I0_O)        0.303    19.796 r  tokenizer/imm[16]_i_166/O
                         net (fo=9, routed)           0.682    20.478    tokenizer/imm[16]_i_166_n_0
    SLICE_X45Y23         LUT2 (Prop_lut2_I0_O)        0.124    20.602 r  tokenizer/imm[16]_i_170/O
                         net (fo=1, routed)           0.000    20.602    tokenizer/imm[16]_i_170_n_0
    SLICE_X45Y23         CARRY4 (Prop_carry4_S[1]_O[2])
                                                      0.580    21.182 r  tokenizer/imm_reg[16]_i_61/O[2]
                         net (fo=3, routed)           0.705    21.887    tokenizer/imm_reg[16]_i_61_n_5
    SLICE_X46Y18         LUT2 (Prop_lut2_I1_O)        0.302    22.189 r  tokenizer/imm[16]_i_160/O
                         net (fo=1, routed)           0.000    22.189    tokenizer/imm[16]_i_160_n_0
    SLICE_X46Y18         CARRY4 (Prop_carry4_S[3]_CO[3])
                                                      0.376    22.565 r  tokenizer/imm_reg[16]_i_60/CO[3]
                         net (fo=1, routed)           0.000    22.565    tokenizer/imm_reg[16]_i_60_n_0
    SLICE_X46Y19         CARRY4 (Prop_carry4_CI_O[0])
                                                      0.219    22.784 r  tokenizer/imm_reg[16]_i_27/O[0]
                         net (fo=1, routed)           0.435    23.219    tokenizer/imm_reg[16]_i_27_n_7
    SLICE_X47Y22         LUT6 (Prop_lut6_I0_O)        0.295    23.514 r  tokenizer/imm[13]_i_7/O
                         net (fo=11, routed)          0.538    24.051    tokenizer/imm[13]_i_7_n_0
    SLICE_X44Y25         LUT4 (Prop_lut4_I0_O)        0.124    24.175 r  tokenizer/imm[17]_i_52/O
                         net (fo=1, routed)           0.000    24.175    tokenizer/imm[17]_i_52_n_0
    SLICE_X44Y25         CARRY4 (Prop_carry4_S[0]_O[0])
                                                      0.247    24.422 r  tokenizer/imm_reg[17]_i_30/O[0]
                         net (fo=3, routed)           0.557    24.980    tokenizer/imm_reg[17]_i_30_n_7
    SLICE_X43Y26         LUT2 (Prop_lut2_I1_O)        0.299    25.279 r  tokenizer/imm[16]_i_90/O
                         net (fo=1, routed)           0.000    25.279    tokenizer/imm[16]_i_90_n_0
    SLICE_X43Y26         CARRY4 (Prop_carry4_S[1]_O[2])
                                                      0.580    25.859 r  tokenizer/imm_reg[16]_i_32/O[2]
                         net (fo=9, routed)           0.995    26.854    tokenizer/imm_reg[16]_i_32_n_5
    SLICE_X41Y28         LUT5 (Prop_lut5_I1_O)        0.302    27.156 r  tokenizer/imm[20]_i_213/O
                         net (fo=1, routed)           0.000    27.156    tokenizer/imm[20]_i_213_n_0
    SLICE_X41Y28         CARRY4 (Prop_carry4_S[2]_O[2])
                                                      0.248    27.404 r  tokenizer/imm_reg[20]_i_86/O[2]
                         net (fo=3, routed)           0.637    28.041    tokenizer/imm_reg[20]_i_86_n_5
    SLICE_X42Y25         LUT2 (Prop_lut2_I1_O)        0.302    28.343 r  tokenizer/imm[16]_i_76/O
                         net (fo=1, routed)           0.000    28.343    tokenizer/imm[16]_i_76_n_0
    SLICE_X42Y25         CARRY4 (Prop_carry4_S[3]_CO[3])
                                                      0.376    28.719 r  tokenizer/imm_reg[16]_i_30/CO[3]
                         net (fo=1, routed)           0.000    28.719    tokenizer/imm_reg[16]_i_30_n_0
    SLICE_X42Y26         CARRY4 (Prop_carry4_CI_O[1])
                                                      0.323    29.042 r  tokenizer/imm_reg[20]_i_31/O[1]
                         net (fo=5, routed)           0.849    29.891    tokenizer/imm_reg[20]_i_31_n_6
    SLICE_X44Y33         LUT3 (Prop_lut3_I0_O)        0.306    30.197 r  tokenizer/imm[24]_i_193/O
                         net (fo=1, routed)           0.526    30.723    tokenizer/imm[24]_i_193_n_0
    SLICE_X47Y33         CARRY4 (Prop_carry4_DI[1]_O[2])
                                                      0.537    31.260 r  tokenizer/imm_reg[24]_i_83/O[2]
                         net (fo=3, routed)           0.696    31.956    tokenizer/imm_reg[24]_i_83_n_5
    SLICE_X46Y36         LUT2 (Prop_lut2_I1_O)        0.302    32.258 r  tokenizer/imm[20]_i_82/O
                         net (fo=1, routed)           0.000    32.258    tokenizer/imm[20]_i_82_n_0
    SLICE_X46Y36         CARRY4 (Prop_carry4_S[3]_CO[3])
                                                      0.376    32.634 r  tokenizer/imm_reg[20]_i_30/CO[3]
                         net (fo=1, routed)           0.000    32.634    tokenizer/imm_reg[20]_i_30_n_0
    SLICE_X46Y37         CARRY4 (Prop_carry4_CI_O[0])
                                                      0.219    32.853 r  tokenizer/imm_reg[24]_i_31/O[0]
                         net (fo=3, routed)           0.586    33.439    tokenizer/imm_reg[24]_i_31_n_7
    SLICE_X42Y37         LUT5 (Prop_lut5_I1_O)        0.295    33.734 r  tokenizer/imm[28]_i_120/O
                         net (fo=8, routed)           0.852    34.586    tokenizer/imm[28]_i_120_n_0
    SLICE_X42Y43         CARRY4 (Prop_carry4_DI[0]_O[2])
                                                      0.579    35.165 r  tokenizer/imm_reg[28]_i_50/O[2]
                         net (fo=3, routed)           0.634    35.800    tokenizer/imm_reg[28]_i_50_n_5
    SLICE_X40Y39         LUT2 (Prop_lut2_I1_O)        0.301    36.101 r  tokenizer/imm[24]_i_74/O
                         net (fo=1, routed)           0.000    36.101    tokenizer/imm[24]_i_74_n_0
    SLICE_X40Y39         CARRY4 (Prop_carry4_S[3]_O[3])
                                                      0.248    36.349 r  tokenizer/imm_reg[24]_i_29/O[3]
                         net (fo=4, routed)           0.460    36.809    tokenizer/imm_reg[24]_i_29_n_4
    SLICE_X43Y38         LUT6 (Prop_lut6_I1_O)        0.306    37.115 r  tokenizer/imm[28]_i_133/O
                         net (fo=3, routed)           0.728    37.843    tokenizer/imm[28]_i_133_n_0
    SLICE_X47Y43         CARRY4 (Prop_carry4_DI[3]_CO[3])
                                                      0.385    38.228 r  tokenizer/imm_reg[28]_i_60/CO[3]
                         net (fo=1, routed)           0.000    38.228    tokenizer/imm_reg[28]_i_60_n_0
    SLICE_X47Y44         CARRY4 (Prop_carry4_CI_O[0])
                                                      0.222    38.450 r  tokenizer/imm_reg[31]_i_95/O[0]
                         net (fo=3, routed)           0.344    38.794    tokenizer/imm_reg[31]_i_95_n_7
    SLICE_X45Y43         LUT2 (Prop_lut2_I1_O)        0.299    39.093 r  tokenizer/imm[28]_i_63/O
                         net (fo=1, routed)           0.000    39.093    tokenizer/imm[28]_i_63_n_0
    SLICE_X45Y43         CARRY4 (Prop_carry4_S[1]_O[2])
                                                      0.580    39.673 r  tokenizer/imm_reg[28]_i_23/O[2]
                         net (fo=2, routed)           0.598    40.271    tokenizer/imm_reg[28]_i_23_n_5
    SLICE_X45Y46         LUT4 (Prop_lut4_I2_O)        0.302    40.573 r  tokenizer/imm[30]_i_65_comp/O
                         net (fo=3, routed)           0.505    41.078    tokenizer/imm[30]_i_65_n_0
    SLICE_X44Y44         CARRY4 (Prop_carry4_DI[2]_CO[3])
                                                      0.398    41.476 r  tokenizer/imm_reg[30]_i_31/CO[3]
                         net (fo=1, routed)           0.000    41.476    tokenizer/imm_reg[30]_i_31_n_0
    SLICE_X44Y45         CARRY4 (Prop_carry4_CI_O[0])
                                                      0.222    41.698 r  tokenizer/imm_reg[30]_i_72/O[0]
                         net (fo=2, routed)           0.551    42.248    tokenizer/imm_reg[30]_i_72_n_7
    SLICE_X43Y46         LUT2 (Prop_lut2_I1_O)        0.299    42.547 r  tokenizer/imm[30]_i_33/O
                         net (fo=1, routed)           0.000    42.547    tokenizer/imm[30]_i_33_n_0
    SLICE_X43Y46         CARRY4 (Prop_carry4_S[1]_O[2])
                                                      0.580    43.127 r  tokenizer/imm_reg[30]_i_9/O[2]
                         net (fo=1, routed)           0.556    43.683    tokenizer/imm_reg[30]_i_9_n_5
    SLICE_X45Y47         LUT6 (Prop_lut6_I4_O)        0.302    43.985 r  tokenizer/imm[31]_i_2_comp_1/O
                         net (fo=1, routed)           0.000    43.985    operand_interpreter/imm_reg[31]_2[31]
    SLICE_X45Y47         FDRE                                         r  operand_interpreter/imm_reg[31]/D
  -------------------------------------------------------------------    -------------------

                         (clock sys_clk_pin rise edge)
                                                     10.000    10.000 r  <hidden>
    E3                                                0.000    10.000 r  CLK100MHZ
                         net (fo=0)                   0.000    10.000    CLK100MHZ
    E3                   IBUF (Prop_ibuf_I_O)         1.411    11.411 r  CLK100MHZ_IBUF_inst/O
                         net (fo=1, routed)           1.920    13.331    CLK100MHZ_IBUF
    BUFGCTRL_X0Y16       BUFG (Prop_bufg_I_O)         0.091    13.422 r  CLK100MHZ_IBUF_BUFG_inst/O
                         net (fo=1408, routed)        1.681    15.103    operand_interpreter/CLK100MHZ_IBUF_BUFG
    SLICE_X45Y47         FDRE                                         r  operand_interpreter/imm_reg[31]/C
                         clock pessimism              0.195    15.299    <hidden>
                         clock uncertainty           -0.035    15.263    <hidden>
    SLICE_X45Y47         FDRE (Setup_fdre_C_D)        0.032    15.295    operand_interpreter/imm_reg[31]
  -------------------------------------------------------------------
                         required time                         15.295    <hidden>
                         arrival time                         -43.985    <hidden>
  -------------------------------------------------------------------
                         slack                                -28.690    <hidden>

Slack (VIOLATED) :        -28.646ns  (required time - arrival time)
  Source:                 tokenizer/token2_reg[93]/C
                            (rising edge-triggered cell FDSE clocked by sys_clk_pin  {rise@0.000ns fall@5.000ns period=10.000ns})
  Destination:            operand_interpreter/imm_reg[29]/D
                            (rising edge-triggered cell FDRE clocked by sys_clk_pin  {rise@0.000ns fall@5.000ns period=10.000ns})
  Path Group:             sys_clk_pin
  Path Type:              Setup (Max at Slow Process Corner)
  Requirement:            10.000ns  (sys_clk_pin rise@10.000ns - sys_clk_pin rise@0.000ns)
  Data Path Delay:        38.552ns  (logic 18.563ns (48.150%)  route 19.989ns (51.850%))
  Logic Levels:           60  (CARRY4=29 LUT2=11 LUT3=2 LUT4=5 LUT5=3 LUT6=10)
  Clock Path Skew:        -0.090ns (DCD - SCD + CPR)
    Destination Clock Delay (DCD):    5.103ns = ( 15.103 - 10.000 ) 
    Source Clock Delay      (SCD):    5.389ns
    Clock Pessimism Removal (CPR):    0.195ns
  Clock Uncertainty:      0.035ns  ((TSJ^2 + TIJ^2)^1/2 + DJ) / 2 + PE
    Total System Jitter     (TSJ):    0.071ns
    Total Input Jitter      (TIJ):    0.000ns
    Discrete Jitter          (DJ):    0.000ns
    Phase Error              (PE):    0.000ns

    Location             Delay type                Incr(ns)  Path(ns)    Netlist Resource(s)
  -------------------------------------------------------------------    -------------------
                         (clock sys_clk_pin rise edge)
                                                      0.000     0.000 r  <hidden>
    E3                                                0.000     0.000 r  CLK100MHZ
                         net (fo=0)                   0.000     0.000    CLK100MHZ
    E3                   IBUF (Prop_ibuf_I_O)         1.482     1.482 r  CLK100MHZ_IBUF_inst/O
                         net (fo=1, routed)           2.025     3.506    CLK100MHZ_IBUF
    BUFGCTRL_X0Y16       BUFG (Prop_bufg_I_O)         0.096     3.602 r  CLK100MHZ_IBUF_BUFG_inst/O
                         net (fo=1408, routed)        1.786     5.389    tokenizer/CLK100MHZ_IBUF_BUFG
    SLICE_X61Y22         FDSE                                         r  tokenizer/token2_reg[93]/C
  -------------------------------------------------------------------    -------------------
    SLICE_X61Y22         FDSE (Prop_fdse_C_Q)         0.456     5.845 f  tokenizer/token2_reg[93]/Q
                         net (fo=22, routed)          0.788     6.633    tokenizer/token2[93]
    SLICE_X59Y23         LUT6 (Prop_lut6_I4_O)        0.124     6.757 r  tokenizer/imm[7]_i_23/O
                         net (fo=11, routed)          0.440     7.197    tokenizer/imm[7]_i_23_n_0
    SLICE_X61Y22         LUT4 (Prop_lut4_I2_O)        0.124     7.321 r  tokenizer/imm[4]_i_230/O
                         net (fo=1, routed)           0.000     7.321    tokenizer/imm[4]_i_230_n_0
    SLICE_X61Y22         CARRY4 (Prop_carry4_S[0]_O[0])
                                                      0.247     7.568 r  tokenizer/imm_reg[4]_i_118/O[0]
                         net (fo=2, routed)           0.401     7.969    tokenizer/imm_reg[4]_i_118_n_7
    SLICE_X62Y22         LUT2 (Prop_lut2_I0_O)        0.299     8.268 r  tokenizer/imm[4]_i_121/O
                         net (fo=1, routed)           0.000     8.268    tokenizer/imm[4]_i_121_n_0
    SLICE_X62Y22         CARRY4 (Prop_carry4_S[1]_O[1])
                                                      0.230     8.498 r  tokenizer/imm_reg[4]_i_50/O[1]
                         net (fo=5, routed)           0.642     9.140    tokenizer/imm_reg[4]_i_50_n_6
    SLICE_X63Y22         LUT6 (Prop_lut6_I5_O)        0.306     9.446 r  tokenizer/imm[4]_i_211/O
                         net (fo=1, routed)           0.770    10.217    tokenizer/imm[4]_i_211_n_0
    SLICE_X59Y18         CARRY4 (Prop_carry4_DI[1]_O[2])
                                                      0.537    10.754 r  tokenizer/imm_reg[4]_i_108/O[2]
                         net (fo=2, routed)           0.660    11.414    tokenizer/imm_reg[4]_i_108_n_5
    SLICE_X60Y21         LUT2 (Prop_lut2_I1_O)        0.302    11.716 r  tokenizer/imm[4]_i_109/O
                         net (fo=1, routed)           0.000    11.716    tokenizer/imm[4]_i_109_n_0
    SLICE_X60Y21         CARRY4 (Prop_carry4_S[3]_CO[3])
                                                      0.376    12.092 r  tokenizer/imm_reg[4]_i_48/CO[3]
                         net (fo=1, routed)           0.000    12.092    tokenizer/imm_reg[4]_i_48_n_0
    SLICE_X60Y22         CARRY4 (Prop_carry4_CI_O[0])
                                                      0.219    12.311 r  tokenizer/imm_reg[8]_i_66/O[0]
                         net (fo=1, routed)           0.459    12.769    tokenizer/imm_reg[8]_i_66_n_7
    SLICE_X57Y22         LUT6 (Prop_lut6_I5_O)        0.295    13.064 r  tokenizer/imm[5]_i_9/O
                         net (fo=11, routed)          0.667    13.731    tokenizer/imm[5]_i_9_n_0
    SLICE_X55Y23         LUT2 (Prop_lut2_I0_O)        0.124    13.855 r  tokenizer/imm[12]_i_309/O
                         net (fo=1, routed)           0.000    13.855    tokenizer/imm[12]_i_309_n_0
    SLICE_X55Y23         CARRY4 (Prop_carry4_S[0]_O[0])
                                                      0.247    14.102 r  tokenizer/imm_reg[12]_i_142/O[0]
                         net (fo=4, routed)           0.454    14.556    tokenizer/imm_reg[12]_i_142_n_7
    SLICE_X54Y23         LUT4 (Prop_lut4_I1_O)        0.299    14.855 r  tokenizer/imm[8]_i_137/O
                         net (fo=1, routed)           0.000    14.855    tokenizer/imm[8]_i_137_n_0
    SLICE_X54Y23         CARRY4 (Prop_carry4_S[1]_O[1])
                                                      0.230    15.085 r  tokenizer/imm_reg[8]_i_64/O[1]
                         net (fo=2, routed)           0.457    15.542    tokenizer/imm_reg[8]_i_64_n_6
    SLICE_X57Y22         LUT4 (Prop_lut4_I3_O)        0.306    15.848 r  tokenizer/imm[16]_i_415/O
                         net (fo=1, routed)           0.306    16.155    tokenizer/imm[16]_i_415_n_0
    SLICE_X56Y20         LUT6 (Prop_lut6_I1_O)        0.124    16.279 r  tokenizer/imm[16]_i_330/O
                         net (fo=3, routed)           0.582    16.860    tokenizer/imm[16]_i_330_n_0
    SLICE_X53Y22         LUT6 (Prop_lut6_I5_O)        0.124    16.984 r  tokenizer/imm[16]_i_334/O
                         net (fo=1, routed)           0.000    16.984    tokenizer/imm[16]_i_334_n_0
    SLICE_X53Y22         CARRY4 (Prop_carry4_S[1]_O[2])
                                                      0.580    17.564 r  tokenizer/imm_reg[16]_i_182/O[2]
                         net (fo=3, routed)           0.559    18.123    tokenizer/imm_reg[16]_i_182_n_5
    SLICE_X51Y21         LUT3 (Prop_lut3_I2_O)        0.302    18.425 r  tokenizer/imm[8]_i_156/O
                         net (fo=1, routed)           0.000    18.425    tokenizer/imm[8]_i_156_n_0
    SLICE_X51Y21         CARRY4 (Prop_carry4_S[3]_CO[3])
                                                      0.401    18.826 r  tokenizer/imm_reg[8]_i_67/CO[3]
                         net (fo=1, routed)           0.000    18.826    tokenizer/imm_reg[8]_i_67_n_0
    SLICE_X51Y22         CARRY4 (Prop_carry4_CI_O[1])
                                                      0.334    19.160 r  tokenizer/imm_reg[16]_i_68/O[1]
                         net (fo=2, routed)           0.333    19.493    tokenizer/imm_reg[16]_i_68_n_6
    SLICE_X49Y23         LUT6 (Prop_lut6_I0_O)        0.303    19.796 r  tokenizer/imm[16]_i_166/O
                         net (fo=9, routed)           0.682    20.478    tokenizer/imm[16]_i_166_n_0
    SLICE_X45Y23         LUT2 (Prop_lut2_I0_O)        0.124    20.602 r  tokenizer/imm[16]_i_170/O
                         net (fo=1, routed)           0.000    20.602    tokenizer/imm[16]_i_170_n_0
    SLICE_X45Y23         CARRY4 (Prop_carry4_S[1]_O[2])
                                                      0.580    21.182 r  tokenizer/imm_reg[16]_i_61/O[2]
                         net (fo=3, routed)           0.705    21.887    tokenizer/imm_reg[16]_i_61_n_5
    SLICE_X46Y18         LUT2 (Prop_lut2_I1_O)        0.302    22.189 r  tokenizer/imm[16]_i_160/O
                         net (fo=1, routed)           0.000    22.189    tokenizer/imm[16]_i_160_n_0
    SLICE_X46Y18         CARRY4 (Prop_carry4_S[3]_CO[3])
                                                      0.376    22.565 r  tokenizer/imm_reg[16]_i_60/CO[3]
                         net (fo=1, routed)           0.000    22.565    tokenizer/imm_reg[16]_i_60_n_0
    SLICE_X46Y19         CARRY4 (Prop_carry4_CI_O[0])
                                                      0.219    22.784 r  tokenizer/imm_reg[16]_i_27/O[0]
                         net (fo=1, routed)           0.435    23.219    tokenizer/imm_reg[16]_i_27_n_7
    SLICE_X47Y22         LUT6 (Prop_lut6_I0_O)        0.295    23.514 r  tokenizer/imm[13]_i_7/O
                         net (fo=11, routed)          0.538    24.051    tokenizer/imm[13]_i_7_n_0
    SLICE_X44Y25         LUT4 (Prop_lut4_I0_O)        0.124    24.175 r  tokenizer/imm[17]_i_52/O
                         net (fo=1, routed)           0.000    24.175    tokenizer/imm[17]_i_52_n_0
    SLICE_X44Y25         CARRY4 (Prop_carry4_S[0]_O[0])
                                                      0.247    24.422 r  tokenizer/imm_reg[17]_i_30/O[0]
                         net (fo=3, routed)           0.557    24.980    tokenizer/imm_reg[17]_i_30_n_7
    SLICE_X43Y26         LUT2 (Prop_lut2_I1_O)        0.299    25.279 r  tokenizer/imm[16]_i_90/O
                         net (fo=1, routed)           0.000    25.279    tokenizer/imm[16]_i_90_n_0
    SLICE_X43Y26         CARRY4 (Prop_carry4_S[1]_O[2])
                                                      0.580    25.859 r  tokenizer/imm_reg[16]_i_32/O[2]
                         net (fo=9, routed)           0.995    26.854    tokenizer/imm_reg[16]_i_32_n_5
    SLICE_X41Y28         LUT5 (Prop_lut5_I1_O)        0.302    27.156 r  tokenizer/imm[20]_i_213/O
                         net (fo=1, routed)           0.000    27.156    tokenizer/imm[20]_i_213_n_0
    SLICE_X41Y28         CARRY4 (Prop_carry4_S[2]_O[2])
                                                      0.248    27.404 r  tokenizer/imm_reg[20]_i_86/O[2]
                         net (fo=3, routed)           0.637    28.041    tokenizer/imm_reg[20]_i_86_n_5
    SLICE_X42Y25         LUT2 (Prop_lut2_I1_O)        0.302    28.343 r  tokenizer/imm[16]_i_76/O
                         net (fo=1, routed)           0.000    28.343    tokenizer/imm[16]_i_76_n_0
    SLICE_X42Y25         CARRY4 (Prop_carry4_S[3]_CO[3])
                                                      0.376    28.719 r  tokenizer/imm_reg[16]_i_30/CO[3]
                         net (fo=1, routed)           0.000    28.719    tokenizer/imm_reg[16]_i_30_n_0
    SLICE_X42Y26         CARRY4 (Prop_carry4_CI_O[1])
                                                      0.323    29.042 r  tokenizer/imm_reg[20]_i_31/O[1]
                         net (fo=5, routed)           0.849    29.891    tokenizer/imm_reg[20]_i_31_n_6
    SLICE_X44Y33         LUT3 (Prop_lut3_I0_O)        0.306    30.197 r  tokenizer/imm[24]_i_193/O
                         net (fo=1, routed)           0.526    30.723    tokenizer/imm[24]_i_193_n_0
    SLICE_X47Y33         CARRY4 (Prop_carry4_DI[1]_O[2])
                                                      0.537    31.260 r  tokenizer/imm_reg[24]_i_83/O[2]
                         net (fo=3, routed)           0.696    31.956    tokenizer/imm_reg[24]_i_83_n_5
    SLICE_X46Y36         LUT2 (Prop_lut2_I1_O)        0.302    32.258 r  tokenizer/imm[20]_i_82/O
                         net (fo=1, routed)           0.000    32.258    tokenizer/imm[20]_i_82_n_0
    SLICE_X46Y36         CARRY4 (Prop_carry4_S[3]_CO[3])
                                                      0.376    32.634 r  tokenizer/imm_reg[20]_i_30/CO[3]
                         net (fo=1, routed)           0.000    32.634    tokenizer/imm_reg[20]_i_30_n_0
    SLICE_X46Y37         CARRY4 (Prop_carry4_CI_O[0])
                                                      0.219    32.853 r  tokenizer/imm_reg[24]_i_31/O[0]
                         net (fo=3, routed)           0.586    33.439    tokenizer/imm_reg[24]_i_31_n_7
    SLICE_X42Y37         LUT5 (Prop_lut5_I1_O)        0.295    33.734 r  tokenizer/imm[28]_i_120/O
                         net (fo=8, routed)           0.852    34.586    tokenizer/imm[28]_i_120_n_0
    SLICE_X42Y43         CARRY4 (Prop_carry4_DI[0]_O[2])
                                                      0.579    35.165 r  tokenizer/imm_reg[28]_i_50/O[2]
                         net (fo=3, routed)           0.634    35.800    tokenizer/imm_reg[28]_i_50_n_5
    SLICE_X40Y39         LUT2 (Prop_lut2_I1_O)        0.301    36.101 r  tokenizer/imm[24]_i_74/O
                         net (fo=1, routed)           0.000    36.101    tokenizer/imm[24]_i_74_n_0
    SLICE_X40Y39         CARRY4 (Prop_carry4_S[3]_O[3])
                                                      0.248    36.349 r  tokenizer/imm_reg[24]_i_29/O[3]
                         net (fo=4, routed)           0.460    36.809    tokenizer/imm_reg[24]_i_29_n_4
    SLICE_X43Y38         LUT6 (Prop_lut6_I1_O)        0.306    37.115 r  tokenizer/imm[28]_i_133/O
                         net (fo=3, routed)           0.728    37.843    tokenizer/imm[28]_i_133_n_0
    SLICE_X47Y43         CARRY4 (Prop_carry4_DI[3]_CO[3])
                                                      0.385    38.228 r  tokenizer/imm_reg[28]_i_60/CO[3]
                         net (fo=1, routed)           0.000    38.228    tokenizer/imm_reg[28]_i_60_n_0
    SLICE_X47Y44         CARRY4 (Prop_carry4_CI_O[0])
                                                      0.222    38.450 r  tokenizer/imm_reg[31]_i_95/O[0]
                         net (fo=3, routed)           0.344    38.794    tokenizer/imm_reg[31]_i_95_n_7
    SLICE_X45Y43         LUT2 (Prop_lut2_I1_O)        0.299    39.093 r  tokenizer/imm[28]_i_63/O
                         net (fo=1, routed)           0.000    39.093    tokenizer/imm[28]_i_63_n_0
    SLICE_X45Y43         CARRY4 (Prop_carry4_S[1]_O[2])
                                                      0.580    39.673 r  tokenizer/imm_reg[28]_i_23/O[2]
                         net (fo=2, routed)           0.598    40.271    tokenizer/imm_reg[28]_i_23_n_5
    SLICE_X45Y46         LUT4 (Prop_lut4_I2_O)        0.302    40.573 r  tokenizer/imm[30]_i_65_comp/O
                         net (fo=3, routed)           0.326    40.899    tokenizer/imm[30]_i_65_n_0
    SLICE_X44Y44         LUT5 (Prop_lut5_I1_O)        0.124    41.023 r  tokenizer/imm[30]_i_69_comp_1/O
                         net (fo=1, routed)           0.000    41.023    tokenizer/imm[30]_i_69_n_0
    SLICE_X44Y44         CARRY4 (Prop_carry4_S[2]_O[2])
                                                      0.248    41.271 r  tokenizer/imm_reg[30]_i_31/O[2]
                         net (fo=3, routed)           0.594    41.865    tokenizer/imm_reg[30]_i_31_n_5
    SLICE_X43Y45         LUT2 (Prop_lut2_I1_O)        0.302    42.167 r  tokenizer/imm[30]_i_60/O
                         net (fo=1, routed)           0.000    42.167    tokenizer/imm[30]_i_60_n_0
    SLICE_X43Y45         CARRY4 (Prop_carry4_S[3]_CO[3])
                                                      0.401    42.568 r  tokenizer/imm_reg[30]_i_30/CO[3]
                         net (fo=1, routed)           0.000    42.568    tokenizer/imm_reg[30]_i_30_n_0
    SLICE_X43Y46         CARRY4 (Prop_carry4_CI_O[0])
                                                      0.222    42.790 r  tokenizer/imm_reg[30]_i_9/O[0]
                         net (fo=1, routed)           0.298    43.088    tokenizer/imm_reg[30]_i_9_n_7
    SLICE_X43Y47         LUT6 (Prop_lut6_I5_O)        0.299    43.387 r  tokenizer/imm[29]_i_6_comp/O
                         net (fo=1, routed)           0.430    43.817    tokenizer/imm[29]_i_6_n_0
    SLICE_X43Y49         LUT6 (Prop_lut6_I3_O)        0.124    43.941 r  tokenizer/imm[29]_i_1_comp/O
                         net (fo=1, routed)           0.000    43.941    operand_interpreter/imm_reg[31]_2[29]
    SLICE_X43Y49         FDRE                                         r  operand_interpreter/imm_reg[29]/D
  -------------------------------------------------------------------    -------------------

                         (clock sys_clk_pin rise edge)
                                                     10.000    10.000 r  <hidden>
    E3                                                0.000    10.000 r  CLK100MHZ
                         net (fo=0)                   0.000    10.000    CLK100MHZ
    E3                   IBUF (Prop_ibuf_I_O)         1.411    11.411 r  CLK100MHZ_IBUF_inst/O
                         net (fo=1, routed)           1.920    13.331    CLK100MHZ_IBUF
    BUFGCTRL_X0Y16       BUFG (Prop_bufg_I_O)         0.091    13.422 r  CLK100MHZ_IBUF_BUFG_inst/O
                         net (fo=1408, routed)        1.681    15.103    operand_interpreter/CLK100MHZ_IBUF_BUFG
    SLICE_X43Y49         FDRE                                         r  operand_interpreter/imm_reg[29]/C
                         clock pessimism              0.195    15.299    <hidden>
                         clock uncertainty           -0.035    15.263    <hidden>
    SLICE_X43Y49         FDRE (Setup_fdre_C_D)        0.031    15.294    operand_interpreter/imm_reg[29]
  -------------------------------------------------------------------
                         required time                         15.294    <hidden>
                         arrival time                         -43.941    <hidden>
  -------------------------------------------------------------------
                         slack                                -28.646    <hidden>

Slack (VIOLATED) :        -28.598ns  (required time - arrival time)
  Source:                 tokenizer/token2_reg[93]/C
                            (rising edge-triggered cell FDSE clocked by sys_clk_pin  {rise@0.000ns fall@5.000ns period=10.000ns})
  Destination:            operand_interpreter/imm_reg[30]/D
                            (rising edge-triggered cell FDRE clocked by sys_clk_pin  {rise@0.000ns fall@5.000ns period=10.000ns})
  Path Group:             sys_clk_pin
  Path Type:              Setup (Max at Slow Process Corner)
  Requirement:            10.000ns  (sys_clk_pin rise@10.000ns - sys_clk_pin rise@0.000ns)
  Data Path Delay:        38.553ns  (logic 18.555ns (48.128%)  route 19.998ns (51.872%))
  Logic Levels:           59  (CARRY4=29 LUT2=11 LUT3=2 LUT4=5 LUT5=3 LUT6=9)
  Clock Path Skew:        -0.090ns (DCD - SCD + CPR)
    Destination Clock Delay (DCD):    5.103ns = ( 15.103 - 10.000 ) 
    Source Clock Delay      (SCD):    5.389ns
    Clock Pessimism Removal (CPR):    0.195ns
  Clock Uncertainty:      0.035ns  ((TSJ^2 + TIJ^2)^1/2 + DJ) / 2 + PE
    Total System Jitter     (TSJ):    0.071ns
    Total Input Jitter      (TIJ):    0.000ns
    Discrete Jitter          (DJ):    0.000ns
    Phase Error              (PE):    0.000ns

    Location             Delay type                Incr(ns)  Path(ns)    Netlist Resource(s)
  -------------------------------------------------------------------    -------------------
                         (clock sys_clk_pin rise edge)
                                                      0.000     0.000 r  <hidden>
    E3                                                0.000     0.000 r  CLK100MHZ
                         net (fo=0)                   0.000     0.000    CLK100MHZ
    E3                   IBUF (Prop_ibuf_I_O)         1.482     1.482 r  CLK100MHZ_IBUF_inst/O
                         net (fo=1, routed)           2.025     3.506    CLK100MHZ_IBUF
    BUFGCTRL_X0Y16       BUFG (Prop_bufg_I_O)         0.096     3.602 r  CLK100MHZ_IBUF_BUFG_inst/O
                         net (fo=1408, routed)        1.786     5.389    tokenizer/CLK100MHZ_IBUF_BUFG
    SLICE_X61Y22         FDSE                                         r  tokenizer/token2_reg[93]/C
  -------------------------------------------------------------------    -------------------
    SLICE_X61Y22         FDSE (Prop_fdse_C_Q)         0.456     5.845 f  tokenizer/token2_reg[93]/Q
                         net (fo=22, routed)          0.788     6.633    tokenizer/token2[93]
    SLICE_X59Y23         LUT6 (Prop_lut6_I4_O)        0.124     6.757 r  tokenizer/imm[7]_i_23/O
                         net (fo=11, routed)          0.440     7.197    tokenizer/imm[7]_i_23_n_0
    SLICE_X61Y22         LUT4 (Prop_lut4_I2_O)        0.124     7.321 r  tokenizer/imm[4]_i_230/O
                         net (fo=1, routed)           0.000     7.321    tokenizer/imm[4]_i_230_n_0
    SLICE_X61Y22         CARRY4 (Prop_carry4_S[0]_O[0])
                                                      0.247     7.568 r  tokenizer/imm_reg[4]_i_118/O[0]
                         net (fo=2, routed)           0.401     7.969    tokenizer/imm_reg[4]_i_118_n_7
    SLICE_X62Y22         LUT2 (Prop_lut2_I0_O)        0.299     8.268 r  tokenizer/imm[4]_i_121/O
                         net (fo=1, routed)           0.000     8.268    tokenizer/imm[4]_i_121_n_0
    SLICE_X62Y22         CARRY4 (Prop_carry4_S[1]_O[1])
                                                      0.230     8.498 r  tokenizer/imm_reg[4]_i_50/O[1]
                         net (fo=5, routed)           0.642     9.140    tokenizer/imm_reg[4]_i_50_n_6
    SLICE_X63Y22         LUT6 (Prop_lut6_I5_O)        0.306     9.446 r  tokenizer/imm[4]_i_211/O
                         net (fo=1, routed)           0.770    10.217    tokenizer/imm[4]_i_211_n_0
    SLICE_X59Y18         CARRY4 (Prop_carry4_DI[1]_O[2])
                                                      0.537    10.754 r  tokenizer/imm_reg[4]_i_108/O[2]
                         net (fo=2, routed)           0.660    11.414    tokenizer/imm_reg[4]_i_108_n_5
    SLICE_X60Y21         LUT2 (Prop_lut2_I1_O)        0.302    11.716 r  tokenizer/imm[4]_i_109/O
                         net (fo=1, routed)           0.000    11.716    tokenizer/imm[4]_i_109_n_0
    SLICE_X60Y21         CARRY4 (Prop_carry4_S[3]_CO[3])
                                                      0.376    12.092 r  tokenizer/imm_reg[4]_i_48/CO[3]
                         net (fo=1, routed)           0.000    12.092    tokenizer/imm_reg[4]_i_48_n_0
    SLICE_X60Y22         CARRY4 (Prop_carry4_CI_O[0])
                                                      0.219    12.311 r  tokenizer/imm_reg[8]_i_66/O[0]
                         net (fo=1, routed)           0.459    12.769    tokenizer/imm_reg[8]_i_66_n_7
    SLICE_X57Y22         LUT6 (Prop_lut6_I5_O)        0.295    13.064 r  tokenizer/imm[5]_i_9/O
                         net (fo=11, routed)          0.667    13.731    tokenizer/imm[5]_i_9_n_0
    SLICE_X55Y23         LUT2 (Prop_lut2_I0_O)        0.124    13.855 r  tokenizer/imm[12]_i_309/O
                         net (fo=1, routed)           0.000    13.855    tokenizer/imm[12]_i_309_n_0
    SLICE_X55Y23         CARRY4 (Prop_carry4_S[0]_O[0])
                                                      0.247    14.102 r  tokenizer/imm_reg[12]_i_142/O[0]
                         net (fo=4, routed)           0.454    14.556    tokenizer/imm_reg[12]_i_142_n_7
    SLICE_X54Y23         LUT4 (Prop_lut4_I1_O)        0.299    14.855 r  tokenizer/imm[8]_i_137/O
                         net (fo=1, routed)           0.000    14.855    tokenizer/imm[8]_i_137_n_0
    SLICE_X54Y23         CARRY4 (Prop_carry4_S[1]_O[1])
                                                      0.230    15.085 r  tokenizer/imm_reg[8]_i_64/O[1]
                         net (fo=2, routed)           0.457    15.542    tokenizer/imm_reg[8]_i_64_n_6
    SLICE_X57Y22         LUT4 (Prop_lut4_I3_O)        0.306    15.848 r  tokenizer/imm[16]_i_415/O
                         net (fo=1, routed)           0.306    16.155    tokenizer/imm[16]_i_415_n_0
    SLICE_X56Y20         LUT6 (Prop_lut6_I1_O)        0.124    16.279 r  tokenizer/imm[16]_i_330/O
                         net (fo=3, routed)           0.582    16.860    tokenizer/imm[16]_i_330_n_0
    SLICE_X53Y22         LUT6 (Prop_lut6_I5_O)        0.124    16.984 r  tokenizer/imm[16]_i_334/O
                         net (fo=1, routed)           0.000    16.984    tokenizer/imm[16]_i_334_n_0
    SLICE_X53Y22         CARRY4 (Prop_carry4_S[1]_O[2])
                                                      0.580    17.564 r  tokenizer/imm_reg[16]_i_182/O[2]
                         net (fo=3, routed)           0.559    18.123    tokenizer/imm_reg[16]_i_182_n_5
    SLICE_X51Y21         LUT3 (Prop_lut3_I2_O)        0.302    18.425 r  tokenizer/imm[8]_i_156/O
                         net (fo=1, routed)           0.000    18.425    tokenizer/imm[8]_i_156_n_0
    SLICE_X51Y21         CARRY4 (Prop_carry4_S[3]_CO[3])
                                                      0.401    18.826 r  tokenizer/imm_reg[8]_i_67/CO[3]
                         net (fo=1, routed)           0.000    18.826    tokenizer/imm_reg[8]_i_67_n_0
    SLICE_X51Y22         CARRY4 (Prop_carry4_CI_O[1])
                                                      0.334    19.160 r  tokenizer/imm_reg[16]_i_68/O[1]
                         net (fo=2, routed)           0.333    19.493    tokenizer/imm_reg[16]_i_68_n_6
    SLICE_X49Y23         LUT6 (Prop_lut6_I0_O)        0.303    19.796 r  tokenizer/imm[16]_i_166/O
                         net (fo=9, routed)           0.682    20.478    tokenizer/imm[16]_i_166_n_0
    SLICE_X45Y23         LUT2 (Prop_lut2_I0_O)        0.124    20.602 r  tokenizer/imm[16]_i_170/O
                         net (fo=1, routed)           0.000    20.602    tokenizer/imm[16]_i_170_n_0
    SLICE_X45Y23         CARRY4 (Prop_carry4_S[1]_O[2])
                                                      0.580    21.182 r  tokenizer/imm_reg[16]_i_61/O[2]
                         net (fo=3, routed)           0.705    21.887    tokenizer/imm_reg[16]_i_61_n_5
    SLICE_X46Y18         LUT2 (Prop_lut2_I1_O)        0.302    22.189 r  tokenizer/imm[16]_i_160/O
                         net (fo=1, routed)           0.000    22.189    tokenizer/imm[16]_i_160_n_0
    SLICE_X46Y18         CARRY4 (Prop_carry4_S[3]_CO[3])
                                                      0.376    22.565 r  tokenizer/imm_reg[16]_i_60/CO[3]
                         net (fo=1, routed)           0.000    22.565    tokenizer/imm_reg[16]_i_60_n_0
    SLICE_X46Y19         CARRY4 (Prop_carry4_CI_O[0])
                                                      0.219    22.784 r  tokenizer/imm_reg[16]_i_27/O[0]
                         net (fo=1, routed)           0.435    23.219    tokenizer/imm_reg[16]_i_27_n_7
    SLICE_X47Y22         LUT6 (Prop_lut6_I0_O)        0.295    23.514 r  tokenizer/imm[13]_i_7/O
                         net (fo=11, routed)          0.538    24.051    tokenizer/imm[13]_i_7_n_0
    SLICE_X44Y25         LUT4 (Prop_lut4_I0_O)        0.124    24.175 r  tokenizer/imm[17]_i_52/O
                         net (fo=1, routed)           0.000    24.175    tokenizer/imm[17]_i_52_n_0
    SLICE_X44Y25         CARRY4 (Prop_carry4_S[0]_O[0])
                                                      0.247    24.422 r  tokenizer/imm_reg[17]_i_30/O[0]
                         net (fo=3, routed)           0.557    24.980    tokenizer/imm_reg[17]_i_30_n_7
    SLICE_X43Y26         LUT2 (Prop_lut2_I1_O)        0.299    25.279 r  tokenizer/imm[16]_i_90/O
                         net (fo=1, routed)           0.000    25.279    tokenizer/imm[16]_i_90_n_0
    SLICE_X43Y26         CARRY4 (Prop_carry4_S[1]_O[2])
                                                      0.580    25.859 r  tokenizer/imm_reg[16]_i_32/O[2]
                         net (fo=9, routed)           0.995    26.854    tokenizer/imm_reg[16]_i_32_n_5
    SLICE_X41Y28         LUT5 (Prop_lut5_I1_O)        0.302    27.156 r  tokenizer/imm[20]_i_213/O
                         net (fo=1, routed)           0.000    27.156    tokenizer/imm[20]_i_213_n_0
    SLICE_X41Y28         CARRY4 (Prop_carry4_S[2]_O[2])
                                                      0.248    27.404 r  tokenizer/imm_reg[20]_i_86/O[2]
                         net (fo=3, routed)           0.637    28.041    tokenizer/imm_reg[20]_i_86_n_5
    SLICE_X42Y25         LUT2 (Prop_lut2_I1_O)        0.302    28.343 r  tokenizer/imm[16]_i_76/O
                         net (fo=1, routed)           0.000    28.343    tokenizer/imm[16]_i_76_n_0
    SLICE_X42Y25         CARRY4 (Prop_carry4_S[3]_CO[3])
                                                      0.376    28.719 r  tokenizer/imm_reg[16]_i_30/CO[3]
                         net (fo=1, routed)           0.000    28.719    tokenizer/imm_reg[16]_i_30_n_0
    SLICE_X42Y26         CARRY4 (Prop_carry4_CI_O[1])
                                                      0.323    29.042 r  tokenizer/imm_reg[20]_i_31/O[1]
                         net (fo=5, routed)           0.849    29.891    tokenizer/imm_reg[20]_i_31_n_6
    SLICE_X44Y33         LUT3 (Prop_lut3_I0_O)        0.306    30.197 r  tokenizer/imm[24]_i_193/O
                         net (fo=1, routed)           0.526    30.723    tokenizer/imm[24]_i_193_n_0
    SLICE_X47Y33         CARRY4 (Prop_carry4_DI[1]_O[2])
                                                      0.537    31.260 r  tokenizer/imm_reg[24]_i_83/O[2]
                         net (fo=3, routed)           0.696    31.956    tokenizer/imm_reg[24]_i_83_n_5
    SLICE_X46Y36         LUT2 (Prop_lut2_I1_O)        0.302    32.258 r  tokenizer/imm[20]_i_82/O
                         net (fo=1, routed)           0.000    32.258    tokenizer/imm[20]_i_82_n_0
    SLICE_X46Y36         CARRY4 (Prop_carry4_S[3]_CO[3])
                                                      0.376    32.634 r  tokenizer/imm_reg[20]_i_30/CO[3]
                         net (fo=1, routed)           0.000    32.634    tokenizer/imm_reg[20]_i_30_n_0
    SLICE_X46Y37         CARRY4 (Prop_carry4_CI_O[0])
                                                      0.219    32.853 r  tokenizer/imm_reg[24]_i_31/O[0]
                         net (fo=3, routed)           0.586    33.439    tokenizer/imm_reg[24]_i_31_n_7
    SLICE_X42Y37         LUT5 (Prop_lut5_I1_O)        0.295    33.734 r  tokenizer/imm[28]_i_120/O
                         net (fo=8, routed)           0.852    34.586    tokenizer/imm[28]_i_120_n_0
    SLICE_X42Y43         CARRY4 (Prop_carry4_DI[0]_O[2])
                                                      0.579    35.165 r  tokenizer/imm_reg[28]_i_50/O[2]
                         net (fo=3, routed)           0.634    35.800    tokenizer/imm_reg[28]_i_50_n_5
    SLICE_X40Y39         LUT2 (Prop_lut2_I1_O)        0.301    36.101 r  tokenizer/imm[24]_i_74/O
                         net (fo=1, routed)           0.000    36.101    tokenizer/imm[24]_i_74_n_0
    SLICE_X40Y39         CARRY4 (Prop_carry4_S[3]_O[3])
                                                      0.248    36.349 r  tokenizer/imm_reg[24]_i_29/O[3]
                         net (fo=4, routed)           0.460    36.809    tokenizer/imm_reg[24]_i_29_n_4
    SLICE_X43Y38         LUT6 (Prop_lut6_I1_O)        0.306    37.115 r  tokenizer/imm[28]_i_133/O
                         net (fo=3, routed)           0.728    37.843    tokenizer/imm[28]_i_133_n_0
    SLICE_X47Y43         CARRY4 (Prop_carry4_DI[3]_CO[3])
                                                      0.385    38.228 r  tokenizer/imm_reg[28]_i_60/CO[3]
                         net (fo=1, routed)           0.000    38.228    tokenizer/imm_reg[28]_i_60_n_0
    SLICE_X47Y44         CARRY4 (Prop_carry4_CI_O[0])
                                                      0.222    38.450 r  tokenizer/imm_reg[31]_i_95/O[0]
                         net (fo=3, routed)           0.344    38.794    tokenizer/imm_reg[31]_i_95_n_7
    SLICE_X45Y43         LUT2 (Prop_lut2_I1_O)        0.299    39.093 r  tokenizer/imm[28]_i_63/O
                         net (fo=1, routed)           0.000    39.093    tokenizer/imm[28]_i_63_n_0
    SLICE_X45Y43         CARRY4 (Prop_carry4_S[1]_O[2])
                                                      0.580    39.673 r  tokenizer/imm_reg[28]_i_23/O[2]
                         net (fo=2, routed)           0.598    40.271    tokenizer/imm_reg[28]_i_23_n_5
    SLICE_X45Y46         LUT4 (Prop_lut4_I2_O)        0.302    40.573 r  tokenizer/imm[30]_i_65_comp/O
                         net (fo=3, routed)           0.326    40.899    tokenizer/imm[30]_i_65_n_0
    SLICE_X44Y44         LUT5 (Prop_lut5_I1_O)        0.124    41.023 r  tokenizer/imm[30]_i_69_comp_1/O
                         net (fo=1, routed)           0.000    41.023    tokenizer/imm[30]_i_69_n_0
    SLICE_X44Y44         CARRY4 (Prop_carry4_S[2]_O[2])
                                                      0.248    41.271 r  tokenizer/imm_reg[30]_i_31/O[2]
                         net (fo=3, routed)           0.594    41.865    tokenizer/imm_reg[30]_i_31_n_5
    SLICE_X43Y45         LUT2 (Prop_lut2_I1_O)        0.302    42.167 r  tokenizer/imm[30]_i_60/O
                         net (fo=1, routed)           0.000    42.167    tokenizer/imm[30]_i_60_n_0
    SLICE_X43Y45         CARRY4 (Prop_carry4_S[3]_CO[3])
                                                      0.401    42.568 r  tokenizer/imm_reg[30]_i_30/CO[3]
                         net (fo=1, routed)           0.000    42.568    tokenizer/imm_reg[30]_i_30_n_0
    SLICE_X43Y46         CARRY4 (Prop_carry4_CI_O[1])
                                                      0.334    42.902 r  tokenizer/imm_reg[30]_i_9/O[1]
                         net (fo=1, routed)           0.737    43.639    tokenizer/imm_reg[30]_i_9_n_6
    SLICE_X42Y49         LUT6 (Prop_lut6_I3_O)        0.303    43.942 r  tokenizer/imm[30]_i_1_comp/O
                         net (fo=1, routed)           0.000    43.942    operand_interpreter/imm_reg[31]_2[30]
    SLICE_X42Y49         FDRE                                         r  operand_interpreter/imm_reg[30]/D
  -------------------------------------------------------------------    -------------------

                         (clock sys_clk_pin rise edge)
                                                     10.000    10.000 r  <hidden>
    E3                                                0.000    10.000 r  CLK100MHZ
                         net (fo=0)                   0.000    10.000    CLK100MHZ
    E3                   IBUF (Prop_ibuf_I_O)         1.411    11.411 r  CLK100MHZ_IBUF_inst/O
                         net (fo=1, routed)           1.920    13.331    CLK100MHZ_IBUF
    BUFGCTRL_X0Y16       BUFG (Prop_bufg_I_O)         0.091    13.422 r  CLK100MHZ_IBUF_BUFG_inst/O
                         net (fo=1408, routed)        1.681    15.103    operand_interpreter/CLK100MHZ_IBUF_BUFG
    SLICE_X42Y49         FDRE                                         r  operand_interpreter/imm_reg[30]/C
                         clock pessimism              0.195    15.299    <hidden>
                         clock uncertainty           -0.035    15.263    <hidden>
    SLICE_X42Y49         FDRE (Setup_fdre_C_D)        0.081    15.344    operand_interpreter/imm_reg[30]
  -------------------------------------------------------------------
                         required time                         15.344    <hidden>
                         arrival time                         -43.942    <hidden>
  -------------------------------------------------------------------
                         slack                                -28.598    <hidden>

Slack (VIOLATED) :        -28.487ns  (required time - arrival time)
  Source:                 tokenizer/token2_reg[93]/C
                            (rising edge-triggered cell FDSE clocked by sys_clk_pin  {rise@0.000ns fall@5.000ns period=10.000ns})
  Destination:            operand_interpreter/imm_reg[27]/D
                            (rising edge-triggered cell FDRE clocked by sys_clk_pin  {rise@0.000ns fall@5.000ns period=10.000ns})
  Path Group:             sys_clk_pin
  Path Type:              Setup (Max at Slow Process Corner)
  Requirement:            10.000ns  (sys_clk_pin rise@10.000ns - sys_clk_pin rise@0.000ns)
  Data Path Delay:        38.441ns  (logic 17.989ns (46.797%)  route 20.452ns (53.203%))
  Logic Levels:           59  (CARRY4=27 LUT2=12 LUT3=2 LUT4=5 LUT5=3 LUT6=10)
  Clock Path Skew:        -0.088ns (DCD - SCD + CPR)
    Destination Clock Delay (DCD):    5.105ns = ( 15.105 - 10.000 ) 
    Source Clock Delay      (SCD):    5.389ns
    Clock Pessimism Removal (CPR):    0.195ns
  Clock Uncertainty:      0.035ns  ((TSJ^2 + TIJ^2)^1/2 + DJ) / 2 + PE
    Total System Jitter     (TSJ):    0.071ns
    Total Input Jitter      (TIJ):    0.000ns
    Discrete Jitter          (DJ):    0.000ns
    Phase Error              (PE):    0.000ns

    Location             Delay type                Incr(ns)  Path(ns)    Netlist Resource(s)
  -------------------------------------------------------------------    -------------------
                         (clock sys_clk_pin rise edge)
                                                      0.000     0.000 r  <hidden>
    E3                                                0.000     0.000 r  CLK100MHZ
                         net (fo=0)                   0.000     0.000    CLK100MHZ
    E3                   IBUF (Prop_ibuf_I_O)         1.482     1.482 r  CLK100MHZ_IBUF_inst/O
                         net (fo=1, routed)           2.025     3.506    CLK100MHZ_IBUF
    BUFGCTRL_X0Y16       BUFG (Prop_bufg_I_O)         0.096     3.602 r  CLK100MHZ_IBUF_BUFG_inst/O
                         net (fo=1408, routed)        1.786     5.389    tokenizer/CLK100MHZ_IBUF_BUFG
    SLICE_X61Y22         FDSE                                         r  tokenizer/token2_reg[93]/C
  -------------------------------------------------------------------    -------------------
    SLICE_X61Y22         FDSE (Prop_fdse_C_Q)         0.456     5.845 f  tokenizer/token2_reg[93]/Q
                         net (fo=22, routed)          0.788     6.633    tokenizer/token2[93]
    SLICE_X59Y23         LUT6 (Prop_lut6_I4_O)        0.124     6.757 r  tokenizer/imm[7]_i_23/O
                         net (fo=11, routed)          0.440     7.197    tokenizer/imm[7]_i_23_n_0
    SLICE_X61Y22         LUT4 (Prop_lut4_I2_O)        0.124     7.321 r  tokenizer/imm[4]_i_230/O
                         net (fo=1, routed)           0.000     7.321    tokenizer/imm[4]_i_230_n_0
    SLICE_X61Y22         CARRY4 (Prop_carry4_S[0]_O[0])
                                                      0.247     7.568 r  tokenizer/imm_reg[4]_i_118/O[0]
                         net (fo=2, routed)           0.401     7.969    tokenizer/imm_reg[4]_i_118_n_7
    SLICE_X62Y22         LUT2 (Prop_lut2_I0_O)        0.299     8.268 r  tokenizer/imm[4]_i_121/O
                         net (fo=1, routed)           0.000     8.268    tokenizer/imm[4]_i_121_n_0
    SLICE_X62Y22         CARRY4 (Prop_carry4_S[1]_O[1])
                                                      0.230     8.498 r  tokenizer/imm_reg[4]_i_50/O[1]
                         net (fo=5, routed)           0.642     9.140    tokenizer/imm_reg[4]_i_50_n_6
    SLICE_X63Y22         LUT6 (Prop_lut6_I5_O)        0.306     9.446 r  tokenizer/imm[4]_i_211/O
                         net (fo=1, routed)           0.770    10.217    tokenizer/imm[4]_i_211_n_0
    SLICE_X59Y18         CARRY4 (Prop_carry4_DI[1]_O[2])
                                                      0.537    10.754 r  tokenizer/imm_reg[4]_i_108/O[2]
                         net (fo=2, routed)           0.660    11.414    tokenizer/imm_reg[4]_i_108_n_5
    SLICE_X60Y21         LUT2 (Prop_lut2_I1_O)        0.302    11.716 r  tokenizer/imm[4]_i_109/O
                         net (fo=1, routed)           0.000    11.716    tokenizer/imm[4]_i_109_n_0
    SLICE_X60Y21         CARRY4 (Prop_carry4_S[3]_CO[3])
                                                      0.376    12.092 r  tokenizer/imm_reg[4]_i_48/CO[3]
                         net (fo=1, routed)           0.000    12.092    tokenizer/imm_reg[4]_i_48_n_0
    SLICE_X60Y22         CARRY4 (Prop_carry4_CI_O[0])
                                                      0.219    12.311 r  tokenizer/imm_reg[8]_i_66/O[0]
                         net (fo=1, routed)           0.459    12.769    tokenizer/imm_reg[8]_i_66_n_7
    SLICE_X57Y22         LUT6 (Prop_lut6_I5_O)        0.295    13.064 r  tokenizer/imm[5]_i_9/O
                         net (fo=11, routed)          0.667    13.731    tokenizer/imm[5]_i_9_n_0
    SLICE_X55Y23         LUT2 (Prop_lut2_I0_O)        0.124    13.855 r  tokenizer/imm[12]_i_309/O
                         net (fo=1, routed)           0.000    13.855    tokenizer/imm[12]_i_309_n_0
    SLICE_X55Y23         CARRY4 (Prop_carry4_S[0]_O[0])
                                                      0.247    14.102 r  tokenizer/imm_reg[12]_i_142/O[0]
                         net (fo=4, routed)           0.454    14.556    tokenizer/imm_reg[12]_i_142_n_7
    SLICE_X54Y23         LUT4 (Prop_lut4_I1_O)        0.299    14.855 r  tokenizer/imm[8]_i_137/O
                         net (fo=1, routed)           0.000    14.855    tokenizer/imm[8]_i_137_n_0
    SLICE_X54Y23         CARRY4 (Prop_carry4_S[1]_O[1])
                                                      0.230    15.085 r  tokenizer/imm_reg[8]_i_64/O[1]
                         net (fo=2, routed)           0.457    15.542    tokenizer/imm_reg[8]_i_64_n_6
    SLICE_X57Y22         LUT4 (Prop_lut4_I3_O)        0.306    15.848 r  tokenizer/imm[16]_i_415/O
                         net (fo=1, routed)           0.306    16.155    tokenizer/imm[16]_i_415_n_0
    SLICE_X56Y20         LUT6 (Prop_lut6_I1_O)        0.124    16.279 r  tokenizer/imm[16]_i_330/O
                         net (fo=3, routed)           0.582    16.860    tokenizer/imm[16]_i_330_n_0
    SLICE_X53Y22         LUT6 (Prop_lut6_I5_O)        0.124    16.984 r  tokenizer/imm[16]_i_334/O
                         net (fo=1, routed)           0.000    16.984    tokenizer/imm[16]_i_334_n_0
    SLICE_X53Y22         CARRY4 (Prop_carry4_S[1]_O[2])
                                                      0.580    17.564 r  tokenizer/imm_reg[16]_i_182/O[2]
                         net (fo=3, routed)           0.559    18.123    tokenizer/imm_reg[16]_i_182_n_5
    SLICE_X51Y21         LUT3 (Prop_lut3_I2_O)        0.302    18.425 r  tokenizer/imm[8]_i_156/O
                         net (fo=1, routed)           0.000    18.425    tokenizer/imm[8]_i_156_n_0
    SLICE_X51Y21         CARRY4 (Prop_carry4_S[3]_CO[3])
                                                      0.401    18.826 r  tokenizer/imm_reg[8]_i_67/CO[3]
                         net (fo=1, routed)           0.000    18.826    tokenizer/imm_reg[8]_i_67_n_0
    SLICE_X51Y22         CARRY4 (Prop_carry4_CI_O[1])
                                                      0.334    19.160 r  tokenizer/imm_reg[16]_i_68/O[1]
                         net (fo=2, routed)           0.333    19.493    tokenizer/imm_reg[16]_i_68_n_6
    SLICE_X49Y23         LUT6 (Prop_lut6_I0_O)        0.303    19.796 r  tokenizer/imm[16]_i_166/O
                         net (fo=9, routed)           0.682    20.478    tokenizer/imm[16]_i_166_n_0
    SLICE_X45Y23         LUT2 (Prop_lut2_I0_O)        0.124    20.602 r  tokenizer/imm[16]_i_170/O
                         net (fo=1, routed)           0.000    20.602    tokenizer/imm[16]_i_170_n_0
    SLICE_X45Y23         CARRY4 (Prop_carry4_S[1]_O[2])
                                                      0.580    21.182 r  tokenizer/imm_reg[16]_i_61/O[2]
                         net (fo=3, routed)           0.705    21.887    tokenizer/imm_reg[16]_i_61_n_5
    SLICE_X46Y18         LUT2 (Prop_lut2_I1_O)        0.302    22.189 r  tokenizer/imm[16]_i_160/O
                         net (fo=1, routed)           0.000    22.189    tokenizer/imm[16]_i_160_n_0
    SLICE_X46Y18         CARRY4 (Prop_carry4_S[3]_CO[3])
                                                      0.376    22.565 r  tokenizer/imm_reg[16]_i_60/CO[3]
                         net (fo=1, routed)           0.000    22.565    tokenizer/imm_reg[16]_i_60_n_0
    SLICE_X46Y19         CARRY4 (Prop_carry4_CI_O[0])
                                                      0.219    22.784 r  tokenizer/imm_reg[16]_i_27/O[0]
                         net (fo=1, routed)           0.435    23.219    tokenizer/imm_reg[16]_i_27_n_7
    SLICE_X47Y22         LUT6 (Prop_lut6_I0_O)        0.295    23.514 r  tokenizer/imm[13]_i_7/O
                         net (fo=11, routed)          0.538    24.051    tokenizer/imm[13]_i_7_n_0
    SLICE_X44Y25         LUT4 (Prop_lut4_I0_O)        0.124    24.175 r  tokenizer/imm[17]_i_52/O
                         net (fo=1, routed)           0.000    24.175    tokenizer/imm[17]_i_52_n_0
    SLICE_X44Y25         CARRY4 (Prop_carry4_S[0]_O[0])
                                                      0.247    24.422 r  tokenizer/imm_reg[17]_i_30/O[0]
                         net (fo=3, routed)           0.557    24.980    tokenizer/imm_reg[17]_i_30_n_7
    SLICE_X43Y26         LUT2 (Prop_lut2_I1_O)        0.299    25.279 r  tokenizer/imm[16]_i_90/O
                         net (fo=1, routed)           0.000    25.279    tokenizer/imm[16]_i_90_n_0
    SLICE_X43Y26         CARRY4 (Prop_carry4_S[1]_O[2])
                                                      0.580    25.859 r  tokenizer/imm_reg[16]_i_32/O[2]
                         net (fo=9, routed)           0.995    26.854    tokenizer/imm_reg[16]_i_32_n_5
    SLICE_X41Y28         LUT5 (Prop_lut5_I1_O)        0.302    27.156 r  tokenizer/imm[20]_i_213/O
                         net (fo=1, routed)           0.000    27.156    tokenizer/imm[20]_i_213_n_0
    SLICE_X41Y28         CARRY4 (Prop_carry4_S[2]_O[2])
                                                      0.248    27.404 r  tokenizer/imm_reg[20]_i_86/O[2]
                         net (fo=3, routed)           0.637    28.041    tokenizer/imm_reg[20]_i_86_n_5
    SLICE_X42Y25         LUT2 (Prop_lut2_I1_O)        0.302    28.343 r  tokenizer/imm[16]_i_76/O
                         net (fo=1, routed)           0.000    28.343    tokenizer/imm[16]_i_76_n_0
    SLICE_X42Y25         CARRY4 (Prop_carry4_S[3]_CO[3])
                                                      0.376    28.719 r  tokenizer/imm_reg[16]_i_30/CO[3]
                         net (fo=1, routed)           0.000    28.719    tokenizer/imm_reg[16]_i_30_n_0
    SLICE_X42Y26         CARRY4 (Prop_carry4_CI_O[1])
                                                      0.323    29.042 r  tokenizer/imm_reg[20]_i_31/O[1]
                         net (fo=5, routed)           0.849    29.891    tokenizer/imm_reg[20]_i_31_n_6
    SLICE_X44Y33         LUT3 (Prop_lut3_I0_O)        0.306    30.197 r  tokenizer/imm[24]_i_193/O
                         net (fo=1, routed)           0.526    30.723    tokenizer/imm[24]_i_193_n_0
    SLICE_X47Y33         CARRY4 (Prop_carry4_DI[1]_O[2])
                                                      0.537    31.260 r  tokenizer/imm_reg[24]_i_83/O[2]
                         net (fo=3, routed)           0.696    31.956    tokenizer/imm_reg[24]_i_83_n_5
    SLICE_X46Y36         LUT2 (Prop_lut2_I1_O)        0.302    32.258 r  tokenizer/imm[20]_i_82/O
                         net (fo=1, routed)           0.000    32.258    tokenizer/imm[20]_i_82_n_0
    SLICE_X46Y36         CARRY4 (Prop_carry4_S[3]_CO[3])
                                                      0.376    32.634 r  tokenizer/imm_reg[20]_i_30/CO[3]
                         net (fo=1, routed)           0.000    32.634    tokenizer/imm_reg[20]_i_30_n_0
    SLICE_X46Y37         CARRY4 (Prop_carry4_CI_O[0])
                                                      0.219    32.853 r  tokenizer/imm_reg[24]_i_31/O[0]
                         net (fo=3, routed)           0.586    33.439    tokenizer/imm_reg[24]_i_31_n_7
    SLICE_X42Y37         LUT5 (Prop_lut5_I1_O)        0.295    33.734 r  tokenizer/imm[28]_i_120/O
                         net (fo=8, routed)           0.852    34.586    tokenizer/imm[28]_i_120_n_0
    SLICE_X42Y43         CARRY4 (Prop_carry4_DI[0]_O[1])
                                                      0.422    35.008 r  tokenizer/imm_reg[28]_i_50/O[1]
                         net (fo=3, routed)           0.651    35.659    tokenizer/imm_reg[28]_i_50_n_6
    SLICE_X40Y39         LUT2 (Prop_lut2_I1_O)        0.306    35.965 r  tokenizer/imm[24]_i_75/O
                         net (fo=1, routed)           0.000    35.965    tokenizer/imm[24]_i_75_n_0
    SLICE_X40Y39         CARRY4 (Prop_carry4_S[2]_O[2])
                                                      0.248    36.213 r  tokenizer/imm_reg[24]_i_29/O[2]
                         net (fo=4, routed)           0.434    36.647    tokenizer/imm_reg[24]_i_29_n_5
    SLICE_X39Y39         LUT6 (Prop_lut6_I1_O)        0.302    36.949 r  tokenizer/imm[28]_i_134/O
                         net (fo=2, routed)           0.734    37.682    tokenizer/imm[28]_i_134_n_0
    SLICE_X47Y43         CARRY4 (Prop_carry4_DI[2]_O[3])
                                                      0.438    38.120 r  tokenizer/imm_reg[28]_i_60/O[3]
                         net (fo=3, routed)           0.331    38.452    tokenizer/imm_reg[28]_i_60_n_4
    SLICE_X45Y43         LUT2 (Prop_lut2_I1_O)        0.306    38.758 r  tokenizer/imm[28]_i_64/O
                         net (fo=1, routed)           0.000    38.758    tokenizer/imm[28]_i_64_n_0
    SLICE_X45Y43         CARRY4 (Prop_carry4_S[0]_O[0])
                                                      0.247    39.005 r  tokenizer/imm_reg[28]_i_23/O[0]
                         net (fo=3, routed)           0.484    39.489    tokenizer/imm_reg[28]_i_23_n_7
    SLICE_X38Y43         LUT4 (Prop_lut4_I1_O)        0.299    39.788 r  tokenizer/imm[30]_i_67_comp_1/O
                         net (fo=2, routed)           0.562    40.350    tokenizer/imm[30]_i_67_n_0
    SLICE_X44Y44         LUT2 (Prop_lut2_I0_O)        0.124    40.474 r  tokenizer/imm[30]_i_71/O
                         net (fo=1, routed)           0.000    40.474    tokenizer/imm[30]_i_71_n_0
    SLICE_X44Y44         CARRY4 (Prop_carry4_S[0]_O[0])
                                                      0.247    40.721 r  tokenizer/imm_reg[30]_i_31/O[0]
                         net (fo=3, routed)           0.567    41.287    tokenizer/imm_reg[30]_i_31_n_7
    SLICE_X43Y45         LUT2 (Prop_lut2_I1_O)        0.299    41.586 r  tokenizer/imm[30]_i_62/O
                         net (fo=1, routed)           0.000    41.586    tokenizer/imm[30]_i_62_n_0
    SLICE_X43Y45         CARRY4 (Prop_carry4_S[1]_O[2])
                                                      0.580    42.166 r  tokenizer/imm_reg[30]_i_30/O[2]
                         net (fo=1, routed)           0.501    42.667    tokenizer/imm_reg[30]_i_30_n_5
    SLICE_X38Y40         LUT6 (Prop_lut6_I5_O)        0.302    42.969 r  tokenizer/imm[27]_i_9/O
                         net (fo=1, routed)           0.161    43.130    tokenizer/imm[27]_i_9_n_0
    SLICE_X38Y40         LUT5 (Prop_lut5_I4_O)        0.124    43.254 r  tokenizer/imm[27]_i_3/O
                         net (fo=1, routed)           0.451    43.706    tokenizer/imm[27]_i_3_n_0
    SLICE_X38Y44         LUT6 (Prop_lut6_I1_O)        0.124    43.830 r  tokenizer/imm[27]_i_1/O
                         net (fo=1, routed)           0.000    43.830    operand_interpreter/imm_reg[31]_2[27]
    SLICE_X38Y44         FDRE                                         r  operand_interpreter/imm_reg[27]/D
  -------------------------------------------------------------------    -------------------

                         (clock sys_clk_pin rise edge)
                                                     10.000    10.000 r  <hidden>
    E3                                                0.000    10.000 r  CLK100MHZ
                         net (fo=0)                   0.000    10.000    CLK100MHZ
    E3                   IBUF (Prop_ibuf_I_O)         1.411    11.411 r  CLK100MHZ_IBUF_inst/O
                         net (fo=1, routed)           1.920    13.331    CLK100MHZ_IBUF
    BUFGCTRL_X0Y16       BUFG (Prop_bufg_I_O)         0.091    13.422 r  CLK100MHZ_IBUF_BUFG_inst/O
                         net (fo=1408, routed)        1.683    15.105    operand_interpreter/CLK100MHZ_IBUF_BUFG
    SLICE_X38Y44         FDRE                                         r  operand_interpreter/imm_reg[27]/C
                         clock pessimism              0.195    15.301    <hidden>
                         clock uncertainty           -0.035    15.265    <hidden>
    SLICE_X38Y44         FDRE (Setup_fdre_C_D)        0.077    15.342    operand_interpreter/imm_reg[27]
  -------------------------------------------------------------------
                         required time                         15.342    <hidden>
                         arrival time                         -43.830    <hidden>
  -------------------------------------------------------------------
                         slack                                -28.487    <hidden>

Slack (VIOLATED) :        -28.323ns  (required time - arrival time)
  Source:                 tokenizer/token2_reg[93]/C
                            (rising edge-triggered cell FDSE clocked by sys_clk_pin  {rise@0.000ns fall@5.000ns period=10.000ns})
  Destination:            operand_interpreter/imm_reg[28]/D
                            (rising edge-triggered cell FDRE clocked by sys_clk_pin  {rise@0.000ns fall@5.000ns period=10.000ns})
  Path Group:             sys_clk_pin
  Path Type:              Setup (Max at Slow Process Corner)
  Requirement:            10.000ns  (sys_clk_pin rise@10.000ns - sys_clk_pin rise@0.000ns)
  Data Path Delay:        38.227ns  (logic 18.195ns (47.597%)  route 20.032ns (52.403%))
  Logic Levels:           59  (CARRY4=28 LUT2=11 LUT3=2 LUT4=5 LUT5=3 LUT6=10)
  Clock Path Skew:        -0.092ns (DCD - SCD + CPR)
    Destination Clock Delay (DCD):    5.101ns = ( 15.101 - 10.000 ) 
    Source Clock Delay      (SCD):    5.389ns
    Clock Pessimism Removal (CPR):    0.195ns
  Clock Uncertainty:      0.035ns  ((TSJ^2 + TIJ^2)^1/2 + DJ) / 2 + PE
    Total System Jitter     (TSJ):    0.071ns
    Total Input Jitter      (TIJ):    0.000ns
    Discrete Jitter          (DJ):    0.000ns
    Phase Error              (PE):    0.000ns

    Location             Delay type                Incr(ns)  Path(ns)    Netlist Resource(s)
  -------------------------------------------------------------------    -------------------
                         (clock sys_clk_pin rise edge)
                                                      0.000     0.000 r  <hidden>
    E3                                                0.000     0.000 r  CLK100MHZ
                         net (fo=0)                   0.000     0.000    CLK100MHZ
    E3                   IBUF (Prop_ibuf_I_O)         1.482     1.482 r  CLK100MHZ_IBUF_inst/O
                         net (fo=1, routed)           2.025     3.506    CLK100MHZ_IBUF
    BUFGCTRL_X0Y16       BUFG (Prop_bufg_I_O)         0.096     3.602 r  CLK100MHZ_IBUF_BUFG_inst/O
                         net (fo=1408, routed)        1.786     5.389    tokenizer/CLK100MHZ_IBUF_BUFG
    SLICE_X61Y22         FDSE                                         r  tokenizer/token2_reg[93]/C
  -------------------------------------------------------------------    -------------------
    SLICE_X61Y22         FDSE (Prop_fdse_C_Q)         0.456     5.845 f  tokenizer/token2_reg[93]/Q
                         net (fo=22, routed)          0.788     6.633    tokenizer/token2[93]
    SLICE_X59Y23         LUT6 (Prop_lut6_I4_O)        0.124     6.757 r  tokenizer/imm[7]_i_23/O
                         net (fo=11, routed)          0.440     7.197    tokenizer/imm[7]_i_23_n_0
    SLICE_X61Y22         LUT4 (Prop_lut4_I2_O)        0.124     7.321 r  tokenizer/imm[4]_i_230/O
                         net (fo=1, routed)           0.000     7.321    tokenizer/imm[4]_i_230_n_0
    SLICE_X61Y22         CARRY4 (Prop_carry4_S[0]_O[0])
                                                      0.247     7.568 r  tokenizer/imm_reg[4]_i_118/O[0]
                         net (fo=2, routed)           0.401     7.969    tokenizer/imm_reg[4]_i_118_n_7
    SLICE_X62Y22         LUT2 (Prop_lut2_I0_O)        0.299     8.268 r  tokenizer/imm[4]_i_121/O
                         net (fo=1, routed)           0.000     8.268    tokenizer/imm[4]_i_121_n_0
    SLICE_X62Y22         CARRY4 (Prop_carry4_S[1]_O[1])
                                                      0.230     8.498 r  tokenizer/imm_reg[4]_i_50/O[1]
                         net (fo=5, routed)           0.642     9.140    tokenizer/imm_reg[4]_i_50_n_6
    SLICE_X63Y22         LUT6 (Prop_lut6_I5_O)        0.306     9.446 r  tokenizer/imm[4]_i_211/O
                         net (fo=1, routed)           0.770    10.217    tokenizer/imm[4]_i_211_n_0
    SLICE_X59Y18         CARRY4 (Prop_carry4_DI[1]_O[2])
                                                      0.537    10.754 r  tokenizer/imm_reg[4]_i_108/O[2]
                         net (fo=2, routed)           0.660    11.414    tokenizer/imm_reg[4]_i_108_n_5
    SLICE_X60Y21         LUT2 (Prop_lut2_I1_O)        0.302    11.716 r  tokenizer/imm[4]_i_109/O
                         net (fo=1, routed)           0.000    11.716    tokenizer/imm[4]_i_109_n_0
    SLICE_X60Y21         CARRY4 (Prop_carry4_S[3]_CO[3])
                                                      0.376    12.092 r  tokenizer/imm_reg[4]_i_48/CO[3]
                         net (fo=1, routed)           0.000    12.092    tokenizer/imm_reg[4]_i_48_n_0
    SLICE_X60Y22         CARRY4 (Prop_carry4_CI_O[0])
                                                      0.219    12.311 r  tokenizer/imm_reg[8]_i_66/O[0]
                         net (fo=1, routed)           0.459    12.769    tokenizer/imm_reg[8]_i_66_n_7
    SLICE_X57Y22         LUT6 (Prop_lut6_I5_O)        0.295    13.064 r  tokenizer/imm[5]_i_9/O
                         net (fo=11, routed)          0.667    13.731    tokenizer/imm[5]_i_9_n_0
    SLICE_X55Y23         LUT2 (Prop_lut2_I0_O)        0.124    13.855 r  tokenizer/imm[12]_i_309/O
                         net (fo=1, routed)           0.000    13.855    tokenizer/imm[12]_i_309_n_0
    SLICE_X55Y23         CARRY4 (Prop_carry4_S[0]_O[0])
                                                      0.247    14.102 r  tokenizer/imm_reg[12]_i_142/O[0]
                         net (fo=4, routed)           0.454    14.556    tokenizer/imm_reg[12]_i_142_n_7
    SLICE_X54Y23         LUT4 (Prop_lut4_I1_O)        0.299    14.855 r  tokenizer/imm[8]_i_137/O
                         net (fo=1, routed)           0.000    14.855    tokenizer/imm[8]_i_137_n_0
    SLICE_X54Y23         CARRY4 (Prop_carry4_S[1]_O[1])
                                                      0.230    15.085 r  tokenizer/imm_reg[8]_i_64/O[1]
                         net (fo=2, routed)           0.457    15.542    tokenizer/imm_reg[8]_i_64_n_6
    SLICE_X57Y22         LUT4 (Prop_lut4_I3_O)        0.306    15.848 r  tokenizer/imm[16]_i_415/O
                         net (fo=1, routed)           0.306    16.155    tokenizer/imm[16]_i_415_n_0
    SLICE_X56Y20         LUT6 (Prop_lut6_I1_O)        0.124    16.279 r  tokenizer/imm[16]_i_330/O
                         net (fo=3, routed)           0.582    16.860    tokenizer/imm[16]_i_330_n_0
    SLICE_X53Y22         LUT6 (Prop_lut6_I5_O)        0.124    16.984 r  tokenizer/imm[16]_i_334/O
                         net (fo=1, routed)           0.000    16.984    tokenizer/imm[16]_i_334_n_0
    SLICE_X53Y22         CARRY4 (Prop_carry4_S[1]_O[2])
                                                      0.580    17.564 r  tokenizer/imm_reg[16]_i_182/O[2]
                         net (fo=3, routed)           0.559    18.123    tokenizer/imm_reg[16]_i_182_n_5
    SLICE_X51Y21         LUT3 (Prop_lut3_I2_O)        0.302    18.425 r  tokenizer/imm[8]_i_156/O
                         net (fo=1, routed)           0.000    18.425    tokenizer/imm[8]_i_156_n_0
    SLICE_X51Y21         CARRY4 (Prop_carry4_S[3]_CO[3])
                                                      0.401    18.826 r  tokenizer/imm_reg[8]_i_67/CO[3]
                         net (fo=1, routed)           0.000    18.826    tokenizer/imm_reg[8]_i_67_n_0
    SLICE_X51Y22         CARRY4 (Prop_carry4_CI_O[1])
                                                      0.334    19.160 r  tokenizer/imm_reg[16]_i_68/O[1]
                         net (fo=2, routed)           0.333    19.493    tokenizer/imm_reg[16]_i_68_n_6
    SLICE_X49Y23         LUT6 (Prop_lut6_I0_O)        0.303    19.796 r  tokenizer/imm[16]_i_166/O
                         net (fo=9, routed)           0.682    20.478    tokenizer/imm[16]_i_166_n_0
    SLICE_X45Y23         LUT2 (Prop_lut2_I0_O)        0.124    20.602 r  tokenizer/imm[16]_i_170/O
                         net (fo=1, routed)           0.000    20.602    tokenizer/imm[16]_i_170_n_0
    SLICE_X45Y23         CARRY4 (Prop_carry4_S[1]_O[2])
                                                      0.580    21.182 r  tokenizer/imm_reg[16]_i_61/O[2]
                         net (fo=3, routed)           0.705    21.887    tokenizer/imm_reg[16]_i_61_n_5
    SLICE_X46Y18         LUT2 (Prop_lut2_I1_O)        0.302    22.189 r  tokenizer/imm[16]_i_160/O
                         net (fo=1, routed)           0.000    22.189    tokenizer/imm[16]_i_160_n_0
    SLICE_X46Y18         CARRY4 (Prop_carry4_S[3]_CO[3])
                                                      0.376    22.565 r  tokenizer/imm_reg[16]_i_60/CO[3]
                         net (fo=1, routed)           0.000    22.565    tokenizer/imm_reg[16]_i_60_n_0
    SLICE_X46Y19         CARRY4 (Prop_carry4_CI_O[0])
                                                      0.219    22.784 r  tokenizer/imm_reg[16]_i_27/O[0]
                         net (fo=1, routed)           0.435    23.219    tokenizer/imm_reg[16]_i_27_n_7
    SLICE_X47Y22         LUT6 (Prop_lut6_I0_O)        0.295    23.514 r  tokenizer/imm[13]_i_7/O
                         net (fo=11, routed)          0.538    24.051    tokenizer/imm[13]_i_7_n_0
    SLICE_X44Y25         LUT4 (Prop_lut4_I0_O)        0.124    24.175 r  tokenizer/imm[17]_i_52/O
                         net (fo=1, routed)           0.000    24.175    tokenizer/imm[17]_i_52_n_0
    SLICE_X44Y25         CARRY4 (Prop_carry4_S[0]_O[0])
                                                      0.247    24.422 r  tokenizer/imm_reg[17]_i_30/O[0]
                         net (fo=3, routed)           0.557    24.980    tokenizer/imm_reg[17]_i_30_n_7
    SLICE_X43Y26         LUT2 (Prop_lut2_I1_O)        0.299    25.279 r  tokenizer/imm[16]_i_90/O
                         net (fo=1, routed)           0.000    25.279    tokenizer/imm[16]_i_90_n_0
    SLICE_X43Y26         CARRY4 (Prop_carry4_S[1]_O[2])
                                                      0.580    25.859 r  tokenizer/imm_reg[16]_i_32/O[2]
                         net (fo=9, routed)           0.995    26.854    tokenizer/imm_reg[16]_i_32_n_5
    SLICE_X41Y28         LUT5 (Prop_lut5_I1_O)        0.302    27.156 r  tokenizer/imm[20]_i_213/O
                         net (fo=1, routed)           0.000    27.156    tokenizer/imm[20]_i_213_n_0
    SLICE_X41Y28         CARRY4 (Prop_carry4_S[2]_O[2])
                                                      0.248    27.404 r  tokenizer/imm_reg[20]_i_86/O[2]
                         net (fo=3, routed)           0.637    28.041    tokenizer/imm_reg[20]_i_86_n_5
    SLICE_X42Y25         LUT2 (Prop_lut2_I1_O)        0.302    28.343 r  tokenizer/imm[16]_i_76/O
                         net (fo=1, routed)           0.000    28.343    tokenizer/imm[16]_i_76_n_0
    SLICE_X42Y25         CARRY4 (Prop_carry4_S[3]_CO[3])
                                                      0.376    28.719 r  tokenizer/imm_reg[16]_i_30/CO[3]
                         net (fo=1, routed)           0.000    28.719    tokenizer/imm_reg[16]_i_30_n_0
    SLICE_X42Y26         CARRY4 (Prop_carry4_CI_O[1])
                                                      0.323    29.042 r  tokenizer/imm_reg[20]_i_31/O[1]
                         net (fo=5, routed)           0.849    29.891    tokenizer/imm_reg[20]_i_31_n_6
    SLICE_X44Y33         LUT3 (Prop_lut3_I0_O)        0.306    30.197 r  tokenizer/imm[24]_i_193/O
                         net (fo=1, routed)           0.526    30.723    tokenizer/imm[24]_i_193_n_0
    SLICE_X47Y33         CARRY4 (Prop_carry4_DI[1]_O[2])
                                                      0.537    31.260 r  tokenizer/imm_reg[24]_i_83/O[2]
                         net (fo=3, routed)           0.696    31.956    tokenizer/imm_reg[24]_i_83_n_5
    SLICE_X46Y36         LUT2 (Prop_lut2_I1_O)        0.302    32.258 r  tokenizer/imm[20]_i_82/O
                         net (fo=1, routed)           0.000    32.258    tokenizer/imm[20]_i_82_n_0
    SLICE_X46Y36         CARRY4 (Prop_carry4_S[3]_CO[3])
                                                      0.376    32.634 r  tokenizer/imm_reg[20]_i_30/CO[3]
                         net (fo=1, routed)           0.000    32.634    tokenizer/imm_reg[20]_i_30_n_0
    SLICE_X46Y37         CARRY4 (Prop_carry4_CI_O[0])
                                                      0.219    32.853 r  tokenizer/imm_reg[24]_i_31/O[0]
                         net (fo=3, routed)           0.586    33.439    tokenizer/imm_reg[24]_i_31_n_7
    SLICE_X42Y37         LUT5 (Prop_lut5_I1_O)        0.295    33.734 r  tokenizer/imm[28]_i_120/O
                         net (fo=8, routed)           0.852    34.586    tokenizer/imm[28]_i_120_n_0
    SLICE_X42Y43         CARRY4 (Prop_carry4_DI[0]_O[2])
                                                      0.579    35.165 r  tokenizer/imm_reg[28]_i_50/O[2]
                         net (fo=3, routed)           0.634    35.800    tokenizer/imm_reg[28]_i_50_n_5
    SLICE_X40Y39         LUT2 (Prop_lut2_I1_O)        0.301    36.101 r  tokenizer/imm[24]_i_74/O
                         net (fo=1, routed)           0.000    36.101    tokenizer/imm[24]_i_74_n_0
    SLICE_X40Y39         CARRY4 (Prop_carry4_S[3]_O[3])
                                                      0.248    36.349 r  tokenizer/imm_reg[24]_i_29/O[3]
                         net (fo=4, routed)           0.460    36.809    tokenizer/imm_reg[24]_i_29_n_4
    SLICE_X43Y38         LUT6 (Prop_lut6_I1_O)        0.306    37.115 r  tokenizer/imm[28]_i_133/O
                         net (fo=3, routed)           0.728    37.843    tokenizer/imm[28]_i_133_n_0
    SLICE_X47Y43         CARRY4 (Prop_carry4_DI[3]_CO[3])
                                                      0.385    38.228 r  tokenizer/imm_reg[28]_i_60/CO[3]
                         net (fo=1, routed)           0.000    38.228    tokenizer/imm_reg[28]_i_60_n_0
    SLICE_X47Y44         CARRY4 (Prop_carry4_CI_O[0])
                                                      0.222    38.450 r  tokenizer/imm_reg[31]_i_95/O[0]
                         net (fo=3, routed)           0.344    38.794    tokenizer/imm_reg[31]_i_95_n_7
    SLICE_X45Y43         LUT2 (Prop_lut2_I1_O)        0.299    39.093 r  tokenizer/imm[28]_i_63/O
                         net (fo=1, routed)           0.000    39.093    tokenizer/imm[28]_i_63_n_0
    SLICE_X45Y43         CARRY4 (Prop_carry4_S[1]_O[2])
                                                      0.580    39.673 r  tokenizer/imm_reg[28]_i_23/O[2]
                         net (fo=2, routed)           0.598    40.271    tokenizer/imm_reg[28]_i_23_n_5
    SLICE_X45Y46         LUT4 (Prop_lut4_I2_O)        0.302    40.573 r  tokenizer/imm[30]_i_65_comp/O
                         net (fo=3, routed)           0.326    40.899    tokenizer/imm[30]_i_65_n_0
    SLICE_X44Y44         LUT5 (Prop_lut5_I1_O)        0.124    41.023 r  tokenizer/imm[30]_i_69_comp_1/O
                         net (fo=1, routed)           0.000    41.023    tokenizer/imm[30]_i_69_n_0
    SLICE_X44Y44         CARRY4 (Prop_carry4_S[2]_O[2])
                                                      0.248    41.271 r  tokenizer/imm_reg[30]_i_31/O[2]
                         net (fo=3, routed)           0.594    41.865    tokenizer/imm_reg[30]_i_31_n_5
    SLICE_X43Y45         LUT2 (Prop_lut2_I1_O)        0.302    42.167 r  tokenizer/imm[30]_i_60/O
                         net (fo=1, routed)           0.000    42.167    tokenizer/imm[30]_i_60_n_0
    SLICE_X43Y45         CARRY4 (Prop_carry4_S[3]_O[3])
                                                      0.248    42.415 r  tokenizer/imm_reg[30]_i_30/O[3]
                         net (fo=1, routed)           0.610    43.025    tokenizer/imm_reg[30]_i_30_n_4
    SLICE_X48Y49         LUT6 (Prop_lut6_I5_O)        0.306    43.331 r  tokenizer/imm[28]_i_3_comp/O
                         net (fo=1, routed)           0.161    43.492    tokenizer/imm[28]_i_3_n_0
    SLICE_X48Y49         LUT6 (Prop_lut6_I1_O)        0.124    43.616 r  tokenizer/imm[28]_i_1/O
                         net (fo=1, routed)           0.000    43.616    operand_interpreter/imm_reg[31]_2[28]
    SLICE_X48Y49         FDRE                                         r  operand_interpreter/imm_reg[28]/D
  -------------------------------------------------------------------    -------------------

                         (clock sys_clk_pin rise edge)
                                                     10.000    10.000 r  <hidden>
    E3                                                0.000    10.000 r  CLK100MHZ
                         net (fo=0)                   0.000    10.000    CLK100MHZ
    E3                   IBUF (Prop_ibuf_I_O)         1.411    11.411 r  CLK100MHZ_IBUF_inst/O
                         net (fo=1, routed)           1.920    13.331    CLK100MHZ_IBUF
    BUFGCTRL_X0Y16       BUFG (Prop_bufg_I_O)         0.091    13.422 r  CLK100MHZ_IBUF_BUFG_inst/O
                         net (fo=1408, routed)        1.679    15.101    operand_interpreter/CLK100MHZ_IBUF_BUFG
    SLICE_X48Y49         FDRE                                         r  operand_interpreter/imm_reg[28]/C
                         clock pessimism              0.195    15.297    <hidden>
                         clock uncertainty           -0.035    15.261    <hidden>
    SLICE_X48Y49         FDRE (Setup_fdre_C_D)        0.032    15.293    operand_interpreter/imm_reg[28]
  -------------------------------------------------------------------
                         required time                         15.293    <hidden>
                         arrival time                         -43.616    <hidden>
  -------------------------------------------------------------------
                         slack                                -28.323    <hidden>

Slack (VIOLATED) :        -28.200ns  (required time - arrival time)
  Source:                 tokenizer/token2_reg[93]/C
                            (rising edge-triggered cell FDSE clocked by sys_clk_pin  {rise@0.000ns fall@5.000ns period=10.000ns})
  Destination:            operand_interpreter/imm_reg[25]/D
                            (rising edge-triggered cell FDRE clocked by sys_clk_pin  {rise@0.000ns fall@5.000ns period=10.000ns})
  Path Group:             sys_clk_pin
  Path Type:              Setup (Max at Slow Process Corner)
  Requirement:            10.000ns  (sys_clk_pin rise@10.000ns - sys_clk_pin rise@0.000ns)
  Data Path Delay:        38.103ns  (logic 17.050ns (44.747%)  route 21.053ns (55.253%))
  Logic Levels:           62  (CARRY4=27 LUT2=11 LUT3=2 LUT4=8 LUT5=3 LUT6=11)
  Clock Path Skew:        -0.092ns (DCD - SCD + CPR)
    Destination Clock Delay (DCD):    5.101ns = ( 15.101 - 10.000 ) 
    Source Clock Delay      (SCD):    5.389ns
    Clock Pessimism Removal (CPR):    0.195ns
  Clock Uncertainty:      0.035ns  ((TSJ^2 + TIJ^2)^1/2 + DJ) / 2 + PE
    Total System Jitter     (TSJ):    0.071ns
    Total Input Jitter      (TIJ):    0.000ns
    Discrete Jitter          (DJ):    0.000ns
    Phase Error              (PE):    0.000ns

    Location             Delay type                Incr(ns)  Path(ns)    Netlist Resource(s)
  -------------------------------------------------------------------    -------------------
                         (clock sys_clk_pin rise edge)
                                                      0.000     0.000 r  <hidden>
    E3                                                0.000     0.000 r  CLK100MHZ
                         net (fo=0)                   0.000     0.000    CLK100MHZ
    E3                   IBUF (Prop_ibuf_I_O)         1.482     1.482 r  CLK100MHZ_IBUF_inst/O
                         net (fo=1, routed)           2.025     3.506    CLK100MHZ_IBUF
    BUFGCTRL_X0Y16       BUFG (Prop_bufg_I_O)         0.096     3.602 r  CLK100MHZ_IBUF_BUFG_inst/O
                         net (fo=1408, routed)        1.786     5.389    tokenizer/CLK100MHZ_IBUF_BUFG
    SLICE_X61Y22         FDSE                                         r  tokenizer/token2_reg[93]/C
  -------------------------------------------------------------------    -------------------
    SLICE_X61Y22         FDSE (Prop_fdse_C_Q)         0.456     5.845 f  tokenizer/token2_reg[93]/Q
                         net (fo=22, routed)          0.788     6.633    tokenizer/token2[93]
    SLICE_X59Y23         LUT6 (Prop_lut6_I4_O)        0.124     6.757 r  tokenizer/imm[7]_i_23/O
                         net (fo=11, routed)          0.440     7.197    tokenizer/imm[7]_i_23_n_0
    SLICE_X61Y22         LUT4 (Prop_lut4_I2_O)        0.124     7.321 r  tokenizer/imm[4]_i_230/O
                         net (fo=1, routed)           0.000     7.321    tokenizer/imm[4]_i_230_n_0
    SLICE_X61Y22         CARRY4 (Prop_carry4_S[0]_O[0])
                                                      0.247     7.568 r  tokenizer/imm_reg[4]_i_118/O[0]
                         net (fo=2, routed)           0.401     7.969    tokenizer/imm_reg[4]_i_118_n_7
    SLICE_X62Y22         LUT2 (Prop_lut2_I0_O)        0.299     8.268 r  tokenizer/imm[4]_i_121/O
                         net (fo=1, routed)           0.000     8.268    tokenizer/imm[4]_i_121_n_0
    SLICE_X62Y22         CARRY4 (Prop_carry4_S[1]_O[1])
                                                      0.230     8.498 r  tokenizer/imm_reg[4]_i_50/O[1]
                         net (fo=5, routed)           0.642     9.140    tokenizer/imm_reg[4]_i_50_n_6
    SLICE_X63Y22         LUT6 (Prop_lut6_I5_O)        0.306     9.446 r  tokenizer/imm[4]_i_211/O
                         net (fo=1, routed)           0.770    10.217    tokenizer/imm[4]_i_211_n_0
    SLICE_X59Y18         CARRY4 (Prop_carry4_DI[1]_O[2])
                                                      0.537    10.754 r  tokenizer/imm_reg[4]_i_108/O[2]
                         net (fo=2, routed)           0.660    11.414    tokenizer/imm_reg[4]_i_108_n_5
    SLICE_X60Y21         LUT2 (Prop_lut2_I1_O)        0.302    11.716 r  tokenizer/imm[4]_i_109/O
                         net (fo=1, routed)           0.000    11.716    tokenizer/imm[4]_i_109_n_0
    SLICE_X60Y21         CARRY4 (Prop_carry4_S[3]_O[3])
                                                      0.255    11.971 r  tokenizer/imm_reg[4]_i_48/O[3]
                         net (fo=5, routed)           0.334    12.304    tokenizer/imm_reg[4]_i_48_n_4
    SLICE_X59Y22         LUT6 (Prop_lut6_I5_O)        0.307    12.611 r  tokenizer/imm[4]_i_216/O
                         net (fo=3, routed)           0.585    13.196    tokenizer/imm[4]_i_216_n_0
    SLICE_X55Y22         LUT2 (Prop_lut2_I0_O)        0.124    13.320 r  tokenizer/imm[4]_i_219/O
                         net (fo=1, routed)           0.000    13.320    tokenizer/imm[4]_i_219_n_0
    SLICE_X55Y22         CARRY4 (Prop_carry4_S[3]_O[3])
                                                      0.248    13.568 r  tokenizer/imm_reg[4]_i_113/O[3]
                         net (fo=2, routed)           0.434    14.003    tokenizer/imm_reg[4]_i_113_n_4
    SLICE_X54Y23         LUT3 (Prop_lut3_I2_O)        0.306    14.309 r  tokenizer/imm[8]_i_138/O
                         net (fo=1, routed)           0.000    14.309    tokenizer/imm[8]_i_138_n_0
    SLICE_X54Y23         CARRY4 (Prop_carry4_S[0]_O[0])
                                                      0.252    14.561 r  tokenizer/imm_reg[8]_i_64/O[0]
                         net (fo=7, routed)           0.634    15.195    tokenizer/imm_reg[8]_i_64_n_7
    SLICE_X53Y22         LUT4 (Prop_lut4_I2_O)        0.295    15.490 r  tokenizer/imm[16]_i_335/O
                         net (fo=1, routed)           0.000    15.490    tokenizer/imm[16]_i_335_n_0
    SLICE_X53Y22         CARRY4 (Prop_carry4_S[0]_O[0])
                                                      0.247    15.737 r  tokenizer/imm_reg[16]_i_182/O[0]
                         net (fo=4, routed)           0.735    16.472    tokenizer/imm_reg[16]_i_182_n_7
    SLICE_X51Y21         LUT4 (Prop_lut4_I1_O)        0.299    16.771 r  tokenizer/imm[8]_i_158/O
                         net (fo=1, routed)           0.000    16.771    tokenizer/imm[8]_i_158_n_0
    SLICE_X51Y21         CARRY4 (Prop_carry4_S[1]_O[1])
                                                      0.227    16.998 r  tokenizer/imm_reg[8]_i_67/O[1]
                         net (fo=1, routed)           0.508    17.505    tokenizer/imm_reg[8]_i_67_n_6
    SLICE_X49Y21         LUT6 (Prop_lut6_I0_O)        0.303    17.808 r  tokenizer/imm[6]_i_10/O
                         net (fo=3, routed)           0.312    18.121    tokenizer/imm[6]_i_10_n_0
    SLICE_X48Y22         LUT5 (Prop_lut5_I0_O)        0.124    18.245 r  tokenizer/imm[16]_i_305/O
                         net (fo=6, routed)           0.518    18.762    tokenizer/imm[16]_i_305_n_0
    SLICE_X45Y22         LUT4 (Prop_lut4_I0_O)        0.124    18.886 r  tokenizer/imm[16]_i_309/O
                         net (fo=1, routed)           0.000    18.886    tokenizer/imm[16]_i_309_n_0
    SLICE_X45Y22         CARRY4 (Prop_carry4_S[1]_O[1])
                                                      0.227    19.113 r  tokenizer/imm_reg[16]_i_159/O[1]
                         net (fo=3, routed)           0.638    19.751    tokenizer/imm_reg[16]_i_159_n_6
    SLICE_X46Y17         LUT4 (Prop_lut4_I3_O)        0.303    20.054 r  tokenizer/imm[8]_i_178/O
                         net (fo=1, routed)           0.000    20.054    tokenizer/imm[8]_i_178_n_0
    SLICE_X46Y17         CARRY4 (Prop_carry4_S[2]_O[2])
                                                      0.250    20.304 r  tokenizer/imm_reg[8]_i_70/O[2]
                         net (fo=2, routed)           0.310    20.614    tokenizer/imm_reg[8]_i_70_n_5
    SLICE_X49Y17         LUT4 (Prop_lut4_I3_O)        0.301    20.915 r  tokenizer/imm[16]_i_418/O
                         net (fo=1, routed)           0.495    21.410    tokenizer/imm[16]_i_418_n_0
    SLICE_X43Y22         LUT6 (Prop_lut6_I1_O)        0.124    21.534 r  tokenizer/imm[16]_i_361/O
                         net (fo=3, routed)           0.574    22.108    tokenizer/imm[16]_i_361_n_0
    SLICE_X44Y23         LUT2 (Prop_lut2_I0_O)        0.124    22.232 r  tokenizer/imm[16]_i_365/O
                         net (fo=1, routed)           0.000    22.232    tokenizer/imm[16]_i_365_n_0
    SLICE_X44Y23         CARRY4 (Prop_carry4_S[2]_O[2])
                                                      0.248    22.480 r  tokenizer/imm_reg[16]_i_221/O[2]
                         net (fo=3, routed)           0.569    23.049    tokenizer/imm_reg[16]_i_221_n_5
    SLICE_X43Y24         LUT3 (Prop_lut3_I2_O)        0.302    23.351 r  tokenizer/imm[8]_i_163/O
                         net (fo=1, routed)           0.000    23.351    tokenizer/imm[8]_i_163_n_0
    SLICE_X43Y24         CARRY4 (Prop_carry4_S[3]_CO[3])
                                                      0.401    23.752 r  tokenizer/imm_reg[8]_i_68/CO[3]
                         net (fo=1, routed)           0.009    23.761    tokenizer/imm_reg[8]_i_68_n_0
    SLICE_X43Y25         CARRY4 (Prop_carry4_CI_O[0])
                                                      0.222    23.983 r  tokenizer/imm_reg[16]_i_86/O[0]
                         net (fo=4, routed)           0.482    24.465    tokenizer/imm_reg[16]_i_86_n_7
    SLICE_X40Y27         LUT5 (Prop_lut5_I1_O)        0.299    24.764 r  tokenizer/imm[16]_i_203/O
                         net (fo=2, routed)           0.532    25.296    tokenizer/imm[16]_i_203_n_0
    SLICE_X41Y27         CARRY4 (Prop_carry4_DI[0]_O[1])
                                                      0.407    25.703 r  tokenizer/imm_reg[16]_i_75/O[1]
                         net (fo=3, routed)           0.642    26.345    tokenizer/imm_reg[16]_i_75_n_6
    SLICE_X42Y24         LUT2 (Prop_lut2_I1_O)        0.303    26.648 r  tokenizer/imm[16]_i_197/O
                         net (fo=1, routed)           0.000    26.648    tokenizer/imm[16]_i_197_n_0
    SLICE_X42Y24         CARRY4 (Prop_carry4_S[2]_O[2])
                                                      0.250    26.898 r  tokenizer/imm_reg[16]_i_74/O[2]
                         net (fo=2, routed)           0.318    27.215    tokenizer/imm_reg[16]_i_74_n_5
    SLICE_X41Y24         LUT4 (Prop_lut4_I3_O)        0.301    27.516 r  tokenizer/imm[16]_i_357/O
                         net (fo=1, routed)           0.653    28.169    tokenizer/imm[16]_i_357_n_0
    SLICE_X45Y31         LUT6 (Prop_lut6_I1_O)        0.124    28.293 r  tokenizer/imm[16]_i_214/O
                         net (fo=3, routed)           0.423    28.716    tokenizer/imm[16]_i_214_n_0
    SLICE_X47Y31         LUT2 (Prop_lut2_I0_O)        0.124    28.840 r  tokenizer/imm[16]_i_218/O
                         net (fo=1, routed)           0.000    28.840    tokenizer/imm[16]_i_218_n_0
    SLICE_X47Y31         CARRY4 (Prop_carry4_S[2]_O[2])
                                                      0.248    29.088 r  tokenizer/imm_reg[16]_i_81/O[2]
                         net (fo=3, routed)           0.602    29.689    tokenizer/imm_reg[16]_i_81_n_5
    SLICE_X46Y34         LUT2 (Prop_lut2_I1_O)        0.302    29.991 r  tokenizer/imm[16]_i_209/O
                         net (fo=1, routed)           0.000    29.991    tokenizer/imm[16]_i_209_n_0
    SLICE_X46Y34         CARRY4 (Prop_carry4_S[3]_O[3])
                                                      0.255    30.246 r  tokenizer/imm_reg[16]_i_80/O[3]
                         net (fo=1, routed)           0.316    30.562    tokenizer/imm_reg[16]_i_80_n_4
    SLICE_X45Y33         LUT4 (Prop_lut4_I3_O)        0.307    30.869 r  tokenizer/imm[12]_i_27/O
                         net (fo=1, routed)           0.348    31.217    tokenizer/imm[12]_i_27_n_0
    SLICE_X44Y33         LUT6 (Prop_lut6_I5_O)        0.124    31.341 r  tokenizer/imm[12]_i_14/O
                         net (fo=8, routed)           0.726    32.067    tokenizer/imm[12]_i_14_n_0
    SLICE_X42Y40         LUT2 (Prop_lut2_I0_O)        0.124    32.191 r  tokenizer/imm[16]_i_234/O
                         net (fo=1, routed)           0.000    32.191    tokenizer/imm[16]_i_234_n_0
    SLICE_X42Y40         CARRY4 (Prop_carry4_S[3]_CO[3])
                                                      0.376    32.567 r  tokenizer/imm_reg[16]_i_92/CO[3]
                         net (fo=1, routed)           0.000    32.567    tokenizer/imm_reg[16]_i_92_n_0
    SLICE_X42Y41         CARRY4 (Prop_carry4_CI_O[0])
                                                      0.219    32.786 r  tokenizer/imm_reg[20]_i_76/O[0]
                         net (fo=3, routed)           0.612    33.398    tokenizer/imm_reg[20]_i_76_n_7
    SLICE_X40Y37         LUT2 (Prop_lut2_I1_O)        0.295    33.693 r  tokenizer/imm[16]_i_95/O
                         net (fo=1, routed)           0.000    33.693    tokenizer/imm[16]_i_95_n_0
    SLICE_X40Y37         CARRY4 (Prop_carry4_S[1]_O[1])
                                                      0.227    33.920 r  tokenizer/imm_reg[16]_i_33/O[1]
                         net (fo=3, routed)           0.677    34.597    tokenizer/imm_reg[16]_i_33_n_6
    SLICE_X43Y34         LUT6 (Prop_lut6_I4_O)        0.303    34.900 r  tokenizer/imm[20]_i_186_comp_2/O
                         net (fo=4, routed)           0.960    35.860    tokenizer/imm[20]_i_186_n_0
    SLICE_X47Y41         CARRY4 (Prop_carry4_DI[1]_O[2])
                                                      0.537    36.397 r  tokenizer/imm_reg[20]_i_71/O[2]
                         net (fo=3, routed)           0.431    36.828    tokenizer/imm_reg[20]_i_71_n_5
    SLICE_X45Y40         LUT2 (Prop_lut2_I1_O)        0.302    37.130 r  tokenizer/imm[16]_i_56/O
                         net (fo=1, routed)           0.000    37.130    tokenizer/imm[16]_i_56_n_0
    SLICE_X45Y40         CARRY4 (Prop_carry4_S[3]_CO[3])
                                                      0.401    37.531 r  tokenizer/imm_reg[16]_i_26/CO[3]
                         net (fo=1, routed)           0.000    37.531    tokenizer/imm_reg[16]_i_26_n_0
    SLICE_X45Y41         CARRY4 (Prop_carry4_CI_O[1])
                                                      0.334    37.865 r  tokenizer/imm_reg[20]_i_28/O[1]
                         net (fo=3, routed)           0.796    38.661    tokenizer/imm_reg[20]_i_28_n_6
    SLICE_X38Y41         LUT6 (Prop_lut6_I5_O)        0.303    38.964 r  tokenizer/imm[24]_i_201_comp/O
                         net (fo=2, routed)           0.492    39.457    tokenizer/imm[24]_i_201_n_0
    SLICE_X44Y42         CARRY4 (Prop_carry4_DI[1]_CO[3])
                                                      0.507    39.964 r  tokenizer/imm_reg[24]_i_88/CO[3]
                         net (fo=1, routed)           0.000    39.964    tokenizer/imm_reg[24]_i_88_n_0
    SLICE_X44Y43         CARRY4 (Prop_carry4_CI_O[0])
                                                      0.222    40.186 r  tokenizer/imm_reg[30]_i_59/O[0]
                         net (fo=3, routed)           0.567    40.752    tokenizer/imm_reg[30]_i_59_n_7
    SLICE_X43Y44         LUT2 (Prop_lut2_I1_O)        0.299    41.051 r  tokenizer/imm[24]_i_91/O
                         net (fo=1, routed)           0.000    41.051    tokenizer/imm[24]_i_91_n_0
    SLICE_X43Y44         CARRY4 (Prop_carry4_S[1]_CO[3])
                                                      0.550    41.601 r  tokenizer/imm_reg[24]_i_32/CO[3]
                         net (fo=1, routed)           0.000    41.601    tokenizer/imm_reg[24]_i_32_n_0
    SLICE_X43Y45         CARRY4 (Prop_carry4_CI_O[0])
                                                      0.222    41.823 r  tokenizer/imm_reg[30]_i_30/O[0]
                         net (fo=1, routed)           0.676    42.500    tokenizer/imm_reg[30]_i_30_n_7
    SLICE_X47Y48         LUT6 (Prop_lut6_I5_O)        0.299    42.799 r  tokenizer/imm[25]_i_9/O
                         net (fo=1, routed)           0.154    42.953    tokenizer/imm[25]_i_9_n_0
    SLICE_X47Y48         LUT5 (Prop_lut5_I4_O)        0.124    43.077 r  tokenizer/imm[25]_i_3/O
                         net (fo=1, routed)           0.291    43.368    tokenizer/imm[25]_i_3_n_0
    SLICE_X47Y48         LUT6 (Prop_lut6_I1_O)        0.124    43.492 r  tokenizer/imm[25]_i_1/O
                         net (fo=1, routed)           0.000    43.492    operand_interpreter/imm_reg[31]_2[25]
    SLICE_X47Y48         FDRE                                         r  operand_interpreter/imm_reg[25]/D
  -------------------------------------------------------------------    -------------------

                         (clock sys_clk_pin rise edge)
                                                     10.000    10.000 r  <hidden>
    E3                                                0.000    10.000 r  CLK100MHZ
                         net (fo=0)                   0.000    10.000    CLK100MHZ
    E3                   IBUF (Prop_ibuf_I_O)         1.411    11.411 r  CLK100MHZ_IBUF_inst/O
                         net (fo=1, routed)           1.920    13.331    CLK100MHZ_IBUF
    BUFGCTRL_X0Y16       BUFG (Prop_bufg_I_O)         0.091    13.422 r  CLK100MHZ_IBUF_BUFG_inst/O
                         net (fo=1408, routed)        1.679    15.101    operand_interpreter/CLK100MHZ_IBUF_BUFG
    SLICE_X47Y48         FDRE                                         r  operand_interpreter/imm_reg[25]/C
                         clock pessimism              0.195    15.297    <hidden>
                         clock uncertainty           -0.035    15.261    <hidden>
    SLICE_X47Y48         FDRE (Setup_fdre_C_D)        0.031    15.292    operand_interpreter/imm_reg[25]
  -------------------------------------------------------------------
                         required time                         15.292    <hidden>
                         arrival time                         -43.492    <hidden>
  -------------------------------------------------------------------
                         slack                                -28.200    <hidden>

Slack (VIOLATED) :        -28.116ns  (required time - arrival time)
  Source:                 tokenizer/token2_reg[93]/C
                            (rising edge-triggered cell FDSE clocked by sys_clk_pin  {rise@0.000ns fall@5.000ns period=10.000ns})
  Destination:            operand_interpreter/imm_reg[26]/D
                            (rising edge-triggered cell FDRE clocked by sys_clk_pin  {rise@0.000ns fall@5.000ns period=10.000ns})
  Path Group:             sys_clk_pin
  Path Type:              Setup (Max at Slow Process Corner)
  Requirement:            10.000ns  (sys_clk_pin rise@10.000ns - sys_clk_pin rise@0.000ns)
  Data Path Delay:        38.071ns  (logic 17.042ns (44.764%)  route 21.029ns (55.236%))
  Logic Levels:           61  (CARRY4=27 LUT2=11 LUT3=2 LUT4=8 LUT5=2 LUT6=11)
  Clock Path Skew:        -0.087ns (DCD - SCD + CPR)
    Destination Clock Delay (DCD):    5.106ns = ( 15.106 - 10.000 ) 
    Source Clock Delay      (SCD):    5.389ns
    Clock Pessimism Removal (CPR):    0.195ns
  Clock Uncertainty:      0.035ns  ((TSJ^2 + TIJ^2)^1/2 + DJ) / 2 + PE
    Total System Jitter     (TSJ):    0.071ns
    Total Input Jitter      (TIJ):    0.000ns
    Discrete Jitter          (DJ):    0.000ns
    Phase Error              (PE):    0.000ns

    Location             Delay type                Incr(ns)  Path(ns)    Netlist Resource(s)
  -------------------------------------------------------------------    -------------------
                         (clock sys_clk_pin rise edge)
                                                      0.000     0.000 r  <hidden>
    E3                                                0.000     0.000 r  CLK100MHZ
                         net (fo=0)                   0.000     0.000    CLK100MHZ
    E3                   IBUF (Prop_ibuf_I_O)         1.482     1.482 r  CLK100MHZ_IBUF_inst/O
                         net (fo=1, routed)           2.025     3.506    CLK100MHZ_IBUF
    BUFGCTRL_X0Y16       BUFG (Prop_bufg_I_O)         0.096     3.602 r  CLK100MHZ_IBUF_BUFG_inst/O
                         net (fo=1408, routed)        1.786     5.389    tokenizer/CLK100MHZ_IBUF_BUFG
    SLICE_X61Y22         FDSE                                         r  tokenizer/token2_reg[93]/C
  -------------------------------------------------------------------    -------------------
    SLICE_X61Y22         FDSE (Prop_fdse_C_Q)         0.456     5.845 f  tokenizer/token2_reg[93]/Q
                         net (fo=22, routed)          0.788     6.633    tokenizer/token2[93]
    SLICE_X59Y23         LUT6 (Prop_lut6_I4_O)        0.124     6.757 r  tokenizer/imm[7]_i_23/O
                         net (fo=11, routed)          0.440     7.197    tokenizer/imm[7]_i_23_n_0
    SLICE_X61Y22         LUT4 (Prop_lut4_I2_O)        0.124     7.321 r  tokenizer/imm[4]_i_230/O
                         net (fo=1, routed)           0.000     7.321    tokenizer/imm[4]_i_230_n_0
    SLICE_X61Y22         CARRY4 (Prop_carry4_S[0]_O[0])
                                                      0.247     7.568 r  tokenizer/imm_reg[4]_i_118/O[0]
                         net (fo=2, routed)           0.401     7.969    tokenizer/imm_reg[4]_i_118_n_7
    SLICE_X62Y22         LUT2 (Prop_lut2_I0_O)        0.299     8.268 r  tokenizer/imm[4]_i_121/O
                         net (fo=1, routed)           0.000     8.268    tokenizer/imm[4]_i_121_n_0
    SLICE_X62Y22         CARRY4 (Prop_carry4_S[1]_O[1])
                                                      0.230     8.498 r  tokenizer/imm_reg[4]_i_50/O[1]
                         net (fo=5, routed)           0.642     9.140    tokenizer/imm_reg[4]_i_50_n_6
    SLICE_X63Y22         LUT6 (Prop_lut6_I5_O)        0.306     9.446 r  tokenizer/imm[4]_i_211/O
                         net (fo=1, routed)           0.770    10.217    tokenizer/imm[4]_i_211_n_0
    SLICE_X59Y18         CARRY4 (Prop_carry4_DI[1]_O[2])
                                                      0.537    10.754 r  tokenizer/imm_reg[4]_i_108/O[2]
                         net (fo=2, routed)           0.660    11.414    tokenizer/imm_reg[4]_i_108_n_5
    SLICE_X60Y21         LUT2 (Prop_lut2_I1_O)        0.302    11.716 r  tokenizer/imm[4]_i_109/O
                         net (fo=1, routed)           0.000    11.716    tokenizer/imm[4]_i_109_n_0
    SLICE_X60Y21         CARRY4 (Prop_carry4_S[3]_O[3])
                                                      0.255    11.971 r  tokenizer/imm_reg[4]_i_48/O[3]
                         net (fo=5, routed)           0.334    12.304    tokenizer/imm_reg[4]_i_48_n_4
    SLICE_X59Y22         LUT6 (Prop_lut6_I5_O)        0.307    12.611 r  tokenizer/imm[4]_i_216/O
                         net (fo=3, routed)           0.585    13.196    tokenizer/imm[4]_i_216_n_0
    SLICE_X55Y22         LUT2 (Prop_lut2_I0_O)        0.124    13.320 r  tokenizer/imm[4]_i_219/O
                         net (fo=1, routed)           0.000    13.320    tokenizer/imm[4]_i_219_n_0
    SLICE_X55Y22         CARRY4 (Prop_carry4_S[3]_O[3])
                                                      0.248    13.568 r  tokenizer/imm_reg[4]_i_113/O[3]
                         net (fo=2, routed)           0.434    14.003    tokenizer/imm_reg[4]_i_113_n_4
    SLICE_X54Y23         LUT3 (Prop_lut3_I2_O)        0.306    14.309 r  tokenizer/imm[8]_i_138/O
                         net (fo=1, routed)           0.000    14.309    tokenizer/imm[8]_i_138_n_0
    SLICE_X54Y23         CARRY4 (Prop_carry4_S[0]_O[0])
                                                      0.252    14.561 r  tokenizer/imm_reg[8]_i_64/O[0]
                         net (fo=7, routed)           0.634    15.195    tokenizer/imm_reg[8]_i_64_n_7
    SLICE_X53Y22         LUT4 (Prop_lut4_I2_O)        0.295    15.490 r  tokenizer/imm[16]_i_335/O
                         net (fo=1, routed)           0.000    15.490    tokenizer/imm[16]_i_335_n_0
    SLICE_X53Y22         CARRY4 (Prop_carry4_S[0]_O[0])
                                                      0.247    15.737 r  tokenizer/imm_reg[16]_i_182/O[0]
                         net (fo=4, routed)           0.735    16.472    tokenizer/imm_reg[16]_i_182_n_7
    SLICE_X51Y21         LUT4 (Prop_lut4_I1_O)        0.299    16.771 r  tokenizer/imm[8]_i_158/O
                         net (fo=1, routed)           0.000    16.771    tokenizer/imm[8]_i_158_n_0
    SLICE_X51Y21         CARRY4 (Prop_carry4_S[1]_O[1])
                                                      0.227    16.998 r  tokenizer/imm_reg[8]_i_67/O[1]
                         net (fo=1, routed)           0.508    17.505    tokenizer/imm_reg[8]_i_67_n_6
    SLICE_X49Y21         LUT6 (Prop_lut6_I0_O)        0.303    17.808 r  tokenizer/imm[6]_i_10/O
                         net (fo=3, routed)           0.312    18.121    tokenizer/imm[6]_i_10_n_0
    SLICE_X48Y22         LUT5 (Prop_lut5_I0_O)        0.124    18.245 r  tokenizer/imm[16]_i_305/O
                         net (fo=6, routed)           0.518    18.762    tokenizer/imm[16]_i_305_n_0
    SLICE_X45Y22         LUT4 (Prop_lut4_I0_O)        0.124    18.886 r  tokenizer/imm[16]_i_309/O
                         net (fo=1, routed)           0.000    18.886    tokenizer/imm[16]_i_309_n_0
    SLICE_X45Y22         CARRY4 (Prop_carry4_S[1]_O[1])
                                                      0.227    19.113 r  tokenizer/imm_reg[16]_i_159/O[1]
                         net (fo=3, routed)           0.638    19.751    tokenizer/imm_reg[16]_i_159_n_6
    SLICE_X46Y17         LUT4 (Prop_lut4_I3_O)        0.303    20.054 r  tokenizer/imm[8]_i_178/O
                         net (fo=1, routed)           0.000    20.054    tokenizer/imm[8]_i_178_n_0
    SLICE_X46Y17         CARRY4 (Prop_carry4_S[2]_O[2])
                                                      0.250    20.304 r  tokenizer/imm_reg[8]_i_70/O[2]
                         net (fo=2, routed)           0.310    20.614    tokenizer/imm_reg[8]_i_70_n_5
    SLICE_X49Y17         LUT4 (Prop_lut4_I3_O)        0.301    20.915 r  tokenizer/imm[16]_i_418/O
                         net (fo=1, routed)           0.495    21.410    tokenizer/imm[16]_i_418_n_0
    SLICE_X43Y22         LUT6 (Prop_lut6_I1_O)        0.124    21.534 r  tokenizer/imm[16]_i_361/O
                         net (fo=3, routed)           0.574    22.108    tokenizer/imm[16]_i_361_n_0
    SLICE_X44Y23         LUT2 (Prop_lut2_I0_O)        0.124    22.232 r  tokenizer/imm[16]_i_365/O
                         net (fo=1, routed)           0.000    22.232    tokenizer/imm[16]_i_365_n_0
    SLICE_X44Y23         CARRY4 (Prop_carry4_S[2]_O[2])
                                                      0.248    22.480 r  tokenizer/imm_reg[16]_i_221/O[2]
                         net (fo=3, routed)           0.569    23.049    tokenizer/imm_reg[16]_i_221_n_5
    SLICE_X43Y24         LUT3 (Prop_lut3_I2_O)        0.302    23.351 r  tokenizer/imm[8]_i_163/O
                         net (fo=1, routed)           0.000    23.351    tokenizer/imm[8]_i_163_n_0
    SLICE_X43Y24         CARRY4 (Prop_carry4_S[3]_CO[3])
                                                      0.401    23.752 r  tokenizer/imm_reg[8]_i_68/CO[3]
                         net (fo=1, routed)           0.009    23.761    tokenizer/imm_reg[8]_i_68_n_0
    SLICE_X43Y25         CARRY4 (Prop_carry4_CI_O[0])
                                                      0.222    23.983 r  tokenizer/imm_reg[16]_i_86/O[0]
                         net (fo=4, routed)           0.482    24.465    tokenizer/imm_reg[16]_i_86_n_7
    SLICE_X40Y27         LUT5 (Prop_lut5_I1_O)        0.299    24.764 r  tokenizer/imm[16]_i_203/O
                         net (fo=2, routed)           0.532    25.296    tokenizer/imm[16]_i_203_n_0
    SLICE_X41Y27         CARRY4 (Prop_carry4_DI[0]_O[1])
                                                      0.407    25.703 r  tokenizer/imm_reg[16]_i_75/O[1]
                         net (fo=3, routed)           0.642    26.345    tokenizer/imm_reg[16]_i_75_n_6
    SLICE_X42Y24         LUT2 (Prop_lut2_I1_O)        0.303    26.648 r  tokenizer/imm[16]_i_197/O
                         net (fo=1, routed)           0.000    26.648    tokenizer/imm[16]_i_197_n_0
    SLICE_X42Y24         CARRY4 (Prop_carry4_S[2]_O[2])
                                                      0.250    26.898 r  tokenizer/imm_reg[16]_i_74/O[2]
                         net (fo=2, routed)           0.318    27.215    tokenizer/imm_reg[16]_i_74_n_5
    SLICE_X41Y24         LUT4 (Prop_lut4_I3_O)        0.301    27.516 r  tokenizer/imm[16]_i_357/O
                         net (fo=1, routed)           0.653    28.169    tokenizer/imm[16]_i_357_n_0
    SLICE_X45Y31         LUT6 (Prop_lut6_I1_O)        0.124    28.293 r  tokenizer/imm[16]_i_214/O
                         net (fo=3, routed)           0.423    28.716    tokenizer/imm[16]_i_214_n_0
    SLICE_X47Y31         LUT2 (Prop_lut2_I0_O)        0.124    28.840 r  tokenizer/imm[16]_i_218/O
                         net (fo=1, routed)           0.000    28.840    tokenizer/imm[16]_i_218_n_0
    SLICE_X47Y31         CARRY4 (Prop_carry4_S[2]_O[2])
                                                      0.248    29.088 r  tokenizer/imm_reg[16]_i_81/O[2]
                         net (fo=3, routed)           0.602    29.689    tokenizer/imm_reg[16]_i_81_n_5
    SLICE_X46Y34         LUT2 (Prop_lut2_I1_O)        0.302    29.991 r  tokenizer/imm[16]_i_209/O
                         net (fo=1, routed)           0.000    29.991    tokenizer/imm[16]_i_209_n_0
    SLICE_X46Y34         CARRY4 (Prop_carry4_S[3]_O[3])
                                                      0.255    30.246 r  tokenizer/imm_reg[16]_i_80/O[3]
                         net (fo=1, routed)           0.316    30.562    tokenizer/imm_reg[16]_i_80_n_4
    SLICE_X45Y33         LUT4 (Prop_lut4_I3_O)        0.307    30.869 r  tokenizer/imm[12]_i_27/O
                         net (fo=1, routed)           0.348    31.217    tokenizer/imm[12]_i_27_n_0
    SLICE_X44Y33         LUT6 (Prop_lut6_I5_O)        0.124    31.341 r  tokenizer/imm[12]_i_14/O
                         net (fo=8, routed)           0.726    32.067    tokenizer/imm[12]_i_14_n_0
    SLICE_X42Y40         LUT2 (Prop_lut2_I0_O)        0.124    32.191 r  tokenizer/imm[16]_i_234/O
                         net (fo=1, routed)           0.000    32.191    tokenizer/imm[16]_i_234_n_0
    SLICE_X42Y40         CARRY4 (Prop_carry4_S[3]_CO[3])
                                                      0.376    32.567 r  tokenizer/imm_reg[16]_i_92/CO[3]
                         net (fo=1, routed)           0.000    32.567    tokenizer/imm_reg[16]_i_92_n_0
    SLICE_X42Y41         CARRY4 (Prop_carry4_CI_O[0])
                                                      0.219    32.786 r  tokenizer/imm_reg[20]_i_76/O[0]
                         net (fo=3, routed)           0.612    33.398    tokenizer/imm_reg[20]_i_76_n_7
    SLICE_X40Y37         LUT2 (Prop_lut2_I1_O)        0.295    33.693 r  tokenizer/imm[16]_i_95/O
                         net (fo=1, routed)           0.000    33.693    tokenizer/imm[16]_i_95_n_0
    SLICE_X40Y37         CARRY4 (Prop_carry4_S[1]_O[1])
                                                      0.227    33.920 r  tokenizer/imm_reg[16]_i_33/O[1]
                         net (fo=3, routed)           0.677    34.597    tokenizer/imm_reg[16]_i_33_n_6
    SLICE_X43Y34         LUT6 (Prop_lut6_I4_O)        0.303    34.900 r  tokenizer/imm[20]_i_186_comp_2/O
                         net (fo=4, routed)           0.960    35.860    tokenizer/imm[20]_i_186_n_0
    SLICE_X47Y41         CARRY4 (Prop_carry4_DI[1]_O[2])
                                                      0.537    36.397 r  tokenizer/imm_reg[20]_i_71/O[2]
                         net (fo=3, routed)           0.431    36.828    tokenizer/imm_reg[20]_i_71_n_5
    SLICE_X45Y40         LUT2 (Prop_lut2_I1_O)        0.302    37.130 r  tokenizer/imm[16]_i_56/O
                         net (fo=1, routed)           0.000    37.130    tokenizer/imm[16]_i_56_n_0
    SLICE_X45Y40         CARRY4 (Prop_carry4_S[3]_CO[3])
                                                      0.401    37.531 r  tokenizer/imm_reg[16]_i_26/CO[3]
                         net (fo=1, routed)           0.000    37.531    tokenizer/imm_reg[16]_i_26_n_0
    SLICE_X45Y41         CARRY4 (Prop_carry4_CI_O[1])
                                                      0.334    37.865 r  tokenizer/imm_reg[20]_i_28/O[1]
                         net (fo=3, routed)           0.796    38.661    tokenizer/imm_reg[20]_i_28_n_6
    SLICE_X38Y41         LUT6 (Prop_lut6_I5_O)        0.303    38.964 r  tokenizer/imm[24]_i_201_comp/O
                         net (fo=2, routed)           0.492    39.457    tokenizer/imm[24]_i_201_n_0
    SLICE_X44Y42         CARRY4 (Prop_carry4_DI[1]_CO[3])
                                                      0.507    39.964 r  tokenizer/imm_reg[24]_i_88/CO[3]
                         net (fo=1, routed)           0.000    39.964    tokenizer/imm_reg[24]_i_88_n_0
    SLICE_X44Y43         CARRY4 (Prop_carry4_CI_O[0])
                                                      0.222    40.186 r  tokenizer/imm_reg[30]_i_59/O[0]
                         net (fo=3, routed)           0.567    40.752    tokenizer/imm_reg[30]_i_59_n_7
    SLICE_X43Y44         LUT2 (Prop_lut2_I1_O)        0.299    41.051 r  tokenizer/imm[24]_i_91/O
                         net (fo=1, routed)           0.000    41.051    tokenizer/imm[24]_i_91_n_0
    SLICE_X43Y44         CARRY4 (Prop_carry4_S[1]_CO[3])
                                                      0.550    41.601 r  tokenizer/imm_reg[24]_i_32/CO[3]
                         net (fo=1, routed)           0.000    41.601    tokenizer/imm_reg[24]_i_32_n_0
    SLICE_X43Y45         CARRY4 (Prop_carry4_CI_O[1])
                                                      0.334    41.935 r  tokenizer/imm_reg[30]_i_30/O[1]
                         net (fo=1, routed)           0.792    42.727    tokenizer/imm_reg[30]_i_30_n_6
    SLICE_X38Y47         LUT6 (Prop_lut6_I5_O)        0.303    43.030 r  tokenizer/imm[26]_i_3_comp/O
                         net (fo=1, routed)           0.306    43.336    tokenizer/imm[26]_i_3_n_0
    SLICE_X38Y48         LUT6 (Prop_lut6_I1_O)        0.124    43.460 r  tokenizer/imm[26]_i_1/O
                         net (fo=1, routed)           0.000    43.460    operand_interpreter/imm_reg[31]_2[26]
    SLICE_X38Y48         FDRE                                         r  operand_interpreter/imm_reg[26]/D
  -------------------------------------------------------------------    -------------------

                         (clock sys_clk_pin rise edge)
                                                     10.000    10.000 r  <hidden>
    E3                                                0.000    10.000 r  CLK100MHZ
                         net (fo=0)                   0.000    10.000    CLK100MHZ
    E3                   IBUF (Prop_ibuf_I_O)         1.411    11.411 r  CLK100MHZ_IBUF_inst/O
                         net (fo=1, routed)           1.920    13.331    CLK100MHZ_IBUF
    BUFGCTRL_X0Y16       BUFG (Prop_bufg_I_O)         0.091    13.422 r  CLK100MHZ_IBUF_BUFG_inst/O
                         net (fo=1408, routed)        1.684    15.106    operand_interpreter/CLK100MHZ_IBUF_BUFG
    SLICE_X38Y48         FDRE                                         r  operand_interpreter/imm_reg[26]/C
                         clock pessimism              0.195    15.302    <hidden>
                         clock uncertainty           -0.035    15.266    <hidden>
    SLICE_X38Y48         FDRE (Setup_fdre_C_D)        0.077    15.343    operand_interpreter/imm_reg[26]
  -------------------------------------------------------------------
                         required time                         15.343    <hidden>
                         arrival time                         -43.460    <hidden>
  -------------------------------------------------------------------
                         slack                                -28.116    <hidden>

Slack (VIOLATED) :        -28.084ns  (required time - arrival time)
  Source:                 tokenizer/token2_reg[93]/C
                            (rising edge-triggered cell FDSE clocked by sys_clk_pin  {rise@0.000ns fall@5.000ns period=10.000ns})
  Destination:            operand_interpreter/imm_reg[24]/D
                            (rising edge-triggered cell FDRE clocked by sys_clk_pin  {rise@0.000ns fall@5.000ns period=10.000ns})
  Path Group:             sys_clk_pin
  Path Type:              Setup (Max at Slow Process Corner)
  Requirement:            10.000ns  (sys_clk_pin rise@10.000ns - sys_clk_pin rise@0.000ns)
  Data Path Delay:        37.987ns  (logic 16.801ns (44.228%)  route 21.186ns (55.772%))
  Logic Levels:           60  (CARRY4=26 LUT2=11 LUT3=2 LUT4=8 LUT5=2 LUT6=11)
  Clock Path Skew:        -0.090ns (DCD - SCD + CPR)
    Destination Clock Delay (DCD):    5.103ns = ( 15.103 - 10.000 ) 
    Source Clock Delay      (SCD):    5.389ns
    Clock Pessimism Removal (CPR):    0.195ns
  Clock Uncertainty:      0.035ns  ((TSJ^2 + TIJ^2)^1/2 + DJ) / 2 + PE
    Total System Jitter     (TSJ):    0.071ns
    Total Input Jitter      (TIJ):    0.000ns
    Discrete Jitter          (DJ):    0.000ns
    Phase Error              (PE):    0.000ns

    Location             Delay type                Incr(ns)  Path(ns)    Netlist Resource(s)
  -------------------------------------------------------------------    -------------------
                         (clock sys_clk_pin rise edge)
                                                      0.000     0.000 r  <hidden>
    E3                                                0.000     0.000 r  CLK100MHZ
                         net (fo=0)                   0.000     0.000    CLK100MHZ
    E3                   IBUF (Prop_ibuf_I_O)         1.482     1.482 r  CLK100MHZ_IBUF_inst/O
                         net (fo=1, routed)           2.025     3.506    CLK100MHZ_IBUF
    BUFGCTRL_X0Y16       BUFG (Prop_bufg_I_O)         0.096     3.602 r  CLK100MHZ_IBUF_BUFG_inst/O
                         net (fo=1408, routed)        1.786     5.389    tokenizer/CLK100MHZ_IBUF_BUFG
    SLICE_X61Y22         FDSE                                         r  tokenizer/token2_reg[93]/C
  -------------------------------------------------------------------    -------------------
    SLICE_X61Y22         FDSE (Prop_fdse_C_Q)         0.456     5.845 f  tokenizer/token2_reg[93]/Q
                         net (fo=22, routed)          0.788     6.633    tokenizer/token2[93]
    SLICE_X59Y23         LUT6 (Prop_lut6_I4_O)        0.124     6.757 r  tokenizer/imm[7]_i_23/O
                         net (fo=11, routed)          0.440     7.197    tokenizer/imm[7]_i_23_n_0
    SLICE_X61Y22         LUT4 (Prop_lut4_I2_O)        0.124     7.321 r  tokenizer/imm[4]_i_230/O
                         net (fo=1, routed)           0.000     7.321    tokenizer/imm[4]_i_230_n_0
    SLICE_X61Y22         CARRY4 (Prop_carry4_S[0]_O[0])
                                                      0.247     7.568 r  tokenizer/imm_reg[4]_i_118/O[0]
                         net (fo=2, routed)           0.401     7.969    tokenizer/imm_reg[4]_i_118_n_7
    SLICE_X62Y22         LUT2 (Prop_lut2_I0_O)        0.299     8.268 r  tokenizer/imm[4]_i_121/O
                         net (fo=1, routed)           0.000     8.268    tokenizer/imm[4]_i_121_n_0
    SLICE_X62Y22         CARRY4 (Prop_carry4_S[1]_O[1])
                                                      0.230     8.498 r  tokenizer/imm_reg[4]_i_50/O[1]
                         net (fo=5, routed)           0.642     9.140    tokenizer/imm_reg[4]_i_50_n_6
    SLICE_X63Y22         LUT6 (Prop_lut6_I5_O)        0.306     9.446 r  tokenizer/imm[4]_i_211/O
                         net (fo=1, routed)           0.770    10.217    tokenizer/imm[4]_i_211_n_0
    SLICE_X59Y18         CARRY4 (Prop_carry4_DI[1]_O[2])
                                                      0.537    10.754 r  tokenizer/imm_reg[4]_i_108/O[2]
                         net (fo=2, routed)           0.660    11.414    tokenizer/imm_reg[4]_i_108_n_5
    SLICE_X60Y21         LUT2 (Prop_lut2_I1_O)        0.302    11.716 r  tokenizer/imm[4]_i_109/O
                         net (fo=1, routed)           0.000    11.716    tokenizer/imm[4]_i_109_n_0
    SLICE_X60Y21         CARRY4 (Prop_carry4_S[3]_O[3])
                                                      0.255    11.971 r  tokenizer/imm_reg[4]_i_48/O[3]
                         net (fo=5, routed)           0.334    12.304    tokenizer/imm_reg[4]_i_48_n_4
    SLICE_X59Y22         LUT6 (Prop_lut6_I5_O)        0.307    12.611 r  tokenizer/imm[4]_i_216/O
                         net (fo=3, routed)           0.585    13.196    tokenizer/imm[4]_i_216_n_0
    SLICE_X55Y22         LUT2 (Prop_lut2_I0_O)        0.124    13.320 r  tokenizer/imm[4]_i_219/O
                         net (fo=1, routed)           0.000    13.320    tokenizer/imm[4]_i_219_n_0
    SLICE_X55Y22         CARRY4 (Prop_carry4_S[3]_O[3])
                                                      0.248    13.568 r  tokenizer/imm_reg[4]_i_113/O[3]
                         net (fo=2, routed)           0.434    14.003    tokenizer/imm_reg[4]_i_113_n_4
    SLICE_X54Y23         LUT3 (Prop_lut3_I2_O)        0.306    14.309 r  tokenizer/imm[8]_i_138/O
                         net (fo=1, routed)           0.000    14.309    tokenizer/imm[8]_i_138_n_0
    SLICE_X54Y23         CARRY4 (Prop_carry4_S[0]_O[0])
                                                      0.252    14.561 r  tokenizer/imm_reg[8]_i_64/O[0]
                         net (fo=7, routed)           0.634    15.195    tokenizer/imm_reg[8]_i_64_n_7
    SLICE_X53Y22         LUT4 (Prop_lut4_I2_O)        0.295    15.490 r  tokenizer/imm[16]_i_335/O
                         net (fo=1, routed)           0.000    15.490    tokenizer/imm[16]_i_335_n_0
    SLICE_X53Y22         CARRY4 (Prop_carry4_S[0]_O[0])
                                                      0.247    15.737 r  tokenizer/imm_reg[16]_i_182/O[0]
                         net (fo=4, routed)           0.735    16.472    tokenizer/imm_reg[16]_i_182_n_7
    SLICE_X51Y21         LUT4 (Prop_lut4_I1_O)        0.299    16.771 r  tokenizer/imm[8]_i_158/O
                         net (fo=1, routed)           0.000    16.771    tokenizer/imm[8]_i_158_n_0
    SLICE_X51Y21         CARRY4 (Prop_carry4_S[1]_O[1])
                                                      0.227    16.998 r  tokenizer/imm_reg[8]_i_67/O[1]
                         net (fo=1, routed)           0.508    17.505    tokenizer/imm_reg[8]_i_67_n_6
    SLICE_X49Y21         LUT6 (Prop_lut6_I0_O)        0.303    17.808 r  tokenizer/imm[6]_i_10/O
                         net (fo=3, routed)           0.312    18.121    tokenizer/imm[6]_i_10_n_0
    SLICE_X48Y22         LUT5 (Prop_lut5_I0_O)        0.124    18.245 r  tokenizer/imm[16]_i_305/O
                         net (fo=6, routed)           0.518    18.762    tokenizer/imm[16]_i_305_n_0
    SLICE_X45Y22         LUT4 (Prop_lut4_I0_O)        0.124    18.886 r  tokenizer/imm[16]_i_309/O
                         net (fo=1, routed)           0.000    18.886    tokenizer/imm[16]_i_309_n_0
    SLICE_X45Y22         CARRY4 (Prop_carry4_S[1]_O[1])
                                                      0.227    19.113 r  tokenizer/imm_reg[16]_i_159/O[1]
                         net (fo=3, routed)           0.638    19.751    tokenizer/imm_reg[16]_i_159_n_6
    SLICE_X46Y17         LUT4 (Prop_lut4_I3_O)        0.303    20.054 r  tokenizer/imm[8]_i_178/O
                         net (fo=1, routed)           0.000    20.054    tokenizer/imm[8]_i_178_n_0
    SLICE_X46Y17         CARRY4 (Prop_carry4_S[2]_O[2])
                                                      0.250    20.304 r  tokenizer/imm_reg[8]_i_70/O[2]
                         net (fo=2, routed)           0.310    20.614    tokenizer/imm_reg[8]_i_70_n_5
    SLICE_X49Y17         LUT4 (Prop_lut4_I3_O)        0.301    20.915 r  tokenizer/imm[16]_i_418/O
                         net (fo=1, routed)           0.495    21.410    tokenizer/imm[16]_i_418_n_0
    SLICE_X43Y22         LUT6 (Prop_lut6_I1_O)        0.124    21.534 r  tokenizer/imm[16]_i_361/O
                         net (fo=3, routed)           0.574    22.108    tokenizer/imm[16]_i_361_n_0
    SLICE_X44Y23         LUT2 (Prop_lut2_I0_O)        0.124    22.232 r  tokenizer/imm[16]_i_365/O
                         net (fo=1, routed)           0.000    22.232    tokenizer/imm[16]_i_365_n_0
    SLICE_X44Y23         CARRY4 (Prop_carry4_S[2]_O[2])
                                                      0.248    22.480 r  tokenizer/imm_reg[16]_i_221/O[2]
                         net (fo=3, routed)           0.569    23.049    tokenizer/imm_reg[16]_i_221_n_5
    SLICE_X43Y24         LUT3 (Prop_lut3_I2_O)        0.302    23.351 r  tokenizer/imm[8]_i_163/O
                         net (fo=1, routed)           0.000    23.351    tokenizer/imm[8]_i_163_n_0
    SLICE_X43Y24         CARRY4 (Prop_carry4_S[3]_CO[3])
                                                      0.401    23.752 r  tokenizer/imm_reg[8]_i_68/CO[3]
                         net (fo=1, routed)           0.009    23.761    tokenizer/imm_reg[8]_i_68_n_0
    SLICE_X43Y25         CARRY4 (Prop_carry4_CI_O[0])
                                                      0.222    23.983 r  tokenizer/imm_reg[16]_i_86/O[0]
                         net (fo=4, routed)           0.482    24.465    tokenizer/imm_reg[16]_i_86_n_7
    SLICE_X40Y27         LUT5 (Prop_lut5_I1_O)        0.299    24.764 r  tokenizer/imm[16]_i_203/O
                         net (fo=2, routed)           0.532    25.296    tokenizer/imm[16]_i_203_n_0
    SLICE_X41Y27         CARRY4 (Prop_carry4_DI[0]_O[1])
                                                      0.407    25.703 r  tokenizer/imm_reg[16]_i_75/O[1]
                         net (fo=3, routed)           0.642    26.345    tokenizer/imm_reg[16]_i_75_n_6
    SLICE_X42Y24         LUT2 (Prop_lut2_I1_O)        0.303    26.648 r  tokenizer/imm[16]_i_197/O
                         net (fo=1, routed)           0.000    26.648    tokenizer/imm[16]_i_197_n_0
    SLICE_X42Y24         CARRY4 (Prop_carry4_S[2]_O[2])
                                                      0.250    26.898 r  tokenizer/imm_reg[16]_i_74/O[2]
                         net (fo=2, routed)           0.318    27.215    tokenizer/imm_reg[16]_i_74_n_5
    SLICE_X41Y24         LUT4 (Prop_lut4_I3_O)        0.301    27.516 r  tokenizer/imm[16]_i_357/O
                         net (fo=1, routed)           0.653    28.169    tokenizer/imm[16]_i_357_n_0
    SLICE_X45Y31         LUT6 (Prop_lut6_I1_O)        0.124    28.293 r  tokenizer/imm[16]_i_214/O
                         net (fo=3, routed)           0.423    28.716    tokenizer/imm[16]_i_214_n_0
    SLICE_X47Y31         LUT2 (Prop_lut2_I0_O)        0.124    28.840 r  tokenizer/imm[16]_i_218/O
                         net (fo=1, routed)           0.000    28.840    tokenizer/imm[16]_i_218_n_0
    SLICE_X47Y31         CARRY4 (Prop_carry4_S[2]_O[2])
                                                      0.248    29.088 r  tokenizer/imm_reg[16]_i_81/O[2]
                         net (fo=3, routed)           0.602    29.689    tokenizer/imm_reg[16]_i_81_n_5
    SLICE_X46Y34         LUT2 (Prop_lut2_I1_O)        0.302    29.991 r  tokenizer/imm[16]_i_209/O
                         net (fo=1, routed)           0.000    29.991    tokenizer/imm[16]_i_209_n_0
    SLICE_X46Y34         CARRY4 (Prop_carry4_S[3]_O[3])
                                                      0.255    30.246 r  tokenizer/imm_reg[16]_i_80/O[3]
                         net (fo=1, routed)           0.316    30.562    tokenizer/imm_reg[16]_i_80_n_4
    SLICE_X45Y33         LUT4 (Prop_lut4_I3_O)        0.307    30.869 r  tokenizer/imm[12]_i_27/O
                         net (fo=1, routed)           0.348    31.217    tokenizer/imm[12]_i_27_n_0
    SLICE_X44Y33         LUT6 (Prop_lut6_I5_O)        0.124    31.341 r  tokenizer/imm[12]_i_14/O
                         net (fo=8, routed)           0.726    32.067    tokenizer/imm[12]_i_14_n_0
    SLICE_X42Y40         LUT2 (Prop_lut2_I0_O)        0.124    32.191 r  tokenizer/imm[16]_i_234/O
                         net (fo=1, routed)           0.000    32.191    tokenizer/imm[16]_i_234_n_0
    SLICE_X42Y40         CARRY4 (Prop_carry4_S[3]_CO[3])
                                                      0.376    32.567 r  tokenizer/imm_reg[16]_i_92/CO[3]
                         net (fo=1, routed)           0.000    32.567    tokenizer/imm_reg[16]_i_92_n_0
    SLICE_X42Y41         CARRY4 (Prop_carry4_CI_O[0])
                                                      0.219    32.786 r  tokenizer/imm_reg[20]_i_76/O[0]
                         net (fo=3, routed)           0.612    33.398    tokenizer/imm_reg[20]_i_76_n_7
    SLICE_X40Y37         LUT2 (Prop_lut2_I1_O)        0.295    33.693 r  tokenizer/imm[16]_i_95/O
                         net (fo=1, routed)           0.000    33.693    tokenizer/imm[16]_i_95_n_0
    SLICE_X40Y37         CARRY4 (Prop_carry4_S[1]_O[1])
                                                      0.227    33.920 r  tokenizer/imm_reg[16]_i_33/O[1]
                         net (fo=3, routed)           0.677    34.597    tokenizer/imm_reg[16]_i_33_n_6
    SLICE_X43Y34         LUT6 (Prop_lut6_I4_O)        0.303    34.900 r  tokenizer/imm[20]_i_186_comp_2/O
                         net (fo=4, routed)           0.960    35.860    tokenizer/imm[20]_i_186_n_0
    SLICE_X47Y41         CARRY4 (Prop_carry4_DI[1]_O[2])
                                                      0.537    36.397 r  tokenizer/imm_reg[20]_i_71/O[2]
                         net (fo=3, routed)           0.431    36.828    tokenizer/imm_reg[20]_i_71_n_5
    SLICE_X45Y40         LUT2 (Prop_lut2_I1_O)        0.302    37.130 r  tokenizer/imm[16]_i_56/O
                         net (fo=1, routed)           0.000    37.130    tokenizer/imm[16]_i_56_n_0
    SLICE_X45Y40         CARRY4 (Prop_carry4_S[3]_CO[3])
                                                      0.401    37.531 r  tokenizer/imm_reg[16]_i_26/CO[3]
                         net (fo=1, routed)           0.000    37.531    tokenizer/imm_reg[16]_i_26_n_0
    SLICE_X45Y41         CARRY4 (Prop_carry4_CI_O[1])
                                                      0.334    37.865 r  tokenizer/imm_reg[20]_i_28/O[1]
                         net (fo=3, routed)           0.796    38.661    tokenizer/imm_reg[20]_i_28_n_6
    SLICE_X38Y41         LUT6 (Prop_lut6_I5_O)        0.303    38.964 r  tokenizer/imm[24]_i_201_comp/O
                         net (fo=2, routed)           0.492    39.457    tokenizer/imm[24]_i_201_n_0
    SLICE_X44Y42         CARRY4 (Prop_carry4_DI[1]_CO[3])
                                                      0.507    39.964 r  tokenizer/imm_reg[24]_i_88/CO[3]
                         net (fo=1, routed)           0.000    39.964    tokenizer/imm_reg[24]_i_88_n_0
    SLICE_X44Y43         CARRY4 (Prop_carry4_CI_O[0])
                                                      0.222    40.186 r  tokenizer/imm_reg[30]_i_59/O[0]
                         net (fo=3, routed)           0.567    40.752    tokenizer/imm_reg[30]_i_59_n_7
    SLICE_X43Y44         LUT2 (Prop_lut2_I1_O)        0.299    41.051 r  tokenizer/imm[24]_i_91/O
                         net (fo=1, routed)           0.000    41.051    tokenizer/imm[24]_i_91_n_0
    SLICE_X43Y44         CARRY4 (Prop_carry4_S[1]_O[3])
                                                      0.640    41.691 r  tokenizer/imm_reg[24]_i_32/O[3]
                         net (fo=1, routed)           0.581    42.272    tokenizer/imm_reg[24]_i_32_n_4
    SLICE_X44Y47         LUT6 (Prop_lut6_I5_O)        0.306    42.578 r  tokenizer/imm[24]_i_3_comp/O
                         net (fo=1, routed)           0.674    43.252    tokenizer/imm[24]_i_3_n_0
    SLICE_X44Y47         LUT6 (Prop_lut6_I1_O)        0.124    43.376 r  tokenizer/imm[24]_i_1/O
                         net (fo=1, routed)           0.000    43.376    operand_interpreter/imm_reg[31]_2[24]
    SLICE_X44Y47         FDRE                                         r  operand_interpreter/imm_reg[24]/D
  -------------------------------------------------------------------    -------------------

                         (clock sys_clk_pin rise edge)
                                                     10.000    10.000 r  <hidden>
    E3                                                0.000    10.000 r  CLK100MHZ
                         net (fo=0)                   0.000    10.000    CLK100MHZ
    E3                   IBUF (Prop_ibuf_I_O)         1.411    11.411 r  CLK100MHZ_IBUF_inst/O
                         net (fo=1, routed)           1.920    13.331    CLK100MHZ_IBUF
    BUFGCTRL_X0Y16       BUFG (Prop_bufg_I_O)         0.091    13.422 r  CLK100MHZ_IBUF_BUFG_inst/O
                         net (fo=1408, routed)        1.681    15.103    operand_interpreter/CLK100MHZ_IBUF_BUFG
    SLICE_X44Y47         FDRE                                         r  operand_interpreter/imm_reg[24]/C
                         clock pessimism              0.195    15.299    <hidden>
                         clock uncertainty           -0.035    15.263    <hidden>
    SLICE_X44Y47         FDRE (Setup_fdre_C_D)        0.029    15.292    operand_interpreter/imm_reg[24]
  -------------------------------------------------------------------
                         required time                         15.292    <hidden>
                         arrival time                         -43.376    <hidden>
  -------------------------------------------------------------------
                         slack                                -28.084    <hidden>

Slack (VIOLATED) :        -27.952ns  (required time - arrival time)
  Source:                 tokenizer/token2_reg[93]/C
                            (rising edge-triggered cell FDSE clocked by sys_clk_pin  {rise@0.000ns fall@5.000ns period=10.000ns})
  Destination:            operand_interpreter/imm_reg[22]/D
                            (rising edge-triggered cell FDRE clocked by sys_clk_pin  {rise@0.000ns fall@5.000ns period=10.000ns})
  Path Group:             sys_clk_pin
  Path Type:              Setup (Max at Slow Process Corner)
  Requirement:            10.000ns  (sys_clk_pin rise@10.000ns - sys_clk_pin rise@0.000ns)
  Data Path Delay:        37.906ns  (logic 16.828ns (44.394%)  route 21.078ns (55.606%))
  Logic Levels:           61  (CARRY4=26 LUT2=11 LUT3=2 LUT4=8 LUT5=2 LUT6=12)
  Clock Path Skew:        -0.091ns (DCD - SCD + CPR)
    Destination Clock Delay (DCD):    5.102ns = ( 15.102 - 10.000 ) 
    Source Clock Delay      (SCD):    5.389ns
    Clock Pessimism Removal (CPR):    0.195ns
  Clock Uncertainty:      0.035ns  ((TSJ^2 + TIJ^2)^1/2 + DJ) / 2 + PE
    Total System Jitter     (TSJ):    0.071ns
    Total Input Jitter      (TIJ):    0.000ns
    Discrete Jitter          (DJ):    0.000ns
    Phase Error              (PE):    0.000ns

    Location             Delay type                Incr(ns)  Path(ns)    Netlist Resource(s)
  -------------------------------------------------------------------    -------------------
                         (clock sys_clk_pin rise edge)
                                                      0.000     0.000 r  <hidden>
    E3                                                0.000     0.000 r  CLK100MHZ
                         net (fo=0)                   0.000     0.000    CLK100MHZ
    E3                   IBUF (Prop_ibuf_I_O)         1.482     1.482 r  CLK100MHZ_IBUF_inst/O
                         net (fo=1, routed)           2.025     3.506    CLK100MHZ_IBUF
    BUFGCTRL_X0Y16       BUFG (Prop_bufg_I_O)         0.096     3.602 r  CLK100MHZ_IBUF_BUFG_inst/O
                         net (fo=1408, routed)        1.786     5.389    tokenizer/CLK100MHZ_IBUF_BUFG
    SLICE_X61Y22         FDSE                                         r  tokenizer/token2_reg[93]/C
  -------------------------------------------------------------------    -------------------
    SLICE_X61Y22         FDSE (Prop_fdse_C_Q)         0.456     5.845 f  tokenizer/token2_reg[93]/Q
                         net (fo=22, routed)          0.788     6.633    tokenizer/token2[93]
    SLICE_X59Y23         LUT6 (Prop_lut6_I4_O)        0.124     6.757 r  tokenizer/imm[7]_i_23/O
                         net (fo=11, routed)          0.440     7.197    tokenizer/imm[7]_i_23_n_0
    SLICE_X61Y22         LUT4 (Prop_lut4_I2_O)        0.124     7.321 r  tokenizer/imm[4]_i_230/O
                         net (fo=1, routed)           0.000     7.321    tokenizer/imm[4]_i_230_n_0
    SLICE_X61Y22         CARRY4 (Prop_carry4_S[0]_O[0])
                                                      0.247     7.568 r  tokenizer/imm_reg[4]_i_118/O[0]
                         net (fo=2, routed)           0.401     7.969    tokenizer/imm_reg[4]_i_118_n_7
    SLICE_X62Y22         LUT2 (Prop_lut2_I0_O)        0.299     8.268 r  tokenizer/imm[4]_i_121/O
                         net (fo=1, routed)           0.000     8.268    tokenizer/imm[4]_i_121_n_0
    SLICE_X62Y22         CARRY4 (Prop_carry4_S[1]_O[1])
                                                      0.230     8.498 r  tokenizer/imm_reg[4]_i_50/O[1]
                         net (fo=5, routed)           0.642     9.140    tokenizer/imm_reg[4]_i_50_n_6
    SLICE_X63Y22         LUT6 (Prop_lut6_I5_O)        0.306     9.446 r  tokenizer/imm[4]_i_211/O
                         net (fo=1, routed)           0.770    10.217    tokenizer/imm[4]_i_211_n_0
    SLICE_X59Y18         CARRY4 (Prop_carry4_DI[1]_O[2])
                                                      0.537    10.754 r  tokenizer/imm_reg[4]_i_108/O[2]
                         net (fo=2, routed)           0.660    11.414    tokenizer/imm_reg[4]_i_108_n_5
    SLICE_X60Y21         LUT2 (Prop_lut2_I1_O)        0.302    11.716 r  tokenizer/imm[4]_i_109/O
                         net (fo=1, routed)           0.000    11.716    tokenizer/imm[4]_i_109_n_0
    SLICE_X60Y21         CARRY4 (Prop_carry4_S[3]_O[3])
                                                      0.255    11.971 r  tokenizer/imm_reg[4]_i_48/O[3]
                         net (fo=5, routed)           0.334    12.304    tokenizer/imm_reg[4]_i_48_n_4
    SLICE_X59Y22         LUT6 (Prop_lut6_I5_O)        0.307    12.611 r  tokenizer/imm[4]_i_216/O
                         net (fo=3, routed)           0.585    13.196    tokenizer/imm[4]_i_216_n_0
    SLICE_X55Y22         LUT2 (Prop_lut2_I0_O)        0.124    13.320 r  tokenizer/imm[4]_i_219/O
                         net (fo=1, routed)           0.000    13.320    tokenizer/imm[4]_i_219_n_0
    SLICE_X55Y22         CARRY4 (Prop_carry4_S[3]_O[3])
                                                      0.248    13.568 r  tokenizer/imm_reg[4]_i_113/O[3]
                         net (fo=2, routed)           0.434    14.003    tokenizer/imm_reg[4]_i_113_n_4
    SLICE_X54Y23         LUT3 (Prop_lut3_I2_O)        0.306    14.309 r  tokenizer/imm[8]_i_138/O
                         net (fo=1, routed)           0.000    14.309    tokenizer/imm[8]_i_138_n_0
    SLICE_X54Y23         CARRY4 (Prop_carry4_S[0]_O[0])
                                                      0.252    14.561 r  tokenizer/imm_reg[8]_i_64/O[0]
                         net (fo=7, routed)           0.634    15.195    tokenizer/imm_reg[8]_i_64_n_7
    SLICE_X53Y22         LUT4 (Prop_lut4_I2_O)        0.295    15.490 r  tokenizer/imm[16]_i_335/O
                         net (fo=1, routed)           0.000    15.490    tokenizer/imm[16]_i_335_n_0
    SLICE_X53Y22         CARRY4 (Prop_carry4_S[0]_O[0])
                                                      0.247    15.737 r  tokenizer/imm_reg[16]_i_182/O[0]
                         net (fo=4, routed)           0.735    16.472    tokenizer/imm_reg[16]_i_182_n_7
    SLICE_X51Y21         LUT4 (Prop_lut4_I1_O)        0.299    16.771 r  tokenizer/imm[8]_i_158/O
                         net (fo=1, routed)           0.000    16.771    tokenizer/imm[8]_i_158_n_0
    SLICE_X51Y21         CARRY4 (Prop_carry4_S[1]_O[1])
                                                      0.227    16.998 r  tokenizer/imm_reg[8]_i_67/O[1]
                         net (fo=1, routed)           0.508    17.505    tokenizer/imm_reg[8]_i_67_n_6
    SLICE_X49Y21         LUT6 (Prop_lut6_I0_O)        0.303    17.808 r  tokenizer/imm[6]_i_10/O
                         net (fo=3, routed)           0.312    18.121    tokenizer/imm[6]_i_10_n_0
    SLICE_X48Y22         LUT5 (Prop_lut5_I0_O)        0.124    18.245 r  tokenizer/imm[16]_i_305/O
                         net (fo=6, routed)           0.518    18.762    tokenizer/imm[16]_i_305_n_0
    SLICE_X45Y22         LUT4 (Prop_lut4_I0_O)        0.124    18.886 r  tokenizer/imm[16]_i_309/O
                         net (fo=1, routed)           0.000    18.886    tokenizer/imm[16]_i_309_n_0
    SLICE_X45Y22         CARRY4 (Prop_carry4_S[1]_O[1])
                                                      0.227    19.113 r  tokenizer/imm_reg[16]_i_159/O[1]
                         net (fo=3, routed)           0.638    19.751    tokenizer/imm_reg[16]_i_159_n_6
    SLICE_X46Y17         LUT4 (Prop_lut4_I3_O)        0.303    20.054 r  tokenizer/imm[8]_i_178/O
                         net (fo=1, routed)           0.000    20.054    tokenizer/imm[8]_i_178_n_0
    SLICE_X46Y17         CARRY4 (Prop_carry4_S[2]_O[2])
                                                      0.250    20.304 r  tokenizer/imm_reg[8]_i_70/O[2]
                         net (fo=2, routed)           0.310    20.614    tokenizer/imm_reg[8]_i_70_n_5
    SLICE_X49Y17         LUT4 (Prop_lut4_I3_O)        0.301    20.915 r  tokenizer/imm[16]_i_418/O
                         net (fo=1, routed)           0.495    21.410    tokenizer/imm[16]_i_418_n_0
    SLICE_X43Y22         LUT6 (Prop_lut6_I1_O)        0.124    21.534 r  tokenizer/imm[16]_i_361/O
                         net (fo=3, routed)           0.574    22.108    tokenizer/imm[16]_i_361_n_0
    SLICE_X44Y23         LUT2 (Prop_lut2_I0_O)        0.124    22.232 r  tokenizer/imm[16]_i_365/O
                         net (fo=1, routed)           0.000    22.232    tokenizer/imm[16]_i_365_n_0
    SLICE_X44Y23         CARRY4 (Prop_carry4_S[2]_O[2])
                                                      0.248    22.480 r  tokenizer/imm_reg[16]_i_221/O[2]
                         net (fo=3, routed)           0.569    23.049    tokenizer/imm_reg[16]_i_221_n_5
    SLICE_X43Y24         LUT3 (Prop_lut3_I2_O)        0.302    23.351 r  tokenizer/imm[8]_i_163/O
                         net (fo=1, routed)           0.000    23.351    tokenizer/imm[8]_i_163_n_0
    SLICE_X43Y24         CARRY4 (Prop_carry4_S[3]_CO[3])
                                                      0.401    23.752 r  tokenizer/imm_reg[8]_i_68/CO[3]
                         net (fo=1, routed)           0.009    23.761    tokenizer/imm_reg[8]_i_68_n_0
    SLICE_X43Y25         CARRY4 (Prop_carry4_CI_O[0])
                                                      0.222    23.983 r  tokenizer/imm_reg[16]_i_86/O[0]
                         net (fo=4, routed)           0.482    24.465    tokenizer/imm_reg[16]_i_86_n_7
    SLICE_X40Y27         LUT5 (Prop_lut5_I1_O)        0.299    24.764 r  tokenizer/imm[16]_i_203/O
                         net (fo=2, routed)           0.532    25.296    tokenizer/imm[16]_i_203_n_0
    SLICE_X41Y27         CARRY4 (Prop_carry4_DI[0]_O[1])
                                                      0.407    25.703 r  tokenizer/imm_reg[16]_i_75/O[1]
                         net (fo=3, routed)           0.642    26.345    tokenizer/imm_reg[16]_i_75_n_6
    SLICE_X42Y24         LUT2 (Prop_lut2_I1_O)        0.303    26.648 r  tokenizer/imm[16]_i_197/O
                         net (fo=1, routed)           0.000    26.648    tokenizer/imm[16]_i_197_n_0
    SLICE_X42Y24         CARRY4 (Prop_carry4_S[2]_O[2])
                                                      0.250    26.898 r  tokenizer/imm_reg[16]_i_74/O[2]
                         net (fo=2, routed)           0.318    27.215    tokenizer/imm_reg[16]_i_74_n_5
    SLICE_X41Y24         LUT4 (Prop_lut4_I3_O)        0.301    27.516 r  tokenizer/imm[16]_i_357/O
                         net (fo=1, routed)           0.653    28.169    tokenizer/imm[16]_i_357_n_0
    SLICE_X45Y31         LUT6 (Prop_lut6_I1_O)        0.124    28.293 r  tokenizer/imm[16]_i_214/O
                         net (fo=3, routed)           0.423    28.716    tokenizer/imm[16]_i_214_n_0
    SLICE_X47Y31         LUT2 (Prop_lut2_I0_O)        0.124    28.840 r  tokenizer/imm[16]_i_218/O
                         net (fo=1, routed)           0.000    28.840    tokenizer/imm[16]_i_218_n_0
    SLICE_X47Y31         CARRY4 (Prop_carry4_S[2]_O[2])
                                                      0.248    29.088 r  tokenizer/imm_reg[16]_i_81/O[2]
                         net (fo=3, routed)           0.602    29.689    tokenizer/imm_reg[16]_i_81_n_5
    SLICE_X46Y34         LUT2 (Prop_lut2_I1_O)        0.302    29.991 r  tokenizer/imm[16]_i_209/O
                         net (fo=1, routed)           0.000    29.991    tokenizer/imm[16]_i_209_n_0
    SLICE_X46Y34         CARRY4 (Prop_carry4_S[3]_O[3])
                                                      0.255    30.246 r  tokenizer/imm_reg[16]_i_80/O[3]
                         net (fo=1, routed)           0.316    30.562    tokenizer/imm_reg[16]_i_80_n_4
    SLICE_X45Y33         LUT4 (Prop_lut4_I3_O)        0.307    30.869 r  tokenizer/imm[12]_i_27/O
                         net (fo=1, routed)           0.348    31.217    tokenizer/imm[12]_i_27_n_0
    SLICE_X44Y33         LUT6 (Prop_lut6_I5_O)        0.124    31.341 r  tokenizer/imm[12]_i_14/O
                         net (fo=8, routed)           0.726    32.067    tokenizer/imm[12]_i_14_n_0
    SLICE_X42Y40         LUT2 (Prop_lut2_I0_O)        0.124    32.191 r  tokenizer/imm[16]_i_234/O
                         net (fo=1, routed)           0.000    32.191    tokenizer/imm[16]_i_234_n_0
    SLICE_X42Y40         CARRY4 (Prop_carry4_S[3]_CO[3])
                                                      0.376    32.567 r  tokenizer/imm_reg[16]_i_92/CO[3]
                         net (fo=1, routed)           0.000    32.567    tokenizer/imm_reg[16]_i_92_n_0
    SLICE_X42Y41         CARRY4 (Prop_carry4_CI_O[0])
                                                      0.219    32.786 r  tokenizer/imm_reg[20]_i_76/O[0]
                         net (fo=3, routed)           0.612    33.398    tokenizer/imm_reg[20]_i_76_n_7
    SLICE_X40Y37         LUT2 (Prop_lut2_I1_O)        0.295    33.693 r  tokenizer/imm[16]_i_95/O
                         net (fo=1, routed)           0.000    33.693    tokenizer/imm[16]_i_95_n_0
    SLICE_X40Y37         CARRY4 (Prop_carry4_S[1]_O[1])
                                                      0.227    33.920 r  tokenizer/imm_reg[16]_i_33/O[1]
                         net (fo=3, routed)           0.677    34.597    tokenizer/imm_reg[16]_i_33_n_6
    SLICE_X43Y34         LUT6 (Prop_lut6_I4_O)        0.303    34.900 r  tokenizer/imm[20]_i_186_comp_2/O
                         net (fo=4, routed)           0.960    35.860    tokenizer/imm[20]_i_186_n_0
    SLICE_X47Y41         CARRY4 (Prop_carry4_DI[1]_O[2])
                                                      0.537    36.397 r  tokenizer/imm_reg[20]_i_71/O[2]
                         net (fo=3, routed)           0.431    36.828    tokenizer/imm_reg[20]_i_71_n_5
    SLICE_X45Y40         LUT2 (Prop_lut2_I1_O)        0.302    37.130 r  tokenizer/imm[16]_i_56/O
                         net (fo=1, routed)           0.000    37.130    tokenizer/imm[16]_i_56_n_0
    SLICE_X45Y40         CARRY4 (Prop_carry4_S[3]_CO[3])
                                                      0.401    37.531 r  tokenizer/imm_reg[16]_i_26/CO[3]
                         net (fo=1, routed)           0.000    37.531    tokenizer/imm_reg[16]_i_26_n_0
    SLICE_X45Y41         CARRY4 (Prop_carry4_CI_O[1])
                                                      0.334    37.865 r  tokenizer/imm_reg[20]_i_28/O[1]
                         net (fo=3, routed)           0.796    38.661    tokenizer/imm_reg[20]_i_28_n_6
    SLICE_X38Y41         LUT6 (Prop_lut6_I5_O)        0.303    38.964 r  tokenizer/imm[24]_i_201_comp/O
                         net (fo=2, routed)           0.492    39.457    tokenizer/imm[24]_i_201_n_0
    SLICE_X44Y42         CARRY4 (Prop_carry4_DI[1]_O[2])
                                                      0.537    39.994 r  tokenizer/imm_reg[24]_i_88/O[2]
                         net (fo=3, routed)           0.459    40.452    tokenizer/imm_reg[24]_i_88_n_5
    SLICE_X43Y43         LUT2 (Prop_lut2_I1_O)        0.302    40.754 r  tokenizer/imm[20]_i_67/O
                         net (fo=1, routed)           0.000    40.754    tokenizer/imm[20]_i_67_n_0
    SLICE_X43Y43         CARRY4 (Prop_carry4_S[3]_CO[3])
                                                      0.401    41.155 r  tokenizer/imm_reg[20]_i_27/CO[3]
                         net (fo=1, routed)           0.000    41.155    tokenizer/imm_reg[20]_i_27_n_0
    SLICE_X43Y44         CARRY4 (Prop_carry4_CI_O[1])
                                                      0.334    41.489 r  tokenizer/imm_reg[24]_i_32/O[1]
                         net (fo=1, routed)           0.607    42.097    tokenizer/imm_reg[24]_i_32_n_6
    SLICE_X39Y40         LUT6 (Prop_lut6_I0_O)        0.303    42.400 r  tokenizer/imm[22]_i_6/O
                         net (fo=1, routed)           0.149    42.549    tokenizer/imm[22]_i_6_n_0
    SLICE_X39Y40         LUT6 (Prop_lut6_I0_O)        0.124    42.673 r  tokenizer/imm[22]_i_3/O
                         net (fo=1, routed)           0.498    43.171    tokenizer/imm[22]_i_3_n_0
    SLICE_X42Y46         LUT6 (Prop_lut6_I1_O)        0.124    43.295 r  tokenizer/imm[22]_i_1/O
                         net (fo=1, routed)           0.000    43.295    operand_interpreter/imm_reg[31]_2[22]
    SLICE_X42Y46         FDRE                                         r  operand_interpreter/imm_reg[22]/D
  -------------------------------------------------------------------    -------------------

                         (clock sys_clk_pin rise edge)
                                                     10.000    10.000 r  <hidden>
    E3                                                0.000    10.000 r  CLK100MHZ
                         net (fo=0)                   0.000    10.000    CLK100MHZ
    E3                   IBUF (Prop_ibuf_I_O)         1.411    11.411 r  CLK100MHZ_IBUF_inst/O
                         net (fo=1, routed)           1.920    13.331    CLK100MHZ_IBUF
    BUFGCTRL_X0Y16       BUFG (Prop_bufg_I_O)         0.091    13.422 r  CLK100MHZ_IBUF_BUFG_inst/O
                         net (fo=1408, routed)        1.680    15.102    operand_interpreter/CLK100MHZ_IBUF_BUFG
    SLICE_X42Y46         FDRE                                         r  operand_interpreter/imm_reg[22]/C
                         clock pessimism              0.195    15.298    <hidden>
                         clock uncertainty           -0.035    15.262    <hidden>
    SLICE_X42Y46         FDRE (Setup_fdre_C_D)        0.081    15.343    operand_interpreter/imm_reg[22]
  -------------------------------------------------------------------
                         required time                         15.343    <hidden>
                         arrival time                         -43.295    <hidden>
  -------------------------------------------------------------------
                         slack                                -27.952    <hidden>

Slack (VIOLATED) :        -27.894ns  (required time - arrival time)
  Source:                 tokenizer/token2_reg[93]/C
                            (rising edge-triggered cell FDSE clocked by sys_clk_pin  {rise@0.000ns fall@5.000ns period=10.000ns})
  Destination:            operand_interpreter/imm_reg[23]/D
                            (rising edge-triggered cell FDRE clocked by sys_clk_pin  {rise@0.000ns fall@5.000ns period=10.000ns})
  Path Group:             sys_clk_pin
  Path Type:              Setup (Max at Slow Process Corner)
  Requirement:            10.000ns  (sys_clk_pin rise@10.000ns - sys_clk_pin rise@0.000ns)
  Data Path Delay:        37.849ns  (logic 16.737ns (44.221%)  route 21.112ns (55.779%))
  Logic Levels:           60  (CARRY4=26 LUT2=11 LUT3=2 LUT4=8 LUT5=2 LUT6=11)
  Clock Path Skew:        -0.087ns (DCD - SCD + CPR)
    Destination Clock Delay (DCD):    5.106ns = ( 15.106 - 10.000 ) 
    Source Clock Delay      (SCD):    5.389ns
    Clock Pessimism Removal (CPR):    0.195ns
  Clock Uncertainty:      0.035ns  ((TSJ^2 + TIJ^2)^1/2 + DJ) / 2 + PE
    Total System Jitter     (TSJ):    0.071ns
    Total Input Jitter      (TIJ):    0.000ns
    Discrete Jitter          (DJ):    0.000ns
    Phase Error              (PE):    0.000ns

    Location             Delay type                Incr(ns)  Path(ns)    Netlist Resource(s)
  -------------------------------------------------------------------    -------------------
                         (clock sys_clk_pin rise edge)
                                                      0.000     0.000 r  <hidden>
    E3                                                0.000     0.000 r  CLK100MHZ
                         net (fo=0)                   0.000     0.000    CLK100MHZ
    E3                   IBUF (Prop_ibuf_I_O)         1.482     1.482 r  CLK100MHZ_IBUF_inst/O
                         net (fo=1, routed)           2.025     3.506    CLK100MHZ_IBUF
    BUFGCTRL_X0Y16       BUFG (Prop_bufg_I_O)         0.096     3.602 r  CLK100MHZ_IBUF_BUFG_inst/O
                         net (fo=1408, routed)        1.786     5.389    tokenizer/CLK100MHZ_IBUF_BUFG
    SLICE_X61Y22         FDSE                                         r  tokenizer/token2_reg[93]/C
  -------------------------------------------------------------------    -------------------
    SLICE_X61Y22         FDSE (Prop_fdse_C_Q)         0.456     5.845 f  tokenizer/token2_reg[93]/Q
                         net (fo=22, routed)          0.788     6.633    tokenizer/token2[93]
    SLICE_X59Y23         LUT6 (Prop_lut6_I4_O)        0.124     6.757 r  tokenizer/imm[7]_i_23/O
                         net (fo=11, routed)          0.440     7.197    tokenizer/imm[7]_i_23_n_0
    SLICE_X61Y22         LUT4 (Prop_lut4_I2_O)        0.124     7.321 r  tokenizer/imm[4]_i_230/O
                         net (fo=1, routed)           0.000     7.321    tokenizer/imm[4]_i_230_n_0
    SLICE_X61Y22         CARRY4 (Prop_carry4_S[0]_O[0])
                                                      0.247     7.568 r  tokenizer/imm_reg[4]_i_118/O[0]
                         net (fo=2, routed)           0.401     7.969    tokenizer/imm_reg[4]_i_118_n_7
    SLICE_X62Y22         LUT2 (Prop_lut2_I0_O)        0.299     8.268 r  tokenizer/imm[4]_i_121/O
                         net (fo=1, routed)           0.000     8.268    tokenizer/imm[4]_i_121_n_0
    SLICE_X62Y22         CARRY4 (Prop_carry4_S[1]_O[1])
                                                      0.230     8.498 r  tokenizer/imm_reg[4]_i_50/O[1]
                         net (fo=5, routed)           0.642     9.140    tokenizer/imm_reg[4]_i_50_n_6
    SLICE_X63Y22         LUT6 (Prop_lut6_I5_O)        0.306     9.446 r  tokenizer/imm[4]_i_211/O
                         net (fo=1, routed)           0.770    10.217    tokenizer/imm[4]_i_211_n_0
    SLICE_X59Y18         CARRY4 (Prop_carry4_DI[1]_O[2])
                                                      0.537    10.754 r  tokenizer/imm_reg[4]_i_108/O[2]
                         net (fo=2, routed)           0.660    11.414    tokenizer/imm_reg[4]_i_108_n_5
    SLICE_X60Y21         LUT2 (Prop_lut2_I1_O)        0.302    11.716 r  tokenizer/imm[4]_i_109/O
                         net (fo=1, routed)           0.000    11.716    tokenizer/imm[4]_i_109_n_0
    SLICE_X60Y21         CARRY4 (Prop_carry4_S[3]_O[3])
                                                      0.255    11.971 r  tokenizer/imm_reg[4]_i_48/O[3]
                         net (fo=5, routed)           0.334    12.304    tokenizer/imm_reg[4]_i_48_n_4
    SLICE_X59Y22         LUT6 (Prop_lut6_I5_O)        0.307    12.611 r  tokenizer/imm[4]_i_216/O
                         net (fo=3, routed)           0.585    13.196    tokenizer/imm[4]_i_216_n_0
    SLICE_X55Y22         LUT2 (Prop_lut2_I0_O)        0.124    13.320 r  tokenizer/imm[4]_i_219/O
                         net (fo=1, routed)           0.000    13.320    tokenizer/imm[4]_i_219_n_0
    SLICE_X55Y22         CARRY4 (Prop_carry4_S[3]_O[3])
                                                      0.248    13.568 r  tokenizer/imm_reg[4]_i_113/O[3]
                         net (fo=2, routed)           0.434    14.003    tokenizer/imm_reg[4]_i_113_n_4
    SLICE_X54Y23         LUT3 (Prop_lut3_I2_O)        0.306    14.309 r  tokenizer/imm[8]_i_138/O
                         net (fo=1, routed)           0.000    14.309    tokenizer/imm[8]_i_138_n_0
    SLICE_X54Y23         CARRY4 (Prop_carry4_S[0]_O[0])
                                                      0.252    14.561 r  tokenizer/imm_reg[8]_i_64/O[0]
                         net (fo=7, routed)           0.634    15.195    tokenizer/imm_reg[8]_i_64_n_7
    SLICE_X53Y22         LUT4 (Prop_lut4_I2_O)        0.295    15.490 r  tokenizer/imm[16]_i_335/O
                         net (fo=1, routed)           0.000    15.490    tokenizer/imm[16]_i_335_n_0
    SLICE_X53Y22         CARRY4 (Prop_carry4_S[0]_O[0])
                                                      0.247    15.737 r  tokenizer/imm_reg[16]_i_182/O[0]
                         net (fo=4, routed)           0.735    16.472    tokenizer/imm_reg[16]_i_182_n_7
    SLICE_X51Y21         LUT4 (Prop_lut4_I1_O)        0.299    16.771 r  tokenizer/imm[8]_i_158/O
                         net (fo=1, routed)           0.000    16.771    tokenizer/imm[8]_i_158_n_0
    SLICE_X51Y21         CARRY4 (Prop_carry4_S[1]_O[1])
                                                      0.227    16.998 r  tokenizer/imm_reg[8]_i_67/O[1]
                         net (fo=1, routed)           0.508    17.505    tokenizer/imm_reg[8]_i_67_n_6
    SLICE_X49Y21         LUT6 (Prop_lut6_I0_O)        0.303    17.808 r  tokenizer/imm[6]_i_10/O
                         net (fo=3, routed)           0.312    18.121    tokenizer/imm[6]_i_10_n_0
    SLICE_X48Y22         LUT5 (Prop_lut5_I0_O)        0.124    18.245 r  tokenizer/imm[16]_i_305/O
                         net (fo=6, routed)           0.518    18.762    tokenizer/imm[16]_i_305_n_0
    SLICE_X45Y22         LUT4 (Prop_lut4_I0_O)        0.124    18.886 r  tokenizer/imm[16]_i_309/O
                         net (fo=1, routed)           0.000    18.886    tokenizer/imm[16]_i_309_n_0
    SLICE_X45Y22         CARRY4 (Prop_carry4_S[1]_O[1])
                                                      0.227    19.113 r  tokenizer/imm_reg[16]_i_159/O[1]
                         net (fo=3, routed)           0.638    19.751    tokenizer/imm_reg[16]_i_159_n_6
    SLICE_X46Y17         LUT4 (Prop_lut4_I3_O)        0.303    20.054 r  tokenizer/imm[8]_i_178/O
                         net (fo=1, routed)           0.000    20.054    tokenizer/imm[8]_i_178_n_0
    SLICE_X46Y17         CARRY4 (Prop_carry4_S[2]_O[2])
                                                      0.250    20.304 r  tokenizer/imm_reg[8]_i_70/O[2]
                         net (fo=2, routed)           0.310    20.614    tokenizer/imm_reg[8]_i_70_n_5
    SLICE_X49Y17         LUT4 (Prop_lut4_I3_O)        0.301    20.915 r  tokenizer/imm[16]_i_418/O
                         net (fo=1, routed)           0.495    21.410    tokenizer/imm[16]_i_418_n_0
    SLICE_X43Y22         LUT6 (Prop_lut6_I1_O)        0.124    21.534 r  tokenizer/imm[16]_i_361/O
                         net (fo=3, routed)           0.574    22.108    tokenizer/imm[16]_i_361_n_0
    SLICE_X44Y23         LUT2 (Prop_lut2_I0_O)        0.124    22.232 r  tokenizer/imm[16]_i_365/O
                         net (fo=1, routed)           0.000    22.232    tokenizer/imm[16]_i_365_n_0
    SLICE_X44Y23         CARRY4 (Prop_carry4_S[2]_O[2])
                                                      0.248    22.480 r  tokenizer/imm_reg[16]_i_221/O[2]
                         net (fo=3, routed)           0.569    23.049    tokenizer/imm_reg[16]_i_221_n_5
    SLICE_X43Y24         LUT3 (Prop_lut3_I2_O)        0.302    23.351 r  tokenizer/imm[8]_i_163/O
                         net (fo=1, routed)           0.000    23.351    tokenizer/imm[8]_i_163_n_0
    SLICE_X43Y24         CARRY4 (Prop_carry4_S[3]_CO[3])
                                                      0.401    23.752 r  tokenizer/imm_reg[8]_i_68/CO[3]
                         net (fo=1, routed)           0.009    23.761    tokenizer/imm_reg[8]_i_68_n_0
    SLICE_X43Y25         CARRY4 (Prop_carry4_CI_O[0])
                                                      0.222    23.983 r  tokenizer/imm_reg[16]_i_86/O[0]
                         net (fo=4, routed)           0.482    24.465    tokenizer/imm_reg[16]_i_86_n_7
    SLICE_X40Y27         LUT5 (Prop_lut5_I1_O)        0.299    24.764 r  tokenizer/imm[16]_i_203/O
                         net (fo=2, routed)           0.532    25.296    tokenizer/imm[16]_i_203_n_0
    SLICE_X41Y27         CARRY4 (Prop_carry4_DI[0]_O[1])
                                                      0.407    25.703 r  tokenizer/imm_reg[16]_i_75/O[1]
                         net (fo=3, routed)           0.642    26.345    tokenizer/imm_reg[16]_i_75_n_6
    SLICE_X42Y24         LUT2 (Prop_lut2_I1_O)        0.303    26.648 r  tokenizer/imm[16]_i_197/O
                         net (fo=1, routed)           0.000    26.648    tokenizer/imm[16]_i_197_n_0
    SLICE_X42Y24         CARRY4 (Prop_carry4_S[2]_O[2])
                                                      0.250    26.898 r  tokenizer/imm_reg[16]_i_74/O[2]
                         net (fo=2, routed)           0.318    27.215    tokenizer/imm_reg[16]_i_74_n_5
    SLICE_X41Y24         LUT4 (Prop_lut4_I3_O)        0.301    27.516 r  tokenizer/imm[16]_i_357/O
                         net (fo=1, routed)           0.653    28.169    tokenizer/imm[16]_i_357_n_0
    SLICE_X45Y31         LUT6 (Prop_lut6_I1_O)        0.124    28.293 r  tokenizer/imm[16]_i_214/O
                         net (fo=3, routed)           0.423    28.716    tokenizer/imm[16]_i_214_n_0
    SLICE_X47Y31         LUT2 (Prop_lut2_I0_O)        0.124    28.840 r  tokenizer/imm[16]_i_218/O
                         net (fo=1, routed)           0.000    28.840    tokenizer/imm[16]_i_218_n_0
    SLICE_X47Y31         CARRY4 (Prop_carry4_S[2]_O[2])
                                                      0.248    29.088 r  tokenizer/imm_reg[16]_i_81/O[2]
                         net (fo=3, routed)           0.602    29.689    tokenizer/imm_reg[16]_i_81_n_5
    SLICE_X46Y34         LUT2 (Prop_lut2_I1_O)        0.302    29.991 r  tokenizer/imm[16]_i_209/O
                         net (fo=1, routed)           0.000    29.991    tokenizer/imm[16]_i_209_n_0
    SLICE_X46Y34         CARRY4 (Prop_carry4_S[3]_O[3])
                                                      0.255    30.246 r  tokenizer/imm_reg[16]_i_80/O[3]
                         net (fo=1, routed)           0.316    30.562    tokenizer/imm_reg[16]_i_80_n_4
    SLICE_X45Y33         LUT4 (Prop_lut4_I3_O)        0.307    30.869 r  tokenizer/imm[12]_i_27/O
                         net (fo=1, routed)           0.348    31.217    tokenizer/imm[12]_i_27_n_0
    SLICE_X44Y33         LUT6 (Prop_lut6_I5_O)        0.124    31.341 r  tokenizer/imm[12]_i_14/O
                         net (fo=8, routed)           0.726    32.067    tokenizer/imm[12]_i_14_n_0
    SLICE_X42Y40         LUT2 (Prop_lut2_I0_O)        0.124    32.191 r  tokenizer/imm[16]_i_234/O
                         net (fo=1, routed)           0.000    32.191    tokenizer/imm[16]_i_234_n_0
    SLICE_X42Y40         CARRY4 (Prop_carry4_S[3]_CO[3])
                                                      0.376    32.567 r  tokenizer/imm_reg[16]_i_92/CO[3]
                         net (fo=1, routed)           0.000    32.567    tokenizer/imm_reg[16]_i_92_n_0
    SLICE_X42Y41         CARRY4 (Prop_carry4_CI_O[0])
                                                      0.219    32.786 r  tokenizer/imm_reg[20]_i_76/O[0]
                         net (fo=3, routed)           0.612    33.398    tokenizer/imm_reg[20]_i_76_n_7
    SLICE_X40Y37         LUT2 (Prop_lut2_I1_O)        0.295    33.693 r  tokenizer/imm[16]_i_95/O
                         net (fo=1, routed)           0.000    33.693    tokenizer/imm[16]_i_95_n_0
    SLICE_X40Y37         CARRY4 (Prop_carry4_S[1]_O[1])
                                                      0.227    33.920 r  tokenizer/imm_reg[16]_i_33/O[1]
                         net (fo=3, routed)           0.677    34.597    tokenizer/imm_reg[16]_i_33_n_6
    SLICE_X43Y34         LUT6 (Prop_lut6_I4_O)        0.303    34.900 r  tokenizer/imm[20]_i_186_comp_2/O
                         net (fo=4, routed)           0.960    35.860    tokenizer/imm[20]_i_186_n_0
    SLICE_X47Y41         CARRY4 (Prop_carry4_DI[1]_O[2])
                                                      0.537    36.397 r  tokenizer/imm_reg[20]_i_71/O[2]
                         net (fo=3, routed)           0.431    36.828    tokenizer/imm_reg[20]_i_71_n_5
    SLICE_X45Y40         LUT2 (Prop_lut2_I1_O)        0.302    37.130 r  tokenizer/imm[16]_i_56/O
                         net (fo=1, routed)           0.000    37.130    tokenizer/imm[16]_i_56_n_0
    SLICE_X45Y40         CARRY4 (Prop_carry4_S[3]_CO[3])
                                                      0.401    37.531 r  tokenizer/imm_reg[16]_i_26/CO[3]
                         net (fo=1, routed)           0.000    37.531    tokenizer/imm_reg[16]_i_26_n_0
    SLICE_X45Y41         CARRY4 (Prop_carry4_CI_O[1])
                                                      0.334    37.865 r  tokenizer/imm_reg[20]_i_28/O[1]
                         net (fo=3, routed)           0.796    38.661    tokenizer/imm_reg[20]_i_28_n_6
    SLICE_X38Y41         LUT6 (Prop_lut6_I5_O)        0.303    38.964 r  tokenizer/imm[24]_i_201_comp/O
                         net (fo=2, routed)           0.492    39.457    tokenizer/imm[24]_i_201_n_0
    SLICE_X44Y42         CARRY4 (Prop_carry4_DI[1]_CO[3])
                                                      0.507    39.964 r  tokenizer/imm_reg[24]_i_88/CO[3]
                         net (fo=1, routed)           0.000    39.964    tokenizer/imm_reg[24]_i_88_n_0
    SLICE_X44Y43         CARRY4 (Prop_carry4_CI_O[0])
                                                      0.222    40.186 r  tokenizer/imm_reg[30]_i_59/O[0]
                         net (fo=3, routed)           0.567    40.752    tokenizer/imm_reg[30]_i_59_n_7
    SLICE_X43Y44         LUT2 (Prop_lut2_I1_O)        0.299    41.051 r  tokenizer/imm[24]_i_91/O
                         net (fo=1, routed)           0.000    41.051    tokenizer/imm[24]_i_91_n_0
    SLICE_X43Y44         CARRY4 (Prop_carry4_S[1]_O[2])
                                                      0.580    41.631 r  tokenizer/imm_reg[24]_i_32/O[2]
                         net (fo=1, routed)           0.728    42.359    tokenizer/imm_reg[24]_i_32_n_5
    SLICE_X38Y47         LUT6 (Prop_lut6_I5_O)        0.302    42.661 r  tokenizer/imm[23]_i_3_comp/O
                         net (fo=1, routed)           0.452    43.113    tokenizer/imm[23]_i_3_n_0
    SLICE_X38Y47         LUT6 (Prop_lut6_I1_O)        0.124    43.237 r  tokenizer/imm[23]_i_1/O
                         net (fo=1, routed)           0.000    43.237    operand_interpreter/imm_reg[31]_2[23]
    SLICE_X38Y47         FDRE                                         r  operand_interpreter/imm_reg[23]/D
  -------------------------------------------------------------------    -------------------

                         (clock sys_clk_pin rise edge)
                                                     10.000    10.000 r  <hidden>
    E3                                                0.000    10.000 r  CLK100MHZ
                         net (fo=0)                   0.000    10.000    CLK100MHZ
    E3                   IBUF (Prop_ibuf_I_O)         1.411    11.411 r  CLK100MHZ_IBUF_inst/O
                         net (fo=1, routed)           1.920    13.331    CLK100MHZ_IBUF
    BUFGCTRL_X0Y16       BUFG (Prop_bufg_I_O)         0.091    13.422 r  CLK100MHZ_IBUF_BUFG_inst/O
                         net (fo=1408, routed)        1.684    15.106    operand_interpreter/CLK100MHZ_IBUF_BUFG
    SLICE_X38Y47         FDRE                                         r  operand_interpreter/imm_reg[23]/C
                         clock pessimism              0.195    15.302    <hidden>
                         clock uncertainty           -0.035    15.266    <hidden>
    SLICE_X38Y47         FDRE (Setup_fdre_C_D)        0.077    15.343    operand_interpreter/imm_reg[23]
  -------------------------------------------------------------------
                         required time                         15.343    <hidden>
                         arrival time                         -43.237    <hidden>
  -------------------------------------------------------------------
                         slack                                -27.894    <hidden>





Min Delay Paths
--------------------------------------------------------------------------------------
Slack (MET) :             0.025ns  (arrival time - required time)
  Source:                 operand_interpreter/imm_reg[29]/C
                            (rising edge-triggered cell FDRE clocked by sys_clk_pin  {rise@0.000ns fall@5.000ns period=10.000ns})
  Destination:            instruction_assembler/instruction_assemblied_reg[29]/D
                            (rising edge-triggered cell FDRE clocked by sys_clk_pin  {rise@0.000ns fall@5.000ns period=10.000ns})
  Path Group:             sys_clk_pin
  Path Type:              Hold (Min at Fast Process Corner)
  Requirement:            0.000ns  (sys_clk_pin rise@0.000ns - sys_clk_pin rise@0.000ns)
  Data Path Delay:        0.346ns  (logic 0.186ns (53.752%)  route 0.160ns (46.248%))
  Logic Levels:           1  (LUT5=1)
  Clock Path Skew:        0.200ns (DCD - SCD - CPR)
    Destination Clock Delay (DCD):    2.006ns
    Source Clock Delay      (SCD):    1.555ns
    Clock Pessimism Removal (CPR):    0.250ns

    Location             Delay type                Incr(ns)  Path(ns)    Netlist Resource(s)
  -------------------------------------------------------------------    -------------------
                         (clock sys_clk_pin rise edge)
                                                      0.000     0.000 r  <hidden>
    E3                                                0.000     0.000 r  CLK100MHZ
                         net (fo=0)                   0.000     0.000    CLK100MHZ
    E3                   IBUF (Prop_ibuf_I_O)         0.250     0.250 r  CLK100MHZ_IBUF_inst/O
                         net (fo=1, routed)           0.644     0.894    CLK100MHZ_IBUF
    BUFGCTRL_X0Y16       BUFG (Prop_bufg_I_O)         0.026     0.920 r  CLK100MHZ_IBUF_BUFG_inst/O
                         net (fo=1408, routed)        0.635     1.555    operand_interpreter/CLK100MHZ_IBUF_BUFG
    SLICE_X43Y49         FDRE                                         r  operand_interpreter/imm_reg[29]/C
  -------------------------------------------------------------------    -------------------
    SLICE_X43Y49         FDRE (Prop_fdre_C_Q)         0.141     1.696 r  operand_interpreter/imm_reg[29]/Q
                         net (fo=1, routed)           0.160     1.856    instruction_assembler/instruction_assemblied_reg[31]_0[29]
    SLICE_X38Y50         LUT5 (Prop_lut5_I1_O)        0.045     1.901 r  instruction_assembler/instruction_assemblied[29]_i_1/O
                         net (fo=1, routed)           0.000     1.901    instruction_assembler/instruction_assemblied[29]_i_1_n_0
    SLICE_X38Y50         FDRE                                         r  instruction_assembler/instruction_assemblied_reg[29]/D
  -------------------------------------------------------------------    -------------------

                         (clock sys_clk_pin rise edge)
                                                      0.000     0.000 r  <hidden>
    E3                                                0.000     0.000 r  CLK100MHZ
                         net (fo=0)                   0.000     0.000    CLK100MHZ
    E3                   IBUF (Prop_ibuf_I_O)         0.438     0.438 r  CLK100MHZ_IBUF_inst/O
                         net (fo=1, routed)           0.699     1.136    CLK100MHZ_IBUF
    BUFGCTRL_X0Y16       BUFG (Prop_bufg_I_O)         0.029     1.165 r  CLK100MHZ_IBUF_BUFG_inst/O
                         net (fo=1408, routed)        0.841     2.006    instruction_assembler/CLK100MHZ_IBUF_BUFG
    SLICE_X38Y50         FDRE                                         r  instruction_assembler/instruction_assemblied_reg[29]/C
                         clock pessimism             -0.250     1.755    <hidden>
    SLICE_X38Y50         FDRE (Hold_fdre_C_D)         0.121     1.876    instruction_assembler/instruction_assemblied_reg[29]
  -------------------------------------------------------------------
                         required time                         -1.876    <hidden>
                         arrival time                           1.901    <hidden>
  -------------------------------------------------------------------
                         slack                                  0.025    <hidden>

Slack (MET) :             0.052ns  (arrival time - required time)
  Source:                 instruction_assembler/instruction_assemblied_reg[31]/C
                            (rising edge-triggered cell FDRE clocked by sys_clk_pin  {rise@0.000ns fall@5.000ns period=10.000ns})
  Destination:            fetch/InstrD_reg[31]/D
                            (rising edge-triggered cell FDRE clocked by sys_clk_pin  {rise@0.000ns fall@5.000ns period=10.000ns})
  Path Group:             sys_clk_pin
  Path Type:              Hold (Min at Fast Process Corner)
  Requirement:            0.000ns  (sys_clk_pin rise@0.000ns - sys_clk_pin rise@0.000ns)
  Data Path Delay:        0.358ns  (logic 0.189ns (52.859%)  route 0.169ns (47.141%))
  Logic Levels:           1  (LUT2=1)
  Clock Path Skew:        0.198ns (DCD - SCD - CPR)
    Destination Clock Delay (DCD):    2.008ns
    Source Clock Delay      (SCD):    1.559ns
    Clock Pessimism Removal (CPR):    0.250ns

    Location             Delay type                Incr(ns)  Path(ns)    Netlist Resource(s)
  -------------------------------------------------------------------    -------------------
                         (clock sys_clk_pin rise edge)
                                                      0.000     0.000 r  <hidden>
    E3                                                0.000     0.000 r  CLK100MHZ
                         net (fo=0)                   0.000     0.000    CLK100MHZ
    E3                   IBUF (Prop_ibuf_I_O)         0.250     0.250 r  CLK100MHZ_IBUF_inst/O
                         net (fo=1, routed)           0.644     0.894    CLK100MHZ_IBUF
    BUFGCTRL_X0Y16       BUFG (Prop_bufg_I_O)         0.026     0.920 r  CLK100MHZ_IBUF_BUFG_inst/O
                         net (fo=1408, routed)        0.639     1.559    instruction_assembler/CLK100MHZ_IBUF_BUFG
    SLICE_X33Y49         FDRE                                         r  instruction_assembler/instruction_assemblied_reg[31]/C
  -------------------------------------------------------------------    -------------------
    SLICE_X33Y49         FDRE (Prop_fdre_C_Q)         0.141     1.700 r  instruction_assembler/instruction_assemblied_reg[31]/Q
                         net (fo=2, routed)           0.169     1.868    instruction_assembler/instruction_assemblied[31]
    SLICE_X32Y51         LUT2 (Prop_lut2_I1_O)        0.048     1.916 r  instruction_assembler/InstrD[31]_i_3/O
                         net (fo=1, routed)           0.000     1.916    fetch/InstrD_reg[31]_0[27]
    SLICE_X32Y51         FDRE                                         r  fetch/InstrD_reg[31]/D
  -------------------------------------------------------------------    -------------------

                         (clock sys_clk_pin rise edge)
                                                      0.000     0.000 r  <hidden>
    E3                                                0.000     0.000 r  CLK100MHZ
                         net (fo=0)                   0.000     0.000    CLK100MHZ
    E3                   IBUF (Prop_ibuf_I_O)         0.438     0.438 r  CLK100MHZ_IBUF_inst/O
                         net (fo=1, routed)           0.699     1.136    CLK100MHZ_IBUF
    BUFGCTRL_X0Y16       BUFG (Prop_bufg_I_O)         0.029     1.165 r  CLK100MHZ_IBUF_BUFG_inst/O
                         net (fo=1408, routed)        0.843     2.008    fetch/CLK100MHZ_IBUF_BUFG
    SLICE_X32Y51         FDRE                                         r  fetch/InstrD_reg[31]/C
                         clock pessimism             -0.250     1.757    <hidden>
    SLICE_X32Y51         FDRE (Hold_fdre_C_D)         0.107     1.864    fetch/InstrD_reg[31]
  -------------------------------------------------------------------
                         required time                         -1.864    <hidden>
                         arrival time                           1.916    <hidden>
  -------------------------------------------------------------------
                         slack                                  0.052    <hidden>

Slack (MET) :             0.113ns  (arrival time - required time)
  Source:                 operand_interpreter/imm_reg[26]/C
                            (rising edge-triggered cell FDRE clocked by sys_clk_pin  {rise@0.000ns fall@5.000ns period=10.000ns})
  Destination:            instruction_assembler/instruction_assemblied_reg[26]/D
                            (rising edge-triggered cell FDRE clocked by sys_clk_pin  {rise@0.000ns fall@5.000ns period=10.000ns})
  Path Group:             sys_clk_pin
  Path Type:              Hold (Min at Fast Process Corner)
  Requirement:            0.000ns  (sys_clk_pin rise@0.000ns - sys_clk_pin rise@0.000ns)
  Data Path Delay:        0.435ns  (logic 0.209ns (48.064%)  route 0.226ns (51.936%))
  Logic Levels:           1  (LUT5=1)
  Clock Path Skew:        0.200ns (DCD - SCD - CPR)
    Destination Clock Delay (DCD):    2.006ns
    Source Clock Delay      (SCD):    1.555ns
    Clock Pessimism Removal (CPR):    0.250ns

    Location             Delay type                Incr(ns)  Path(ns)    Netlist Resource(s)
  -------------------------------------------------------------------    -------------------
                         (clock sys_clk_pin rise edge)
                                                      0.000     0.000 r  <hidden>
    E3                                                0.000     0.000 r  CLK100MHZ
                         net (fo=0)                   0.000     0.000    CLK100MHZ
    E3                   IBUF (Prop_ibuf_I_O)         0.250     0.250 r  CLK100MHZ_IBUF_inst/O
                         net (fo=1, routed)           0.644     0.894    CLK100MHZ_IBUF
    BUFGCTRL_X0Y16       BUFG (Prop_bufg_I_O)         0.026     0.920 r  CLK100MHZ_IBUF_BUFG_inst/O
                         net (fo=1408, routed)        0.635     1.555    operand_interpreter/CLK100MHZ_IBUF_BUFG
    SLICE_X38Y48         FDRE                                         r  operand_interpreter/imm_reg[26]/C
  -------------------------------------------------------------------    -------------------
    SLICE_X38Y48         FDRE (Prop_fdre_C_Q)         0.164     1.719 r  operand_interpreter/imm_reg[26]/Q
                         net (fo=1, routed)           0.226     1.945    instruction_assembler/instruction_assemblied_reg[31]_0[26]
    SLICE_X38Y50         LUT5 (Prop_lut5_I1_O)        0.045     1.990 r  instruction_assembler/instruction_assemblied[26]_i_1/O
                         net (fo=1, routed)           0.000     1.990    instruction_assembler/instruction_assemblied[26]_i_1_n_0
    SLICE_X38Y50         FDRE                                         r  instruction_assembler/instruction_assemblied_reg[26]/D
  -------------------------------------------------------------------    -------------------

                         (clock sys_clk_pin rise edge)
                                                      0.000     0.000 r  <hidden>
    E3                                                0.000     0.000 r  CLK100MHZ
                         net (fo=0)                   0.000     0.000    CLK100MHZ
    E3                   IBUF (Prop_ibuf_I_O)         0.438     0.438 r  CLK100MHZ_IBUF_inst/O
                         net (fo=1, routed)           0.699     1.136    CLK100MHZ_IBUF
    BUFGCTRL_X0Y16       BUFG (Prop_bufg_I_O)         0.029     1.165 r  CLK100MHZ_IBUF_BUFG_inst/O
                         net (fo=1408, routed)        0.841     2.006    instruction_assembler/CLK100MHZ_IBUF_BUFG
    SLICE_X38Y50         FDRE                                         r  instruction_assembler/instruction_assemblied_reg[26]/C
                         clock pessimism             -0.250     1.755    <hidden>
    SLICE_X38Y50         FDRE (Hold_fdre_C_D)         0.121     1.876    instruction_assembler/instruction_assemblied_reg[26]
  -------------------------------------------------------------------
                         required time                         -1.876    <hidden>
                         arrival time                           1.990    <hidden>
  -------------------------------------------------------------------
                         slack                                  0.113    <hidden>

Slack (MET) :             0.132ns  (arrival time - required time)
  Source:                 operand_interpreter/rd_out_reg[4]/C
                            (rising edge-triggered cell FDRE clocked by sys_clk_pin  {rise@0.000ns fall@5.000ns period=10.000ns})
  Destination:            mnemonic_decoder/rd_reg[4]/D
                            (rising edge-triggered cell FDRE clocked by sys_clk_pin  {rise@0.000ns fall@5.000ns period=10.000ns})
  Path Group:             sys_clk_pin
  Path Type:              Hold (Min at Fast Process Corner)
  Requirement:            0.000ns  (sys_clk_pin rise@0.000ns - sys_clk_pin rise@0.000ns)
  Data Path Delay:        0.266ns  (logic 0.186ns (69.898%)  route 0.080ns (30.103%))
  Logic Levels:           1  (LUT6=1)
  Clock Path Skew:        0.013ns (DCD - SCD - CPR)
    Destination Clock Delay (DCD):    2.073ns
    Source Clock Delay      (SCD):    1.555ns
    Clock Pessimism Removal (CPR):    0.505ns

    Location             Delay type                Incr(ns)  Path(ns)    Netlist Resource(s)
  -------------------------------------------------------------------    -------------------
                         (clock sys_clk_pin rise edge)
                                                      0.000     0.000 r  <hidden>
    E3                                                0.000     0.000 r  CLK100MHZ
                         net (fo=0)                   0.000     0.000    CLK100MHZ
    E3                   IBUF (Prop_ibuf_I_O)         0.250     0.250 r  CLK100MHZ_IBUF_inst/O
                         net (fo=1, routed)           0.644     0.894    CLK100MHZ_IBUF
    BUFGCTRL_X0Y16       BUFG (Prop_bufg_I_O)         0.026     0.920 r  CLK100MHZ_IBUF_BUFG_inst/O
                         net (fo=1408, routed)        0.635     1.555    operand_interpreter/CLK100MHZ_IBUF_BUFG
    SLICE_X15Y32         FDRE                                         r  operand_interpreter/rd_out_reg[4]/C
  -------------------------------------------------------------------    -------------------
    SLICE_X15Y32         FDRE (Prop_fdre_C_Q)         0.141     1.696 r  operand_interpreter/rd_out_reg[4]/Q
                         net (fo=1, routed)           0.080     1.776    mnemonic_decoder/rd_reg[4]_1[4]
    SLICE_X14Y32         LUT6 (Prop_lut6_I5_O)        0.045     1.821 r  mnemonic_decoder/rd[4]_i_1/O
                         net (fo=1, routed)           0.000     1.821    mnemonic_decoder/rd[4]_i_1_n_0
    SLICE_X14Y32         FDRE                                         r  mnemonic_decoder/rd_reg[4]/D
  -------------------------------------------------------------------    -------------------

                         (clock sys_clk_pin rise edge)
                                                      0.000     0.000 r  <hidden>
    E3                                                0.000     0.000 r  CLK100MHZ
                         net (fo=0)                   0.000     0.000    CLK100MHZ
    E3                   IBUF (Prop_ibuf_I_O)         0.438     0.438 r  CLK100MHZ_IBUF_inst/O
                         net (fo=1, routed)           0.699     1.136    CLK100MHZ_IBUF
    BUFGCTRL_X0Y16       BUFG (Prop_bufg_I_O)         0.029     1.165 r  CLK100MHZ_IBUF_BUFG_inst/O
                         net (fo=1408, routed)        0.908     2.073    mnemonic_decoder/CLK100MHZ_IBUF_BUFG
    SLICE_X14Y32         FDRE                                         r  mnemonic_decoder/rd_reg[4]/C
                         clock pessimism             -0.505     1.568    <hidden>
    SLICE_X14Y32         FDRE (Hold_fdre_C_D)         0.121     1.689    mnemonic_decoder/rd_reg[4]
  -------------------------------------------------------------------
                         required time                         -1.689    <hidden>
                         arrival time                           1.821    <hidden>
  -------------------------------------------------------------------
                         slack                                  0.132    <hidden>

Slack (MET) :             0.134ns  (arrival time - required time)
  Source:                 execute/ALuResultM_reg[21]/C
                            (rising edge-triggered cell FDRE clocked by sys_clk_pin  {rise@0.000ns fall@5.000ns period=10.000ns})
  Destination:            memory_access/ALuResultW_reg[21]/D
                            (rising edge-triggered cell FDRE clocked by sys_clk_pin  {rise@0.000ns fall@5.000ns period=10.000ns})
  Path Group:             sys_clk_pin
  Path Type:              Hold (Min at Fast Process Corner)
  Requirement:            0.000ns  (sys_clk_pin rise@0.000ns - sys_clk_pin rise@0.000ns)
  Data Path Delay:        0.209ns  (logic 0.141ns (67.433%)  route 0.068ns (32.567%))
  Logic Levels:           0  
  Clock Path Skew:        0.000ns (DCD - SCD - CPR)
    Destination Clock Delay (DCD):    2.004ns
    Source Clock Delay      (SCD):    1.486ns
    Clock Pessimism Removal (CPR):    0.517ns

    Location             Delay type                Incr(ns)  Path(ns)    Netlist Resource(s)
  -------------------------------------------------------------------    -------------------
                         (clock sys_clk_pin rise edge)
                                                      0.000     0.000 r  <hidden>
    E3                                                0.000     0.000 r  CLK100MHZ
                         net (fo=0)                   0.000     0.000    CLK100MHZ
    E3                   IBUF (Prop_ibuf_I_O)         0.250     0.250 r  CLK100MHZ_IBUF_inst/O
                         net (fo=1, routed)           0.644     0.894    CLK100MHZ_IBUF
    BUFGCTRL_X0Y16       BUFG (Prop_bufg_I_O)         0.026     0.920 r  CLK100MHZ_IBUF_BUFG_inst/O
                         net (fo=1408, routed)        0.567     1.486    execute/CLK100MHZ_IBUF_BUFG
    SLICE_X39Y58         FDRE                                         r  execute/ALuResultM_reg[21]/C
  -------------------------------------------------------------------    -------------------
    SLICE_X39Y58         FDRE (Prop_fdre_C_Q)         0.141     1.627 r  execute/ALuResultM_reg[21]/Q
                         net (fo=3, routed)           0.068     1.695    memory_access/ALuResultW_reg[31]_1[21]
    SLICE_X39Y58         FDRE                                         r  memory_access/ALuResultW_reg[21]/D
  -------------------------------------------------------------------    -------------------

                         (clock sys_clk_pin rise edge)
                                                      0.000     0.000 r  <hidden>
    E3                                                0.000     0.000 r  CLK100MHZ
                         net (fo=0)                   0.000     0.000    CLK100MHZ
    E3                   IBUF (Prop_ibuf_I_O)         0.438     0.438 r  CLK100MHZ_IBUF_inst/O
                         net (fo=1, routed)           0.699     1.136    CLK100MHZ_IBUF
    BUFGCTRL_X0Y16       BUFG (Prop_bufg_I_O)         0.029     1.165 r  CLK100MHZ_IBUF_BUFG_inst/O
                         net (fo=1408, routed)        0.839     2.004    memory_access/CLK100MHZ_IBUF_BUFG
    SLICE_X39Y58         FDRE                                         r  memory_access/ALuResultW_reg[21]/C
                         clock pessimism             -0.517     1.486    <hidden>
    SLICE_X39Y58         FDRE (Hold_fdre_C_D)         0.075     1.561    memory_access/ALuResultW_reg[21]
  -------------------------------------------------------------------
                         required time                         -1.561    <hidden>
                         arrival time                           1.695    <hidden>
  -------------------------------------------------------------------
                         slack                                  0.134    <hidden>

Slack (MET) :             0.142ns  (arrival time - required time)
  Source:                 memory_access/RdW_reg[2]/C
                            (rising edge-triggered cell FDRE clocked by sys_clk_pin  {rise@0.000ns fall@5.000ns period=10.000ns})
  Destination:            decode/register_file/regs_reg_r1_0_31_12_17/RAMA/WADR2
                            (rising edge-triggered cell RAMD32 clocked by sys_clk_pin  {rise@0.000ns fall@5.000ns period=10.000ns})
  Path Group:             sys_clk_pin
  Path Type:              Hold (Min at Fast Process Corner)
  Requirement:            0.000ns  (sys_clk_pin rise@0.000ns - sys_clk_pin rise@0.000ns)
  Data Path Delay:        0.433ns  (logic 0.141ns (32.557%)  route 0.292ns (67.443%))
  Logic Levels:           0  
  Clock Path Skew:        0.037ns (DCD - SCD - CPR)
    Destination Clock Delay (DCD):    2.003ns
    Source Clock Delay      (SCD):    1.486ns
    Clock Pessimism Removal (CPR):    0.479ns

    Location             Delay type                Incr(ns)  Path(ns)    Netlist Resource(s)
  -------------------------------------------------------------------    -------------------
                         (clock sys_clk_pin rise edge)
                                                      0.000     0.000 r  <hidden>
    E3                                                0.000     0.000 r  CLK100MHZ
                         net (fo=0)                   0.000     0.000    CLK100MHZ
    E3                   IBUF (Prop_ibuf_I_O)         0.250     0.250 r  CLK100MHZ_IBUF_inst/O
                         net (fo=1, routed)           0.644     0.894    CLK100MHZ_IBUF
    BUFGCTRL_X0Y16       BUFG (Prop_bufg_I_O)         0.026     0.920 r  CLK100MHZ_IBUF_BUFG_inst/O
                         net (fo=1408, routed)        0.567     1.486    memory_access/CLK100MHZ_IBUF_BUFG
    SLICE_X39Y57         FDRE                                         r  memory_access/RdW_reg[2]/C
  -------------------------------------------------------------------    -------------------
    SLICE_X39Y57         FDRE (Prop_fdre_C_Q)         0.141     1.627 r  memory_access/RdW_reg[2]/Q
                         net (fo=98, routed)          0.292     1.919    decode/register_file/regs_reg_r1_0_31_12_17/ADDRD2
    SLICE_X42Y55         RAMD32                                       r  decode/register_file/regs_reg_r1_0_31_12_17/RAMA/WADR2
  -------------------------------------------------------------------    -------------------

                         (clock sys_clk_pin rise edge)
                                                      0.000     0.000 r  <hidden>
    E3                                                0.000     0.000 r  CLK100MHZ
                         net (fo=0)                   0.000     0.000    CLK100MHZ
    E3                   IBUF (Prop_ibuf_I_O)         0.438     0.438 r  CLK100MHZ_IBUF_inst/O
                         net (fo=1, routed)           0.699     1.136    CLK100MHZ_IBUF
    BUFGCTRL_X0Y16       BUFG (Prop_bufg_I_O)         0.029     1.165 r  CLK100MHZ_IBUF_BUFG_inst/O
                         net (fo=1408, routed)        0.838     2.003    decode/register_file/regs_reg_r1_0_31_12_17/WCLK
    SLICE_X42Y55         RAMD32                                       r  decode/register_file/regs_reg_r1_0_31_12_17/RAMA/CLK
                         clock pessimism             -0.479     1.523    <hidden>
    SLICE_X42Y55         RAMD32 (Hold_ramd32_CLK_WADR2)
                                                      0.254     1.777    decode/register_file/regs_reg_r1_0_31_12_17/RAMA
  -------------------------------------------------------------------
                         required time                         -1.777    <hidden>
                         arrival time                           1.919    <hidden>
  -------------------------------------------------------------------
                         slack                                  0.142    <hidden>

Slack (MET) :             0.142ns  (arrival time - required time)
  Source:                 memory_access/RdW_reg[2]/C
                            (rising edge-triggered cell FDRE clocked by sys_clk_pin  {rise@0.000ns fall@5.000ns period=10.000ns})
  Destination:            decode/register_file/regs_reg_r1_0_31_12_17/RAMA_D1/WADR2
                            (rising edge-triggered cell RAMD32 clocked by sys_clk_pin  {rise@0.000ns fall@5.000ns period=10.000ns})
  Path Group:             sys_clk_pin
  Path Type:              Hold (Min at Fast Process Corner)
  Requirement:            0.000ns  (sys_clk_pin rise@0.000ns - sys_clk_pin rise@0.000ns)
  Data Path Delay:        0.433ns  (logic 0.141ns (32.557%)  route 0.292ns (67.443%))
  Logic Levels:           0  
  Clock Path Skew:        0.037ns (DCD - SCD - CPR)
    Destination Clock Delay (DCD):    2.003ns
    Source Clock Delay      (SCD):    1.486ns
    Clock Pessimism Removal (CPR):    0.479ns

    Location             Delay type                Incr(ns)  Path(ns)    Netlist Resource(s)
  -------------------------------------------------------------------    -------------------
                         (clock sys_clk_pin rise edge)
                                                      0.000     0.000 r  <hidden>
    E3                                                0.000     0.000 r  CLK100MHZ
                         net (fo=0)                   0.000     0.000    CLK100MHZ
    E3                   IBUF (Prop_ibuf_I_O)         0.250     0.250 r  CLK100MHZ_IBUF_inst/O
                         net (fo=1, routed)           0.644     0.894    CLK100MHZ_IBUF
    BUFGCTRL_X0Y16       BUFG (Prop_bufg_I_O)         0.026     0.920 r  CLK100MHZ_IBUF_BUFG_inst/O
                         net (fo=1408, routed)        0.567     1.486    memory_access/CLK100MHZ_IBUF_BUFG
    SLICE_X39Y57         FDRE                                         r  memory_access/RdW_reg[2]/C
  -------------------------------------------------------------------    -------------------
    SLICE_X39Y57         FDRE (Prop_fdre_C_Q)         0.141     1.627 r  memory_access/RdW_reg[2]/Q
                         net (fo=98, routed)          0.292     1.919    decode/register_file/regs_reg_r1_0_31_12_17/ADDRD2
    SLICE_X42Y55         RAMD32                                       r  decode/register_file/regs_reg_r1_0_31_12_17/RAMA_D1/WADR2
  -------------------------------------------------------------------    -------------------

                         (clock sys_clk_pin rise edge)
                                                      0.000     0.000 r  <hidden>
    E3                                                0.000     0.000 r  CLK100MHZ
                         net (fo=0)                   0.000     0.000    CLK100MHZ
    E3                   IBUF (Prop_ibuf_I_O)         0.438     0.438 r  CLK100MHZ_IBUF_inst/O
                         net (fo=1, routed)           0.699     1.136    CLK100MHZ_IBUF
    BUFGCTRL_X0Y16       BUFG (Prop_bufg_I_O)         0.029     1.165 r  CLK100MHZ_IBUF_BUFG_inst/O
                         net (fo=1408, routed)        0.838     2.003    decode/register_file/regs_reg_r1_0_31_12_17/WCLK
    SLICE_X42Y55         RAMD32                                       r  decode/register_file/regs_reg_r1_0_31_12_17/RAMA_D1/CLK
                         clock pessimism             -0.479     1.523    <hidden>
    SLICE_X42Y55         RAMD32 (Hold_ramd32_CLK_WADR2)
                                                      0.254     1.777    decode/register_file/regs_reg_r1_0_31_12_17/RAMA_D1
  -------------------------------------------------------------------
                         required time                         -1.777    <hidden>
                         arrival time                           1.919    <hidden>
  -------------------------------------------------------------------
                         slack                                  0.142    <hidden>

Slack (MET) :             0.142ns  (arrival time - required time)
  Source:                 memory_access/RdW_reg[2]/C
                            (rising edge-triggered cell FDRE clocked by sys_clk_pin  {rise@0.000ns fall@5.000ns period=10.000ns})
  Destination:            decode/register_file/regs_reg_r1_0_31_12_17/RAMB/WADR2
                            (rising edge-triggered cell RAMD32 clocked by sys_clk_pin  {rise@0.000ns fall@5.000ns period=10.000ns})
  Path Group:             sys_clk_pin
  Path Type:              Hold (Min at Fast Process Corner)
  Requirement:            0.000ns  (sys_clk_pin rise@0.000ns - sys_clk_pin rise@0.000ns)
  Data Path Delay:        0.433ns  (logic 0.141ns (32.557%)  route 0.292ns (67.443%))
  Logic Levels:           0  
  Clock Path Skew:        0.037ns (DCD - SCD - CPR)
    Destination Clock Delay (DCD):    2.003ns
    Source Clock Delay      (SCD):    1.486ns
    Clock Pessimism Removal (CPR):    0.479ns

    Location             Delay type                Incr(ns)  Path(ns)    Netlist Resource(s)
  -------------------------------------------------------------------    -------------------
                         (clock sys_clk_pin rise edge)
                                                      0.000     0.000 r  <hidden>
    E3                                                0.000     0.000 r  CLK100MHZ
                         net (fo=0)                   0.000     0.000    CLK100MHZ
    E3                   IBUF (Prop_ibuf_I_O)         0.250     0.250 r  CLK100MHZ_IBUF_inst/O
                         net (fo=1, routed)           0.644     0.894    CLK100MHZ_IBUF
    BUFGCTRL_X0Y16       BUFG (Prop_bufg_I_O)         0.026     0.920 r  CLK100MHZ_IBUF_BUFG_inst/O
                         net (fo=1408, routed)        0.567     1.486    memory_access/CLK100MHZ_IBUF_BUFG
    SLICE_X39Y57         FDRE                                         r  memory_access/RdW_reg[2]/C
  -------------------------------------------------------------------    -------------------
    SLICE_X39Y57         FDRE (Prop_fdre_C_Q)         0.141     1.627 r  memory_access/RdW_reg[2]/Q
                         net (fo=98, routed)          0.292     1.919    decode/register_file/regs_reg_r1_0_31_12_17/ADDRD2
    SLICE_X42Y55         RAMD32                                       r  decode/register_file/regs_reg_r1_0_31_12_17/RAMB/WADR2
  -------------------------------------------------------------------    -------------------

                         (clock sys_clk_pin rise edge)
                                                      0.000     0.000 r  <hidden>
    E3                                                0.000     0.000 r  CLK100MHZ
                         net (fo=0)                   0.000     0.000    CLK100MHZ
    E3                   IBUF (Prop_ibuf_I_O)         0.438     0.438 r  CLK100MHZ_IBUF_inst/O
                         net (fo=1, routed)           0.699     1.136    CLK100MHZ_IBUF
    BUFGCTRL_X0Y16       BUFG (Prop_bufg_I_O)         0.029     1.165 r  CLK100MHZ_IBUF_BUFG_inst/O
                         net (fo=1408, routed)        0.838     2.003    decode/register_file/regs_reg_r1_0_31_12_17/WCLK
    SLICE_X42Y55         RAMD32                                       r  decode/register_file/regs_reg_r1_0_31_12_17/RAMB/CLK
                         clock pessimism             -0.479     1.523    <hidden>
    SLICE_X42Y55         RAMD32 (Hold_ramd32_CLK_WADR2)
                                                      0.254     1.777    decode/register_file/regs_reg_r1_0_31_12_17/RAMB
  -------------------------------------------------------------------
                         required time                         -1.777    <hidden>
                         arrival time                           1.919    <hidden>
  -------------------------------------------------------------------
                         slack                                  0.142    <hidden>

Slack (MET) :             0.142ns  (arrival time - required time)
  Source:                 memory_access/RdW_reg[2]/C
                            (rising edge-triggered cell FDRE clocked by sys_clk_pin  {rise@0.000ns fall@5.000ns period=10.000ns})
  Destination:            decode/register_file/regs_reg_r1_0_31_12_17/RAMB_D1/WADR2
                            (rising edge-triggered cell RAMD32 clocked by sys_clk_pin  {rise@0.000ns fall@5.000ns period=10.000ns})
  Path Group:             sys_clk_pin
  Path Type:              Hold (Min at Fast Process Corner)
  Requirement:            0.000ns  (sys_clk_pin rise@0.000ns - sys_clk_pin rise@0.000ns)
  Data Path Delay:        0.433ns  (logic 0.141ns (32.557%)  route 0.292ns (67.443%))
  Logic Levels:           0  
  Clock Path Skew:        0.037ns (DCD - SCD - CPR)
    Destination Clock Delay (DCD):    2.003ns
    Source Clock Delay      (SCD):    1.486ns
    Clock Pessimism Removal (CPR):    0.479ns

    Location             Delay type                Incr(ns)  Path(ns)    Netlist Resource(s)
  -------------------------------------------------------------------    -------------------
                         (clock sys_clk_pin rise edge)
                                                      0.000     0.000 r  <hidden>
    E3                                                0.000     0.000 r  CLK100MHZ
                         net (fo=0)                   0.000     0.000    CLK100MHZ
    E3                   IBUF (Prop_ibuf_I_O)         0.250     0.250 r  CLK100MHZ_IBUF_inst/O
                         net (fo=1, routed)           0.644     0.894    CLK100MHZ_IBUF
    BUFGCTRL_X0Y16       BUFG (Prop_bufg_I_O)         0.026     0.920 r  CLK100MHZ_IBUF_BUFG_inst/O
                         net (fo=1408, routed)        0.567     1.486    memory_access/CLK100MHZ_IBUF_BUFG
    SLICE_X39Y57         FDRE                                         r  memory_access/RdW_reg[2]/C
  -------------------------------------------------------------------    -------------------
    SLICE_X39Y57         FDRE (Prop_fdre_C_Q)         0.141     1.627 r  memory_access/RdW_reg[2]/Q
                         net (fo=98, routed)          0.292     1.919    decode/register_file/regs_reg_r1_0_31_12_17/ADDRD2
    SLICE_X42Y55         RAMD32                                       r  decode/register_file/regs_reg_r1_0_31_12_17/RAMB_D1/WADR2
  -------------------------------------------------------------------    -------------------

                         (clock sys_clk_pin rise edge)
                                                      0.000     0.000 r  <hidden>
    E3                                                0.000     0.000 r  CLK100MHZ
                         net (fo=0)                   0.000     0.000    CLK100MHZ
    E3                   IBUF (Prop_ibuf_I_O)         0.438     0.438 r  CLK100MHZ_IBUF_inst/O
                         net (fo=1, routed)           0.699     1.136    CLK100MHZ_IBUF
    BUFGCTRL_X0Y16       BUFG (Prop_bufg_I_O)         0.029     1.165 r  CLK100MHZ_IBUF_BUFG_inst/O
                         net (fo=1408, routed)        0.838     2.003    decode/register_file/regs_reg_r1_0_31_12_17/WCLK
    SLICE_X42Y55         RAMD32                                       r  decode/register_file/regs_reg_r1_0_31_12_17/RAMB_D1/CLK
                         clock pessimism             -0.479     1.523    <hidden>
    SLICE_X42Y55         RAMD32 (Hold_ramd32_CLK_WADR2)
                                                      0.254     1.777    decode/register_file/regs_reg_r1_0_31_12_17/RAMB_D1
  -------------------------------------------------------------------
                         required time                         -1.777    <hidden>
                         arrival time                           1.919    <hidden>
  -------------------------------------------------------------------
                         slack                                  0.142    <hidden>

Slack (MET) :             0.142ns  (arrival time - required time)
  Source:                 memory_access/RdW_reg[2]/C
                            (rising edge-triggered cell FDRE clocked by sys_clk_pin  {rise@0.000ns fall@5.000ns period=10.000ns})
  Destination:            decode/register_file/regs_reg_r1_0_31_12_17/RAMC/WADR2
                            (rising edge-triggered cell RAMD32 clocked by sys_clk_pin  {rise@0.000ns fall@5.000ns period=10.000ns})
  Path Group:             sys_clk_pin
  Path Type:              Hold (Min at Fast Process Corner)
  Requirement:            0.000ns  (sys_clk_pin rise@0.000ns - sys_clk_pin rise@0.000ns)
  Data Path Delay:        0.433ns  (logic 0.141ns (32.557%)  route 0.292ns (67.443%))
  Logic Levels:           0  
  Clock Path Skew:        0.037ns (DCD - SCD - CPR)
    Destination Clock Delay (DCD):    2.003ns
    Source Clock Delay      (SCD):    1.486ns
    Clock Pessimism Removal (CPR):    0.479ns

    Location             Delay type                Incr(ns)  Path(ns)    Netlist Resource(s)
  -------------------------------------------------------------------    -------------------
                         (clock sys_clk_pin rise edge)
                                                      0.000     0.000 r  <hidden>
    E3                                                0.000     0.000 r  CLK100MHZ
                         net (fo=0)                   0.000     0.000    CLK100MHZ
    E3                   IBUF (Prop_ibuf_I_O)         0.250     0.250 r  CLK100MHZ_IBUF_inst/O
                         net (fo=1, routed)           0.644     0.894    CLK100MHZ_IBUF
    BUFGCTRL_X0Y16       BUFG (Prop_bufg_I_O)         0.026     0.920 r  CLK100MHZ_IBUF_BUFG_inst/O
                         net (fo=1408, routed)        0.567     1.486    memory_access/CLK100MHZ_IBUF_BUFG
    SLICE_X39Y57         FDRE                                         r  memory_access/RdW_reg[2]/C
  -------------------------------------------------------------------    -------------------
    SLICE_X39Y57         FDRE (Prop_fdre_C_Q)         0.141     1.627 r  memory_access/RdW_reg[2]/Q
                         net (fo=98, routed)          0.292     1.919    decode/register_file/regs_reg_r1_0_31_12_17/ADDRD2
    SLICE_X42Y55         RAMD32                                       r  decode/register_file/regs_reg_r1_0_31_12_17/RAMC/WADR2
  -------------------------------------------------------------------    -------------------

                         (clock sys_clk_pin rise edge)
                                                      0.000     0.000 r  <hidden>
    E3                                                0.000     0.000 r  CLK100MHZ
                         net (fo=0)                   0.000     0.000    CLK100MHZ
    E3                   IBUF (Prop_ibuf_I_O)         0.438     0.438 r  CLK100MHZ_IBUF_inst/O
                         net (fo=1, routed)           0.699     1.136    CLK100MHZ_IBUF
    BUFGCTRL_X0Y16       BUFG (Prop_bufg_I_O)         0.029     1.165 r  CLK100MHZ_IBUF_BUFG_inst/O
                         net (fo=1408, routed)        0.838     2.003    decode/register_file/regs_reg_r1_0_31_12_17/WCLK
    SLICE_X42Y55         RAMD32                                       r  decode/register_file/regs_reg_r1_0_31_12_17/RAMC/CLK
                         clock pessimism             -0.479     1.523    <hidden>
    SLICE_X42Y55         RAMD32 (Hold_ramd32_CLK_WADR2)
                                                      0.254     1.777    decode/register_file/regs_reg_r1_0_31_12_17/RAMC
  -------------------------------------------------------------------
                         required time                         -1.777    <hidden>
                         arrival time                           1.919    <hidden>
  -------------------------------------------------------------------
                         slack                                  0.142    <hidden>





Pulse Width Checks
--------------------------------------------------------------------------------------
Clock Name:         sys_clk_pin
Waveform(ns):       { 0.000 5.000 }
Period(ns):         10.000
Sources:            { CLK100MHZ }

Check Type        Corner  Lib Pin     Reference Pin  Required(ns)  Actual(ns)  Slack(ns)  Location        Pin
Min Period        n/a     BUFG/I      n/a            2.155         10.000      7.845      BUFGCTRL_X0Y16  CLK100MHZ_IBUF_BUFG_inst/I
Min Period        n/a     FDRE/C      n/a            1.000         10.000      9.000      SLICE_X88Y132   CLK50MHZ_reg/C
Min Period        n/a     FDRE/C      n/a            1.000         10.000      9.000      SLICE_X9Y57     LED_reg[0]/C
Min Period        n/a     FDRE/C      n/a            1.000         10.000      9.000      SLICE_X9Y57     LED_reg[1]/C
Min Period        n/a     FDRE/C      n/a            1.000         10.000      9.000      SLICE_X9Y57     LED_reg[2]/C
Min Period        n/a     FDRE/C      n/a            1.000         10.000      9.000      SLICE_X9Y57     LED_reg[3]/C
Min Period        n/a     FDRE/C      n/a            1.000         10.000      9.000      SLICE_X9Y57     LED_reg[4]/C
Min Period        n/a     FDRE/C      n/a            1.000         10.000      9.000      SLICE_X9Y57     LED_reg[5]/C
Min Period        n/a     FDRE/C      n/a            1.000         10.000      9.000      SLICE_X9Y57     LED_reg[6]/C
Min Period        n/a     FDRE/C      n/a            1.000         10.000      9.000      SLICE_X9Y57     LED_reg[7]/C
Low Pulse Width   Slow    RAMD32/CLK  n/a            1.250         5.000       3.750      SLICE_X12Y53    decode/register_file/regs_reg_r1_0_31_0_5/RAMA/CLK
Low Pulse Width   Fast    RAMD32/CLK  n/a            1.250         5.000       3.750      SLICE_X12Y53    decode/register_file/regs_reg_r1_0_31_0_5/RAMA/CLK
Low Pulse Width   Slow    RAMD32/CLK  n/a            1.250         5.000       3.750      SLICE_X12Y53    decode/register_file/regs_reg_r1_0_31_0_5/RAMA_D1/CLK
Low Pulse Width   Fast    RAMD32/CLK  n/a            1.250         5.000       3.750      SLICE_X12Y53    decode/register_file/regs_reg_r1_0_31_0_5/RAMA_D1/CLK
Low Pulse Width   Slow    RAMD32/CLK  n/a            1.250         5.000       3.750      SLICE_X12Y53    decode/register_file/regs_reg_r1_0_31_0_5/RAMB/CLK
Low Pulse Width   Fast    RAMD32/CLK  n/a            1.250         5.000       3.750      SLICE_X12Y53    decode/register_file/regs_reg_r1_0_31_0_5/RAMB/CLK
Low Pulse Width   Slow    RAMD32/CLK  n/a            1.250         5.000       3.750      SLICE_X12Y53    decode/register_file/regs_reg_r1_0_31_0_5/RAMB_D1/CLK
Low Pulse Width   Fast    RAMD32/CLK  n/a            1.250         5.000       3.750      SLICE_X12Y53    decode/register_file/regs_reg_r1_0_31_0_5/RAMB_D1/CLK
Low Pulse Width   Slow    RAMD32/CLK  n/a            1.250         5.000       3.750      SLICE_X12Y53    decode/register_file/regs_reg_r1_0_31_0_5/RAMC/CLK
Low Pulse Width   Fast    RAMD32/CLK  n/a            1.250         5.000       3.750      SLICE_X12Y53    decode/register_file/regs_reg_r1_0_31_0_5/RAMC/CLK
High Pulse Width  Slow    RAMD32/CLK  n/a            1.250         5.000       3.750      SLICE_X12Y53    decode/register_file/regs_reg_r1_0_31_0_5/RAMA/CLK
High Pulse Width  Fast    RAMD32/CLK  n/a            1.250         5.000       3.750      SLICE_X12Y53    decode/register_file/regs_reg_r1_0_31_0_5/RAMA/CLK
High Pulse Width  Slow    RAMD32/CLK  n/a            1.250         5.000       3.750      SLICE_X12Y53    decode/register_file/regs_reg_r1_0_31_0_5/RAMA_D1/CLK
High Pulse Width  Fast    RAMD32/CLK  n/a            1.250         5.000       3.750      SLICE_X12Y53    decode/register_file/regs_reg_r1_0_31_0_5/RAMA_D1/CLK
High Pulse Width  Slow    RAMD32/CLK  n/a            1.250         5.000       3.750      SLICE_X12Y53    decode/register_file/regs_reg_r1_0_31_0_5/RAMB/CLK
High Pulse Width  Fast    RAMD32/CLK  n/a            1.250         5.000       3.750      SLICE_X12Y53    decode/register_file/regs_reg_r1_0_31_0_5/RAMB/CLK
High Pulse Width  Slow    RAMD32/CLK  n/a            1.250         5.000       3.750      SLICE_X12Y53    decode/register_file/regs_reg_r1_0_31_0_5/RAMB_D1/CLK
High Pulse Width  Fast    RAMD32/CLK  n/a            1.250         5.000       3.750      SLICE_X12Y53    decode/register_file/regs_reg_r1_0_31_0_5/RAMB_D1/CLK
High Pulse Width  Slow    RAMD32/CLK  n/a            1.250         5.000       3.750      SLICE_X12Y53    decode/register_file/regs_reg_r1_0_31_0_5/RAMC/CLK
High Pulse Width  Fast    RAMD32/CLK  n/a            1.250         5.000       3.750      SLICE_X12Y53    decode/register_file/regs_reg_r1_0_31_0_5/RAMC/CLK



--------------------------------------------------------------------------------------
Path Group:  (none)
From Clock:  
  To Clock:  

Max Delay            55 Endpoints
Min Delay            55 Endpoints
--------------------------------------------------------------------------------------


Max Delay Paths
--------------------------------------------------------------------------------------
Slack:                    inf
  Source:                 PS2_CLK
                            (input port)
  Destination:            keyboard/debounce/Iv0_reg/CE
  Path Group:             (none)
  Path Type:              Max at Slow Process Corner
  Data Path Delay:        3.987ns  (logic 1.624ns (40.724%)  route 2.364ns (59.276%))
  Logic Levels:           2  (IBUF=1 LUT2=1)

    Location             Delay type                Incr(ns)  Path(ns)    Netlist Resource(s)
  -------------------------------------------------------------------    -------------------
    F4                                                0.000     0.000 r  PS2_CLK
                         net (fo=0)                   0.000     0.000    PS2_CLK
    F4                   IBUF (Prop_ibuf_I_O)         1.472     1.472 r  PS2_CLK_IBUF_inst/O
                         net (fo=6, routed)           1.831     3.303    keyboard/debounce/PS2_CLK_IBUF
    SLICE_X87Y134        LUT2 (Prop_lut2_I0_O)        0.152     3.455 r  keyboard/debounce/Iv0_i_1/O
                         net (fo=1, routed)           0.532     3.987    keyboard/debounce/clear
    SLICE_X85Y134        FDRE                                         r  keyboard/debounce/Iv0_reg/CE
  -------------------------------------------------------------------    -------------------

Slack:                    inf
  Source:                 PS2_CLK
                            (input port)
  Destination:            keyboard/debounce/O0_reg/CE
  Path Group:             (none)
  Path Type:              Max at Slow Process Corner
  Data Path Delay:        3.941ns  (logic 1.596ns (40.491%)  route 2.345ns (59.509%))
  Logic Levels:           2  (IBUF=1 LUT4=1)

    Location             Delay type                Incr(ns)  Path(ns)    Netlist Resource(s)
  -------------------------------------------------------------------    -------------------
    F4                                                0.000     0.000 r  PS2_CLK
                         net (fo=0)                   0.000     0.000    PS2_CLK
    F4                   IBUF (Prop_ibuf_I_O)         1.472     1.472 r  PS2_CLK_IBUF_inst/O
                         net (fo=6, routed)           1.831     3.303    keyboard/debounce/PS2_CLK_IBUF
    SLICE_X87Y134        LUT4 (Prop_lut4_I2_O)        0.124     3.427 r  keyboard/debounce/O0_i_1/O
                         net (fo=1, routed)           0.514     3.941    keyboard/debounce/O01_out
    SLICE_X86Y135        FDRE                                         r  keyboard/debounce/O0_reg/CE
  -------------------------------------------------------------------    -------------------

Slack:                    inf
  Source:                 PS2_DATA
                            (input port)
  Destination:            keyboard/debounce/cnt1_reg[0]/R
  Path Group:             (none)
  Path Type:              Max at Slow Process Corner
  Data Path Delay:        3.662ns  (logic 1.617ns (44.151%)  route 2.045ns (55.849%))
  Logic Levels:           2  (IBUF=1 LUT2=1)

    Location             Delay type                Incr(ns)  Path(ns)    Netlist Resource(s)
  -------------------------------------------------------------------    -------------------
    B2                                                0.000     0.000 r  PS2_DATA
                         net (fo=0)                   0.000     0.000    PS2_DATA
    B2                   IBUF (Prop_ibuf_I_O)         1.493     1.493 r  PS2_DATA_IBUF_inst/O
                         net (fo=4, routed)           1.417     2.910    keyboard/debounce/PS2_DATA_IBUF
    SLICE_X87Y133        LUT2 (Prop_lut2_I0_O)        0.124     3.034 r  keyboard/debounce/Iv1_i_1/O
                         net (fo=6, routed)           0.629     3.662    keyboard/debounce/Iv1_i_1_n_0
    SLICE_X88Y134        FDRE                                         r  keyboard/debounce/cnt1_reg[0]/R
  -------------------------------------------------------------------    -------------------

Slack:                    inf
  Source:                 PS2_DATA
                            (input port)
  Destination:            keyboard/debounce/cnt1_reg[1]/R
  Path Group:             (none)
  Path Type:              Max at Slow Process Corner
  Data Path Delay:        3.662ns  (logic 1.617ns (44.151%)  route 2.045ns (55.849%))
  Logic Levels:           2  (IBUF=1 LUT2=1)

    Location             Delay type                Incr(ns)  Path(ns)    Netlist Resource(s)
  -------------------------------------------------------------------    -------------------
    B2                                                0.000     0.000 r  PS2_DATA
                         net (fo=0)                   0.000     0.000    PS2_DATA
    B2                   IBUF (Prop_ibuf_I_O)         1.493     1.493 r  PS2_DATA_IBUF_inst/O
                         net (fo=4, routed)           1.417     2.910    keyboard/debounce/PS2_DATA_IBUF
    SLICE_X87Y133        LUT2 (Prop_lut2_I0_O)        0.124     3.034 r  keyboard/debounce/Iv1_i_1/O
                         net (fo=6, routed)           0.629     3.662    keyboard/debounce/Iv1_i_1_n_0
    SLICE_X88Y134        FDRE                                         r  keyboard/debounce/cnt1_reg[1]/R
  -------------------------------------------------------------------    -------------------

Slack:                    inf
  Source:                 PS2_DATA
                            (input port)
  Destination:            keyboard/debounce/cnt1_reg[2]/R
  Path Group:             (none)
  Path Type:              Max at Slow Process Corner
  Data Path Delay:        3.662ns  (logic 1.617ns (44.151%)  route 2.045ns (55.849%))
  Logic Levels:           2  (IBUF=1 LUT2=1)

    Location             Delay type                Incr(ns)  Path(ns)    Netlist Resource(s)
  -------------------------------------------------------------------    -------------------
    B2                                                0.000     0.000 r  PS2_DATA
                         net (fo=0)                   0.000     0.000    PS2_DATA
    B2                   IBUF (Prop_ibuf_I_O)         1.493     1.493 r  PS2_DATA_IBUF_inst/O
                         net (fo=4, routed)           1.417     2.910    keyboard/debounce/PS2_DATA_IBUF
    SLICE_X87Y133        LUT2 (Prop_lut2_I0_O)        0.124     3.034 r  keyboard/debounce/Iv1_i_1/O
                         net (fo=6, routed)           0.629     3.662    keyboard/debounce/Iv1_i_1_n_0
    SLICE_X88Y134        FDRE                                         r  keyboard/debounce/cnt1_reg[2]/R
  -------------------------------------------------------------------    -------------------

Slack:                    inf
  Source:                 PS2_DATA
                            (input port)
  Destination:            keyboard/debounce/cnt1_reg[3]/R
  Path Group:             (none)
  Path Type:              Max at Slow Process Corner
  Data Path Delay:        3.662ns  (logic 1.617ns (44.151%)  route 2.045ns (55.849%))
  Logic Levels:           2  (IBUF=1 LUT2=1)

    Location             Delay type                Incr(ns)  Path(ns)    Netlist Resource(s)
  -------------------------------------------------------------------    -------------------
    B2                                                0.000     0.000 r  PS2_DATA
                         net (fo=0)                   0.000     0.000    PS2_DATA
    B2                   IBUF (Prop_ibuf_I_O)         1.493     1.493 r  PS2_DATA_IBUF_inst/O
                         net (fo=4, routed)           1.417     2.910    keyboard/debounce/PS2_DATA_IBUF
    SLICE_X87Y133        LUT2 (Prop_lut2_I0_O)        0.124     3.034 r  keyboard/debounce/Iv1_i_1/O
                         net (fo=6, routed)           0.629     3.662    keyboard/debounce/Iv1_i_1_n_0
    SLICE_X88Y134        FDRE                                         r  keyboard/debounce/cnt1_reg[3]/R
  -------------------------------------------------------------------    -------------------

Slack:                    inf
  Source:                 PS2_DATA
                            (input port)
  Destination:            keyboard/debounce/cnt1_reg[4]/S
  Path Group:             (none)
  Path Type:              Max at Slow Process Corner
  Data Path Delay:        3.662ns  (logic 1.617ns (44.151%)  route 2.045ns (55.849%))
  Logic Levels:           2  (IBUF=1 LUT2=1)

    Location             Delay type                Incr(ns)  Path(ns)    Netlist Resource(s)
  -------------------------------------------------------------------    -------------------
    B2                                                0.000     0.000 r  PS2_DATA
                         net (fo=0)                   0.000     0.000    PS2_DATA
    B2                   IBUF (Prop_ibuf_I_O)         1.493     1.493 r  PS2_DATA_IBUF_inst/O
                         net (fo=4, routed)           1.417     2.910    keyboard/debounce/PS2_DATA_IBUF
    SLICE_X87Y133        LUT2 (Prop_lut2_I0_O)        0.124     3.034 r  keyboard/debounce/Iv1_i_1/O
                         net (fo=6, routed)           0.629     3.662    keyboard/debounce/Iv1_i_1_n_0
    SLICE_X89Y134        FDSE                                         r  keyboard/debounce/cnt1_reg[4]/S
  -------------------------------------------------------------------    -------------------

Slack:                    inf
  Source:                 PS2_DATA
                            (input port)
  Destination:            keyboard/debounce/Iv1_reg/CE
  Path Group:             (none)
  Path Type:              Max at Slow Process Corner
  Data Path Delay:        3.563ns  (logic 1.617ns (45.383%)  route 1.946ns (54.617%))
  Logic Levels:           2  (IBUF=1 LUT2=1)

    Location             Delay type                Incr(ns)  Path(ns)    Netlist Resource(s)
  -------------------------------------------------------------------    -------------------
    B2                                                0.000     0.000 r  PS2_DATA
                         net (fo=0)                   0.000     0.000    PS2_DATA
    B2                   IBUF (Prop_ibuf_I_O)         1.493     1.493 r  PS2_DATA_IBUF_inst/O
                         net (fo=4, routed)           1.417     2.910    keyboard/debounce/PS2_DATA_IBUF
    SLICE_X87Y133        LUT2 (Prop_lut2_I0_O)        0.124     3.034 r  keyboard/debounce/Iv1_i_1/O
                         net (fo=6, routed)           0.529     3.563    keyboard/debounce/Iv1_i_1_n_0
    SLICE_X87Y133        FDRE                                         r  keyboard/debounce/Iv1_reg/CE
  -------------------------------------------------------------------    -------------------

Slack:                    inf
  Source:                 PS2_CLK
                            (input port)
  Destination:            keyboard/debounce/cnt0_reg[1]/D
  Path Group:             (none)
  Path Type:              Max at Slow Process Corner
  Data Path Delay:        3.453ns  (logic 1.624ns (47.028%)  route 1.829ns (52.972%))
  Logic Levels:           2  (IBUF=1 LUT4=1)

    Location             Delay type                Incr(ns)  Path(ns)    Netlist Resource(s)
  -------------------------------------------------------------------    -------------------
    F4                                                0.000     0.000 r  PS2_CLK
                         net (fo=0)                   0.000     0.000    PS2_CLK
    F4                   IBUF (Prop_ibuf_I_O)         1.472     1.472 r  PS2_CLK_IBUF_inst/O
                         net (fo=6, routed)           1.829     3.301    keyboard/debounce/PS2_CLK_IBUF
    SLICE_X87Y134        LUT4 (Prop_lut4_I1_O)        0.152     3.453 r  keyboard/debounce/cnt0[1]_i_1/O
                         net (fo=1, routed)           0.000     3.453    keyboard/debounce/cnt0[1]_i_1_n_0
    SLICE_X87Y134        FDRE                                         r  keyboard/debounce/cnt0_reg[1]/D
  -------------------------------------------------------------------    -------------------

Slack:                    inf
  Source:                 PS2_DATA
                            (input port)
  Destination:            keyboard/debounce/O1_reg/CE
  Path Group:             (none)
  Path Type:              Max at Slow Process Corner
  Data Path Delay:        3.444ns  (logic 1.645ns (47.762%)  route 1.799ns (52.238%))
  Logic Levels:           2  (IBUF=1 LUT5=1)

    Location             Delay type                Incr(ns)  Path(ns)    Netlist Resource(s)
  -------------------------------------------------------------------    -------------------
    B2                                                0.000     0.000 r  PS2_DATA
                         net (fo=0)                   0.000     0.000    PS2_DATA
    B2                   IBUF (Prop_ibuf_I_O)         1.493     1.493 r  PS2_DATA_IBUF_inst/O
                         net (fo=4, routed)           1.417     2.910    keyboard/debounce/PS2_DATA_IBUF
    SLICE_X87Y133        LUT5 (Prop_lut5_I3_O)        0.152     3.062 r  keyboard/debounce/O1_i_1/O
                         net (fo=1, routed)           0.382     3.444    keyboard/debounce/O10_out
    SLICE_X86Y133        FDRE                                         r  keyboard/debounce/O1_reg/CE
  -------------------------------------------------------------------    -------------------





Min Delay Paths
--------------------------------------------------------------------------------------
Slack:                    inf
  Source:                 keyboard/datacur_reg[1]/C
                            (rising edge-triggered cell FDRE)
  Destination:            keyboard/keycode_reg[1]/D
  Path Group:             (none)
  Path Type:              Min at Fast Process Corner
  Data Path Delay:        0.285ns  (logic 0.146ns (51.195%)  route 0.139ns (48.805%))
  Logic Levels:           1  (FDRE=1)

    Location             Delay type                Incr(ns)  Path(ns)    Netlist Resource(s)
  -------------------------------------------------------------------    -------------------
    SLICE_X87Y135        FDRE                         0.000     0.000 r  keyboard/datacur_reg[1]/C
    SLICE_X87Y135        FDRE (Prop_fdre_C_Q)         0.146     0.146 r  keyboard/datacur_reg[1]/Q
                         net (fo=4, routed)           0.139     0.285    keyboard/datacur_reg_n_0_[1]
    SLICE_X86Y134        FDRE                                         r  keyboard/keycode_reg[1]/D
  -------------------------------------------------------------------    -------------------

Slack:                    inf
  Source:                 keyboard/datacur_reg[7]/C
                            (rising edge-triggered cell FDRE)
  Destination:            keyboard/keycode_reg[7]/D
  Path Group:             (none)
  Path Type:              Min at Fast Process Corner
  Data Path Delay:        0.290ns  (logic 0.167ns (57.685%)  route 0.123ns (42.315%))
  Logic Levels:           1  (FDRE=1)

    Location             Delay type                Incr(ns)  Path(ns)    Netlist Resource(s)
  -------------------------------------------------------------------    -------------------
    SLICE_X88Y135        FDRE                         0.000     0.000 r  keyboard/datacur_reg[7]/C
    SLICE_X88Y135        FDRE (Prop_fdre_C_Q)         0.167     0.167 r  keyboard/datacur_reg[7]/Q
                         net (fo=3, routed)           0.123     0.290    keyboard/datacur_reg_n_0_[7]
    SLICE_X86Y134        FDRE                                         r  keyboard/keycode_reg[7]/D
  -------------------------------------------------------------------    -------------------

Slack:                    inf
  Source:                 keyboard/datacur_reg[0]/C
                            (rising edge-triggered cell FDRE)
  Destination:            keyboard/keycode_reg[0]/D
  Path Group:             (none)
  Path Type:              Min at Fast Process Corner
  Data Path Delay:        0.291ns  (logic 0.146ns (50.165%)  route 0.145ns (49.835%))
  Logic Levels:           1  (FDRE=1)

    Location             Delay type                Incr(ns)  Path(ns)    Netlist Resource(s)
  -------------------------------------------------------------------    -------------------
    SLICE_X87Y135        FDRE                         0.000     0.000 r  keyboard/datacur_reg[0]/C
    SLICE_X87Y135        FDRE (Prop_fdre_C_Q)         0.146     0.146 r  keyboard/datacur_reg[0]/Q
                         net (fo=4, routed)           0.145     0.291    keyboard/datacur_reg_n_0_[0]
    SLICE_X86Y134        FDRE                                         r  keyboard/keycode_reg[0]/D
  -------------------------------------------------------------------    -------------------

Slack:                    inf
  Source:                 keyboard/datacur_reg[2]/C
                            (rising edge-triggered cell FDRE)
  Destination:            keyboard/keycode_reg[2]/D
  Path Group:             (none)
  Path Type:              Min at Fast Process Corner
  Data Path Delay:        0.316ns  (logic 0.146ns (46.236%)  route 0.170ns (53.764%))
  Logic Levels:           1  (FDRE=1)

    Location             Delay type                Incr(ns)  Path(ns)    Netlist Resource(s)
  -------------------------------------------------------------------    -------------------
    SLICE_X87Y135        FDRE                         0.000     0.000 r  keyboard/datacur_reg[2]/C
    SLICE_X87Y135        FDRE (Prop_fdre_C_Q)         0.146     0.146 r  keyboard/datacur_reg[2]/Q
                         net (fo=4, routed)           0.170     0.316    keyboard/datacur_reg_n_0_[2]
    SLICE_X86Y134        FDRE                                         r  keyboard/keycode_reg[2]/D
  -------------------------------------------------------------------    -------------------

Slack:                    inf
  Source:                 keyboard/datacur_reg[2]/C
                            (rising edge-triggered cell FDRE)
  Destination:            keyboard/released_reg/D
  Path Group:             (none)
  Path Type:              Min at Fast Process Corner
  Data Path Delay:        0.335ns  (logic 0.191ns (57.033%)  route 0.144ns (42.967%))
  Logic Levels:           2  (FDRE=1 LUT5=1)

    Location             Delay type                Incr(ns)  Path(ns)    Netlist Resource(s)
  -------------------------------------------------------------------    -------------------
    SLICE_X87Y135        FDRE                         0.000     0.000 r  keyboard/datacur_reg[2]/C
    SLICE_X87Y135        FDRE (Prop_fdre_C_Q)         0.146     0.146 f  keyboard/datacur_reg[2]/Q
                         net (fo=4, routed)           0.144     0.290    keyboard/datacur_reg_n_0_[2]
    SLICE_X86Y134        LUT5 (Prop_lut5_I1_O)        0.045     0.335 r  keyboard/released_i_1/O
                         net (fo=1, routed)           0.000     0.335    keyboard/released_i_1_n_0
    SLICE_X86Y134        FDRE                                         r  keyboard/released_reg/D
  -------------------------------------------------------------------    -------------------

Slack:                    inf
  Source:                 keyboard/datacur_reg[2]/C
                            (rising edge-triggered cell FDRE)
  Destination:            keyboard/key_valid_reg/D
  Path Group:             (none)
  Path Type:              Min at Fast Process Corner
  Data Path Delay:        0.336ns  (logic 0.191ns (56.863%)  route 0.145ns (43.137%))
  Logic Levels:           2  (FDRE=1 LUT6=1)

    Location             Delay type                Incr(ns)  Path(ns)    Netlist Resource(s)
  -------------------------------------------------------------------    -------------------
    SLICE_X87Y135        FDRE                         0.000     0.000 r  keyboard/datacur_reg[2]/C
    SLICE_X87Y135        FDRE (Prop_fdre_C_Q)         0.146     0.146 r  keyboard/datacur_reg[2]/Q
                         net (fo=4, routed)           0.145     0.291    keyboard/datacur_reg_n_0_[2]
    SLICE_X86Y134        LUT6 (Prop_lut6_I4_O)        0.045     0.336 r  keyboard/key_valid_i_1/O
                         net (fo=1, routed)           0.000     0.336    keyboard/key_valid_i_1_n_0
    SLICE_X86Y134        FDRE                                         r  keyboard/key_valid_reg/D
  -------------------------------------------------------------------    -------------------

Slack:                    inf
  Source:                 keyboard/datacur_reg[3]/C
                            (rising edge-triggered cell FDRE)
  Destination:            keyboard/keycode_reg[3]/D
  Path Group:             (none)
  Path Type:              Min at Fast Process Corner
  Data Path Delay:        0.349ns  (logic 0.146ns (41.828%)  route 0.203ns (58.172%))
  Logic Levels:           1  (FDRE=1)

    Location             Delay type                Incr(ns)  Path(ns)    Netlist Resource(s)
  -------------------------------------------------------------------    -------------------
    SLICE_X87Y135        FDRE                         0.000     0.000 r  keyboard/datacur_reg[3]/C
    SLICE_X87Y135        FDRE (Prop_fdre_C_Q)         0.146     0.146 r  keyboard/datacur_reg[3]/Q
                         net (fo=4, routed)           0.203     0.349    keyboard/datacur_reg_n_0_[3]
    SLICE_X86Y134        FDRE                                         r  keyboard/keycode_reg[3]/D
  -------------------------------------------------------------------    -------------------

Slack:                    inf
  Source:                 keyboard/debounce/cnt0_reg[0]/C
                            (rising edge-triggered cell FDRE)
  Destination:            keyboard/debounce/cnt0_reg[1]/D
  Path Group:             (none)
  Path Type:              Min at Fast Process Corner
  Data Path Delay:        0.350ns  (logic 0.183ns (52.255%)  route 0.167ns (47.745%))
  Logic Levels:           2  (FDRE=1 LUT4=1)

    Location             Delay type                Incr(ns)  Path(ns)    Netlist Resource(s)
  -------------------------------------------------------------------    -------------------
    SLICE_X87Y134        FDRE                         0.000     0.000 r  keyboard/debounce/cnt0_reg[0]/C
    SLICE_X87Y134        FDRE (Prop_fdre_C_Q)         0.141     0.141 r  keyboard/debounce/cnt0_reg[0]/Q
                         net (fo=3, routed)           0.167     0.308    keyboard/debounce/cnt0_reg[0]
    SLICE_X87Y134        LUT4 (Prop_lut4_I3_O)        0.042     0.350 r  keyboard/debounce/cnt0[1]_i_1/O
                         net (fo=1, routed)           0.000     0.350    keyboard/debounce/cnt0[1]_i_1_n_0
    SLICE_X87Y134        FDRE                                         r  keyboard/debounce/cnt0_reg[1]/D
  -------------------------------------------------------------------    -------------------

Slack:                    inf
  Source:                 keyboard/debounce/cnt0_reg[0]/C
                            (rising edge-triggered cell FDRE)
  Destination:            keyboard/debounce/cnt0_reg[0]/D
  Path Group:             (none)
  Path Type:              Min at Fast Process Corner
  Data Path Delay:        0.353ns  (logic 0.186ns (52.660%)  route 0.167ns (47.340%))
  Logic Levels:           2  (FDRE=1 LUT4=1)

    Location             Delay type                Incr(ns)  Path(ns)    Netlist Resource(s)
  -------------------------------------------------------------------    -------------------
    SLICE_X87Y134        FDRE                         0.000     0.000 r  keyboard/debounce/cnt0_reg[0]/C
    SLICE_X87Y134        FDRE (Prop_fdre_C_Q)         0.141     0.141 f  keyboard/debounce/cnt0_reg[0]/Q
                         net (fo=3, routed)           0.167     0.308    keyboard/debounce/cnt0_reg[0]
    SLICE_X87Y134        LUT4 (Prop_lut4_I0_O)        0.045     0.353 r  keyboard/debounce/cnt0[0]_i_1/O
                         net (fo=1, routed)           0.000     0.353    keyboard/debounce/cnt0[0]_i_1_n_0
    SLICE_X87Y134        FDRE                                         r  keyboard/debounce/cnt0_reg[0]/D
  -------------------------------------------------------------------    -------------------

Slack:                    inf
  Source:                 keyboard/datacur_reg[0]/C
                            (rising edge-triggered cell FDRE)
  Destination:            keyboard/datacur_reg[0]/D
  Path Group:             (none)
  Path Type:              Min at Fast Process Corner
  Data Path Delay:        0.359ns  (logic 0.191ns (53.168%)  route 0.168ns (46.832%))
  Logic Levels:           2  (FDRE=1 LUT6=1)

    Location             Delay type                Incr(ns)  Path(ns)    Netlist Resource(s)
  -------------------------------------------------------------------    -------------------
    SLICE_X87Y135        FDRE                         0.000     0.000 r  keyboard/datacur_reg[0]/C
    SLICE_X87Y135        FDRE (Prop_fdre_C_Q)         0.146     0.146 r  keyboard/datacur_reg[0]/Q
                         net (fo=4, routed)           0.168     0.314    keyboard/debounce/datacur_reg[0]
    SLICE_X87Y135        LUT6 (Prop_lut6_I5_O)        0.045     0.359 r  keyboard/debounce/datacur[0]_i_1/O
                         net (fo=1, routed)           0.000     0.359    keyboard/debounce_n_8
    SLICE_X87Y135        FDRE                                         r  keyboard/datacur_reg[0]/D
  -------------------------------------------------------------------    -------------------





--------------------------------------------------------------------------------------
Path Group:  (none)
From Clock:  sys_clk_pin
  To Clock:  

Max Delay            24 Endpoints
Min Delay            24 Endpoints
--------------------------------------------------------------------------------------


Max Delay Paths
--------------------------------------------------------------------------------------
Slack:                    inf
  Source:                 sevenSeg/clkdiv_reg[19]/C
                            (rising edge-triggered cell FDRE clocked by sys_clk_pin  {rise@0.000ns fall@5.000ns period=10.000ns})
  Destination:            AN[6]
                            (output port)
  Path Group:             (none)
  Path Type:              Max at Slow Process Corner
  Data Path Delay:        10.419ns  (logic 4.328ns (41.536%)  route 6.091ns (58.464%))
  Logic Levels:           2  (LUT3=1 OBUF=1)
  Clock Uncertainty:      0.025ns  ((TSJ^2 + TIJ^2)^1/2 + DJ) / 2 + PE
    Total System Jitter     (TSJ):    0.050ns
    Total Input Jitter      (TIJ):    0.000ns
    Discrete Jitter          (DJ):    0.000ns
    Phase Error              (PE):    0.000ns

    Location             Delay type                Incr(ns)  Path(ns)    Netlist Resource(s)
  -------------------------------------------------------------------    -------------------
                         (clock sys_clk_pin rise edge)
                                                      0.000     0.000 r  <hidden>
    E3                                                0.000     0.000 r  CLK100MHZ
                         net (fo=0)                   0.000     0.000    CLK100MHZ
    E3                   IBUF (Prop_ibuf_I_O)         1.482     1.482 r  CLK100MHZ_IBUF_inst/O
                         net (fo=1, routed)           2.025     3.506    CLK100MHZ_IBUF
    BUFGCTRL_X0Y16       BUFG (Prop_bufg_I_O)         0.096     3.602 r  CLK100MHZ_IBUF_BUFG_inst/O
                         net (fo=1408, routed)        1.819     5.422    sevenSeg/CLK100MHZ_IBUF_BUFG
    SLICE_X20Y49         FDRE                                         r  sevenSeg/clkdiv_reg[19]/C
  -------------------------------------------------------------------    -------------------
    SLICE_X20Y49         FDRE (Prop_fdre_C_Q)         0.456     5.878 f  sevenSeg/clkdiv_reg[19]/Q
                         net (fo=13, routed)          1.240     7.118    sevenSeg/s[2]
    SLICE_X28Y56         LUT3 (Prop_lut3_I2_O)        0.152     7.270 r  sevenSeg/AN_OBUF[6]_inst_i_1/O
                         net (fo=1, routed)           4.851    12.121    AN_OBUF[6]
    K2                   OBUF (Prop_obuf_I_O)         3.720    15.840 r  AN_OBUF[6]_inst/O
                         net (fo=0)                   0.000    15.840    AN[6]
    K2                                                                r  AN[6]
  -------------------------------------------------------------------    -------------------

Slack:                    inf
  Source:                 sevenSeg/digit_reg[3]/C
                            (rising edge-triggered cell FDRE clocked by sys_clk_pin  {rise@0.000ns fall@5.000ns period=10.000ns})
  Destination:            SEG[3]
                            (output port)
  Path Group:             (none)
  Path Type:              Max at Slow Process Corner
  Data Path Delay:        9.809ns  (logic 4.360ns (44.453%)  route 5.448ns (55.547%))
  Logic Levels:           2  (LUT4=1 OBUF=1)
  Clock Uncertainty:      0.025ns  ((TSJ^2 + TIJ^2)^1/2 + DJ) / 2 + PE
    Total System Jitter     (TSJ):    0.050ns
    Total Input Jitter      (TIJ):    0.000ns
    Discrete Jitter          (DJ):    0.000ns
    Phase Error              (PE):    0.000ns

    Location             Delay type                Incr(ns)  Path(ns)    Netlist Resource(s)
  -------------------------------------------------------------------    -------------------
                         (clock sys_clk_pin rise edge)
                                                      0.000     0.000 r  <hidden>
    E3                                                0.000     0.000 r  CLK100MHZ
                         net (fo=0)                   0.000     0.000    CLK100MHZ
    E3                   IBUF (Prop_ibuf_I_O)         1.482     1.482 r  CLK100MHZ_IBUF_inst/O
                         net (fo=1, routed)           2.025     3.506    CLK100MHZ_IBUF
    BUFGCTRL_X0Y16       BUFG (Prop_bufg_I_O)         0.096     3.602 r  CLK100MHZ_IBUF_BUFG_inst/O
                         net (fo=1408, routed)        1.643     5.246    sevenSeg/CLK100MHZ_IBUF_BUFG
    SLICE_X29Y51         FDRE                                         r  sevenSeg/digit_reg[3]/C
  -------------------------------------------------------------------    -------------------
    SLICE_X29Y51         FDRE (Prop_fdre_C_Q)         0.456     5.702 r  sevenSeg/digit_reg[3]/Q
                         net (fo=7, routed)           1.107     6.809    sevenSeg/digit_reg_n_0_[3]
    SLICE_X28Y54         LUT4 (Prop_lut4_I0_O)        0.152     6.961 r  sevenSeg/SEG_OBUF[3]_inst_i_1/O
                         net (fo=1, routed)           4.341    11.302    SEG_OBUF[3]
    K13                  OBUF (Prop_obuf_I_O)         3.752    15.054 r  SEG_OBUF[3]_inst/O
                         net (fo=0)                   0.000    15.054    SEG[3]
    K13                                                               r  SEG[3]
  -------------------------------------------------------------------    -------------------

Slack:                    inf
  Source:                 sevenSeg/clkdiv_reg[19]/C
                            (rising edge-triggered cell FDRE clocked by sys_clk_pin  {rise@0.000ns fall@5.000ns period=10.000ns})
  Destination:            AN[3]
                            (output port)
  Path Group:             (none)
  Path Type:              Max at Slow Process Corner
  Data Path Delay:        9.522ns  (logic 4.132ns (43.396%)  route 5.390ns (56.604%))
  Logic Levels:           2  (LUT3=1 OBUF=1)
  Clock Uncertainty:      0.025ns  ((TSJ^2 + TIJ^2)^1/2 + DJ) / 2 + PE
    Total System Jitter     (TSJ):    0.050ns
    Total Input Jitter      (TIJ):    0.000ns
    Discrete Jitter          (DJ):    0.000ns
    Phase Error              (PE):    0.000ns

    Location             Delay type                Incr(ns)  Path(ns)    Netlist Resource(s)
  -------------------------------------------------------------------    -------------------
                         (clock sys_clk_pin rise edge)
                                                      0.000     0.000 r  <hidden>
    E3                                                0.000     0.000 r  CLK100MHZ
                         net (fo=0)                   0.000     0.000    CLK100MHZ
    E3                   IBUF (Prop_ibuf_I_O)         1.482     1.482 r  CLK100MHZ_IBUF_inst/O
                         net (fo=1, routed)           2.025     3.506    CLK100MHZ_IBUF
    BUFGCTRL_X0Y16       BUFG (Prop_bufg_I_O)         0.096     3.602 r  CLK100MHZ_IBUF_BUFG_inst/O
                         net (fo=1408, routed)        1.819     5.422    sevenSeg/CLK100MHZ_IBUF_BUFG
    SLICE_X20Y49         FDRE                                         r  sevenSeg/clkdiv_reg[19]/C
  -------------------------------------------------------------------    -------------------
    SLICE_X20Y49         FDRE (Prop_fdre_C_Q)         0.456     5.878 r  sevenSeg/clkdiv_reg[19]/Q
                         net (fo=13, routed)          1.442     7.319    sevenSeg/s[2]
    SLICE_X13Y58         LUT3 (Prop_lut3_I0_O)        0.124     7.443 r  sevenSeg/AN_OBUF[3]_inst_i_1/O
                         net (fo=1, routed)           3.948    11.391    AN_OBUF[3]
    J14                  OBUF (Prop_obuf_I_O)         3.552    14.944 r  AN_OBUF[3]_inst/O
                         net (fo=0)                   0.000    14.944    AN[3]
    J14                                                               r  AN[3]
  -------------------------------------------------------------------    -------------------

Slack:                    inf
  Source:                 sevenSeg/clkdiv_reg[19]/C
                            (rising edge-triggered cell FDRE clocked by sys_clk_pin  {rise@0.000ns fall@5.000ns period=10.000ns})
  Destination:            AN[1]
                            (output port)
  Path Group:             (none)
  Path Type:              Max at Slow Process Corner
  Data Path Delay:        8.969ns  (logic 4.116ns (45.887%)  route 4.853ns (54.113%))
  Logic Levels:           2  (LUT3=1 OBUF=1)
  Clock Uncertainty:      0.025ns  ((TSJ^2 + TIJ^2)^1/2 + DJ) / 2 + PE
    Total System Jitter     (TSJ):    0.050ns
    Total Input Jitter      (TIJ):    0.000ns
    Discrete Jitter          (DJ):    0.000ns
    Phase Error              (PE):    0.000ns

    Location             Delay type                Incr(ns)  Path(ns)    Netlist Resource(s)
  -------------------------------------------------------------------    -------------------
                         (clock sys_clk_pin rise edge)
                                                      0.000     0.000 r  <hidden>
    E3                                                0.000     0.000 r  CLK100MHZ
                         net (fo=0)                   0.000     0.000    CLK100MHZ
    E3                   IBUF (Prop_ibuf_I_O)         1.482     1.482 r  CLK100MHZ_IBUF_inst/O
                         net (fo=1, routed)           2.025     3.506    CLK100MHZ_IBUF
    BUFGCTRL_X0Y16       BUFG (Prop_bufg_I_O)         0.096     3.602 r  CLK100MHZ_IBUF_BUFG_inst/O
                         net (fo=1408, routed)        1.819     5.422    sevenSeg/CLK100MHZ_IBUF_BUFG
    SLICE_X20Y49         FDRE                                         r  sevenSeg/clkdiv_reg[19]/C
  -------------------------------------------------------------------    -------------------
    SLICE_X20Y49         FDRE (Prop_fdre_C_Q)         0.456     5.878 r  sevenSeg/clkdiv_reg[19]/Q
                         net (fo=13, routed)          1.431     7.308    sevenSeg/s[2]
    SLICE_X13Y58         LUT3 (Prop_lut3_I0_O)        0.124     7.432 r  sevenSeg/AN_OBUF[1]_inst_i_1/O
                         net (fo=1, routed)           3.423    10.855    AN_OBUF[1]
    J18                  OBUF (Prop_obuf_I_O)         3.536    14.391 r  AN_OBUF[1]_inst/O
                         net (fo=0)                   0.000    14.391    AN[1]
    J18                                                               r  AN[1]
  -------------------------------------------------------------------    -------------------

Slack:                    inf
  Source:                 sevenSeg/clkdiv_reg[17]/C
                            (rising edge-triggered cell FDRE clocked by sys_clk_pin  {rise@0.000ns fall@5.000ns period=10.000ns})
  Destination:            AN[0]
                            (output port)
  Path Group:             (none)
  Path Type:              Max at Slow Process Corner
  Data Path Delay:        8.862ns  (logic 4.116ns (46.439%)  route 4.747ns (53.561%))
  Logic Levels:           2  (LUT3=1 OBUF=1)
  Clock Uncertainty:      0.025ns  ((TSJ^2 + TIJ^2)^1/2 + DJ) / 2 + PE
    Total System Jitter     (TSJ):    0.050ns
    Total Input Jitter      (TIJ):    0.000ns
    Discrete Jitter          (DJ):    0.000ns
    Phase Error              (PE):    0.000ns

    Location             Delay type                Incr(ns)  Path(ns)    Netlist Resource(s)
  -------------------------------------------------------------------    -------------------
                         (clock sys_clk_pin rise edge)
                                                      0.000     0.000 r  <hidden>
    E3                                                0.000     0.000 r  CLK100MHZ
                         net (fo=0)                   0.000     0.000    CLK100MHZ
    E3                   IBUF (Prop_ibuf_I_O)         1.482     1.482 r  CLK100MHZ_IBUF_inst/O
                         net (fo=1, routed)           2.025     3.506    CLK100MHZ_IBUF
    BUFGCTRL_X0Y16       BUFG (Prop_bufg_I_O)         0.096     3.602 r  CLK100MHZ_IBUF_BUFG_inst/O
                         net (fo=1408, routed)        1.819     5.422    sevenSeg/CLK100MHZ_IBUF_BUFG
    SLICE_X20Y49         FDRE                                         r  sevenSeg/clkdiv_reg[17]/C
  -------------------------------------------------------------------    -------------------
    SLICE_X20Y49         FDRE (Prop_fdre_C_Q)         0.456     5.878 r  sevenSeg/clkdiv_reg[17]/Q
                         net (fo=17, routed)          1.412     7.290    sevenSeg/s[0]
    SLICE_X13Y58         LUT3 (Prop_lut3_I1_O)        0.124     7.414 r  sevenSeg/AN_OBUF[0]_inst_i_1/O
                         net (fo=1, routed)           3.334    10.748    AN_OBUF[0]
    J17                  OBUF (Prop_obuf_I_O)         3.536    14.284 r  AN_OBUF[0]_inst/O
                         net (fo=0)                   0.000    14.284    AN[0]
    J17                                                               r  AN[0]
  -------------------------------------------------------------------    -------------------

Slack:                    inf
  Source:                 sevenSeg/digit_reg[2]/C
                            (rising edge-triggered cell FDRE clocked by sys_clk_pin  {rise@0.000ns fall@5.000ns period=10.000ns})
  Destination:            SEG[6]
                            (output port)
  Path Group:             (none)
  Path Type:              Max at Slow Process Corner
  Data Path Delay:        8.923ns  (logic 4.117ns (46.143%)  route 4.806ns (53.857%))
  Logic Levels:           2  (LUT4=1 OBUF=1)
  Clock Uncertainty:      0.025ns  ((TSJ^2 + TIJ^2)^1/2 + DJ) / 2 + PE
    Total System Jitter     (TSJ):    0.050ns
    Total Input Jitter      (TIJ):    0.000ns
    Discrete Jitter          (DJ):    0.000ns
    Phase Error              (PE):    0.000ns

    Location             Delay type                Incr(ns)  Path(ns)    Netlist Resource(s)
  -------------------------------------------------------------------    -------------------
                         (clock sys_clk_pin rise edge)
                                                      0.000     0.000 r  <hidden>
    E3                                                0.000     0.000 r  CLK100MHZ
                         net (fo=0)                   0.000     0.000    CLK100MHZ
    E3                   IBUF (Prop_ibuf_I_O)         1.482     1.482 r  CLK100MHZ_IBUF_inst/O
                         net (fo=1, routed)           2.025     3.506    CLK100MHZ_IBUF
    BUFGCTRL_X0Y16       BUFG (Prop_bufg_I_O)         0.096     3.602 r  CLK100MHZ_IBUF_BUFG_inst/O
                         net (fo=1408, routed)        1.643     5.246    sevenSeg/CLK100MHZ_IBUF_BUFG
    SLICE_X29Y51         FDRE                                         r  sevenSeg/digit_reg[2]/C
  -------------------------------------------------------------------    -------------------
    SLICE_X29Y51         FDRE (Prop_fdre_C_Q)         0.456     5.702 r  sevenSeg/digit_reg[2]/Q
                         net (fo=7, routed)           1.291     6.993    sevenSeg/digit_reg_n_0_[2]
    SLICE_X28Y54         LUT4 (Prop_lut4_I2_O)        0.124     7.117 r  sevenSeg/SEG_OBUF[6]_inst_i_1/O
                         net (fo=1, routed)           3.514    10.631    SEG_OBUF[6]
    L18                  OBUF (Prop_obuf_I_O)         3.537    14.169 r  SEG_OBUF[6]_inst/O
                         net (fo=0)                   0.000    14.169    SEG[6]
    L18                                                               r  SEG[6]
  -------------------------------------------------------------------    -------------------

Slack:                    inf
  Source:                 sevenSeg/clkdiv_reg[17]/C
                            (rising edge-triggered cell FDRE clocked by sys_clk_pin  {rise@0.000ns fall@5.000ns period=10.000ns})
  Destination:            AN[4]
                            (output port)
  Path Group:             (none)
  Path Type:              Max at Slow Process Corner
  Data Path Delay:        8.596ns  (logic 4.360ns (50.723%)  route 4.236ns (49.277%))
  Logic Levels:           2  (LUT3=1 OBUF=1)
  Clock Uncertainty:      0.025ns  ((TSJ^2 + TIJ^2)^1/2 + DJ) / 2 + PE
    Total System Jitter     (TSJ):    0.050ns
    Total Input Jitter      (TIJ):    0.000ns
    Discrete Jitter          (DJ):    0.000ns
    Phase Error              (PE):    0.000ns

    Location             Delay type                Incr(ns)  Path(ns)    Netlist Resource(s)
  -------------------------------------------------------------------    -------------------
                         (clock sys_clk_pin rise edge)
                                                      0.000     0.000 r  <hidden>
    E3                                                0.000     0.000 r  CLK100MHZ
                         net (fo=0)                   0.000     0.000    CLK100MHZ
    E3                   IBUF (Prop_ibuf_I_O)         1.482     1.482 r  CLK100MHZ_IBUF_inst/O
                         net (fo=1, routed)           2.025     3.506    CLK100MHZ_IBUF
    BUFGCTRL_X0Y16       BUFG (Prop_bufg_I_O)         0.096     3.602 r  CLK100MHZ_IBUF_BUFG_inst/O
                         net (fo=1408, routed)        1.819     5.422    sevenSeg/CLK100MHZ_IBUF_BUFG
    SLICE_X20Y49         FDRE                                         r  sevenSeg/clkdiv_reg[17]/C
  -------------------------------------------------------------------    -------------------
    SLICE_X20Y49         FDRE (Prop_fdre_C_Q)         0.456     5.878 r  sevenSeg/clkdiv_reg[17]/Q
                         net (fo=17, routed)          1.412     7.290    sevenSeg/s[0]
    SLICE_X13Y58         LUT3 (Prop_lut3_I0_O)        0.152     7.442 r  sevenSeg/AN_OBUF[4]_inst_i_1/O
                         net (fo=1, routed)           2.823    10.265    AN_OBUF[4]
    P14                  OBUF (Prop_obuf_I_O)         3.752    14.017 r  AN_OBUF[4]_inst/O
                         net (fo=0)                   0.000    14.017    AN[4]
    P14                                                               r  AN[4]
  -------------------------------------------------------------------    -------------------

Slack:                    inf
  Source:                 sevenSeg/digit_reg[3]/C
                            (rising edge-triggered cell FDRE clocked by sys_clk_pin  {rise@0.000ns fall@5.000ns period=10.000ns})
  Destination:            SEG[2]
                            (output port)
  Path Group:             (none)
  Path Type:              Max at Slow Process Corner
  Data Path Delay:        8.658ns  (logic 4.073ns (47.045%)  route 4.585ns (52.955%))
  Logic Levels:           2  (LUT4=1 OBUF=1)
  Clock Uncertainty:      0.025ns  ((TSJ^2 + TIJ^2)^1/2 + DJ) / 2 + PE
    Total System Jitter     (TSJ):    0.050ns
    Total Input Jitter      (TIJ):    0.000ns
    Discrete Jitter          (DJ):    0.000ns
    Phase Error              (PE):    0.000ns

    Location             Delay type                Incr(ns)  Path(ns)    Netlist Resource(s)
  -------------------------------------------------------------------    -------------------
                         (clock sys_clk_pin rise edge)
                                                      0.000     0.000 r  <hidden>
    E3                                                0.000     0.000 r  CLK100MHZ
                         net (fo=0)                   0.000     0.000    CLK100MHZ
    E3                   IBUF (Prop_ibuf_I_O)         1.482     1.482 r  CLK100MHZ_IBUF_inst/O
                         net (fo=1, routed)           2.025     3.506    CLK100MHZ_IBUF
    BUFGCTRL_X0Y16       BUFG (Prop_bufg_I_O)         0.096     3.602 r  CLK100MHZ_IBUF_BUFG_inst/O
                         net (fo=1408, routed)        1.643     5.246    sevenSeg/CLK100MHZ_IBUF_BUFG
    SLICE_X29Y51         FDRE                                         r  sevenSeg/digit_reg[3]/C
  -------------------------------------------------------------------    -------------------
    SLICE_X29Y51         FDRE (Prop_fdre_C_Q)         0.456     5.702 r  sevenSeg/digit_reg[3]/Q
                         net (fo=7, routed)           1.107     6.809    sevenSeg/digit_reg_n_0_[3]
    SLICE_X28Y54         LUT4 (Prop_lut4_I0_O)        0.124     6.933 r  sevenSeg/SEG_OBUF[2]_inst_i_1/O
                         net (fo=1, routed)           3.478    10.411    SEG_OBUF[2]
    K16                  OBUF (Prop_obuf_I_O)         3.493    13.904 r  SEG_OBUF[2]_inst/O
                         net (fo=0)                   0.000    13.904    SEG[2]
    K16                                                               r  SEG[2]
  -------------------------------------------------------------------    -------------------

Slack:                    inf
  Source:                 sevenSeg/digit_reg[2]/C
                            (rising edge-triggered cell FDRE clocked by sys_clk_pin  {rise@0.000ns fall@5.000ns period=10.000ns})
  Destination:            SEG[4]
                            (output port)
  Path Group:             (none)
  Path Type:              Max at Slow Process Corner
  Data Path Delay:        8.633ns  (logic 4.114ns (47.648%)  route 4.520ns (52.352%))
  Logic Levels:           2  (LUT4=1 OBUF=1)
  Clock Uncertainty:      0.025ns  ((TSJ^2 + TIJ^2)^1/2 + DJ) / 2 + PE
    Total System Jitter     (TSJ):    0.050ns
    Total Input Jitter      (TIJ):    0.000ns
    Discrete Jitter          (DJ):    0.000ns
    Phase Error              (PE):    0.000ns

    Location             Delay type                Incr(ns)  Path(ns)    Netlist Resource(s)
  -------------------------------------------------------------------    -------------------
                         (clock sys_clk_pin rise edge)
                                                      0.000     0.000 r  <hidden>
    E3                                                0.000     0.000 r  CLK100MHZ
                         net (fo=0)                   0.000     0.000    CLK100MHZ
    E3                   IBUF (Prop_ibuf_I_O)         1.482     1.482 r  CLK100MHZ_IBUF_inst/O
                         net (fo=1, routed)           2.025     3.506    CLK100MHZ_IBUF
    BUFGCTRL_X0Y16       BUFG (Prop_bufg_I_O)         0.096     3.602 r  CLK100MHZ_IBUF_BUFG_inst/O
                         net (fo=1408, routed)        1.643     5.246    sevenSeg/CLK100MHZ_IBUF_BUFG
    SLICE_X29Y51         FDRE                                         r  sevenSeg/digit_reg[2]/C
  -------------------------------------------------------------------    -------------------
    SLICE_X29Y51         FDRE (Prop_fdre_C_Q)         0.456     5.702 r  sevenSeg/digit_reg[2]/Q
                         net (fo=7, routed)           1.490     7.191    sevenSeg/digit_reg_n_0_[2]
    SLICE_X28Y54         LUT4 (Prop_lut4_I2_O)        0.124     7.315 r  sevenSeg/SEG_OBUF[4]_inst_i_1/O
                         net (fo=1, routed)           3.030    10.345    SEG_OBUF[4]
    P15                  OBUF (Prop_obuf_I_O)         3.534    13.879 r  SEG_OBUF[4]_inst/O
                         net (fo=0)                   0.000    13.879    SEG[4]
    P15                                                               r  SEG[4]
  -------------------------------------------------------------------    -------------------

Slack:                    inf
  Source:                 sevenSeg/clkdiv_reg[19]/C
                            (rising edge-triggered cell FDRE clocked by sys_clk_pin  {rise@0.000ns fall@5.000ns period=10.000ns})
  Destination:            AN[5]
                            (output port)
  Path Group:             (none)
  Path Type:              Max at Slow Process Corner
  Data Path Delay:        8.338ns  (logic 4.368ns (52.380%)  route 3.971ns (47.620%))
  Logic Levels:           2  (LUT3=1 OBUF=1)
  Clock Uncertainty:      0.025ns  ((TSJ^2 + TIJ^2)^1/2 + DJ) / 2 + PE
    Total System Jitter     (TSJ):    0.050ns
    Total Input Jitter      (TIJ):    0.000ns
    Discrete Jitter          (DJ):    0.000ns
    Phase Error              (PE):    0.000ns

    Location             Delay type                Incr(ns)  Path(ns)    Netlist Resource(s)
  -------------------------------------------------------------------    -------------------
                         (clock sys_clk_pin rise edge)
                                                      0.000     0.000 r  <hidden>
    E3                                                0.000     0.000 r  CLK100MHZ
                         net (fo=0)                   0.000     0.000    CLK100MHZ
    E3                   IBUF (Prop_ibuf_I_O)         1.482     1.482 r  CLK100MHZ_IBUF_inst/O
                         net (fo=1, routed)           2.025     3.506    CLK100MHZ_IBUF
    BUFGCTRL_X0Y16       BUFG (Prop_bufg_I_O)         0.096     3.602 r  CLK100MHZ_IBUF_BUFG_inst/O
                         net (fo=1408, routed)        1.819     5.422    sevenSeg/CLK100MHZ_IBUF_BUFG
    SLICE_X20Y49         FDRE                                         r  sevenSeg/clkdiv_reg[19]/C
  -------------------------------------------------------------------    -------------------
    SLICE_X20Y49         FDRE (Prop_fdre_C_Q)         0.456     5.878 f  sevenSeg/clkdiv_reg[19]/Q
                         net (fo=13, routed)          1.431     7.308    sevenSeg/s[2]
    SLICE_X13Y58         LUT3 (Prop_lut3_I2_O)        0.152     7.460 r  sevenSeg/AN_OBUF[5]_inst_i_1/O
                         net (fo=1, routed)           2.540    10.000    AN_OBUF[5]
    T14                  OBUF (Prop_obuf_I_O)         3.760    13.760 r  AN_OBUF[5]_inst/O
                         net (fo=0)                   0.000    13.760    AN[5]
    T14                                                               r  AN[5]
  -------------------------------------------------------------------    -------------------





Min Delay Paths
--------------------------------------------------------------------------------------
Slack:                    inf
  Source:                 UART_tx/tx_reg/C
                            (rising edge-triggered cell FDRE clocked by sys_clk_pin  {rise@0.000ns fall@5.000ns period=10.000ns})
  Destination:            UART_TXD
                            (output port)
  Path Group:             (none)
  Path Type:              Min at Fast Process Corner
  Data Path Delay:        1.810ns  (logic 1.397ns (77.162%)  route 0.413ns (22.838%))
  Logic Levels:           1  (OBUF=1)
  Clock Uncertainty:      0.025ns  ((TSJ^2 + TIJ^2)^1/2 + DJ) / 2 + PE
    Total System Jitter     (TSJ):    0.050ns
    Total Input Jitter      (TIJ):    0.000ns
    Discrete Jitter          (DJ):    0.000ns
    Phase Error              (PE):    0.000ns

    Location             Delay type                Incr(ns)  Path(ns)    Netlist Resource(s)
  -------------------------------------------------------------------    -------------------
                         (clock sys_clk_pin rise edge)
                                                      0.000     0.000 r  <hidden>
    E3                                                0.000     0.000 r  CLK100MHZ
                         net (fo=0)                   0.000     0.000    CLK100MHZ
    E3                   IBUF (Prop_ibuf_I_O)         0.250     0.250 r  CLK100MHZ_IBUF_inst/O
                         net (fo=1, routed)           0.644     0.894    CLK100MHZ_IBUF
    BUFGCTRL_X0Y16       BUFG (Prop_bufg_I_O)         0.026     0.920 r  CLK100MHZ_IBUF_BUFG_inst/O
                         net (fo=1408, routed)        0.594     1.513    UART_tx/CLK100MHZ_IBUF_BUFG
    SLICE_X85Y132        FDRE                                         r  UART_tx/tx_reg/C
  -------------------------------------------------------------------    -------------------
    SLICE_X85Y132        FDRE (Prop_fdre_C_Q)         0.141     1.654 r  UART_tx/tx_reg/Q
                         net (fo=1, routed)           0.413     2.068    UART_TXD_OBUF
    D4                   OBUF (Prop_obuf_I_O)         1.256     3.324 r  UART_TXD_OBUF_inst/O
                         net (fo=0)                   0.000     3.324    UART_TXD
    D4                                                                r  UART_TXD
  -------------------------------------------------------------------    -------------------

Slack:                    inf
  Source:                 LED_reg[7]/C
                            (rising edge-triggered cell FDRE clocked by sys_clk_pin  {rise@0.000ns fall@5.000ns period=10.000ns})
  Destination:            LED[7]
                            (output port)
  Path Group:             (none)
  Path Type:              Min at Fast Process Corner
  Data Path Delay:        1.994ns  (logic 1.437ns (72.077%)  route 0.557ns (27.923%))
  Logic Levels:           1  (OBUF=1)
  Clock Uncertainty:      0.025ns  ((TSJ^2 + TIJ^2)^1/2 + DJ) / 2 + PE
    Total System Jitter     (TSJ):    0.050ns
    Total Input Jitter      (TIJ):    0.000ns
    Discrete Jitter          (DJ):    0.000ns
    Phase Error              (PE):    0.000ns

    Location             Delay type                Incr(ns)  Path(ns)    Netlist Resource(s)
  -------------------------------------------------------------------    -------------------
                         (clock sys_clk_pin rise edge)
                                                      0.000     0.000 r  <hidden>
    E3                                                0.000     0.000 r  CLK100MHZ
                         net (fo=0)                   0.000     0.000    CLK100MHZ
    E3                   IBUF (Prop_ibuf_I_O)         0.250     0.250 r  CLK100MHZ_IBUF_inst/O
                         net (fo=1, routed)           0.644     0.894    CLK100MHZ_IBUF
    BUFGCTRL_X0Y16       BUFG (Prop_bufg_I_O)         0.026     0.920 r  CLK100MHZ_IBUF_BUFG_inst/O
                         net (fo=1408, routed)        0.574     1.493    CLK100MHZ_IBUF_BUFG
    SLICE_X9Y57          FDRE                                         r  LED_reg[7]/C
  -------------------------------------------------------------------    -------------------
    SLICE_X9Y57          FDRE (Prop_fdre_C_Q)         0.128     1.621 r  LED_reg[7]/Q
                         net (fo=1, routed)           0.557     2.178    LED_OBUF[7]
    U16                  OBUF (Prop_obuf_I_O)         1.309     3.487 r  LED_OBUF[7]_inst/O
                         net (fo=0)                   0.000     3.487    LED[7]
    U16                                                               r  LED[7]
  -------------------------------------------------------------------    -------------------

Slack:                    inf
  Source:                 LED_reg[5]/C
                            (rising edge-triggered cell FDRE clocked by sys_clk_pin  {rise@0.000ns fall@5.000ns period=10.000ns})
  Destination:            LED[5]
                            (output port)
  Path Group:             (none)
  Path Type:              Min at Fast Process Corner
  Data Path Delay:        2.000ns  (logic 1.433ns (71.667%)  route 0.567ns (28.333%))
  Logic Levels:           1  (OBUF=1)
  Clock Uncertainty:      0.025ns  ((TSJ^2 + TIJ^2)^1/2 + DJ) / 2 + PE
    Total System Jitter     (TSJ):    0.050ns
    Total Input Jitter      (TIJ):    0.000ns
    Discrete Jitter          (DJ):    0.000ns
    Phase Error              (PE):    0.000ns

    Location             Delay type                Incr(ns)  Path(ns)    Netlist Resource(s)
  -------------------------------------------------------------------    -------------------
                         (clock sys_clk_pin rise edge)
                                                      0.000     0.000 r  <hidden>
    E3                                                0.000     0.000 r  CLK100MHZ
                         net (fo=0)                   0.000     0.000    CLK100MHZ
    E3                   IBUF (Prop_ibuf_I_O)         0.250     0.250 r  CLK100MHZ_IBUF_inst/O
                         net (fo=1, routed)           0.644     0.894    CLK100MHZ_IBUF
    BUFGCTRL_X0Y16       BUFG (Prop_bufg_I_O)         0.026     0.920 r  CLK100MHZ_IBUF_BUFG_inst/O
                         net (fo=1408, routed)        0.574     1.493    CLK100MHZ_IBUF_BUFG
    SLICE_X9Y57          FDRE                                         r  LED_reg[5]/C
  -------------------------------------------------------------------    -------------------
    SLICE_X9Y57          FDRE (Prop_fdre_C_Q)         0.128     1.621 r  LED_reg[5]/Q
                         net (fo=1, routed)           0.567     2.188    LED_OBUF[5]
    V17                  OBUF (Prop_obuf_I_O)         1.305     3.494 r  LED_OBUF[5]_inst/O
                         net (fo=0)                   0.000     3.494    LED[5]
    V17                                                               r  LED[5]
  -------------------------------------------------------------------    -------------------

Slack:                    inf
  Source:                 LED_reg[6]/C
                            (rising edge-triggered cell FDRE clocked by sys_clk_pin  {rise@0.000ns fall@5.000ns period=10.000ns})
  Destination:            LED[6]
                            (output port)
  Path Group:             (none)
  Path Type:              Min at Fast Process Corner
  Data Path Delay:        2.008ns  (logic 1.437ns (71.549%)  route 0.571ns (28.451%))
  Logic Levels:           1  (OBUF=1)
  Clock Uncertainty:      0.025ns  ((TSJ^2 + TIJ^2)^1/2 + DJ) / 2 + PE
    Total System Jitter     (TSJ):    0.050ns
    Total Input Jitter      (TIJ):    0.000ns
    Discrete Jitter          (DJ):    0.000ns
    Phase Error              (PE):    0.000ns

    Location             Delay type                Incr(ns)  Path(ns)    Netlist Resource(s)
  -------------------------------------------------------------------    -------------------
                         (clock sys_clk_pin rise edge)
                                                      0.000     0.000 r  <hidden>
    E3                                                0.000     0.000 r  CLK100MHZ
                         net (fo=0)                   0.000     0.000    CLK100MHZ
    E3                   IBUF (Prop_ibuf_I_O)         0.250     0.250 r  CLK100MHZ_IBUF_inst/O
                         net (fo=1, routed)           0.644     0.894    CLK100MHZ_IBUF
    BUFGCTRL_X0Y16       BUFG (Prop_bufg_I_O)         0.026     0.920 r  CLK100MHZ_IBUF_BUFG_inst/O
                         net (fo=1408, routed)        0.574     1.493    CLK100MHZ_IBUF_BUFG
    SLICE_X9Y57          FDRE                                         r  LED_reg[6]/C
  -------------------------------------------------------------------    -------------------
    SLICE_X9Y57          FDRE (Prop_fdre_C_Q)         0.128     1.621 r  LED_reg[6]/Q
                         net (fo=1, routed)           0.571     2.193    LED_OBUF[6]
    U17                  OBUF (Prop_obuf_I_O)         1.309     3.501 r  LED_OBUF[6]_inst/O
                         net (fo=0)                   0.000     3.501    LED[6]
    U17                                                               r  LED[6]
  -------------------------------------------------------------------    -------------------

Slack:                    inf
  Source:                 LED_reg[3]/C
                            (rising edge-triggered cell FDRE clocked by sys_clk_pin  {rise@0.000ns fall@5.000ns period=10.000ns})
  Destination:            LED[3]
                            (output port)
  Path Group:             (none)
  Path Type:              Min at Fast Process Corner
  Data Path Delay:        2.166ns  (logic 1.392ns (64.280%)  route 0.774ns (35.720%))
  Logic Levels:           1  (OBUF=1)
  Clock Uncertainty:      0.025ns  ((TSJ^2 + TIJ^2)^1/2 + DJ) / 2 + PE
    Total System Jitter     (TSJ):    0.050ns
    Total Input Jitter      (TIJ):    0.000ns
    Discrete Jitter          (DJ):    0.000ns
    Phase Error              (PE):    0.000ns

    Location             Delay type                Incr(ns)  Path(ns)    Netlist Resource(s)
  -------------------------------------------------------------------    -------------------
                         (clock sys_clk_pin rise edge)
                                                      0.000     0.000 r  <hidden>
    E3                                                0.000     0.000 r  CLK100MHZ
                         net (fo=0)                   0.000     0.000    CLK100MHZ
    E3                   IBUF (Prop_ibuf_I_O)         0.250     0.250 r  CLK100MHZ_IBUF_inst/O
                         net (fo=1, routed)           0.644     0.894    CLK100MHZ_IBUF
    BUFGCTRL_X0Y16       BUFG (Prop_bufg_I_O)         0.026     0.920 r  CLK100MHZ_IBUF_BUFG_inst/O
                         net (fo=1408, routed)        0.574     1.493    CLK100MHZ_IBUF_BUFG
    SLICE_X9Y57          FDRE                                         r  LED_reg[3]/C
  -------------------------------------------------------------------    -------------------
    SLICE_X9Y57          FDRE (Prop_fdre_C_Q)         0.141     1.634 r  LED_reg[3]/Q
                         net (fo=1, routed)           0.774     2.408    LED_OBUF[3]
    N14                  OBUF (Prop_obuf_I_O)         1.251     3.659 r  LED_OBUF[3]_inst/O
                         net (fo=0)                   0.000     3.659    LED[3]
    N14                                                               r  LED[3]
  -------------------------------------------------------------------    -------------------

Slack:                    inf
  Source:                 sevenSeg/digit_reg[0]/C
                            (rising edge-triggered cell FDRE clocked by sys_clk_pin  {rise@0.000ns fall@5.000ns period=10.000ns})
  Destination:            SEG[0]
                            (output port)
  Path Group:             (none)
  Path Type:              Min at Fast Process Corner
  Data Path Delay:        2.305ns  (logic 1.463ns (63.503%)  route 0.841ns (36.497%))
  Logic Levels:           2  (LUT4=1 OBUF=1)
  Clock Uncertainty:      0.025ns  ((TSJ^2 + TIJ^2)^1/2 + DJ) / 2 + PE
    Total System Jitter     (TSJ):    0.050ns
    Total Input Jitter      (TIJ):    0.000ns
    Discrete Jitter          (DJ):    0.000ns
    Phase Error              (PE):    0.000ns

    Location             Delay type                Incr(ns)  Path(ns)    Netlist Resource(s)
  -------------------------------------------------------------------    -------------------
                         (clock sys_clk_pin rise edge)
                                                      0.000     0.000 r  <hidden>
    E3                                                0.000     0.000 r  CLK100MHZ
                         net (fo=0)                   0.000     0.000    CLK100MHZ
    E3                   IBUF (Prop_ibuf_I_O)         0.250     0.250 r  CLK100MHZ_IBUF_inst/O
                         net (fo=1, routed)           0.644     0.894    CLK100MHZ_IBUF
    BUFGCTRL_X0Y16       BUFG (Prop_bufg_I_O)         0.026     0.920 r  CLK100MHZ_IBUF_BUFG_inst/O
                         net (fo=1408, routed)        0.573     1.492    sevenSeg/CLK100MHZ_IBUF_BUFG
    SLICE_X29Y52         FDRE                                         r  sevenSeg/digit_reg[0]/C
  -------------------------------------------------------------------    -------------------
    SLICE_X29Y52         FDRE (Prop_fdre_C_Q)         0.141     1.633 r  sevenSeg/digit_reg[0]/Q
                         net (fo=7, routed)           0.109     1.742    sevenSeg/digit_reg_n_0_[0]
    SLICE_X28Y52         LUT4 (Prop_lut4_I2_O)        0.045     1.787 r  sevenSeg/SEG_OBUF[0]_inst_i_1/O
                         net (fo=1, routed)           0.732     2.519    SEG_OBUF[0]
    T10                  OBUF (Prop_obuf_I_O)         1.277     3.797 r  SEG_OBUF[0]_inst/O
                         net (fo=0)                   0.000     3.797    SEG[0]
    T10                                                               r  SEG[0]
  -------------------------------------------------------------------    -------------------

Slack:                    inf
  Source:                 LED_reg[4]/C
                            (rising edge-triggered cell FDRE clocked by sys_clk_pin  {rise@0.000ns fall@5.000ns period=10.000ns})
  Destination:            LED[4]
                            (output port)
  Path Group:             (none)
  Path Type:              Min at Fast Process Corner
  Data Path Delay:        2.329ns  (logic 1.434ns (61.584%)  route 0.895ns (38.416%))
  Logic Levels:           1  (OBUF=1)
  Clock Uncertainty:      0.025ns  ((TSJ^2 + TIJ^2)^1/2 + DJ) / 2 + PE
    Total System Jitter     (TSJ):    0.050ns
    Total Input Jitter      (TIJ):    0.000ns
    Discrete Jitter          (DJ):    0.000ns
    Phase Error              (PE):    0.000ns

    Location             Delay type                Incr(ns)  Path(ns)    Netlist Resource(s)
  -------------------------------------------------------------------    -------------------
                         (clock sys_clk_pin rise edge)
                                                      0.000     0.000 r  <hidden>
    E3                                                0.000     0.000 r  CLK100MHZ
                         net (fo=0)                   0.000     0.000    CLK100MHZ
    E3                   IBUF (Prop_ibuf_I_O)         0.250     0.250 r  CLK100MHZ_IBUF_inst/O
                         net (fo=1, routed)           0.644     0.894    CLK100MHZ_IBUF
    BUFGCTRL_X0Y16       BUFG (Prop_bufg_I_O)         0.026     0.920 r  CLK100MHZ_IBUF_BUFG_inst/O
                         net (fo=1408, routed)        0.574     1.493    CLK100MHZ_IBUF_BUFG
    SLICE_X9Y57          FDRE                                         r  LED_reg[4]/C
  -------------------------------------------------------------------    -------------------
    SLICE_X9Y57          FDRE (Prop_fdre_C_Q)         0.128     1.621 r  LED_reg[4]/Q
                         net (fo=1, routed)           0.895     2.516    LED_OBUF[4]
    R18                  OBUF (Prop_obuf_I_O)         1.306     3.822 r  LED_OBUF[4]_inst/O
                         net (fo=0)                   0.000     3.822    LED[4]
    R18                                                               r  LED[4]
  -------------------------------------------------------------------    -------------------

Slack:                    inf
  Source:                 sevenSeg/digit_reg[0]/C
                            (rising edge-triggered cell FDRE clocked by sys_clk_pin  {rise@0.000ns fall@5.000ns period=10.000ns})
  Destination:            SEG[1]
                            (output port)
  Path Group:             (none)
  Path Type:              Min at Fast Process Corner
  Data Path Delay:        2.407ns  (logic 1.507ns (62.608%)  route 0.900ns (37.392%))
  Logic Levels:           2  (LUT4=1 OBUF=1)
  Clock Uncertainty:      0.025ns  ((TSJ^2 + TIJ^2)^1/2 + DJ) / 2 + PE
    Total System Jitter     (TSJ):    0.050ns
    Total Input Jitter      (TIJ):    0.000ns
    Discrete Jitter          (DJ):    0.000ns
    Phase Error              (PE):    0.000ns

    Location             Delay type                Incr(ns)  Path(ns)    Netlist Resource(s)
  -------------------------------------------------------------------    -------------------
                         (clock sys_clk_pin rise edge)
                                                      0.000     0.000 r  <hidden>
    E3                                                0.000     0.000 r  CLK100MHZ
                         net (fo=0)                   0.000     0.000    CLK100MHZ
    E3                   IBUF (Prop_ibuf_I_O)         0.250     0.250 r  CLK100MHZ_IBUF_inst/O
                         net (fo=1, routed)           0.644     0.894    CLK100MHZ_IBUF
    BUFGCTRL_X0Y16       BUFG (Prop_bufg_I_O)         0.026     0.920 r  CLK100MHZ_IBUF_BUFG_inst/O
                         net (fo=1408, routed)        0.573     1.492    sevenSeg/CLK100MHZ_IBUF_BUFG
    SLICE_X29Y52         FDRE                                         r  sevenSeg/digit_reg[0]/C
  -------------------------------------------------------------------    -------------------
    SLICE_X29Y52         FDRE (Prop_fdre_C_Q)         0.141     1.633 r  sevenSeg/digit_reg[0]/Q
                         net (fo=7, routed)           0.109     1.742    sevenSeg/digit_reg_n_0_[0]
    SLICE_X28Y52         LUT4 (Prop_lut4_I3_O)        0.048     1.790 r  sevenSeg/SEG_OBUF[1]_inst_i_1/O
                         net (fo=1, routed)           0.791     2.581    SEG_OBUF[1]
    R10                  OBUF (Prop_obuf_I_O)         1.318     3.900 r  SEG_OBUF[1]_inst/O
                         net (fo=0)                   0.000     3.900    SEG[1]
    R10                                                               r  SEG[1]
  -------------------------------------------------------------------    -------------------

Slack:                    inf
  Source:                 LED_reg[0]/C
                            (rising edge-triggered cell FDRE clocked by sys_clk_pin  {rise@0.000ns fall@5.000ns period=10.000ns})
  Destination:            LED[0]
                            (output port)
  Path Group:             (none)
  Path Type:              Min at Fast Process Corner
  Data Path Delay:        2.436ns  (logic 1.362ns (55.931%)  route 1.073ns (44.069%))
  Logic Levels:           1  (OBUF=1)
  Clock Uncertainty:      0.025ns  ((TSJ^2 + TIJ^2)^1/2 + DJ) / 2 + PE
    Total System Jitter     (TSJ):    0.050ns
    Total Input Jitter      (TIJ):    0.000ns
    Discrete Jitter          (DJ):    0.000ns
    Phase Error              (PE):    0.000ns

    Location             Delay type                Incr(ns)  Path(ns)    Netlist Resource(s)
  -------------------------------------------------------------------    -------------------
                         (clock sys_clk_pin rise edge)
                                                      0.000     0.000 r  <hidden>
    E3                                                0.000     0.000 r  CLK100MHZ
                         net (fo=0)                   0.000     0.000    CLK100MHZ
    E3                   IBUF (Prop_ibuf_I_O)         0.250     0.250 r  CLK100MHZ_IBUF_inst/O
                         net (fo=1, routed)           0.644     0.894    CLK100MHZ_IBUF
    BUFGCTRL_X0Y16       BUFG (Prop_bufg_I_O)         0.026     0.920 r  CLK100MHZ_IBUF_BUFG_inst/O
                         net (fo=1408, routed)        0.574     1.493    CLK100MHZ_IBUF_BUFG
    SLICE_X9Y57          FDRE                                         r  LED_reg[0]/C
  -------------------------------------------------------------------    -------------------
    SLICE_X9Y57          FDRE (Prop_fdre_C_Q)         0.141     1.634 r  LED_reg[0]/Q
                         net (fo=1, routed)           1.073     2.708    LED_OBUF[0]
    H17                  OBUF (Prop_obuf_I_O)         1.221     3.929 r  LED_OBUF[0]_inst/O
                         net (fo=0)                   0.000     3.929    LED[0]
    H17                                                               r  LED[0]
  -------------------------------------------------------------------    -------------------

Slack:                    inf
  Source:                 LED_reg[1]/C
                            (rising edge-triggered cell FDRE clocked by sys_clk_pin  {rise@0.000ns fall@5.000ns period=10.000ns})
  Destination:            LED[1]
                            (output port)
  Path Group:             (none)
  Path Type:              Min at Fast Process Corner
  Data Path Delay:        2.483ns  (logic 1.377ns (55.470%)  route 1.106ns (44.530%))
  Logic Levels:           1  (OBUF=1)
  Clock Uncertainty:      0.025ns  ((TSJ^2 + TIJ^2)^1/2 + DJ) / 2 + PE
    Total System Jitter     (TSJ):    0.050ns
    Total Input Jitter      (TIJ):    0.000ns
    Discrete Jitter          (DJ):    0.000ns
    Phase Error              (PE):    0.000ns

    Location             Delay type                Incr(ns)  Path(ns)    Netlist Resource(s)
  -------------------------------------------------------------------    -------------------
                         (clock sys_clk_pin rise edge)
                                                      0.000     0.000 r  <hidden>
    E3                                                0.000     0.000 r  CLK100MHZ
                         net (fo=0)                   0.000     0.000    CLK100MHZ
    E3                   IBUF (Prop_ibuf_I_O)         0.250     0.250 r  CLK100MHZ_IBUF_inst/O
                         net (fo=1, routed)           0.644     0.894    CLK100MHZ_IBUF
    BUFGCTRL_X0Y16       BUFG (Prop_bufg_I_O)         0.026     0.920 r  CLK100MHZ_IBUF_BUFG_inst/O
                         net (fo=1408, routed)        0.574     1.493    CLK100MHZ_IBUF_BUFG
    SLICE_X9Y57          FDRE                                         r  LED_reg[1]/C
  -------------------------------------------------------------------    -------------------
    SLICE_X9Y57          FDRE (Prop_fdre_C_Q)         0.141     1.634 r  LED_reg[1]/Q
                         net (fo=1, routed)           1.106     2.740    LED_OBUF[1]
    K15                  OBUF (Prop_obuf_I_O)         1.236     3.976 r  LED_OBUF[1]_inst/O
                         net (fo=0)                   0.000     3.976    LED[1]
    K15                                                               r  LED[1]
  -------------------------------------------------------------------    -------------------





--------------------------------------------------------------------------------------
Path Group:  (none)
From Clock:  
  To Clock:  sys_clk_pin

Max Delay           740 Endpoints
Min Delay           740 Endpoints
--------------------------------------------------------------------------------------


Max Delay Paths
--------------------------------------------------------------------------------------
Slack:                    inf
  Source:                 reset_raw
                            (input port)
  Destination:            mnemonic_decoder/mnemonic_d1_reg[15]/R
                            (rising edge-triggered cell FDRE clocked by sys_clk_pin  {rise@0.000ns fall@5.000ns period=10.000ns})
  Path Group:             (none)
  Path Type:              Setup (Max at Slow Process Corner)
  Data Path Delay:        12.416ns  (logic 1.631ns (13.136%)  route 10.785ns (86.864%))
  Logic Levels:           2  (IBUF=1 LUT1=1)
  Clock Path Skew:        5.103ns (DCD - SCD + CPR)
    Destination Clock Delay (DCD):    5.103ns
    Source Clock Delay      (SCD):    0.000ns
    Clock Pessimism Removal (CPR):    0.000ns
  Clock Uncertainty:      0.025ns  ((TSJ^2 + TIJ^2)^1/2 + DJ) / 2 + PE
    Total System Jitter     (TSJ):    0.050ns
    Total Input Jitter      (TIJ):    0.000ns
    Discrete Jitter          (DJ):    0.000ns
    Phase Error              (PE):    0.000ns

    Location             Delay type                Incr(ns)  Path(ns)    Netlist Resource(s)
  -------------------------------------------------------------------    -------------------
    C12                                               0.000     0.000 f  reset_raw
                         net (fo=0)                   0.000     0.000    reset_raw
    C12                  IBUF (Prop_ibuf_I_O)         1.507     1.507 f  reset_raw_IBUF_inst/O
                         net (fo=4, routed)           4.639     6.146    execute/reset_raw_IBUF
    SLICE_X30Y58         LUT1 (Prop_lut1_I0_O)        0.124     6.270 r  execute/Rs1E[4]_i_1/O
                         net (fo=295, routed)         6.146    12.416    mnemonic_decoder/SR[0]
    SLICE_X9Y30          FDRE                                         r  mnemonic_decoder/mnemonic_d1_reg[15]/R
  -------------------------------------------------------------------    -------------------

                         (clock sys_clk_pin rise edge)
                                                      0.000     0.000 r  <hidden>
    E3                                                0.000     0.000 r  CLK100MHZ
                         net (fo=0)                   0.000     0.000    CLK100MHZ
    E3                   IBUF (Prop_ibuf_I_O)         1.411     1.411 r  CLK100MHZ_IBUF_inst/O
                         net (fo=1, routed)           1.920     3.331    CLK100MHZ_IBUF
    BUFGCTRL_X0Y16       BUFG (Prop_bufg_I_O)         0.091     3.422 r  CLK100MHZ_IBUF_BUFG_inst/O
                         net (fo=1408, routed)        1.681     5.103    mnemonic_decoder/CLK100MHZ_IBUF_BUFG
    SLICE_X9Y30          FDRE                                         r  mnemonic_decoder/mnemonic_d1_reg[15]/C

Slack:                    inf
  Source:                 reset_raw
                            (input port)
  Destination:            mnemonic_decoder/mnemonic_d1_reg[1]/R
                            (rising edge-triggered cell FDRE clocked by sys_clk_pin  {rise@0.000ns fall@5.000ns period=10.000ns})
  Path Group:             (none)
  Path Type:              Setup (Max at Slow Process Corner)
  Data Path Delay:        12.416ns  (logic 1.631ns (13.136%)  route 10.785ns (86.864%))
  Logic Levels:           2  (IBUF=1 LUT1=1)
  Clock Path Skew:        5.103ns (DCD - SCD + CPR)
    Destination Clock Delay (DCD):    5.103ns
    Source Clock Delay      (SCD):    0.000ns
    Clock Pessimism Removal (CPR):    0.000ns
  Clock Uncertainty:      0.025ns  ((TSJ^2 + TIJ^2)^1/2 + DJ) / 2 + PE
    Total System Jitter     (TSJ):    0.050ns
    Total Input Jitter      (TIJ):    0.000ns
    Discrete Jitter          (DJ):    0.000ns
    Phase Error              (PE):    0.000ns

    Location             Delay type                Incr(ns)  Path(ns)    Netlist Resource(s)
  -------------------------------------------------------------------    -------------------
    C12                                               0.000     0.000 f  reset_raw
                         net (fo=0)                   0.000     0.000    reset_raw
    C12                  IBUF (Prop_ibuf_I_O)         1.507     1.507 f  reset_raw_IBUF_inst/O
                         net (fo=4, routed)           4.639     6.146    execute/reset_raw_IBUF
    SLICE_X30Y58         LUT1 (Prop_lut1_I0_O)        0.124     6.270 r  execute/Rs1E[4]_i_1/O
                         net (fo=295, routed)         6.146    12.416    mnemonic_decoder/SR[0]
    SLICE_X9Y30          FDRE                                         r  mnemonic_decoder/mnemonic_d1_reg[1]/R
  -------------------------------------------------------------------    -------------------

                         (clock sys_clk_pin rise edge)
                                                      0.000     0.000 r  <hidden>
    E3                                                0.000     0.000 r  CLK100MHZ
                         net (fo=0)                   0.000     0.000    CLK100MHZ
    E3                   IBUF (Prop_ibuf_I_O)         1.411     1.411 r  CLK100MHZ_IBUF_inst/O
                         net (fo=1, routed)           1.920     3.331    CLK100MHZ_IBUF
    BUFGCTRL_X0Y16       BUFG (Prop_bufg_I_O)         0.091     3.422 r  CLK100MHZ_IBUF_BUFG_inst/O
                         net (fo=1408, routed)        1.681     5.103    mnemonic_decoder/CLK100MHZ_IBUF_BUFG
    SLICE_X9Y30          FDRE                                         r  mnemonic_decoder/mnemonic_d1_reg[1]/C

Slack:                    inf
  Source:                 reset_raw
                            (input port)
  Destination:            mnemonic_decoder/mnemonic_d1_reg[2]/R
                            (rising edge-triggered cell FDRE clocked by sys_clk_pin  {rise@0.000ns fall@5.000ns period=10.000ns})
  Path Group:             (none)
  Path Type:              Setup (Max at Slow Process Corner)
  Data Path Delay:        12.416ns  (logic 1.631ns (13.136%)  route 10.785ns (86.864%))
  Logic Levels:           2  (IBUF=1 LUT1=1)
  Clock Path Skew:        5.103ns (DCD - SCD + CPR)
    Destination Clock Delay (DCD):    5.103ns
    Source Clock Delay      (SCD):    0.000ns
    Clock Pessimism Removal (CPR):    0.000ns
  Clock Uncertainty:      0.025ns  ((TSJ^2 + TIJ^2)^1/2 + DJ) / 2 + PE
    Total System Jitter     (TSJ):    0.050ns
    Total Input Jitter      (TIJ):    0.000ns
    Discrete Jitter          (DJ):    0.000ns
    Phase Error              (PE):    0.000ns

    Location             Delay type                Incr(ns)  Path(ns)    Netlist Resource(s)
  -------------------------------------------------------------------    -------------------
    C12                                               0.000     0.000 f  reset_raw
                         net (fo=0)                   0.000     0.000    reset_raw
    C12                  IBUF (Prop_ibuf_I_O)         1.507     1.507 f  reset_raw_IBUF_inst/O
                         net (fo=4, routed)           4.639     6.146    execute/reset_raw_IBUF
    SLICE_X30Y58         LUT1 (Prop_lut1_I0_O)        0.124     6.270 r  execute/Rs1E[4]_i_1/O
                         net (fo=295, routed)         6.146    12.416    mnemonic_decoder/SR[0]
    SLICE_X9Y30          FDRE                                         r  mnemonic_decoder/mnemonic_d1_reg[2]/R
  -------------------------------------------------------------------    -------------------

                         (clock sys_clk_pin rise edge)
                                                      0.000     0.000 r  <hidden>
    E3                                                0.000     0.000 r  CLK100MHZ
                         net (fo=0)                   0.000     0.000    CLK100MHZ
    E3                   IBUF (Prop_ibuf_I_O)         1.411     1.411 r  CLK100MHZ_IBUF_inst/O
                         net (fo=1, routed)           1.920     3.331    CLK100MHZ_IBUF
    BUFGCTRL_X0Y16       BUFG (Prop_bufg_I_O)         0.091     3.422 r  CLK100MHZ_IBUF_BUFG_inst/O
                         net (fo=1408, routed)        1.681     5.103    mnemonic_decoder/CLK100MHZ_IBUF_BUFG
    SLICE_X9Y30          FDRE                                         r  mnemonic_decoder/mnemonic_d1_reg[2]/C

Slack:                    inf
  Source:                 reset_raw
                            (input port)
  Destination:            mnemonic_decoder/mnemonic_d1_reg[30]/R
                            (rising edge-triggered cell FDRE clocked by sys_clk_pin  {rise@0.000ns fall@5.000ns period=10.000ns})
  Path Group:             (none)
  Path Type:              Setup (Max at Slow Process Corner)
  Data Path Delay:        12.416ns  (logic 1.631ns (13.136%)  route 10.785ns (86.864%))
  Logic Levels:           2  (IBUF=1 LUT1=1)
  Clock Path Skew:        5.103ns (DCD - SCD + CPR)
    Destination Clock Delay (DCD):    5.103ns
    Source Clock Delay      (SCD):    0.000ns
    Clock Pessimism Removal (CPR):    0.000ns
  Clock Uncertainty:      0.025ns  ((TSJ^2 + TIJ^2)^1/2 + DJ) / 2 + PE
    Total System Jitter     (TSJ):    0.050ns
    Total Input Jitter      (TIJ):    0.000ns
    Discrete Jitter          (DJ):    0.000ns
    Phase Error              (PE):    0.000ns

    Location             Delay type                Incr(ns)  Path(ns)    Netlist Resource(s)
  -------------------------------------------------------------------    -------------------
    C12                                               0.000     0.000 f  reset_raw
                         net (fo=0)                   0.000     0.000    reset_raw
    C12                  IBUF (Prop_ibuf_I_O)         1.507     1.507 f  reset_raw_IBUF_inst/O
                         net (fo=4, routed)           4.639     6.146    execute/reset_raw_IBUF
    SLICE_X30Y58         LUT1 (Prop_lut1_I0_O)        0.124     6.270 r  execute/Rs1E[4]_i_1/O
                         net (fo=295, routed)         6.146    12.416    mnemonic_decoder/SR[0]
    SLICE_X8Y30          FDRE                                         r  mnemonic_decoder/mnemonic_d1_reg[30]/R
  -------------------------------------------------------------------    -------------------

                         (clock sys_clk_pin rise edge)
                                                      0.000     0.000 r  <hidden>
    E3                                                0.000     0.000 r  CLK100MHZ
                         net (fo=0)                   0.000     0.000    CLK100MHZ
    E3                   IBUF (Prop_ibuf_I_O)         1.411     1.411 r  CLK100MHZ_IBUF_inst/O
                         net (fo=1, routed)           1.920     3.331    CLK100MHZ_IBUF
    BUFGCTRL_X0Y16       BUFG (Prop_bufg_I_O)         0.091     3.422 r  CLK100MHZ_IBUF_BUFG_inst/O
                         net (fo=1408, routed)        1.681     5.103    mnemonic_decoder/CLK100MHZ_IBUF_BUFG
    SLICE_X8Y30          FDRE                                         r  mnemonic_decoder/mnemonic_d1_reg[30]/C

Slack:                    inf
  Source:                 reset_raw
                            (input port)
  Destination:            mnemonic_decoder/mnemonic_d1_reg[31]/R
                            (rising edge-triggered cell FDRE clocked by sys_clk_pin  {rise@0.000ns fall@5.000ns period=10.000ns})
  Path Group:             (none)
  Path Type:              Setup (Max at Slow Process Corner)
  Data Path Delay:        12.416ns  (logic 1.631ns (13.136%)  route 10.785ns (86.864%))
  Logic Levels:           2  (IBUF=1 LUT1=1)
  Clock Path Skew:        5.103ns (DCD - SCD + CPR)
    Destination Clock Delay (DCD):    5.103ns
    Source Clock Delay      (SCD):    0.000ns
    Clock Pessimism Removal (CPR):    0.000ns
  Clock Uncertainty:      0.025ns  ((TSJ^2 + TIJ^2)^1/2 + DJ) / 2 + PE
    Total System Jitter     (TSJ):    0.050ns
    Total Input Jitter      (TIJ):    0.000ns
    Discrete Jitter          (DJ):    0.000ns
    Phase Error              (PE):    0.000ns

    Location             Delay type                Incr(ns)  Path(ns)    Netlist Resource(s)
  -------------------------------------------------------------------    -------------------
    C12                                               0.000     0.000 f  reset_raw
                         net (fo=0)                   0.000     0.000    reset_raw
    C12                  IBUF (Prop_ibuf_I_O)         1.507     1.507 f  reset_raw_IBUF_inst/O
                         net (fo=4, routed)           4.639     6.146    execute/reset_raw_IBUF
    SLICE_X30Y58         LUT1 (Prop_lut1_I0_O)        0.124     6.270 r  execute/Rs1E[4]_i_1/O
                         net (fo=295, routed)         6.146    12.416    mnemonic_decoder/SR[0]
    SLICE_X8Y30          FDRE                                         r  mnemonic_decoder/mnemonic_d1_reg[31]/R
  -------------------------------------------------------------------    -------------------

                         (clock sys_clk_pin rise edge)
                                                      0.000     0.000 r  <hidden>
    E3                                                0.000     0.000 r  CLK100MHZ
                         net (fo=0)                   0.000     0.000    CLK100MHZ
    E3                   IBUF (Prop_ibuf_I_O)         1.411     1.411 r  CLK100MHZ_IBUF_inst/O
                         net (fo=1, routed)           1.920     3.331    CLK100MHZ_IBUF
    BUFGCTRL_X0Y16       BUFG (Prop_bufg_I_O)         0.091     3.422 r  CLK100MHZ_IBUF_BUFG_inst/O
                         net (fo=1408, routed)        1.681     5.103    mnemonic_decoder/CLK100MHZ_IBUF_BUFG
    SLICE_X8Y30          FDRE                                         r  mnemonic_decoder/mnemonic_d1_reg[31]/C

Slack:                    inf
  Source:                 reset_raw
                            (input port)
  Destination:            mnemonic_decoder/mnemonic_d1_reg[4]/R
                            (rising edge-triggered cell FDRE clocked by sys_clk_pin  {rise@0.000ns fall@5.000ns period=10.000ns})
  Path Group:             (none)
  Path Type:              Setup (Max at Slow Process Corner)
  Data Path Delay:        12.416ns  (logic 1.631ns (13.136%)  route 10.785ns (86.864%))
  Logic Levels:           2  (IBUF=1 LUT1=1)
  Clock Path Skew:        5.103ns (DCD - SCD + CPR)
    Destination Clock Delay (DCD):    5.103ns
    Source Clock Delay      (SCD):    0.000ns
    Clock Pessimism Removal (CPR):    0.000ns
  Clock Uncertainty:      0.025ns  ((TSJ^2 + TIJ^2)^1/2 + DJ) / 2 + PE
    Total System Jitter     (TSJ):    0.050ns
    Total Input Jitter      (TIJ):    0.000ns
    Discrete Jitter          (DJ):    0.000ns
    Phase Error              (PE):    0.000ns

    Location             Delay type                Incr(ns)  Path(ns)    Netlist Resource(s)
  -------------------------------------------------------------------    -------------------
    C12                                               0.000     0.000 f  reset_raw
                         net (fo=0)                   0.000     0.000    reset_raw
    C12                  IBUF (Prop_ibuf_I_O)         1.507     1.507 f  reset_raw_IBUF_inst/O
                         net (fo=4, routed)           4.639     6.146    execute/reset_raw_IBUF
    SLICE_X30Y58         LUT1 (Prop_lut1_I0_O)        0.124     6.270 r  execute/Rs1E[4]_i_1/O
                         net (fo=295, routed)         6.146    12.416    mnemonic_decoder/SR[0]
    SLICE_X8Y30          FDRE                                         r  mnemonic_decoder/mnemonic_d1_reg[4]/R
  -------------------------------------------------------------------    -------------------

                         (clock sys_clk_pin rise edge)
                                                      0.000     0.000 r  <hidden>
    E3                                                0.000     0.000 r  CLK100MHZ
                         net (fo=0)                   0.000     0.000    CLK100MHZ
    E3                   IBUF (Prop_ibuf_I_O)         1.411     1.411 r  CLK100MHZ_IBUF_inst/O
                         net (fo=1, routed)           1.920     3.331    CLK100MHZ_IBUF
    BUFGCTRL_X0Y16       BUFG (Prop_bufg_I_O)         0.091     3.422 r  CLK100MHZ_IBUF_BUFG_inst/O
                         net (fo=1408, routed)        1.681     5.103    mnemonic_decoder/CLK100MHZ_IBUF_BUFG
    SLICE_X8Y30          FDRE                                         r  mnemonic_decoder/mnemonic_d1_reg[4]/C

Slack:                    inf
  Source:                 reset_raw
                            (input port)
  Destination:            mnemonic_decoder/mnemonic_d1_reg[7]/R
                            (rising edge-triggered cell FDRE clocked by sys_clk_pin  {rise@0.000ns fall@5.000ns period=10.000ns})
  Path Group:             (none)
  Path Type:              Setup (Max at Slow Process Corner)
  Data Path Delay:        12.416ns  (logic 1.631ns (13.136%)  route 10.785ns (86.864%))
  Logic Levels:           2  (IBUF=1 LUT1=1)
  Clock Path Skew:        5.103ns (DCD - SCD + CPR)
    Destination Clock Delay (DCD):    5.103ns
    Source Clock Delay      (SCD):    0.000ns
    Clock Pessimism Removal (CPR):    0.000ns
  Clock Uncertainty:      0.025ns  ((TSJ^2 + TIJ^2)^1/2 + DJ) / 2 + PE
    Total System Jitter     (TSJ):    0.050ns
    Total Input Jitter      (TIJ):    0.000ns
    Discrete Jitter          (DJ):    0.000ns
    Phase Error              (PE):    0.000ns

    Location             Delay type                Incr(ns)  Path(ns)    Netlist Resource(s)
  -------------------------------------------------------------------    -------------------
    C12                                               0.000     0.000 f  reset_raw
                         net (fo=0)                   0.000     0.000    reset_raw
    C12                  IBUF (Prop_ibuf_I_O)         1.507     1.507 f  reset_raw_IBUF_inst/O
                         net (fo=4, routed)           4.639     6.146    execute/reset_raw_IBUF
    SLICE_X30Y58         LUT1 (Prop_lut1_I0_O)        0.124     6.270 r  execute/Rs1E[4]_i_1/O
                         net (fo=295, routed)         6.146    12.416    mnemonic_decoder/SR[0]
    SLICE_X8Y30          FDRE                                         r  mnemonic_decoder/mnemonic_d1_reg[7]/R
  -------------------------------------------------------------------    -------------------

                         (clock sys_clk_pin rise edge)
                                                      0.000     0.000 r  <hidden>
    E3                                                0.000     0.000 r  CLK100MHZ
                         net (fo=0)                   0.000     0.000    CLK100MHZ
    E3                   IBUF (Prop_ibuf_I_O)         1.411     1.411 r  CLK100MHZ_IBUF_inst/O
                         net (fo=1, routed)           1.920     3.331    CLK100MHZ_IBUF
    BUFGCTRL_X0Y16       BUFG (Prop_bufg_I_O)         0.091     3.422 r  CLK100MHZ_IBUF_BUFG_inst/O
                         net (fo=1408, routed)        1.681     5.103    mnemonic_decoder/CLK100MHZ_IBUF_BUFG
    SLICE_X8Y30          FDRE                                         r  mnemonic_decoder/mnemonic_d1_reg[7]/C

Slack:                    inf
  Source:                 reset_raw
                            (input port)
  Destination:            mnemonic_decoder/mnemonic_d1_reg[25]/R
                            (rising edge-triggered cell FDRE clocked by sys_clk_pin  {rise@0.000ns fall@5.000ns period=10.000ns})
  Path Group:             (none)
  Path Type:              Setup (Max at Slow Process Corner)
  Data Path Delay:        12.357ns  (logic 1.631ns (13.199%)  route 10.726ns (86.801%))
  Logic Levels:           2  (IBUF=1 LUT1=1)
  Clock Path Skew:        5.103ns (DCD - SCD + CPR)
    Destination Clock Delay (DCD):    5.103ns
    Source Clock Delay      (SCD):    0.000ns
    Clock Pessimism Removal (CPR):    0.000ns
  Clock Uncertainty:      0.025ns  ((TSJ^2 + TIJ^2)^1/2 + DJ) / 2 + PE
    Total System Jitter     (TSJ):    0.050ns
    Total Input Jitter      (TIJ):    0.000ns
    Discrete Jitter          (DJ):    0.000ns
    Phase Error              (PE):    0.000ns

    Location             Delay type                Incr(ns)  Path(ns)    Netlist Resource(s)
  -------------------------------------------------------------------    -------------------
    C12                                               0.000     0.000 f  reset_raw
                         net (fo=0)                   0.000     0.000    reset_raw
    C12                  IBUF (Prop_ibuf_I_O)         1.507     1.507 f  reset_raw_IBUF_inst/O
                         net (fo=4, routed)           4.639     6.146    execute/reset_raw_IBUF
    SLICE_X30Y58         LUT1 (Prop_lut1_I0_O)        0.124     6.270 r  execute/Rs1E[4]_i_1/O
                         net (fo=295, routed)         6.087    12.357    mnemonic_decoder/SR[0]
    SLICE_X8Y29          FDRE                                         r  mnemonic_decoder/mnemonic_d1_reg[25]/R
  -------------------------------------------------------------------    -------------------

                         (clock sys_clk_pin rise edge)
                                                      0.000     0.000 r  <hidden>
    E3                                                0.000     0.000 r  CLK100MHZ
                         net (fo=0)                   0.000     0.000    CLK100MHZ
    E3                   IBUF (Prop_ibuf_I_O)         1.411     1.411 r  CLK100MHZ_IBUF_inst/O
                         net (fo=1, routed)           1.920     3.331    CLK100MHZ_IBUF
    BUFGCTRL_X0Y16       BUFG (Prop_bufg_I_O)         0.091     3.422 r  CLK100MHZ_IBUF_BUFG_inst/O
                         net (fo=1408, routed)        1.681     5.103    mnemonic_decoder/CLK100MHZ_IBUF_BUFG
    SLICE_X8Y29          FDRE                                         r  mnemonic_decoder/mnemonic_d1_reg[25]/C

Slack:                    inf
  Source:                 reset_raw
                            (input port)
  Destination:            mnemonic_decoder/mnemonic_d1_reg[26]/R
                            (rising edge-triggered cell FDRE clocked by sys_clk_pin  {rise@0.000ns fall@5.000ns period=10.000ns})
  Path Group:             (none)
  Path Type:              Setup (Max at Slow Process Corner)
  Data Path Delay:        12.357ns  (logic 1.631ns (13.199%)  route 10.726ns (86.801%))
  Logic Levels:           2  (IBUF=1 LUT1=1)
  Clock Path Skew:        5.103ns (DCD - SCD + CPR)
    Destination Clock Delay (DCD):    5.103ns
    Source Clock Delay      (SCD):    0.000ns
    Clock Pessimism Removal (CPR):    0.000ns
  Clock Uncertainty:      0.025ns  ((TSJ^2 + TIJ^2)^1/2 + DJ) / 2 + PE
    Total System Jitter     (TSJ):    0.050ns
    Total Input Jitter      (TIJ):    0.000ns
    Discrete Jitter          (DJ):    0.000ns
    Phase Error              (PE):    0.000ns

    Location             Delay type                Incr(ns)  Path(ns)    Netlist Resource(s)
  -------------------------------------------------------------------    -------------------
    C12                                               0.000     0.000 f  reset_raw
                         net (fo=0)                   0.000     0.000    reset_raw
    C12                  IBUF (Prop_ibuf_I_O)         1.507     1.507 f  reset_raw_IBUF_inst/O
                         net (fo=4, routed)           4.639     6.146    execute/reset_raw_IBUF
    SLICE_X30Y58         LUT1 (Prop_lut1_I0_O)        0.124     6.270 r  execute/Rs1E[4]_i_1/O
                         net (fo=295, routed)         6.087    12.357    mnemonic_decoder/SR[0]
    SLICE_X8Y29          FDRE                                         r  mnemonic_decoder/mnemonic_d1_reg[26]/R
  -------------------------------------------------------------------    -------------------

                         (clock sys_clk_pin rise edge)
                                                      0.000     0.000 r  <hidden>
    E3                                                0.000     0.000 r  CLK100MHZ
                         net (fo=0)                   0.000     0.000    CLK100MHZ
    E3                   IBUF (Prop_ibuf_I_O)         1.411     1.411 r  CLK100MHZ_IBUF_inst/O
                         net (fo=1, routed)           1.920     3.331    CLK100MHZ_IBUF
    BUFGCTRL_X0Y16       BUFG (Prop_bufg_I_O)         0.091     3.422 r  CLK100MHZ_IBUF_BUFG_inst/O
                         net (fo=1408, routed)        1.681     5.103    mnemonic_decoder/CLK100MHZ_IBUF_BUFG
    SLICE_X8Y29          FDRE                                         r  mnemonic_decoder/mnemonic_d1_reg[26]/C

Slack:                    inf
  Source:                 reset_raw
                            (input port)
  Destination:            mnemonic_decoder/mnemonic_d1_reg[3]/R
                            (rising edge-triggered cell FDRE clocked by sys_clk_pin  {rise@0.000ns fall@5.000ns period=10.000ns})
  Path Group:             (none)
  Path Type:              Setup (Max at Slow Process Corner)
  Data Path Delay:        12.357ns  (logic 1.631ns (13.199%)  route 10.726ns (86.801%))
  Logic Levels:           2  (IBUF=1 LUT1=1)
  Clock Path Skew:        5.103ns (DCD - SCD + CPR)
    Destination Clock Delay (DCD):    5.103ns
    Source Clock Delay      (SCD):    0.000ns
    Clock Pessimism Removal (CPR):    0.000ns
  Clock Uncertainty:      0.025ns  ((TSJ^2 + TIJ^2)^1/2 + DJ) / 2 + PE
    Total System Jitter     (TSJ):    0.050ns
    Total Input Jitter      (TIJ):    0.000ns
    Discrete Jitter          (DJ):    0.000ns
    Phase Error              (PE):    0.000ns

    Location             Delay type                Incr(ns)  Path(ns)    Netlist Resource(s)
  -------------------------------------------------------------------    -------------------
    C12                                               0.000     0.000 f  reset_raw
                         net (fo=0)                   0.000     0.000    reset_raw
    C12                  IBUF (Prop_ibuf_I_O)         1.507     1.507 f  reset_raw_IBUF_inst/O
                         net (fo=4, routed)           4.639     6.146    execute/reset_raw_IBUF
    SLICE_X30Y58         LUT1 (Prop_lut1_I0_O)        0.124     6.270 r  execute/Rs1E[4]_i_1/O
                         net (fo=295, routed)         6.087    12.357    mnemonic_decoder/SR[0]
    SLICE_X8Y29          FDRE                                         r  mnemonic_decoder/mnemonic_d1_reg[3]/R
  -------------------------------------------------------------------    -------------------

                         (clock sys_clk_pin rise edge)
                                                      0.000     0.000 r  <hidden>
    E3                                                0.000     0.000 r  CLK100MHZ
                         net (fo=0)                   0.000     0.000    CLK100MHZ
    E3                   IBUF (Prop_ibuf_I_O)         1.411     1.411 r  CLK100MHZ_IBUF_inst/O
                         net (fo=1, routed)           1.920     3.331    CLK100MHZ_IBUF
    BUFGCTRL_X0Y16       BUFG (Prop_bufg_I_O)         0.091     3.422 r  CLK100MHZ_IBUF_BUFG_inst/O
                         net (fo=1408, routed)        1.681     5.103    mnemonic_decoder/CLK100MHZ_IBUF_BUFG
    SLICE_X8Y29          FDRE                                         r  mnemonic_decoder/mnemonic_d1_reg[3]/C





Min Delay Paths
--------------------------------------------------------------------------------------
Slack:                    inf
  Source:                 keyboard/key_valid_reg/C
                            (rising edge-triggered cell FDRE)
  Destination:            UART_tx/send_in_reg/D
                            (rising edge-triggered cell FDRE clocked by sys_clk_pin  {rise@0.000ns fall@5.000ns period=10.000ns})
  Path Group:             (none)
  Path Type:              Hold (Min at Fast Process Corner)
  Data Path Delay:        0.281ns  (logic 0.141ns (50.193%)  route 0.140ns (49.807%))
  Logic Levels:           1  (FDRE=1)
  Clock Uncertainty:      0.025ns  ((TSJ^2 + TIJ^2)^1/2 + DJ) / 2 + PE
    Total System Jitter     (TSJ):    0.050ns
    Total Input Jitter      (TIJ):    0.000ns
    Discrete Jitter          (DJ):    0.000ns
    Phase Error              (PE):    0.000ns

    Location             Delay type                Incr(ns)  Path(ns)    Netlist Resource(s)
  -------------------------------------------------------------------    -------------------
    SLICE_X86Y134        FDRE                         0.000     0.000 r  keyboard/key_valid_reg/C
    SLICE_X86Y134        FDRE (Prop_fdre_C_Q)         0.141     0.141 r  keyboard/key_valid_reg/Q
                         net (fo=4, routed)           0.140     0.281    UART_tx/key_valid
    SLICE_X84Y134        FDRE                                         r  UART_tx/send_in_reg/D
  -------------------------------------------------------------------    -------------------

                         (clock sys_clk_pin rise edge)
                                                      0.000     0.000 r  <hidden>
    E3                                                0.000     0.000 r  CLK100MHZ
                         net (fo=0)                   0.000     0.000    CLK100MHZ
    E3                   IBUF (Prop_ibuf_I_O)         0.438     0.438 r  CLK100MHZ_IBUF_inst/O
                         net (fo=1, routed)           0.699     1.136    CLK100MHZ_IBUF
    BUFGCTRL_X0Y16       BUFG (Prop_bufg_I_O)         0.029     1.165 r  CLK100MHZ_IBUF_BUFG_inst/O
                         net (fo=1408, routed)        0.866     2.031    UART_tx/CLK100MHZ_IBUF_BUFG
    SLICE_X84Y134        FDRE                                         r  UART_tx/send_in_reg/C

Slack:                    inf
  Source:                 keyboard/key_valid_reg/C
                            (rising edge-triggered cell FDRE)
  Destination:            UART_tx/state_reg[0]/D
                            (rising edge-triggered cell FDRE clocked by sys_clk_pin  {rise@0.000ns fall@5.000ns period=10.000ns})
  Path Group:             (none)
  Path Type:              Hold (Min at Fast Process Corner)
  Data Path Delay:        0.410ns  (logic 0.186ns (45.375%)  route 0.224ns (54.625%))
  Logic Levels:           2  (FDRE=1 LUT6=1)
  Clock Uncertainty:      0.025ns  ((TSJ^2 + TIJ^2)^1/2 + DJ) / 2 + PE
    Total System Jitter     (TSJ):    0.050ns
    Total Input Jitter      (TIJ):    0.000ns
    Discrete Jitter          (DJ):    0.000ns
    Phase Error              (PE):    0.000ns

    Location             Delay type                Incr(ns)  Path(ns)    Netlist Resource(s)
  -------------------------------------------------------------------    -------------------
    SLICE_X86Y134        FDRE                         0.000     0.000 r  keyboard/key_valid_reg/C
    SLICE_X86Y134        FDRE (Prop_fdre_C_Q)         0.141     0.141 r  keyboard/key_valid_reg/Q
                         net (fo=4, routed)           0.224     0.365    UART_tx/key_valid
    SLICE_X84Y134        LUT6 (Prop_lut6_I2_O)        0.045     0.410 r  UART_tx/state[0]_i_1/O
                         net (fo=1, routed)           0.000     0.410    UART_tx/state[0]_i_1_n_0
    SLICE_X84Y134        FDRE                                         r  UART_tx/state_reg[0]/D
  -------------------------------------------------------------------    -------------------

                         (clock sys_clk_pin rise edge)
                                                      0.000     0.000 r  <hidden>
    E3                                                0.000     0.000 r  CLK100MHZ
                         net (fo=0)                   0.000     0.000    CLK100MHZ
    E3                   IBUF (Prop_ibuf_I_O)         0.438     0.438 r  CLK100MHZ_IBUF_inst/O
                         net (fo=1, routed)           0.699     1.136    CLK100MHZ_IBUF
    BUFGCTRL_X0Y16       BUFG (Prop_bufg_I_O)         0.029     1.165 r  CLK100MHZ_IBUF_BUFG_inst/O
                         net (fo=1408, routed)        0.866     2.031    UART_tx/CLK100MHZ_IBUF_BUFG
    SLICE_X84Y134        FDRE                                         r  UART_tx/state_reg[0]/C

Slack:                    inf
  Source:                 keyboard/keycode_reg[6]/C
                            (rising edge-triggered cell FDRE)
  Destination:            UART_tx/shift_reg_reg[0]/D
                            (rising edge-triggered cell FDRE clocked by sys_clk_pin  {rise@0.000ns fall@5.000ns period=10.000ns})
  Path Group:             (none)
  Path Type:              Hold (Min at Fast Process Corner)
  Data Path Delay:        0.424ns  (logic 0.249ns (58.742%)  route 0.175ns (41.258%))
  Logic Levels:           2  (FDRE=1 MUXF7=1)
  Clock Uncertainty:      0.025ns  ((TSJ^2 + TIJ^2)^1/2 + DJ) / 2 + PE
    Total System Jitter     (TSJ):    0.050ns
    Total Input Jitter      (TIJ):    0.000ns
    Discrete Jitter          (DJ):    0.000ns
    Phase Error              (PE):    0.000ns

    Location             Delay type                Incr(ns)  Path(ns)    Netlist Resource(s)
  -------------------------------------------------------------------    -------------------
    SLICE_X88Y133        FDRE                         0.000     0.000 r  keyboard/keycode_reg[6]/C
    SLICE_X88Y133        FDRE (Prop_fdre_C_Q)         0.164     0.164 r  keyboard/keycode_reg[6]/Q
                         net (fo=7, routed)           0.175     0.339    ascii/keycodeout[0]
    SLICE_X87Y132        MUXF7 (Prop_muxf7_S_O)       0.085     0.424 r  ascii/shift_reg_reg[0]_i_1/O
                         net (fo=1, routed)           0.000     0.424    UART_tx/shift_reg_reg[0]_0
    SLICE_X87Y132        FDRE                                         r  UART_tx/shift_reg_reg[0]/D
  -------------------------------------------------------------------    -------------------

                         (clock sys_clk_pin rise edge)
                                                      0.000     0.000 r  <hidden>
    E3                                                0.000     0.000 r  CLK100MHZ
                         net (fo=0)                   0.000     0.000    CLK100MHZ
    E3                   IBUF (Prop_ibuf_I_O)         0.438     0.438 r  CLK100MHZ_IBUF_inst/O
                         net (fo=1, routed)           0.699     1.136    CLK100MHZ_IBUF
    BUFGCTRL_X0Y16       BUFG (Prop_bufg_I_O)         0.029     1.165 r  CLK100MHZ_IBUF_BUFG_inst/O
                         net (fo=1408, routed)        0.864     2.030    UART_tx/CLK100MHZ_IBUF_BUFG
    SLICE_X87Y132        FDRE                                         r  UART_tx/shift_reg_reg[0]/C

Slack:                    inf
  Source:                 keyboard/keycode_reg[3]/C
                            (rising edge-triggered cell FDRE)
  Destination:            UART_tx/shift_reg_reg[2]/D
                            (rising edge-triggered cell FDRE clocked by sys_clk_pin  {rise@0.000ns fall@5.000ns period=10.000ns})
  Path Group:             (none)
  Path Type:              Hold (Min at Fast Process Corner)
  Data Path Delay:        0.430ns  (logic 0.257ns (59.827%)  route 0.173ns (40.173%))
  Logic Levels:           3  (FDRE=1 LUT6=1 MUXF7=1)
  Clock Uncertainty:      0.025ns  ((TSJ^2 + TIJ^2)^1/2 + DJ) / 2 + PE
    Total System Jitter     (TSJ):    0.050ns
    Total Input Jitter      (TIJ):    0.000ns
    Discrete Jitter          (DJ):    0.000ns
    Phase Error              (PE):    0.000ns

    Location             Delay type                Incr(ns)  Path(ns)    Netlist Resource(s)
  -------------------------------------------------------------------    -------------------
    SLICE_X86Y134        FDRE                         0.000     0.000 r  keyboard/keycode_reg[3]/C
    SLICE_X86Y134        FDRE (Prop_fdre_C_Q)         0.141     0.141 r  keyboard/keycode_reg[3]/Q
                         net (fo=14, routed)          0.173     0.314    keyboard/keycode[3]
    SLICE_X87Y132        LUT6 (Prop_lut6_I3_O)        0.045     0.359 r  keyboard/g0_b2/O
                         net (fo=1, routed)           0.000     0.359    ascii/shift_reg_reg[2]
    SLICE_X87Y132        MUXF7 (Prop_muxf7_I0_O)      0.071     0.430 r  ascii/shift_reg_reg[2]_i_1/O
                         net (fo=1, routed)           0.000     0.430    UART_tx/shift_reg_reg[2]_0
    SLICE_X87Y132        FDRE                                         r  UART_tx/shift_reg_reg[2]/D
  -------------------------------------------------------------------    -------------------

                         (clock sys_clk_pin rise edge)
                                                      0.000     0.000 r  <hidden>
    E3                                                0.000     0.000 r  CLK100MHZ
                         net (fo=0)                   0.000     0.000    CLK100MHZ
    E3                   IBUF (Prop_ibuf_I_O)         0.438     0.438 r  CLK100MHZ_IBUF_inst/O
                         net (fo=1, routed)           0.699     1.136    CLK100MHZ_IBUF
    BUFGCTRL_X0Y16       BUFG (Prop_bufg_I_O)         0.029     1.165 r  CLK100MHZ_IBUF_BUFG_inst/O
                         net (fo=1408, routed)        0.864     2.030    UART_tx/CLK100MHZ_IBUF_BUFG
    SLICE_X87Y132        FDRE                                         r  UART_tx/shift_reg_reg[2]/C

Slack:                    inf
  Source:                 keyboard/keycode_reg[6]/C
                            (rising edge-triggered cell FDRE)
  Destination:            UART_tx/shift_reg_reg[6]/D
                            (rising edge-triggered cell FDRE clocked by sys_clk_pin  {rise@0.000ns fall@5.000ns period=10.000ns})
  Path Group:             (none)
  Path Type:              Hold (Min at Fast Process Corner)
  Data Path Delay:        0.430ns  (logic 0.249ns (57.941%)  route 0.181ns (42.059%))
  Logic Levels:           2  (FDRE=1 MUXF7=1)
  Clock Uncertainty:      0.025ns  ((TSJ^2 + TIJ^2)^1/2 + DJ) / 2 + PE
    Total System Jitter     (TSJ):    0.050ns
    Total Input Jitter      (TIJ):    0.000ns
    Discrete Jitter          (DJ):    0.000ns
    Phase Error              (PE):    0.000ns

    Location             Delay type                Incr(ns)  Path(ns)    Netlist Resource(s)
  -------------------------------------------------------------------    -------------------
    SLICE_X88Y133        FDRE                         0.000     0.000 r  keyboard/keycode_reg[6]/C
    SLICE_X88Y133        FDRE (Prop_fdre_C_Q)         0.164     0.164 r  keyboard/keycode_reg[6]/Q
                         net (fo=7, routed)           0.181     0.345    ascii/keycodeout[0]
    SLICE_X86Y132        MUXF7 (Prop_muxf7_S_O)       0.085     0.430 r  ascii/shift_reg_reg[6]_i_3/O
                         net (fo=1, routed)           0.000     0.430    UART_tx/shift_reg_reg[6]_0
    SLICE_X86Y132        FDRE                                         r  UART_tx/shift_reg_reg[6]/D
  -------------------------------------------------------------------    -------------------

                         (clock sys_clk_pin rise edge)
                                                      0.000     0.000 r  <hidden>
    E3                                                0.000     0.000 r  CLK100MHZ
                         net (fo=0)                   0.000     0.000    CLK100MHZ
    E3                   IBUF (Prop_ibuf_I_O)         0.438     0.438 r  CLK100MHZ_IBUF_inst/O
                         net (fo=1, routed)           0.699     1.136    CLK100MHZ_IBUF
    BUFGCTRL_X0Y16       BUFG (Prop_bufg_I_O)         0.029     1.165 r  CLK100MHZ_IBUF_BUFG_inst/O
                         net (fo=1408, routed)        0.864     2.030    UART_tx/CLK100MHZ_IBUF_BUFG
    SLICE_X86Y132        FDRE                                         r  UART_tx/shift_reg_reg[6]/C

Slack:                    inf
  Source:                 keyboard/keycode_reg[6]/C
                            (rising edge-triggered cell FDRE)
  Destination:            UART_tx/shift_reg_reg[5]/D
                            (rising edge-triggered cell FDRE clocked by sys_clk_pin  {rise@0.000ns fall@5.000ns period=10.000ns})
  Path Group:             (none)
  Path Type:              Hold (Min at Fast Process Corner)
  Data Path Delay:        0.500ns  (logic 0.257ns (51.438%)  route 0.243ns (48.562%))
  Logic Levels:           2  (FDRE=1 MUXF7=1)
  Clock Uncertainty:      0.025ns  ((TSJ^2 + TIJ^2)^1/2 + DJ) / 2 + PE
    Total System Jitter     (TSJ):    0.050ns
    Total Input Jitter      (TIJ):    0.000ns
    Discrete Jitter          (DJ):    0.000ns
    Phase Error              (PE):    0.000ns

    Location             Delay type                Incr(ns)  Path(ns)    Netlist Resource(s)
  -------------------------------------------------------------------    -------------------
    SLICE_X88Y133        FDRE                         0.000     0.000 r  keyboard/keycode_reg[6]/C
    SLICE_X88Y133        FDRE (Prop_fdre_C_Q)         0.164     0.164 r  keyboard/keycode_reg[6]/Q
                         net (fo=7, routed)           0.243     0.407    ascii/keycodeout[0]
    SLICE_X86Y131        MUXF7 (Prop_muxf7_S_O)       0.093     0.500 r  ascii/shift_reg_reg[5]_i_1/O
                         net (fo=1, routed)           0.000     0.500    UART_tx/shift_reg_reg[5]_0
    SLICE_X86Y131        FDRE                                         r  UART_tx/shift_reg_reg[5]/D
  -------------------------------------------------------------------    -------------------

                         (clock sys_clk_pin rise edge)
                                                      0.000     0.000 r  <hidden>
    E3                                                0.000     0.000 r  CLK100MHZ
                         net (fo=0)                   0.000     0.000    CLK100MHZ
    E3                   IBUF (Prop_ibuf_I_O)         0.438     0.438 r  CLK100MHZ_IBUF_inst/O
                         net (fo=1, routed)           0.699     1.136    CLK100MHZ_IBUF
    BUFGCTRL_X0Y16       BUFG (Prop_bufg_I_O)         0.029     1.165 r  CLK100MHZ_IBUF_BUFG_inst/O
                         net (fo=1408, routed)        0.863     2.029    UART_tx/CLK100MHZ_IBUF_BUFG
    SLICE_X86Y131        FDRE                                         r  UART_tx/shift_reg_reg[5]/C

Slack:                    inf
  Source:                 keyboard/keycode_reg[4]/C
                            (rising edge-triggered cell FDRE)
  Destination:            UART_tx/shift_reg_reg[4]/D
                            (rising edge-triggered cell FDRE clocked by sys_clk_pin  {rise@0.000ns fall@5.000ns period=10.000ns})
  Path Group:             (none)
  Path Type:              Hold (Min at Fast Process Corner)
  Data Path Delay:        0.529ns  (logic 0.288ns (54.451%)  route 0.241ns (45.549%))
  Logic Levels:           3  (FDRE=1 LUT6=1 MUXF7=1)
  Clock Uncertainty:      0.025ns  ((TSJ^2 + TIJ^2)^1/2 + DJ) / 2 + PE
    Total System Jitter     (TSJ):    0.050ns
    Total Input Jitter      (TIJ):    0.000ns
    Discrete Jitter          (DJ):    0.000ns
    Phase Error              (PE):    0.000ns

    Location             Delay type                Incr(ns)  Path(ns)    Netlist Resource(s)
  -------------------------------------------------------------------    -------------------
    SLICE_X86Y134        FDRE                         0.000     0.000 r  keyboard/keycode_reg[4]/C
    SLICE_X86Y134        FDRE (Prop_fdre_C_Q)         0.128     0.128 r  keyboard/keycode_reg[4]/Q
                         net (fo=14, routed)          0.241     0.369    keyboard/keycode[4]
    SLICE_X86Y131        LUT6 (Prop_lut6_I4_O)        0.098     0.467 r  keyboard/g0_b4/O
                         net (fo=1, routed)           0.000     0.467    ascii/shift_reg_reg[4]
    SLICE_X86Y131        MUXF7 (Prop_muxf7_I0_O)      0.062     0.529 r  ascii/shift_reg_reg[4]_i_1/O
                         net (fo=1, routed)           0.000     0.529    UART_tx/shift_reg_reg[4]_0
    SLICE_X86Y131        FDRE                                         r  UART_tx/shift_reg_reg[4]/D
  -------------------------------------------------------------------    -------------------

                         (clock sys_clk_pin rise edge)
                                                      0.000     0.000 r  <hidden>
    E3                                                0.000     0.000 r  CLK100MHZ
                         net (fo=0)                   0.000     0.000    CLK100MHZ
    E3                   IBUF (Prop_ibuf_I_O)         0.438     0.438 r  CLK100MHZ_IBUF_inst/O
                         net (fo=1, routed)           0.699     1.136    CLK100MHZ_IBUF
    BUFGCTRL_X0Y16       BUFG (Prop_bufg_I_O)         0.029     1.165 r  CLK100MHZ_IBUF_BUFG_inst/O
                         net (fo=1408, routed)        0.863     2.029    UART_tx/CLK100MHZ_IBUF_BUFG
    SLICE_X86Y131        FDRE                                         r  UART_tx/shift_reg_reg[4]/C

Slack:                    inf
  Source:                 keyboard/keycode_reg[5]/C
                            (rising edge-triggered cell FDRE)
  Destination:            UART_tx/shift_reg_reg[1]/D
                            (rising edge-triggered cell FDRE clocked by sys_clk_pin  {rise@0.000ns fall@5.000ns period=10.000ns})
  Path Group:             (none)
  Path Type:              Hold (Min at Fast Process Corner)
  Data Path Delay:        0.538ns  (logic 0.271ns (50.366%)  route 0.267ns (49.634%))
  Logic Levels:           3  (FDRE=1 LUT6=1 MUXF7=1)
  Clock Uncertainty:      0.025ns  ((TSJ^2 + TIJ^2)^1/2 + DJ) / 2 + PE
    Total System Jitter     (TSJ):    0.050ns
    Total Input Jitter      (TIJ):    0.000ns
    Discrete Jitter          (DJ):    0.000ns
    Phase Error              (PE):    0.000ns

    Location             Delay type                Incr(ns)  Path(ns)    Netlist Resource(s)
  -------------------------------------------------------------------    -------------------
    SLICE_X88Y133        FDRE                         0.000     0.000 r  keyboard/keycode_reg[5]/C
    SLICE_X88Y133        FDRE (Prop_fdre_C_Q)         0.164     0.164 r  keyboard/keycode_reg[5]/Q
                         net (fo=14, routed)          0.267     0.431    keyboard/keycode[5]
    SLICE_X87Y131        LUT6 (Prop_lut6_I5_O)        0.045     0.476 r  keyboard/g0_b1/O
                         net (fo=1, routed)           0.000     0.476    ascii/shift_reg_reg[1]
    SLICE_X87Y131        MUXF7 (Prop_muxf7_I0_O)      0.062     0.538 r  ascii/shift_reg_reg[1]_i_1/O
                         net (fo=1, routed)           0.000     0.538    UART_tx/shift_reg_reg[1]_0
    SLICE_X87Y131        FDRE                                         r  UART_tx/shift_reg_reg[1]/D
  -------------------------------------------------------------------    -------------------

                         (clock sys_clk_pin rise edge)
                                                      0.000     0.000 r  <hidden>
    E3                                                0.000     0.000 r  CLK100MHZ
                         net (fo=0)                   0.000     0.000    CLK100MHZ
    E3                   IBUF (Prop_ibuf_I_O)         0.438     0.438 r  CLK100MHZ_IBUF_inst/O
                         net (fo=1, routed)           0.699     1.136    CLK100MHZ_IBUF
    BUFGCTRL_X0Y16       BUFG (Prop_bufg_I_O)         0.029     1.165 r  CLK100MHZ_IBUF_BUFG_inst/O
                         net (fo=1408, routed)        0.863     2.029    UART_tx/CLK100MHZ_IBUF_BUFG
    SLICE_X87Y131        FDRE                                         r  UART_tx/shift_reg_reg[1]/C

Slack:                    inf
  Source:                 keyboard/keycode_reg[4]/C
                            (rising edge-triggered cell FDRE)
  Destination:            UART_tx/shift_reg_reg[3]/D
                            (rising edge-triggered cell FDRE clocked by sys_clk_pin  {rise@0.000ns fall@5.000ns period=10.000ns})
  Path Group:             (none)
  Path Type:              Hold (Min at Fast Process Corner)
  Data Path Delay:        0.571ns  (logic 0.297ns (52.004%)  route 0.274ns (47.996%))
  Logic Levels:           3  (FDRE=1 LUT6=1 MUXF7=1)
  Clock Uncertainty:      0.025ns  ((TSJ^2 + TIJ^2)^1/2 + DJ) / 2 + PE
    Total System Jitter     (TSJ):    0.050ns
    Total Input Jitter      (TIJ):    0.000ns
    Discrete Jitter          (DJ):    0.000ns
    Phase Error              (PE):    0.000ns

    Location             Delay type                Incr(ns)  Path(ns)    Netlist Resource(s)
  -------------------------------------------------------------------    -------------------
    SLICE_X86Y134        FDRE                         0.000     0.000 r  keyboard/keycode_reg[4]/C
    SLICE_X86Y134        FDRE (Prop_fdre_C_Q)         0.128     0.128 r  keyboard/keycode_reg[4]/Q
                         net (fo=14, routed)          0.274     0.402    keyboard/keycode[4]
    SLICE_X87Y131        LUT6 (Prop_lut6_I4_O)        0.098     0.500 r  keyboard/g0_b3/O
                         net (fo=1, routed)           0.000     0.500    ascii/shift_reg_reg[3]
    SLICE_X87Y131        MUXF7 (Prop_muxf7_I0_O)      0.071     0.571 r  ascii/shift_reg_reg[3]_i_1/O
                         net (fo=1, routed)           0.000     0.571    UART_tx/shift_reg_reg[3]_0
    SLICE_X87Y131        FDRE                                         r  UART_tx/shift_reg_reg[3]/D
  -------------------------------------------------------------------    -------------------

                         (clock sys_clk_pin rise edge)
                                                      0.000     0.000 r  <hidden>
    E3                                                0.000     0.000 r  CLK100MHZ
                         net (fo=0)                   0.000     0.000    CLK100MHZ
    E3                   IBUF (Prop_ibuf_I_O)         0.438     0.438 r  CLK100MHZ_IBUF_inst/O
                         net (fo=1, routed)           0.699     1.136    CLK100MHZ_IBUF
    BUFGCTRL_X0Y16       BUFG (Prop_bufg_I_O)         0.029     1.165 r  CLK100MHZ_IBUF_BUFG_inst/O
                         net (fo=1408, routed)        0.863     2.029    UART_tx/CLK100MHZ_IBUF_BUFG
    SLICE_X87Y131        FDRE                                         r  UART_tx/shift_reg_reg[3]/C

Slack:                    inf
  Source:                 keyboard/keycode_reg[7]/C
                            (rising edge-triggered cell FDRE)
  Destination:            UART_tx/shift_reg_reg[0]/R
                            (rising edge-triggered cell FDRE clocked by sys_clk_pin  {rise@0.000ns fall@5.000ns period=10.000ns})
  Path Group:             (none)
  Path Type:              Hold (Min at Fast Process Corner)
  Data Path Delay:        0.630ns  (logic 0.226ns (35.882%)  route 0.404ns (64.118%))
  Logic Levels:           2  (FDRE=1 LUT6=1)
  Clock Uncertainty:      0.025ns  ((TSJ^2 + TIJ^2)^1/2 + DJ) / 2 + PE
    Total System Jitter     (TSJ):    0.050ns
    Total Input Jitter      (TIJ):    0.000ns
    Discrete Jitter          (DJ):    0.000ns
    Phase Error              (PE):    0.000ns

    Location             Delay type                Incr(ns)  Path(ns)    Netlist Resource(s)
  -------------------------------------------------------------------    -------------------
    SLICE_X86Y134        FDRE                         0.000     0.000 r  keyboard/keycode_reg[7]/C
    SLICE_X86Y134        FDRE (Prop_fdre_C_Q)         0.128     0.128 r  keyboard/keycode_reg[7]/Q
                         net (fo=1, routed)           0.206     0.334    UART_tx/keycodeout[0]
    SLICE_X84Y134        LUT6 (Prop_lut6_I0_O)        0.098     0.432 r  UART_tx/shift_reg[6]_i_1/O
                         net (fo=7, routed)           0.198     0.630    UART_tx/shift_reg[6]_i_1_n_0
    SLICE_X87Y132        FDRE                                         r  UART_tx/shift_reg_reg[0]/R
  -------------------------------------------------------------------    -------------------

                         (clock sys_clk_pin rise edge)
                                                      0.000     0.000 r  <hidden>
    E3                                                0.000     0.000 r  CLK100MHZ
                         net (fo=0)                   0.000     0.000    CLK100MHZ
    E3                   IBUF (Prop_ibuf_I_O)         0.438     0.438 r  CLK100MHZ_IBUF_inst/O
                         net (fo=1, routed)           0.699     1.136    CLK100MHZ_IBUF
    BUFGCTRL_X0Y16       BUFG (Prop_bufg_I_O)         0.029     1.165 r  CLK100MHZ_IBUF_BUFG_inst/O
                         net (fo=1408, routed)        0.864     2.030    UART_tx/CLK100MHZ_IBUF_BUFG
    SLICE_X87Y132        FDRE                                         r  UART_tx/shift_reg_reg[0]/C





