Copyright 1986-2022 Xilinx, Inc. All Rights Reserved. Copyright 2022-2026 Advanced Micro Devices, Inc. All Rights Reserved.
------------------------------------------------------------------------------------------------------------------------------------------------------------------------------------------------------------------------------------------------------------------
| Tool Version : Vivado v.2026.1 (win64) Build 6511674 Tue Jun 16 11:02:23 MDT 2026
| Date         : Thu Aug 20 15:08:41 2026
| Host         : LAPTOP-64BO2FPL running 64-bit major release  (build 9200)
| Command      : report_timing_summary -max_paths 10 -routable_nets -report_unconstrained -file top_unit_pipelined_timing_summary_routed.rpt -pb top_unit_pipelined_timing_summary_routed.pb -rpx top_unit_pipelined_timing_summary_routed.rpx -warn_on_violation
| Design       : top_unit_pipelined
| Device       : 7a100t-csg324
| Speed File   : -1  PRODUCTION 1.23 2018-06-13
| Design State : Routed
------------------------------------------------------------------------------------------------------------------------------------------------------------------------------------------------------------------------------------------------------------------

Timing Summary Report

------------------------------------------------------------------------------------------------
| Timer Settings
| --------------
------------------------------------------------------------------------------------------------

  Enable Multi Corner Analysis               :  Yes
  Enable Pessimism Removal                   :  Yes
  Pessimism Removal Resolution               :  Nearest Common Node
  Enable Input Delay Default Clock           :  No
  Enable Preset / Clear Arcs                 :  No
  Disable Flight Delays                      :  No
  Ignore I/O Paths                           :  No
  Timing Early Launch at Borrowing Latches   :  No
  Borrow Time for Max Delay Exceptions       :  Yes
  Merge Timing Exceptions                    :  Yes
  Inter-SLR Compensation                     :  Conservative

  Corner  Analyze    Analyze    
  Name    Max Paths  Min Paths  
  ------  ---------  ---------  
  Slow    Yes        Yes        
  Fast    Yes        Yes        


------------------------------------------------------------------------------------------------
| Report Methodology
| ------------------
------------------------------------------------------------------------------------------------

Rule       Severity  Description                                                Violations  
---------  --------  ---------------------------------------------------------  ----------  
SYNTH-5    Warning   Mapped onto distributed RAM because of timing constraints  128         
TIMING-18  Warning   Missing input or output delay                              25          

Note: This report is based on the most recent report_methodology run and may not be up-to-date. Run report_methodology on the current design for the latest report.



check_timing report

Table of Contents
-----------------
1. checking no_clock (0)
2. checking constant_clock (0)
3. checking pulse_width_clock (0)
4. checking unconstrained_internal_endpoints (0)
5. checking no_input_delay (2)
6. checking no_output_delay (23)
7. checking multiple_clock (0)
8. checking generated_clocks (0)
9. checking loops (0)
10. checking partial_input_delay (0)
11. checking partial_output_delay (0)
12. checking latch_loops (0)

1. checking no_clock (0)
------------------------
 There are 0 register/latch pins with no clock.


2. checking constant_clock (0)
------------------------------
 There are 0 register/latch pins with constant_clock.


3. checking pulse_width_clock (0)
---------------------------------
 There are 0 register/latch pins which need pulse_width check


4. checking unconstrained_internal_endpoints (0)
------------------------------------------------
 There are 0 pins that are not constrained for maximum delay.

 There are 0 pins that are not constrained for maximum delay due to constant clock.


5. checking no_input_delay (2)
------------------------------
 There are 2 input ports with no input delay specified. (HIGH)

 There are 0 input ports with no input delay but user has a false path constraint.


6. checking no_output_delay (23)
--------------------------------
 There are 23 ports with no output delay specified. (HIGH)

 There are 0 ports with no output delay but user has a false path constraint

 There are 0 ports with no output delay but with a timing clock defined on it or propagating through it


7. checking multiple_clock (0)
------------------------------
 There are 0 register/latch pins with multiple clocks.


8. checking generated_clocks (0)
--------------------------------
 There are 0 generated clocks that are not connected to a clock source.


9. checking loops (0)
---------------------
 There are 0 combinational loops in the design.


10. checking partial_input_delay (0)
------------------------------------
 There are 0 input ports with partial input delay specified.


11. checking partial_output_delay (0)
-------------------------------------
 There are 0 ports with partial output delay specified.


12. checking latch_loops (0)
----------------------------
 There are 0 combinational latch loops in the design through latch input



------------------------------------------------------------------------------------------------
| Design Timing Summary
| ---------------------
------------------------------------------------------------------------------------------------

    WNS(ns)      TNS(ns)  TNS Failing Endpoints  TNS Total Endpoints      WHS(ns)      THS(ns)  THS Failing Endpoints  THS Total Endpoints     WPWS(ns)     TPWS(ns)  TPWS Failing Endpoints  TPWS Total Endpoints  
    -------      -------  ---------------------  -------------------      -------      -------  ---------------------  -------------------     --------     --------  ----------------------  --------------------  
      5.726        0.000                      0                 7382        0.106        0.000                      0                 7382        3.750        0.000                       0                  1510  


All user specified timing constraints are met.


------------------------------------------------------------------------------------------------
| Clock Summary
| -------------
------------------------------------------------------------------------------------------------

Clock        Waveform(ns)       Period(ns)      Frequency(MHz)
-----        ------------       ----------      --------------
sys_clk_pin  {0.000 5.000}      50.000          20.000          


------------------------------------------------------------------------------------------------
| Intra Clock Table
| -----------------
------------------------------------------------------------------------------------------------

Clock             WNS(ns)      TNS(ns)  TNS Failing Endpoints  TNS Total Endpoints      WHS(ns)      THS(ns)  THS Failing Endpoints  THS Total Endpoints     WPWS(ns)     TPWS(ns)  TPWS Failing Endpoints  TPWS Total Endpoints  
-----             -------      -------  ---------------------  -------------------      -------      -------  ---------------------  -------------------     --------     --------  ----------------------  --------------------  
sys_clk_pin         5.726        0.000                      0                 7382        0.106        0.000                      0                 7382        3.750        0.000                       0                  1510  


------------------------------------------------------------------------------------------------
| Inter Clock Table
| -----------------
------------------------------------------------------------------------------------------------

From Clock    To Clock          WNS(ns)      TNS(ns)  TNS Failing Endpoints  TNS Total Endpoints      WHS(ns)      THS(ns)  THS Failing Endpoints  THS Total Endpoints  
----------    --------          -------      -------  ---------------------  -------------------      -------      -------  ---------------------  -------------------  


------------------------------------------------------------------------------------------------
| Other Path Groups Table
| -----------------------
------------------------------------------------------------------------------------------------

Path Group    From Clock    To Clock          WNS(ns)      TNS(ns)  TNS Failing Endpoints  TNS Total Endpoints      WHS(ns)      THS(ns)  THS Failing Endpoints  THS Total Endpoints  
----------    ----------    --------          -------      -------  ---------------------  -------------------      -------      -------  ---------------------  -------------------  


------------------------------------------------------------------------------------------------
| User Ignored Path Table
| -----------------------
------------------------------------------------------------------------------------------------

Path Group    From Clock    To Clock    
----------    ----------    --------    


------------------------------------------------------------------------------------------------
| Unconstrained Path Table
| ------------------------
------------------------------------------------------------------------------------------------

Path Group    From Clock    To Clock    
----------    ----------    --------    
(none)        sys_clk_pin                 
(none)                      sys_clk_pin   


------------------------------------------------------------------------------------------------
| Timing Details
| --------------
------------------------------------------------------------------------------------------------


---------------------------------------------------------------------------------------------------
From Clock:  sys_clk_pin
  To Clock:  sys_clk_pin

Setup :            0  Failing Endpoints,  Worst Slack        5.726ns,  Total Violation        0.000ns
Hold  :            0  Failing Endpoints,  Worst Slack        0.106ns,  Total Violation        0.000ns
PW    :            0  Failing Endpoints,  Worst Slack        3.750ns,  Total Violation        0.000ns
---------------------------------------------------------------------------------------------------


Max Delay Paths
--------------------------------------------------------------------------------------
Slack (MET) :             5.726ns  (required time - arrival time)
  Source:                 tokenizer/token3_reg[93]/C
                            (rising edge-triggered cell FDSE clocked by sys_clk_pin  {rise@0.000ns fall@5.000ns period=50.000ns})
  Destination:            operand_interpreter/imm_reg[31]/D
                            (rising edge-triggered cell FDRE clocked by sys_clk_pin  {rise@0.000ns fall@5.000ns period=50.000ns})
  Path Group:             sys_clk_pin
  Path Type:              Setup (Max at Slow Process Corner)
  Requirement:            50.000ns  (sys_clk_pin rise@50.000ns - sys_clk_pin rise@0.000ns)
  Data Path Delay:        44.223ns  (logic 19.763ns (44.690%)  route 24.460ns (55.310%))
  Logic Levels:           63  (CARRY4=29 LUT2=11 LUT3=4 LUT4=8 LUT5=3 LUT6=8)
  Clock Path Skew:        -0.047ns (DCD - SCD + CPR)
    Destination Clock Delay (DCD):    5.098ns = ( 55.098 - 50.000 ) 
    Source Clock Delay      (SCD):    5.413ns
    Clock Pessimism Removal (CPR):    0.267ns
  Clock Uncertainty:      0.035ns  ((TSJ^2 + TIJ^2)^1/2 + DJ) / 2 + PE
    Total System Jitter     (TSJ):    0.071ns
    Total Input Jitter      (TIJ):    0.000ns
    Discrete Jitter          (DJ):    0.000ns
    Phase Error              (PE):    0.000ns

    Location             Delay type                Incr(ns)  Path(ns)    Netlist Resource(s)
  -------------------------------------------------------------------    -------------------
                         (clock sys_clk_pin rise edge)
                                                      0.000     0.000 r  <hidden>
    E3                                                0.000     0.000 r  CLK100MHZ
                         net (fo=0)                   0.000     0.000    CLK100MHZ
    E3                   IBUF (Prop_ibuf_I_O)         1.482     1.482 r  CLK100MHZ_IBUF_inst/O
                         net (fo=1, routed)           2.025     3.506    CLK100MHZ_IBUF
    BUFGCTRL_X0Y16       BUFG (Prop_bufg_I_O)         0.096     3.602 r  CLK100MHZ_IBUF_BUFG_inst/O
                         net (fo=1509, routed)        1.810     5.413    tokenizer/clk
    SLICE_X42Y4          FDSE                                         r  tokenizer/token3_reg[93]/C
  -------------------------------------------------------------------    -------------------
    SLICE_X42Y4          FDSE (Prop_fdse_C_Q)         0.518     5.931 r  tokenizer/token3_reg[93]/Q
                         net (fo=20, routed)          0.790     6.721    tokenizer/token3[93]
    SLICE_X42Y7          LUT2 (Prop_lut2_I0_O)        0.124     6.845 r  tokenizer/imm[17]_i_16/O
                         net (fo=2, routed)           0.457     7.302    tokenizer/imm[17]_i_16_n_0
    SLICE_X42Y5          LUT6 (Prop_lut6_I3_O)        0.124     7.426 r  tokenizer/imm[6]_i_32/O
                         net (fo=36, routed)          0.714     8.140    tokenizer/imm[6]_i_32_n_0
    SLICE_X34Y4          LUT3 (Prop_lut3_I0_O)        0.124     8.264 r  tokenizer/imm[4]_i_108/O
                         net (fo=1, routed)           0.000     8.264    tokenizer/imm[4]_i_108_n_0
    SLICE_X34Y4          CARRY4 (Prop_carry4_S[1]_O[2])
                                                      0.578     8.842 r  tokenizer/imm_reg[4]_i_86/O[2]
                         net (fo=2, routed)           0.612     9.454    tokenizer/imm_reg[4]_i_86_n_5
    SLICE_X38Y5          LUT2 (Prop_lut2_I1_O)        0.301     9.755 r  tokenizer/imm[4]_i_87/O
                         net (fo=1, routed)           0.000     9.755    tokenizer/imm[4]_i_87_n_0
    SLICE_X38Y5          CARRY4 (Prop_carry4_S[3]_O[3])
                                                      0.255    10.010 r  tokenizer/imm_reg[4]_i_69/O[3]
                         net (fo=5, routed)           0.485    10.495    tokenizer/imm_reg[4]_i_69_n_4
    SLICE_X41Y5          LUT4 (Prop_lut4_I2_O)        0.307    10.802 r  tokenizer/imm[4]_i_91/O
                         net (fo=1, routed)           0.542    11.345    tokenizer/imm[4]_i_91_n_0
    SLICE_X40Y5          CARRY4 (Prop_carry4_DI[3]_CO[3])
                                                      0.385    11.730 r  tokenizer/imm_reg[4]_i_70/CO[3]
                         net (fo=1, routed)           0.000    11.730    tokenizer/imm_reg[4]_i_70_n_0
    SLICE_X40Y6          CARRY4 (Prop_carry4_CI_O[0])
                                                      0.222    11.952 r  tokenizer/imm_reg[11]_i_112/O[0]
                         net (fo=4, routed)           0.584    12.535    tokenizer/imm_reg[11]_i_112_n_7
    SLICE_X39Y6          LUT4 (Prop_lut4_I0_O)        0.299    12.834 r  tokenizer/imm[8]_i_77/O
                         net (fo=1, routed)           0.000    12.834    tokenizer/imm[8]_i_77_n_0
    SLICE_X39Y6          CARRY4 (Prop_carry4_S[1]_O[1])
                                                      0.227    13.061 r  tokenizer/imm_reg[8]_i_54/O[1]
                         net (fo=1, routed)           0.288    13.349    tokenizer/imm_reg[8]_i_54_n_6
    SLICE_X41Y6          LUT6 (Prop_lut6_I2_O)        0.303    13.652 r  tokenizer/imm[6]_i_23/O
                         net (fo=7, routed)           0.543    14.195    tokenizer/imm[6]_i_23_n_0
    SLICE_X37Y6          LUT2 (Prop_lut2_I0_O)        0.124    14.319 r  tokenizer/imm[12]_i_99/O
                         net (fo=1, routed)           0.000    14.319    tokenizer/imm[12]_i_99_n_0
    SLICE_X37Y6          CARRY4 (Prop_carry4_S[1]_O[1])
                                                      0.227    14.546 r  tokenizer/imm_reg[12]_i_73/O[1]
                         net (fo=3, routed)           0.718    15.263    tokenizer/imm_reg[12]_i_73_n_6
    SLICE_X36Y10         LUT4 (Prop_lut4_I3_O)        0.303    15.566 r  tokenizer/imm[6]_i_38/O
                         net (fo=1, routed)           0.000    15.566    tokenizer/imm[6]_i_38_n_0
    SLICE_X36Y10         CARRY4 (Prop_carry4_S[2]_O[2])
                                                      0.248    15.814 r  tokenizer/imm_reg[6]_i_24/O[2]
                         net (fo=2, routed)           0.683    16.497    tokenizer/imm_reg[6]_i_24_n_5
    SLICE_X38Y9          LUT5 (Prop_lut5_I4_O)        0.331    16.828 r  tokenizer/imm[12]_i_88/O
                         net (fo=3, routed)           0.493    17.321    tokenizer/imm[12]_i_88_n_0
    SLICE_X34Y8          LUT4 (Prop_lut4_I0_O)        0.331    17.652 r  tokenizer/imm[12]_i_92/O
                         net (fo=1, routed)           0.000    17.652    tokenizer/imm[12]_i_92_n_0
    SLICE_X34Y8          CARRY4 (Prop_carry4_S[2]_O[2])
                                                      0.250    17.902 r  tokenizer/imm_reg[12]_i_68/O[2]
                         net (fo=3, routed)           0.619    18.521    tokenizer/imm_reg[12]_i_68_n_5
    SLICE_X33Y11         LUT3 (Prop_lut3_I2_O)        0.301    18.822 r  tokenizer/imm[6]_i_44/O
                         net (fo=1, routed)           0.000    18.822    tokenizer/imm[6]_i_44_n_0
    SLICE_X33Y11         CARRY4 (Prop_carry4_S[3]_CO[3])
                                                      0.401    19.223 r  tokenizer/imm_reg[6]_i_25/CO[3]
                         net (fo=1, routed)           0.000    19.223    tokenizer/imm_reg[6]_i_25_n_0
    SLICE_X33Y12         CARRY4 (Prop_carry4_CI_O[0])
                                                      0.222    19.445 r  tokenizer/imm_reg[12]_i_54/O[0]
                         net (fo=1, routed)           0.828    20.273    tokenizer/imm_reg[12]_i_54_n_7
    SLICE_X32Y11         LUT4 (Prop_lut4_I0_O)        0.327    20.600 f  tokenizer/imm[9]_i_10/O
                         net (fo=1, routed)           0.558    21.158    tokenizer/imm[9]_i_10_n_0
    SLICE_X33Y8          LUT6 (Prop_lut6_I0_O)        0.326    21.484 r  tokenizer/imm[9]_i_9/O
                         net (fo=8, routed)           0.720    22.204    tokenizer/imm[11]_i_120_n_0
    SLICE_X28Y7          CARRY4 (Prop_carry4_DI[0]_O[2])
                                                      0.556    22.760 r  tokenizer/imm_reg[11]_i_52/O[2]
                         net (fo=3, routed)           0.615    23.375    tokenizer/imm_reg[11]_i_52_n_5
    SLICE_X26Y6          LUT2 (Prop_lut2_I1_O)        0.302    23.677 r  tokenizer/imm[11]_i_54/O
                         net (fo=1, routed)           0.000    23.677    tokenizer/imm[11]_i_54_n_0
    SLICE_X26Y6          CARRY4 (Prop_carry4_S[3]_O[3])
                                                      0.248    23.925 r  tokenizer/imm_reg[11]_i_17/O[3]
                         net (fo=6, routed)           1.032    24.957    tokenizer/imm_reg[11]_i_17_n_4
    SLICE_X30Y14         LUT3 (Prop_lut3_I2_O)        0.306    25.263 r  tokenizer/imm[11]_i_132/O
                         net (fo=1, routed)           0.478    25.741    tokenizer/imm[11]_i_132_n_0
    SLICE_X29Y14         CARRY4 (Prop_carry4_DI[3]_CO[3])
                                                      0.385    26.126 r  tokenizer/imm_reg[11]_i_58/CO[3]
                         net (fo=1, routed)           0.000    26.126    tokenizer/imm_reg[11]_i_58_n_0
    SLICE_X29Y15         CARRY4 (Prop_carry4_CI_O[0])
                                                      0.222    26.348 r  tokenizer/imm_reg[24]_i_101/O[0]
                         net (fo=3, routed)           0.495    26.843    tokenizer/imm_reg[24]_i_101_n_7
    SLICE_X26Y15         LUT2 (Prop_lut2_I1_O)        0.299    27.142 r  tokenizer/imm[24]_i_177/O
                         net (fo=1, routed)           0.000    27.142    tokenizer/imm[24]_i_177_n_0
    SLICE_X26Y15         CARRY4 (Prop_carry4_S[1]_O[1])
                                                      0.227    27.369 r  tokenizer/imm_reg[24]_i_100/O[1]
                         net (fo=3, routed)           0.922    28.292    tokenizer/imm_reg[24]_i_100_n_6
    SLICE_X30Y15         LUT3 (Prop_lut3_I2_O)        0.329    28.621 r  tokenizer/imm[19]_i_81/O
                         net (fo=3, routed)           0.506    29.127    tokenizer/imm[19]_i_81_n_0
    SLICE_X27Y16         LUT6 (Prop_lut6_I0_O)        0.348    29.475 r  tokenizer/imm[19]_i_85/O
                         net (fo=1, routed)           0.000    29.475    tokenizer/imm[19]_i_85_n_0
    SLICE_X27Y16         CARRY4 (Prop_carry4_S[1]_O[2])
                                                      0.580    30.055 r  tokenizer/imm_reg[19]_i_41/O[2]
                         net (fo=3, routed)           0.601    30.656    tokenizer/imm_reg[19]_i_41_n_5
    SLICE_X28Y16         LUT2 (Prop_lut2_I1_O)        0.302    30.958 r  tokenizer/imm[19]_i_75/O
                         net (fo=1, routed)           0.000    30.958    tokenizer/imm[19]_i_75_n_0
    SLICE_X28Y16         CARRY4 (Prop_carry4_S[3]_O[3])
                                                      0.248    31.206 r  tokenizer/imm_reg[19]_i_40/O[3]
                         net (fo=3, routed)           0.588    31.794    tokenizer/imm_reg[19]_i_40_n_4
    SLICE_X25Y16         LUT4 (Prop_lut4_I0_O)        0.306    32.100 r  tokenizer/imm[16]_i_43/O
                         net (fo=1, routed)           0.761    32.861    tokenizer/imm[16]_i_43_n_0
    SLICE_X32Y13         LUT6 (Prop_lut6_I0_O)        0.124    32.985 r  tokenizer/imm[16]_i_19/O
                         net (fo=5, routed)           0.854    33.839    tokenizer/imm[16]_i_19_n_0
    SLICE_X23Y15         CARRY4 (Prop_carry4_DI[3]_CO[3])
                                                      0.385    34.224 r  tokenizer/imm_reg[19]_i_35/CO[3]
                         net (fo=1, routed)           0.000    34.224    tokenizer/imm_reg[19]_i_35_n_0
    SLICE_X23Y16         CARRY4 (Prop_carry4_CI_O[1])
                                                      0.334    34.558 r  tokenizer/imm_reg[22]_i_108/O[1]
                         net (fo=3, routed)           0.534    35.092    tokenizer/imm_reg[22]_i_108_n_6
    SLICE_X22Y16         LUT2 (Prop_lut2_I1_O)        0.303    35.395 r  tokenizer/imm[19]_i_37/O
                         net (fo=1, routed)           0.000    35.395    tokenizer/imm[19]_i_37_n_0
    SLICE_X22Y16         CARRY4 (Prop_carry4_S[2]_CO[3])
                                                      0.398    35.793 r  tokenizer/imm_reg[19]_i_20/CO[3]
                         net (fo=1, routed)           0.000    35.793    tokenizer/imm_reg[19]_i_20_n_0
    SLICE_X22Y17         CARRY4 (Prop_carry4_CI_O[0])
                                                      0.222    36.015 r  tokenizer/imm_reg[22]_i_46/O[0]
                         net (fo=2, routed)           0.693    36.708    tokenizer/imm_reg[22]_i_46_n_7
    SLICE_X23Y21         LUT5 (Prop_lut5_I0_O)        0.294    37.002 r  tokenizer/imm[28]_i_127/O
                         net (fo=8, routed)           0.914    37.917    tokenizer/imm[28]_i_127_n_0
    SLICE_X20Y12         LUT2 (Prop_lut2_I0_O)        0.332    38.249 r  tokenizer/imm[28]_i_131/O
                         net (fo=1, routed)           0.000    38.249    tokenizer/imm[28]_i_131_n_0
    SLICE_X20Y12         CARRY4 (Prop_carry4_S[0]_O[2])
                                                      0.547    38.796 r  tokenizer/imm_reg[28]_i_49/O[2]
                         net (fo=3, routed)           0.604    39.400    tokenizer/imm_reg[28]_i_49_n_5
    SLICE_X19Y10         LUT2 (Prop_lut2_I1_O)        0.302    39.702 r  tokenizer/imm[28]_i_121/O
                         net (fo=1, routed)           0.000    39.702    tokenizer/imm[28]_i_121_n_0
    SLICE_X19Y10         CARRY4 (Prop_carry4_S[3]_CO[3])
                                                      0.401    40.103 r  tokenizer/imm_reg[28]_i_48/CO[3]
                         net (fo=1, routed)           0.000    40.103    tokenizer/imm_reg[28]_i_48_n_0
    SLICE_X19Y11         CARRY4 (Prop_carry4_CI_O[0])
                                                      0.222    40.325 r  tokenizer/imm_reg[28]_i_18/O[0]
                         net (fo=2, routed)           0.959    41.284    tokenizer/imm_reg[28]_i_18_n_7
    SLICE_X23Y21         LUT4 (Prop_lut4_I3_O)        0.299    41.583 r  tokenizer/imm[25]_i_33/O
                         net (fo=1, routed)           0.488    42.071    tokenizer/imm[25]_i_33_n_0
    SLICE_X25Y21         LUT6 (Prop_lut6_I0_O)        0.124    42.195 r  tokenizer/imm[25]_i_15/O
                         net (fo=6, routed)           0.693    42.888    tokenizer/imm[25]_i_15_n_0
    SLICE_X21Y21         CARRY4 (Prop_carry4_DI[0]_O[2])
                                                      0.556    43.444 r  tokenizer/imm_reg[31]_i_46/O[2]
                         net (fo=3, routed)           0.440    43.884    tokenizer/imm_reg[31]_i_46_n_5
    SLICE_X20Y22         LUT2 (Prop_lut2_I1_O)        0.302    44.186 r  tokenizer/imm[28]_i_56/O
                         net (fo=1, routed)           0.000    44.186    tokenizer/imm[28]_i_56_n_0
    SLICE_X20Y22         CARRY4 (Prop_carry4_S[3]_O[3])
                                                      0.248    44.434 r  tokenizer/imm_reg[28]_i_19/O[3]
                         net (fo=2, routed)           0.425    44.859    tokenizer/imm_reg[28]_i_19_n_4
    SLICE_X22Y22         LUT5 (Prop_lut5_I0_O)        0.300    45.159 r  tokenizer/imm[31]_i_177/O
                         net (fo=3, routed)           0.499    45.658    tokenizer/imm[31]_i_106_n_0
    SLICE_X18Y22         LUT4 (Prop_lut4_I3_O)        0.326    45.984 r  tokenizer/imm[31]_i_110/O
                         net (fo=1, routed)           0.000    45.984    tokenizer/imm[31]_i_110_n_0
    SLICE_X18Y22         CARRY4 (Prop_carry4_S[3]_CO[3])
                                                      0.401    46.385 r  tokenizer/imm_reg[31]_i_50/CO[3]
                         net (fo=1, routed)           0.000    46.385    tokenizer/imm_reg[31]_i_50_n_0
    SLICE_X18Y23         CARRY4 (Prop_carry4_CI_O[0])
                                                      0.222    46.607 r  tokenizer/imm_reg[31]_i_114/O[0]
                         net (fo=2, routed)           0.418    47.025    tokenizer/imm_reg[31]_i_114_n_7
    SLICE_X19Y24         LUT2 (Prop_lut2_I1_O)        0.299    47.324 r  tokenizer/imm[31]_i_52/O
                         net (fo=1, routed)           0.000    47.324    tokenizer/imm[31]_i_52_n_0
    SLICE_X19Y24         CARRY4 (Prop_carry4_S[1]_O[2])
                                                      0.580    47.904 r  tokenizer/imm_reg[31]_i_17/O[2]
                         net (fo=1, routed)           0.442    48.346    tokenizer/imm_reg[31]_i_17_n_5
    SLICE_X21Y23         LUT6 (Prop_lut6_I4_O)        0.302    48.648 r  tokenizer/imm[31]_i_6/O
                         net (fo=1, routed)           0.864    49.511    tokenizer/imm[31]_i_6_n_0
    SLICE_X27Y21         LUT6 (Prop_lut6_I2_O)        0.124    49.635 r  tokenizer/imm[31]_i_2/O
                         net (fo=1, routed)           0.000    49.635    operand_interpreter/imm_reg[31]_2[31]
    SLICE_X27Y21         FDRE                                         r  operand_interpreter/imm_reg[31]/D
  -------------------------------------------------------------------    -------------------

                         (clock sys_clk_pin rise edge)
                                                     50.000    50.000 r  <hidden>
    E3                                                0.000    50.000 r  CLK100MHZ
                         net (fo=0)                   0.000    50.000    CLK100MHZ
    E3                   IBUF (Prop_ibuf_I_O)         1.411    51.411 r  CLK100MHZ_IBUF_inst/O
                         net (fo=1, routed)           1.920    53.331    CLK100MHZ_IBUF
    BUFGCTRL_X0Y16       BUFG (Prop_bufg_I_O)         0.091    53.422 r  CLK100MHZ_IBUF_BUFG_inst/O
                         net (fo=1509, routed)        1.676    55.098    operand_interpreter/CLK100MHZ_IBUF_BUFG
    SLICE_X27Y21         FDRE                                         r  operand_interpreter/imm_reg[31]/C
                         clock pessimism              0.267    55.366    <hidden>
                         clock uncertainty           -0.035    55.330    <hidden>
    SLICE_X27Y21         FDRE (Setup_fdre_C_D)        0.031    55.361    operand_interpreter/imm_reg[31]
  -------------------------------------------------------------------
                         required time                         55.361    <hidden>
                         arrival time                         -49.635    <hidden>
  -------------------------------------------------------------------
                         slack                                  5.726    <hidden>

Slack (MET) :             6.183ns  (required time - arrival time)
  Source:                 tokenizer/token3_reg[93]/C
                            (rising edge-triggered cell FDSE clocked by sys_clk_pin  {rise@0.000ns fall@5.000ns period=50.000ns})
  Destination:            operand_interpreter/imm_reg[30]/D
                            (rising edge-triggered cell FDRE clocked by sys_clk_pin  {rise@0.000ns fall@5.000ns period=50.000ns})
  Path Group:             sys_clk_pin
  Path Type:              Setup (Max at Slow Process Corner)
  Requirement:            50.000ns  (sys_clk_pin rise@50.000ns - sys_clk_pin rise@0.000ns)
  Data Path Delay:        43.763ns  (logic 19.737ns (45.100%)  route 24.026ns (54.901%))
  Logic Levels:           62  (CARRY4=28 LUT2=11 LUT3=5 LUT4=8 LUT5=3 LUT6=7)
  Clock Path Skew:        -0.049ns (DCD - SCD + CPR)
    Destination Clock Delay (DCD):    5.096ns = ( 55.096 - 50.000 ) 
    Source Clock Delay      (SCD):    5.413ns
    Clock Pessimism Removal (CPR):    0.267ns
  Clock Uncertainty:      0.035ns  ((TSJ^2 + TIJ^2)^1/2 + DJ) / 2 + PE
    Total System Jitter     (TSJ):    0.071ns
    Total Input Jitter      (TIJ):    0.000ns
    Discrete Jitter          (DJ):    0.000ns
    Phase Error              (PE):    0.000ns

    Location             Delay type                Incr(ns)  Path(ns)    Netlist Resource(s)
  -------------------------------------------------------------------    -------------------
                         (clock sys_clk_pin rise edge)
                                                      0.000     0.000 r  <hidden>
    E3                                                0.000     0.000 r  CLK100MHZ
                         net (fo=0)                   0.000     0.000    CLK100MHZ
    E3                   IBUF (Prop_ibuf_I_O)         1.482     1.482 r  CLK100MHZ_IBUF_inst/O
                         net (fo=1, routed)           2.025     3.506    CLK100MHZ_IBUF
    BUFGCTRL_X0Y16       BUFG (Prop_bufg_I_O)         0.096     3.602 r  CLK100MHZ_IBUF_BUFG_inst/O
                         net (fo=1509, routed)        1.810     5.413    tokenizer/clk
    SLICE_X42Y4          FDSE                                         r  tokenizer/token3_reg[93]/C
  -------------------------------------------------------------------    -------------------
    SLICE_X42Y4          FDSE (Prop_fdse_C_Q)         0.518     5.931 r  tokenizer/token3_reg[93]/Q
                         net (fo=20, routed)          0.790     6.721    tokenizer/token3[93]
    SLICE_X42Y7          LUT2 (Prop_lut2_I0_O)        0.124     6.845 r  tokenizer/imm[17]_i_16/O
                         net (fo=2, routed)           0.457     7.302    tokenizer/imm[17]_i_16_n_0
    SLICE_X42Y5          LUT6 (Prop_lut6_I3_O)        0.124     7.426 r  tokenizer/imm[6]_i_32/O
                         net (fo=36, routed)          0.714     8.140    tokenizer/imm[6]_i_32_n_0
    SLICE_X34Y4          LUT3 (Prop_lut3_I0_O)        0.124     8.264 r  tokenizer/imm[4]_i_108/O
                         net (fo=1, routed)           0.000     8.264    tokenizer/imm[4]_i_108_n_0
    SLICE_X34Y4          CARRY4 (Prop_carry4_S[1]_O[2])
                                                      0.578     8.842 r  tokenizer/imm_reg[4]_i_86/O[2]
                         net (fo=2, routed)           0.612     9.454    tokenizer/imm_reg[4]_i_86_n_5
    SLICE_X38Y5          LUT2 (Prop_lut2_I1_O)        0.301     9.755 r  tokenizer/imm[4]_i_87/O
                         net (fo=1, routed)           0.000     9.755    tokenizer/imm[4]_i_87_n_0
    SLICE_X38Y5          CARRY4 (Prop_carry4_S[3]_O[3])
                                                      0.255    10.010 r  tokenizer/imm_reg[4]_i_69/O[3]
                         net (fo=5, routed)           0.485    10.495    tokenizer/imm_reg[4]_i_69_n_4
    SLICE_X41Y5          LUT4 (Prop_lut4_I2_O)        0.307    10.802 r  tokenizer/imm[4]_i_91/O
                         net (fo=1, routed)           0.542    11.345    tokenizer/imm[4]_i_91_n_0
    SLICE_X40Y5          CARRY4 (Prop_carry4_DI[3]_CO[3])
                                                      0.385    11.730 r  tokenizer/imm_reg[4]_i_70/CO[3]
                         net (fo=1, routed)           0.000    11.730    tokenizer/imm_reg[4]_i_70_n_0
    SLICE_X40Y6          CARRY4 (Prop_carry4_CI_O[0])
                                                      0.222    11.952 r  tokenizer/imm_reg[11]_i_112/O[0]
                         net (fo=4, routed)           0.584    12.535    tokenizer/imm_reg[11]_i_112_n_7
    SLICE_X39Y6          LUT4 (Prop_lut4_I0_O)        0.299    12.834 r  tokenizer/imm[8]_i_77/O
                         net (fo=1, routed)           0.000    12.834    tokenizer/imm[8]_i_77_n_0
    SLICE_X39Y6          CARRY4 (Prop_carry4_S[1]_O[1])
                                                      0.227    13.061 r  tokenizer/imm_reg[8]_i_54/O[1]
                         net (fo=1, routed)           0.288    13.349    tokenizer/imm_reg[8]_i_54_n_6
    SLICE_X41Y6          LUT6 (Prop_lut6_I2_O)        0.303    13.652 r  tokenizer/imm[6]_i_23/O
                         net (fo=7, routed)           0.543    14.195    tokenizer/imm[6]_i_23_n_0
    SLICE_X37Y6          LUT2 (Prop_lut2_I0_O)        0.124    14.319 r  tokenizer/imm[12]_i_99/O
                         net (fo=1, routed)           0.000    14.319    tokenizer/imm[12]_i_99_n_0
    SLICE_X37Y6          CARRY4 (Prop_carry4_S[1]_O[1])
                                                      0.227    14.546 r  tokenizer/imm_reg[12]_i_73/O[1]
                         net (fo=3, routed)           0.718    15.263    tokenizer/imm_reg[12]_i_73_n_6
    SLICE_X36Y10         LUT4 (Prop_lut4_I3_O)        0.303    15.566 r  tokenizer/imm[6]_i_38/O
                         net (fo=1, routed)           0.000    15.566    tokenizer/imm[6]_i_38_n_0
    SLICE_X36Y10         CARRY4 (Prop_carry4_S[2]_O[2])
                                                      0.248    15.814 r  tokenizer/imm_reg[6]_i_24/O[2]
                         net (fo=2, routed)           0.683    16.497    tokenizer/imm_reg[6]_i_24_n_5
    SLICE_X38Y9          LUT5 (Prop_lut5_I4_O)        0.331    16.828 r  tokenizer/imm[12]_i_88/O
                         net (fo=3, routed)           0.493    17.321    tokenizer/imm[12]_i_88_n_0
    SLICE_X34Y8          LUT4 (Prop_lut4_I0_O)        0.331    17.652 r  tokenizer/imm[12]_i_92/O
                         net (fo=1, routed)           0.000    17.652    tokenizer/imm[12]_i_92_n_0
    SLICE_X34Y8          CARRY4 (Prop_carry4_S[2]_O[2])
                                                      0.250    17.902 r  tokenizer/imm_reg[12]_i_68/O[2]
                         net (fo=3, routed)           0.619    18.521    tokenizer/imm_reg[12]_i_68_n_5
    SLICE_X33Y11         LUT3 (Prop_lut3_I2_O)        0.301    18.822 r  tokenizer/imm[6]_i_44/O
                         net (fo=1, routed)           0.000    18.822    tokenizer/imm[6]_i_44_n_0
    SLICE_X33Y11         CARRY4 (Prop_carry4_S[3]_CO[3])
                                                      0.401    19.223 r  tokenizer/imm_reg[6]_i_25/CO[3]
                         net (fo=1, routed)           0.000    19.223    tokenizer/imm_reg[6]_i_25_n_0
    SLICE_X33Y12         CARRY4 (Prop_carry4_CI_O[0])
                                                      0.222    19.445 r  tokenizer/imm_reg[12]_i_54/O[0]
                         net (fo=1, routed)           0.828    20.273    tokenizer/imm_reg[12]_i_54_n_7
    SLICE_X32Y11         LUT4 (Prop_lut4_I0_O)        0.327    20.600 f  tokenizer/imm[9]_i_10/O
                         net (fo=1, routed)           0.558    21.158    tokenizer/imm[9]_i_10_n_0
    SLICE_X33Y8          LUT6 (Prop_lut6_I0_O)        0.326    21.484 r  tokenizer/imm[9]_i_9/O
                         net (fo=8, routed)           0.720    22.204    tokenizer/imm[11]_i_120_n_0
    SLICE_X28Y7          CARRY4 (Prop_carry4_DI[0]_O[2])
                                                      0.556    22.760 r  tokenizer/imm_reg[11]_i_52/O[2]
                         net (fo=3, routed)           0.615    23.375    tokenizer/imm_reg[11]_i_52_n_5
    SLICE_X26Y6          LUT2 (Prop_lut2_I1_O)        0.302    23.677 r  tokenizer/imm[11]_i_54/O
                         net (fo=1, routed)           0.000    23.677    tokenizer/imm[11]_i_54_n_0
    SLICE_X26Y6          CARRY4 (Prop_carry4_S[3]_O[3])
                                                      0.248    23.925 r  tokenizer/imm_reg[11]_i_17/O[3]
                         net (fo=6, routed)           1.032    24.957    tokenizer/imm_reg[11]_i_17_n_4
    SLICE_X30Y14         LUT3 (Prop_lut3_I2_O)        0.306    25.263 r  tokenizer/imm[11]_i_132/O
                         net (fo=1, routed)           0.478    25.741    tokenizer/imm[11]_i_132_n_0
    SLICE_X29Y14         CARRY4 (Prop_carry4_DI[3]_CO[3])
                                                      0.385    26.126 r  tokenizer/imm_reg[11]_i_58/CO[3]
                         net (fo=1, routed)           0.000    26.126    tokenizer/imm_reg[11]_i_58_n_0
    SLICE_X29Y15         CARRY4 (Prop_carry4_CI_O[0])
                                                      0.222    26.348 r  tokenizer/imm_reg[24]_i_101/O[0]
                         net (fo=3, routed)           0.495    26.843    tokenizer/imm_reg[24]_i_101_n_7
    SLICE_X26Y15         LUT2 (Prop_lut2_I1_O)        0.299    27.142 r  tokenizer/imm[24]_i_177/O
                         net (fo=1, routed)           0.000    27.142    tokenizer/imm[24]_i_177_n_0
    SLICE_X26Y15         CARRY4 (Prop_carry4_S[1]_O[1])
                                                      0.227    27.369 r  tokenizer/imm_reg[24]_i_100/O[1]
                         net (fo=3, routed)           0.922    28.292    tokenizer/imm_reg[24]_i_100_n_6
    SLICE_X30Y15         LUT3 (Prop_lut3_I2_O)        0.329    28.621 r  tokenizer/imm[19]_i_81/O
                         net (fo=3, routed)           0.506    29.127    tokenizer/imm[19]_i_81_n_0
    SLICE_X27Y16         LUT6 (Prop_lut6_I0_O)        0.348    29.475 r  tokenizer/imm[19]_i_85/O
                         net (fo=1, routed)           0.000    29.475    tokenizer/imm[19]_i_85_n_0
    SLICE_X27Y16         CARRY4 (Prop_carry4_S[1]_O[2])
                                                      0.580    30.055 r  tokenizer/imm_reg[19]_i_41/O[2]
                         net (fo=3, routed)           0.601    30.656    tokenizer/imm_reg[19]_i_41_n_5
    SLICE_X28Y16         LUT2 (Prop_lut2_I1_O)        0.302    30.958 r  tokenizer/imm[19]_i_75/O
                         net (fo=1, routed)           0.000    30.958    tokenizer/imm[19]_i_75_n_0
    SLICE_X28Y16         CARRY4 (Prop_carry4_S[3]_O[3])
                                                      0.248    31.206 r  tokenizer/imm_reg[19]_i_40/O[3]
                         net (fo=3, routed)           0.588    31.794    tokenizer/imm_reg[19]_i_40_n_4
    SLICE_X25Y16         LUT4 (Prop_lut4_I0_O)        0.306    32.100 r  tokenizer/imm[16]_i_43/O
                         net (fo=1, routed)           0.761    32.861    tokenizer/imm[16]_i_43_n_0
    SLICE_X32Y13         LUT6 (Prop_lut6_I0_O)        0.124    32.985 r  tokenizer/imm[16]_i_19/O
                         net (fo=5, routed)           0.854    33.839    tokenizer/imm[16]_i_19_n_0
    SLICE_X23Y15         CARRY4 (Prop_carry4_DI[3]_CO[3])
                                                      0.385    34.224 r  tokenizer/imm_reg[19]_i_35/CO[3]
                         net (fo=1, routed)           0.000    34.224    tokenizer/imm_reg[19]_i_35_n_0
    SLICE_X23Y16         CARRY4 (Prop_carry4_CI_O[0])
                                                      0.222    34.446 r  tokenizer/imm_reg[22]_i_108/O[0]
                         net (fo=3, routed)           0.448    34.894    tokenizer/imm_reg[22]_i_108_n_7
    SLICE_X22Y16         LUT2 (Prop_lut2_I1_O)        0.299    35.193 r  tokenizer/imm[19]_i_38/O
                         net (fo=1, routed)           0.000    35.193    tokenizer/imm[19]_i_38_n_0
    SLICE_X22Y16         CARRY4 (Prop_carry4_S[1]_O[3])
                                                      0.640    35.833 r  tokenizer/imm_reg[19]_i_20/O[3]
                         net (fo=2, routed)           0.716    36.549    tokenizer/imm_reg[19]_i_20_n_4
    SLICE_X24Y19         LUT5 (Prop_lut5_I0_O)        0.301    36.850 r  tokenizer/imm[28]_i_242/O
                         net (fo=8, routed)           0.822    37.672    tokenizer/imm[28]_i_242_n_0
    SLICE_X20Y11         LUT2 (Prop_lut2_I0_O)        0.332    38.004 r  tokenizer/imm[28]_i_245/O
                         net (fo=1, routed)           0.000    38.004    tokenizer/imm[28]_i_245_n_0
    SLICE_X20Y11         CARRY4 (Prop_carry4_S[3]_CO[3])
                                                      0.401    38.405 r  tokenizer/imm_reg[28]_i_120/CO[3]
                         net (fo=1, routed)           0.000    38.405    tokenizer/imm_reg[28]_i_120_n_0
    SLICE_X20Y12         CARRY4 (Prop_carry4_CI_O[0])
                                                      0.222    38.627 r  tokenizer/imm_reg[28]_i_49/O[0]
                         net (fo=3, routed)           0.483    39.110    tokenizer/imm_reg[28]_i_49_n_7
    SLICE_X19Y10         LUT2 (Prop_lut2_I1_O)        0.299    39.409 r  tokenizer/imm[28]_i_123/O
                         net (fo=1, routed)           0.000    39.409    tokenizer/imm[28]_i_123_n_0
    SLICE_X19Y10         CARRY4 (Prop_carry4_S[1]_O[2])
                                                      0.580    39.989 r  tokenizer/imm_reg[28]_i_48/O[2]
                         net (fo=2, routed)           0.878    40.867    tokenizer/imm_reg[28]_i_48_n_5
    SLICE_X22Y20         LUT4 (Prop_lut4_I3_O)        0.302    41.169 r  tokenizer/imm[23]_i_29/O
                         net (fo=1, routed)           0.343    41.512    tokenizer/imm[23]_i_29_n_0
    SLICE_X23Y20         LUT6 (Prop_lut6_I0_O)        0.124    41.636 r  tokenizer/imm[23]_i_11/O
                         net (fo=4, routed)           0.641    42.278    tokenizer/imm[23]_i_11_n_0
    SLICE_X21Y20         CARRY4 (Prop_carry4_DI[2]_O[3])
                                                      0.438    42.716 r  tokenizer/imm_reg[28]_i_55/O[3]
                         net (fo=3, routed)           0.624    43.340    tokenizer/imm_reg[28]_i_55_n_4
    SLICE_X20Y22         LUT2 (Prop_lut2_I0_O)        0.306    43.646 r  tokenizer/imm[28]_i_58/O
                         net (fo=1, routed)           0.000    43.646    tokenizer/imm[28]_i_58_n_0
    SLICE_X20Y22         CARRY4 (Prop_carry4_S[1]_O[2])
                                                      0.580    44.226 r  tokenizer/imm_reg[28]_i_19/O[2]
                         net (fo=3, routed)           0.605    44.831    tokenizer/imm_reg[28]_i_19_n_5
    SLICE_X17Y22         LUT3 (Prop_lut3_I2_O)        0.328    45.159 r  tokenizer/imm[31]_i_178/O
                         net (fo=2, routed)           0.431    45.590    tokenizer/imm[31]_i_178_n_0
    SLICE_X18Y22         LUT4 (Prop_lut4_I3_O)        0.326    45.916 r  tokenizer/imm[31]_i_111/O
                         net (fo=1, routed)           0.000    45.916    tokenizer/imm[31]_i_111_n_0
    SLICE_X18Y22         CARRY4 (Prop_carry4_S[2]_O[2])
                                                      0.248    46.164 r  tokenizer/imm_reg[31]_i_50/O[2]
                         net (fo=3, routed)           0.481    46.646    tokenizer/imm_reg[31]_i_50_n_5
    SLICE_X19Y23         LUT2 (Prop_lut2_I1_O)        0.302    46.948 r  tokenizer/imm[28]_i_66/O
                         net (fo=1, routed)           0.000    46.948    tokenizer/imm[28]_i_66_n_0
    SLICE_X19Y23         CARRY4 (Prop_carry4_S[3]_CO[3])
                                                      0.401    47.349 r  tokenizer/imm_reg[28]_i_21/CO[3]
                         net (fo=1, routed)           0.000    47.349    tokenizer/imm_reg[28]_i_21_n_0
    SLICE_X19Y24         CARRY4 (Prop_carry4_CI_O[1])
                                                      0.334    47.683 r  tokenizer/imm_reg[31]_i_17/O[1]
                         net (fo=1, routed)           0.564    48.247    tokenizer/imm_reg[31]_i_17_n_6
    SLICE_X22Y23         LUT5 (Prop_lut5_I2_O)        0.303    48.550 f  tokenizer/imm[30]_i_5/O
                         net (fo=1, routed)           0.502    49.052    tokenizer/imm[30]_i_5_n_0
    SLICE_X25Y22         LUT6 (Prop_lut6_I3_O)        0.124    49.176 r  tokenizer/imm[30]_i_1/O
                         net (fo=1, routed)           0.000    49.176    operand_interpreter/imm_reg[31]_2[30]
    SLICE_X25Y22         FDRE                                         r  operand_interpreter/imm_reg[30]/D
  -------------------------------------------------------------------    -------------------

                         (clock sys_clk_pin rise edge)
                                                     50.000    50.000 r  <hidden>
    E3                                                0.000    50.000 r  CLK100MHZ
                         net (fo=0)                   0.000    50.000    CLK100MHZ
    E3                   IBUF (Prop_ibuf_I_O)         1.411    51.411 r  CLK100MHZ_IBUF_inst/O
                         net (fo=1, routed)           1.920    53.331    CLK100MHZ_IBUF
    BUFGCTRL_X0Y16       BUFG (Prop_bufg_I_O)         0.091    53.422 r  CLK100MHZ_IBUF_BUFG_inst/O
                         net (fo=1509, routed)        1.674    55.096    operand_interpreter/CLK100MHZ_IBUF_BUFG
    SLICE_X25Y22         FDRE                                         r  operand_interpreter/imm_reg[30]/C
                         clock pessimism              0.267    55.364    <hidden>
                         clock uncertainty           -0.035    55.328    <hidden>
    SLICE_X25Y22         FDRE (Setup_fdre_C_D)        0.031    55.359    operand_interpreter/imm_reg[30]
  -------------------------------------------------------------------
                         required time                         55.359    <hidden>
                         arrival time                         -49.176    <hidden>
  -------------------------------------------------------------------
                         slack                                  6.183    <hidden>

Slack (MET) :             6.484ns  (required time - arrival time)
  Source:                 tokenizer/token3_reg[93]/C
                            (rising edge-triggered cell FDSE clocked by sys_clk_pin  {rise@0.000ns fall@5.000ns period=50.000ns})
  Destination:            operand_interpreter/imm_reg[25]/D
                            (rising edge-triggered cell FDRE clocked by sys_clk_pin  {rise@0.000ns fall@5.000ns period=50.000ns})
  Path Group:             sys_clk_pin
  Path Type:              Setup (Max at Slow Process Corner)
  Requirement:            50.000ns  (sys_clk_pin rise@50.000ns - sys_clk_pin rise@0.000ns)
  Data Path Delay:        43.163ns  (logic 18.207ns (42.182%)  route 24.956ns (57.818%))
  Logic Levels:           60  (CARRY4=26 LUT2=10 LUT3=6 LUT4=6 LUT5=4 LUT6=8)
  Clock Path Skew:        -0.048ns (DCD - SCD + CPR)
    Destination Clock Delay (DCD):    5.097ns = ( 55.097 - 50.000 ) 
    Source Clock Delay      (SCD):    5.413ns
    Clock Pessimism Removal (CPR):    0.267ns
  Clock Uncertainty:      0.035ns  ((TSJ^2 + TIJ^2)^1/2 + DJ) / 2 + PE
    Total System Jitter     (TSJ):    0.071ns
    Total Input Jitter      (TIJ):    0.000ns
    Discrete Jitter          (DJ):    0.000ns
    Phase Error              (PE):    0.000ns

    Location             Delay type                Incr(ns)  Path(ns)    Netlist Resource(s)
  -------------------------------------------------------------------    -------------------
                         (clock sys_clk_pin rise edge)
                                                      0.000     0.000 r  <hidden>
    E3                                                0.000     0.000 r  CLK100MHZ
                         net (fo=0)                   0.000     0.000    CLK100MHZ
    E3                   IBUF (Prop_ibuf_I_O)         1.482     1.482 r  CLK100MHZ_IBUF_inst/O
                         net (fo=1, routed)           2.025     3.506    CLK100MHZ_IBUF
    BUFGCTRL_X0Y16       BUFG (Prop_bufg_I_O)         0.096     3.602 r  CLK100MHZ_IBUF_BUFG_inst/O
                         net (fo=1509, routed)        1.810     5.413    tokenizer/clk
    SLICE_X42Y4          FDSE                                         r  tokenizer/token3_reg[93]/C
  -------------------------------------------------------------------    -------------------
    SLICE_X42Y4          FDSE (Prop_fdse_C_Q)         0.518     5.931 r  tokenizer/token3_reg[93]/Q
                         net (fo=20, routed)          0.790     6.721    tokenizer/token3[93]
    SLICE_X42Y7          LUT2 (Prop_lut2_I0_O)        0.124     6.845 r  tokenizer/imm[17]_i_16/O
                         net (fo=2, routed)           0.457     7.302    tokenizer/imm[17]_i_16_n_0
    SLICE_X42Y5          LUT6 (Prop_lut6_I3_O)        0.124     7.426 r  tokenizer/imm[6]_i_32/O
                         net (fo=36, routed)          0.714     8.140    tokenizer/imm[6]_i_32_n_0
    SLICE_X34Y4          LUT3 (Prop_lut3_I0_O)        0.124     8.264 r  tokenizer/imm[4]_i_108/O
                         net (fo=1, routed)           0.000     8.264    tokenizer/imm[4]_i_108_n_0
    SLICE_X34Y4          CARRY4 (Prop_carry4_S[1]_O[2])
                                                      0.578     8.842 r  tokenizer/imm_reg[4]_i_86/O[2]
                         net (fo=2, routed)           0.612     9.454    tokenizer/imm_reg[4]_i_86_n_5
    SLICE_X38Y5          LUT2 (Prop_lut2_I1_O)        0.301     9.755 r  tokenizer/imm[4]_i_87/O
                         net (fo=1, routed)           0.000     9.755    tokenizer/imm[4]_i_87_n_0
    SLICE_X38Y5          CARRY4 (Prop_carry4_S[3]_O[3])
                                                      0.255    10.010 r  tokenizer/imm_reg[4]_i_69/O[3]
                         net (fo=5, routed)           0.485    10.495    tokenizer/imm_reg[4]_i_69_n_4
    SLICE_X41Y5          LUT4 (Prop_lut4_I2_O)        0.307    10.802 r  tokenizer/imm[4]_i_91/O
                         net (fo=1, routed)           0.542    11.345    tokenizer/imm[4]_i_91_n_0
    SLICE_X40Y5          CARRY4 (Prop_carry4_DI[3]_CO[3])
                                                      0.385    11.730 r  tokenizer/imm_reg[4]_i_70/CO[3]
                         net (fo=1, routed)           0.000    11.730    tokenizer/imm_reg[4]_i_70_n_0
    SLICE_X40Y6          CARRY4 (Prop_carry4_CI_O[0])
                                                      0.222    11.952 r  tokenizer/imm_reg[11]_i_112/O[0]
                         net (fo=4, routed)           0.584    12.535    tokenizer/imm_reg[11]_i_112_n_7
    SLICE_X39Y6          LUT4 (Prop_lut4_I0_O)        0.299    12.834 r  tokenizer/imm[8]_i_77/O
                         net (fo=1, routed)           0.000    12.834    tokenizer/imm[8]_i_77_n_0
    SLICE_X39Y6          CARRY4 (Prop_carry4_S[1]_O[1])
                                                      0.227    13.061 r  tokenizer/imm_reg[8]_i_54/O[1]
                         net (fo=1, routed)           0.288    13.349    tokenizer/imm_reg[8]_i_54_n_6
    SLICE_X41Y6          LUT6 (Prop_lut6_I2_O)        0.303    13.652 r  tokenizer/imm[6]_i_23/O
                         net (fo=7, routed)           0.543    14.195    tokenizer/imm[6]_i_23_n_0
    SLICE_X37Y6          LUT2 (Prop_lut2_I0_O)        0.124    14.319 r  tokenizer/imm[12]_i_99/O
                         net (fo=1, routed)           0.000    14.319    tokenizer/imm[12]_i_99_n_0
    SLICE_X37Y6          CARRY4 (Prop_carry4_S[1]_O[1])
                                                      0.227    14.546 r  tokenizer/imm_reg[12]_i_73/O[1]
                         net (fo=3, routed)           0.718    15.263    tokenizer/imm_reg[12]_i_73_n_6
    SLICE_X36Y10         LUT4 (Prop_lut4_I3_O)        0.303    15.566 r  tokenizer/imm[6]_i_38/O
                         net (fo=1, routed)           0.000    15.566    tokenizer/imm[6]_i_38_n_0
    SLICE_X36Y10         CARRY4 (Prop_carry4_S[2]_O[2])
                                                      0.248    15.814 r  tokenizer/imm_reg[6]_i_24/O[2]
                         net (fo=2, routed)           0.683    16.497    tokenizer/imm_reg[6]_i_24_n_5
    SLICE_X38Y9          LUT5 (Prop_lut5_I4_O)        0.331    16.828 r  tokenizer/imm[12]_i_88/O
                         net (fo=3, routed)           0.493    17.321    tokenizer/imm[12]_i_88_n_0
    SLICE_X34Y8          LUT4 (Prop_lut4_I0_O)        0.331    17.652 r  tokenizer/imm[12]_i_92/O
                         net (fo=1, routed)           0.000    17.652    tokenizer/imm[12]_i_92_n_0
    SLICE_X34Y8          CARRY4 (Prop_carry4_S[2]_O[2])
                                                      0.250    17.902 r  tokenizer/imm_reg[12]_i_68/O[2]
                         net (fo=3, routed)           0.619    18.521    tokenizer/imm_reg[12]_i_68_n_5
    SLICE_X33Y11         LUT3 (Prop_lut3_I2_O)        0.301    18.822 r  tokenizer/imm[6]_i_44/O
                         net (fo=1, routed)           0.000    18.822    tokenizer/imm[6]_i_44_n_0
    SLICE_X33Y11         CARRY4 (Prop_carry4_S[3]_CO[3])
                                                      0.401    19.223 r  tokenizer/imm_reg[6]_i_25/CO[3]
                         net (fo=1, routed)           0.000    19.223    tokenizer/imm_reg[6]_i_25_n_0
    SLICE_X33Y12         CARRY4 (Prop_carry4_CI_O[0])
                                                      0.222    19.445 r  tokenizer/imm_reg[12]_i_54/O[0]
                         net (fo=1, routed)           0.828    20.273    tokenizer/imm_reg[12]_i_54_n_7
    SLICE_X32Y11         LUT4 (Prop_lut4_I0_O)        0.327    20.600 f  tokenizer/imm[9]_i_10/O
                         net (fo=1, routed)           0.558    21.158    tokenizer/imm[9]_i_10_n_0
    SLICE_X33Y8          LUT6 (Prop_lut6_I0_O)        0.326    21.484 r  tokenizer/imm[9]_i_9/O
                         net (fo=8, routed)           0.720    22.204    tokenizer/imm[11]_i_120_n_0
    SLICE_X28Y7          CARRY4 (Prop_carry4_DI[0]_O[2])
                                                      0.556    22.760 r  tokenizer/imm_reg[11]_i_52/O[2]
                         net (fo=3, routed)           0.615    23.375    tokenizer/imm_reg[11]_i_52_n_5
    SLICE_X26Y6          LUT2 (Prop_lut2_I1_O)        0.302    23.677 r  tokenizer/imm[11]_i_54/O
                         net (fo=1, routed)           0.000    23.677    tokenizer/imm[11]_i_54_n_0
    SLICE_X26Y6          CARRY4 (Prop_carry4_S[3]_O[3])
                                                      0.248    23.925 r  tokenizer/imm_reg[11]_i_17/O[3]
                         net (fo=6, routed)           1.032    24.957    tokenizer/imm_reg[11]_i_17_n_4
    SLICE_X30Y14         LUT3 (Prop_lut3_I2_O)        0.306    25.263 r  tokenizer/imm[11]_i_132/O
                         net (fo=1, routed)           0.478    25.741    tokenizer/imm[11]_i_132_n_0
    SLICE_X29Y14         CARRY4 (Prop_carry4_DI[3]_CO[3])
                                                      0.385    26.126 r  tokenizer/imm_reg[11]_i_58/CO[3]
                         net (fo=1, routed)           0.000    26.126    tokenizer/imm_reg[11]_i_58_n_0
    SLICE_X29Y15         CARRY4 (Prop_carry4_CI_O[0])
                                                      0.222    26.348 r  tokenizer/imm_reg[24]_i_101/O[0]
                         net (fo=3, routed)           0.495    26.843    tokenizer/imm_reg[24]_i_101_n_7
    SLICE_X26Y15         LUT2 (Prop_lut2_I1_O)        0.299    27.142 r  tokenizer/imm[24]_i_177/O
                         net (fo=1, routed)           0.000    27.142    tokenizer/imm[24]_i_177_n_0
    SLICE_X26Y15         CARRY4 (Prop_carry4_S[1]_O[1])
                                                      0.227    27.369 r  tokenizer/imm_reg[24]_i_100/O[1]
                         net (fo=3, routed)           0.922    28.292    tokenizer/imm_reg[24]_i_100_n_6
    SLICE_X30Y15         LUT3 (Prop_lut3_I2_O)        0.329    28.621 r  tokenizer/imm[19]_i_81/O
                         net (fo=3, routed)           0.506    29.127    tokenizer/imm[19]_i_81_n_0
    SLICE_X27Y16         LUT6 (Prop_lut6_I0_O)        0.348    29.475 r  tokenizer/imm[19]_i_85/O
                         net (fo=1, routed)           0.000    29.475    tokenizer/imm[19]_i_85_n_0
    SLICE_X27Y16         CARRY4 (Prop_carry4_S[1]_O[2])
                                                      0.580    30.055 r  tokenizer/imm_reg[19]_i_41/O[2]
                         net (fo=3, routed)           0.601    30.656    tokenizer/imm_reg[19]_i_41_n_5
    SLICE_X28Y16         LUT2 (Prop_lut2_I1_O)        0.302    30.958 r  tokenizer/imm[19]_i_75/O
                         net (fo=1, routed)           0.000    30.958    tokenizer/imm[19]_i_75_n_0
    SLICE_X28Y16         CARRY4 (Prop_carry4_S[3]_O[3])
                                                      0.248    31.206 r  tokenizer/imm_reg[19]_i_40/O[3]
                         net (fo=3, routed)           0.588    31.794    tokenizer/imm_reg[19]_i_40_n_4
    SLICE_X25Y16         LUT4 (Prop_lut4_I0_O)        0.306    32.100 r  tokenizer/imm[16]_i_43/O
                         net (fo=1, routed)           0.761    32.861    tokenizer/imm[16]_i_43_n_0
    SLICE_X32Y13         LUT6 (Prop_lut6_I0_O)        0.124    32.985 r  tokenizer/imm[16]_i_19/O
                         net (fo=5, routed)           0.854    33.839    tokenizer/imm[16]_i_19_n_0
    SLICE_X23Y15         CARRY4 (Prop_carry4_DI[3]_CO[3])
                                                      0.385    34.224 r  tokenizer/imm_reg[19]_i_35/CO[3]
                         net (fo=1, routed)           0.000    34.224    tokenizer/imm_reg[19]_i_35_n_0
    SLICE_X23Y16         CARRY4 (Prop_carry4_CI_O[0])
                                                      0.222    34.446 r  tokenizer/imm_reg[22]_i_108/O[0]
                         net (fo=3, routed)           0.448    34.894    tokenizer/imm_reg[22]_i_108_n_7
    SLICE_X22Y16         LUT2 (Prop_lut2_I1_O)        0.299    35.193 r  tokenizer/imm[19]_i_38/O
                         net (fo=1, routed)           0.000    35.193    tokenizer/imm[19]_i_38_n_0
    SLICE_X22Y16         CARRY4 (Prop_carry4_S[1]_O[2])
                                                      0.580    35.773 r  tokenizer/imm_reg[19]_i_20/O[2]
                         net (fo=1, routed)           0.808    36.581    tokenizer/imm_reg[19]_i_20_n_5
    SLICE_X25Y16         LUT5 (Prop_lut5_I0_O)        0.332    36.913 r  tokenizer/imm[19]_i_11/O
                         net (fo=11, routed)          0.870    37.783    tokenizer/imm[19]_i_11_n_0
    SLICE_X20Y11         CARRY4 (Prop_carry4_DI[2]_O[3])
                                                      0.641    38.424 r  tokenizer/imm_reg[28]_i_120/O[3]
                         net (fo=3, routed)           0.474    38.898    tokenizer/imm_reg[28]_i_120_n_4
    SLICE_X19Y10         LUT2 (Prop_lut2_I1_O)        0.306    39.204 r  tokenizer/imm[28]_i_124/O
                         net (fo=1, routed)           0.000    39.204    tokenizer/imm[28]_i_124_n_0
    SLICE_X19Y10         CARRY4 (Prop_carry4_S[0]_O[0])
                                                      0.247    39.451 r  tokenizer/imm_reg[28]_i_48/O[0]
                         net (fo=6, routed)           1.259    40.710    tokenizer/imm_reg[28]_i_48_n_7
    SLICE_X17Y20         LUT3 (Prop_lut3_I2_O)        0.327    41.037 r  tokenizer/imm[28]_i_257/O
                         net (fo=1, routed)           0.486    41.523    tokenizer/imm[28]_i_257_n_0
    SLICE_X21Y20         LUT6 (Prop_lut6_I5_O)        0.326    41.849 r  tokenizer/imm[28]_i_140/O
                         net (fo=1, routed)           0.000    41.849    tokenizer/imm[28]_i_140_n_0
    SLICE_X21Y20         CARRY4 (Prop_carry4_S[2]_O[2])
                                                      0.248    42.097 r  tokenizer/imm_reg[28]_i_55/O[2]
                         net (fo=3, routed)           0.439    42.536    tokenizer/imm_reg[28]_i_55_n_5
    SLICE_X20Y21         LUT2 (Prop_lut2_I1_O)        0.302    42.838 r  tokenizer/imm[28]_i_133/O
                         net (fo=1, routed)           0.000    42.838    tokenizer/imm[28]_i_133_n_0
    SLICE_X20Y21         CARRY4 (Prop_carry4_S[3]_O[3])
                                                      0.248    43.086 r  tokenizer/imm_reg[28]_i_54/O[3]
                         net (fo=2, routed)           0.468    43.554    tokenizer/imm_reg[28]_i_54_n_4
    SLICE_X22Y21         LUT3 (Prop_lut3_I2_O)        0.306    43.860 r  tokenizer/imm[28]_i_149/O
                         net (fo=3, routed)           0.439    44.300    tokenizer/imm[28]_i_149_n_0
    SLICE_X18Y21         LUT6 (Prop_lut6_I0_O)        0.124    44.424 r  tokenizer/imm[28]_i_152/O
                         net (fo=1, routed)           0.000    44.424    tokenizer/imm[28]_i_152_n_0
    SLICE_X18Y21         CARRY4 (Prop_carry4_S[3]_O[3])
                                                      0.248    44.672 r  tokenizer/imm_reg[28]_i_65/O[3]
                         net (fo=3, routed)           0.606    45.278    tokenizer/imm_reg[28]_i_65_n_4
    SLICE_X19Y23         LUT2 (Prop_lut2_I1_O)        0.306    45.584 r  tokenizer/imm[28]_i_69/O
                         net (fo=1, routed)           0.000    45.584    tokenizer/imm[28]_i_69_n_0
    SLICE_X19Y23         CARRY4 (Prop_carry4_S[0]_O[0])
                                                      0.247    45.831 r  tokenizer/imm_reg[28]_i_21/O[0]
                         net (fo=1, routed)           0.573    46.404    tokenizer/imm_reg[28]_i_21_n_7
    SLICE_X22Y23         LUT5 (Prop_lut5_I2_O)        0.299    46.703 f  tokenizer/imm[25]_i_13/O
                         net (fo=1, routed)           0.509    47.212    tokenizer/imm[25]_i_13_n_0
    SLICE_X24Y22         LUT6 (Prop_lut6_I0_O)        0.124    47.336 f  tokenizer/imm[25]_i_4/O
                         net (fo=1, routed)           0.578    47.914    tokenizer/imm[25]_i_4_n_0
    SLICE_X26Y22         LUT5 (Prop_lut5_I3_O)        0.150    48.064 r  tokenizer/imm[25]_i_1/O
                         net (fo=1, routed)           0.512    48.576    operand_interpreter/imm_reg[31]_2[25]
    SLICE_X16Y22         FDRE                                         r  operand_interpreter/imm_reg[25]/D
  -------------------------------------------------------------------    -------------------

                         (clock sys_clk_pin rise edge)
                                                     50.000    50.000 r  <hidden>
    E3                                                0.000    50.000 r  CLK100MHZ
                         net (fo=0)                   0.000    50.000    CLK100MHZ
    E3                   IBUF (Prop_ibuf_I_O)         1.411    51.411 r  CLK100MHZ_IBUF_inst/O
                         net (fo=1, routed)           1.920    53.331    CLK100MHZ_IBUF
    BUFGCTRL_X0Y16       BUFG (Prop_bufg_I_O)         0.091    53.422 r  CLK100MHZ_IBUF_BUFG_inst/O
                         net (fo=1509, routed)        1.675    55.097    operand_interpreter/CLK100MHZ_IBUF_BUFG
    SLICE_X16Y22         FDRE                                         r  operand_interpreter/imm_reg[25]/C
                         clock pessimism              0.267    55.365    <hidden>
                         clock uncertainty           -0.035    55.329    <hidden>
    SLICE_X16Y22         FDRE (Setup_fdre_C_D)       -0.269    55.060    operand_interpreter/imm_reg[25]
  -------------------------------------------------------------------
                         required time                         55.060    <hidden>
                         arrival time                         -48.576    <hidden>
  -------------------------------------------------------------------
                         slack                                  6.484    <hidden>

Slack (MET) :             6.512ns  (required time - arrival time)
  Source:                 tokenizer/token3_reg[93]/C
                            (rising edge-triggered cell FDSE clocked by sys_clk_pin  {rise@0.000ns fall@5.000ns period=50.000ns})
  Destination:            operand_interpreter/imm_reg[28]/D
                            (rising edge-triggered cell FDRE clocked by sys_clk_pin  {rise@0.000ns fall@5.000ns period=50.000ns})
  Path Group:             sys_clk_pin
  Path Type:              Setup (Max at Slow Process Corner)
  Requirement:            50.000ns  (sys_clk_pin rise@50.000ns - sys_clk_pin rise@0.000ns)
  Data Path Delay:        43.436ns  (logic 19.253ns (44.325%)  route 24.183ns (55.675%))
  Logic Levels:           61  (CARRY4=27 LUT2=11 LUT3=5 LUT4=9 LUT5=2 LUT6=7)
  Clock Path Skew:        -0.048ns (DCD - SCD + CPR)
    Destination Clock Delay (DCD):    5.097ns = ( 55.097 - 50.000 ) 
    Source Clock Delay      (SCD):    5.413ns
    Clock Pessimism Removal (CPR):    0.267ns
  Clock Uncertainty:      0.035ns  ((TSJ^2 + TIJ^2)^1/2 + DJ) / 2 + PE
    Total System Jitter     (TSJ):    0.071ns
    Total Input Jitter      (TIJ):    0.000ns
    Discrete Jitter          (DJ):    0.000ns
    Phase Error              (PE):    0.000ns

    Location             Delay type                Incr(ns)  Path(ns)    Netlist Resource(s)
  -------------------------------------------------------------------    -------------------
                         (clock sys_clk_pin rise edge)
                                                      0.000     0.000 r  <hidden>
    E3                                                0.000     0.000 r  CLK100MHZ
                         net (fo=0)                   0.000     0.000    CLK100MHZ
    E3                   IBUF (Prop_ibuf_I_O)         1.482     1.482 r  CLK100MHZ_IBUF_inst/O
                         net (fo=1, routed)           2.025     3.506    CLK100MHZ_IBUF
    BUFGCTRL_X0Y16       BUFG (Prop_bufg_I_O)         0.096     3.602 r  CLK100MHZ_IBUF_BUFG_inst/O
                         net (fo=1509, routed)        1.810     5.413    tokenizer/clk
    SLICE_X42Y4          FDSE                                         r  tokenizer/token3_reg[93]/C
  -------------------------------------------------------------------    -------------------
    SLICE_X42Y4          FDSE (Prop_fdse_C_Q)         0.518     5.931 r  tokenizer/token3_reg[93]/Q
                         net (fo=20, routed)          0.790     6.721    tokenizer/token3[93]
    SLICE_X42Y7          LUT2 (Prop_lut2_I0_O)        0.124     6.845 r  tokenizer/imm[17]_i_16/O
                         net (fo=2, routed)           0.457     7.302    tokenizer/imm[17]_i_16_n_0
    SLICE_X42Y5          LUT6 (Prop_lut6_I3_O)        0.124     7.426 r  tokenizer/imm[6]_i_32/O
                         net (fo=36, routed)          0.714     8.140    tokenizer/imm[6]_i_32_n_0
    SLICE_X34Y4          LUT3 (Prop_lut3_I0_O)        0.124     8.264 r  tokenizer/imm[4]_i_108/O
                         net (fo=1, routed)           0.000     8.264    tokenizer/imm[4]_i_108_n_0
    SLICE_X34Y4          CARRY4 (Prop_carry4_S[1]_O[2])
                                                      0.578     8.842 r  tokenizer/imm_reg[4]_i_86/O[2]
                         net (fo=2, routed)           0.612     9.454    tokenizer/imm_reg[4]_i_86_n_5
    SLICE_X38Y5          LUT2 (Prop_lut2_I1_O)        0.301     9.755 r  tokenizer/imm[4]_i_87/O
                         net (fo=1, routed)           0.000     9.755    tokenizer/imm[4]_i_87_n_0
    SLICE_X38Y5          CARRY4 (Prop_carry4_S[3]_O[3])
                                                      0.255    10.010 r  tokenizer/imm_reg[4]_i_69/O[3]
                         net (fo=5, routed)           0.485    10.495    tokenizer/imm_reg[4]_i_69_n_4
    SLICE_X41Y5          LUT4 (Prop_lut4_I2_O)        0.307    10.802 r  tokenizer/imm[4]_i_91/O
                         net (fo=1, routed)           0.542    11.345    tokenizer/imm[4]_i_91_n_0
    SLICE_X40Y5          CARRY4 (Prop_carry4_DI[3]_CO[3])
                                                      0.385    11.730 r  tokenizer/imm_reg[4]_i_70/CO[3]
                         net (fo=1, routed)           0.000    11.730    tokenizer/imm_reg[4]_i_70_n_0
    SLICE_X40Y6          CARRY4 (Prop_carry4_CI_O[0])
                                                      0.222    11.952 r  tokenizer/imm_reg[11]_i_112/O[0]
                         net (fo=4, routed)           0.584    12.535    tokenizer/imm_reg[11]_i_112_n_7
    SLICE_X39Y6          LUT4 (Prop_lut4_I0_O)        0.299    12.834 r  tokenizer/imm[8]_i_77/O
                         net (fo=1, routed)           0.000    12.834    tokenizer/imm[8]_i_77_n_0
    SLICE_X39Y6          CARRY4 (Prop_carry4_S[1]_O[1])
                                                      0.227    13.061 r  tokenizer/imm_reg[8]_i_54/O[1]
                         net (fo=1, routed)           0.288    13.349    tokenizer/imm_reg[8]_i_54_n_6
    SLICE_X41Y6          LUT6 (Prop_lut6_I2_O)        0.303    13.652 r  tokenizer/imm[6]_i_23/O
                         net (fo=7, routed)           0.543    14.195    tokenizer/imm[6]_i_23_n_0
    SLICE_X37Y6          LUT2 (Prop_lut2_I0_O)        0.124    14.319 r  tokenizer/imm[12]_i_99/O
                         net (fo=1, routed)           0.000    14.319    tokenizer/imm[12]_i_99_n_0
    SLICE_X37Y6          CARRY4 (Prop_carry4_S[1]_O[1])
                                                      0.227    14.546 r  tokenizer/imm_reg[12]_i_73/O[1]
                         net (fo=3, routed)           0.718    15.263    tokenizer/imm_reg[12]_i_73_n_6
    SLICE_X36Y10         LUT4 (Prop_lut4_I3_O)        0.303    15.566 r  tokenizer/imm[6]_i_38/O
                         net (fo=1, routed)           0.000    15.566    tokenizer/imm[6]_i_38_n_0
    SLICE_X36Y10         CARRY4 (Prop_carry4_S[2]_O[2])
                                                      0.248    15.814 r  tokenizer/imm_reg[6]_i_24/O[2]
                         net (fo=2, routed)           0.683    16.497    tokenizer/imm_reg[6]_i_24_n_5
    SLICE_X38Y9          LUT5 (Prop_lut5_I4_O)        0.331    16.828 r  tokenizer/imm[12]_i_88/O
                         net (fo=3, routed)           0.493    17.321    tokenizer/imm[12]_i_88_n_0
    SLICE_X34Y8          LUT4 (Prop_lut4_I0_O)        0.331    17.652 r  tokenizer/imm[12]_i_92/O
                         net (fo=1, routed)           0.000    17.652    tokenizer/imm[12]_i_92_n_0
    SLICE_X34Y8          CARRY4 (Prop_carry4_S[2]_O[2])
                                                      0.250    17.902 r  tokenizer/imm_reg[12]_i_68/O[2]
                         net (fo=3, routed)           0.619    18.521    tokenizer/imm_reg[12]_i_68_n_5
    SLICE_X33Y11         LUT3 (Prop_lut3_I2_O)        0.301    18.822 r  tokenizer/imm[6]_i_44/O
                         net (fo=1, routed)           0.000    18.822    tokenizer/imm[6]_i_44_n_0
    SLICE_X33Y11         CARRY4 (Prop_carry4_S[3]_CO[3])
                                                      0.401    19.223 r  tokenizer/imm_reg[6]_i_25/CO[3]
                         net (fo=1, routed)           0.000    19.223    tokenizer/imm_reg[6]_i_25_n_0
    SLICE_X33Y12         CARRY4 (Prop_carry4_CI_O[0])
                                                      0.222    19.445 r  tokenizer/imm_reg[12]_i_54/O[0]
                         net (fo=1, routed)           0.828    20.273    tokenizer/imm_reg[12]_i_54_n_7
    SLICE_X32Y11         LUT4 (Prop_lut4_I0_O)        0.327    20.600 f  tokenizer/imm[9]_i_10/O
                         net (fo=1, routed)           0.558    21.158    tokenizer/imm[9]_i_10_n_0
    SLICE_X33Y8          LUT6 (Prop_lut6_I0_O)        0.326    21.484 r  tokenizer/imm[9]_i_9/O
                         net (fo=8, routed)           0.720    22.204    tokenizer/imm[11]_i_120_n_0
    SLICE_X28Y7          CARRY4 (Prop_carry4_DI[0]_O[2])
                                                      0.556    22.760 r  tokenizer/imm_reg[11]_i_52/O[2]
                         net (fo=3, routed)           0.615    23.375    tokenizer/imm_reg[11]_i_52_n_5
    SLICE_X26Y6          LUT2 (Prop_lut2_I1_O)        0.302    23.677 r  tokenizer/imm[11]_i_54/O
                         net (fo=1, routed)           0.000    23.677    tokenizer/imm[11]_i_54_n_0
    SLICE_X26Y6          CARRY4 (Prop_carry4_S[3]_O[3])
                                                      0.248    23.925 r  tokenizer/imm_reg[11]_i_17/O[3]
                         net (fo=6, routed)           1.032    24.957    tokenizer/imm_reg[11]_i_17_n_4
    SLICE_X30Y14         LUT3 (Prop_lut3_I2_O)        0.306    25.263 r  tokenizer/imm[11]_i_132/O
                         net (fo=1, routed)           0.478    25.741    tokenizer/imm[11]_i_132_n_0
    SLICE_X29Y14         CARRY4 (Prop_carry4_DI[3]_CO[3])
                                                      0.385    26.126 r  tokenizer/imm_reg[11]_i_58/CO[3]
                         net (fo=1, routed)           0.000    26.126    tokenizer/imm_reg[11]_i_58_n_0
    SLICE_X29Y15         CARRY4 (Prop_carry4_CI_O[0])
                                                      0.222    26.348 r  tokenizer/imm_reg[24]_i_101/O[0]
                         net (fo=3, routed)           0.495    26.843    tokenizer/imm_reg[24]_i_101_n_7
    SLICE_X26Y15         LUT2 (Prop_lut2_I1_O)        0.299    27.142 r  tokenizer/imm[24]_i_177/O
                         net (fo=1, routed)           0.000    27.142    tokenizer/imm[24]_i_177_n_0
    SLICE_X26Y15         CARRY4 (Prop_carry4_S[1]_O[1])
                                                      0.227    27.369 r  tokenizer/imm_reg[24]_i_100/O[1]
                         net (fo=3, routed)           0.922    28.292    tokenizer/imm_reg[24]_i_100_n_6
    SLICE_X30Y15         LUT3 (Prop_lut3_I2_O)        0.329    28.621 r  tokenizer/imm[19]_i_81/O
                         net (fo=3, routed)           0.506    29.127    tokenizer/imm[19]_i_81_n_0
    SLICE_X27Y16         LUT6 (Prop_lut6_I0_O)        0.348    29.475 r  tokenizer/imm[19]_i_85/O
                         net (fo=1, routed)           0.000    29.475    tokenizer/imm[19]_i_85_n_0
    SLICE_X27Y16         CARRY4 (Prop_carry4_S[1]_O[2])
                                                      0.580    30.055 r  tokenizer/imm_reg[19]_i_41/O[2]
                         net (fo=3, routed)           0.601    30.656    tokenizer/imm_reg[19]_i_41_n_5
    SLICE_X28Y16         LUT2 (Prop_lut2_I1_O)        0.302    30.958 r  tokenizer/imm[19]_i_75/O
                         net (fo=1, routed)           0.000    30.958    tokenizer/imm[19]_i_75_n_0
    SLICE_X28Y16         CARRY4 (Prop_carry4_S[3]_O[3])
                                                      0.248    31.206 r  tokenizer/imm_reg[19]_i_40/O[3]
                         net (fo=3, routed)           0.588    31.794    tokenizer/imm_reg[19]_i_40_n_4
    SLICE_X25Y16         LUT4 (Prop_lut4_I0_O)        0.306    32.100 r  tokenizer/imm[16]_i_43/O
                         net (fo=1, routed)           0.761    32.861    tokenizer/imm[16]_i_43_n_0
    SLICE_X32Y13         LUT6 (Prop_lut6_I0_O)        0.124    32.985 r  tokenizer/imm[16]_i_19/O
                         net (fo=5, routed)           0.854    33.839    tokenizer/imm[16]_i_19_n_0
    SLICE_X23Y15         CARRY4 (Prop_carry4_DI[3]_CO[3])
                                                      0.385    34.224 r  tokenizer/imm_reg[19]_i_35/CO[3]
                         net (fo=1, routed)           0.000    34.224    tokenizer/imm_reg[19]_i_35_n_0
    SLICE_X23Y16         CARRY4 (Prop_carry4_CI_O[0])
                                                      0.222    34.446 r  tokenizer/imm_reg[22]_i_108/O[0]
                         net (fo=3, routed)           0.448    34.894    tokenizer/imm_reg[22]_i_108_n_7
    SLICE_X22Y16         LUT2 (Prop_lut2_I1_O)        0.299    35.193 r  tokenizer/imm[19]_i_38/O
                         net (fo=1, routed)           0.000    35.193    tokenizer/imm[19]_i_38_n_0
    SLICE_X22Y16         CARRY4 (Prop_carry4_S[1]_O[3])
                                                      0.640    35.833 r  tokenizer/imm_reg[19]_i_20/O[3]
                         net (fo=2, routed)           0.716    36.549    tokenizer/imm_reg[19]_i_20_n_4
    SLICE_X24Y19         LUT5 (Prop_lut5_I0_O)        0.301    36.850 r  tokenizer/imm[28]_i_242/O
                         net (fo=8, routed)           0.822    37.672    tokenizer/imm[28]_i_242_n_0
    SLICE_X20Y11         LUT2 (Prop_lut2_I0_O)        0.332    38.004 r  tokenizer/imm[28]_i_245/O
                         net (fo=1, routed)           0.000    38.004    tokenizer/imm[28]_i_245_n_0
    SLICE_X20Y11         CARRY4 (Prop_carry4_S[3]_CO[3])
                                                      0.401    38.405 r  tokenizer/imm_reg[28]_i_120/CO[3]
                         net (fo=1, routed)           0.000    38.405    tokenizer/imm_reg[28]_i_120_n_0
    SLICE_X20Y12         CARRY4 (Prop_carry4_CI_O[0])
                                                      0.222    38.627 r  tokenizer/imm_reg[28]_i_49/O[0]
                         net (fo=3, routed)           0.483    39.110    tokenizer/imm_reg[28]_i_49_n_7
    SLICE_X19Y10         LUT2 (Prop_lut2_I1_O)        0.299    39.409 r  tokenizer/imm[28]_i_123/O
                         net (fo=1, routed)           0.000    39.409    tokenizer/imm[28]_i_123_n_0
    SLICE_X19Y10         CARRY4 (Prop_carry4_S[1]_O[2])
                                                      0.580    39.989 r  tokenizer/imm_reg[28]_i_48/O[2]
                         net (fo=2, routed)           0.878    40.867    tokenizer/imm_reg[28]_i_48_n_5
    SLICE_X22Y20         LUT4 (Prop_lut4_I3_O)        0.302    41.169 r  tokenizer/imm[23]_i_29/O
                         net (fo=1, routed)           0.343    41.512    tokenizer/imm[23]_i_29_n_0
    SLICE_X23Y20         LUT6 (Prop_lut6_I0_O)        0.124    41.636 r  tokenizer/imm[23]_i_11/O
                         net (fo=4, routed)           0.641    42.278    tokenizer/imm[23]_i_11_n_0
    SLICE_X21Y20         CARRY4 (Prop_carry4_DI[2]_O[3])
                                                      0.438    42.716 r  tokenizer/imm_reg[28]_i_55/O[3]
                         net (fo=3, routed)           0.624    43.340    tokenizer/imm_reg[28]_i_55_n_4
    SLICE_X20Y22         LUT2 (Prop_lut2_I0_O)        0.306    43.646 r  tokenizer/imm[28]_i_58/O
                         net (fo=1, routed)           0.000    43.646    tokenizer/imm[28]_i_58_n_0
    SLICE_X20Y22         CARRY4 (Prop_carry4_S[1]_O[2])
                                                      0.580    44.226 r  tokenizer/imm_reg[28]_i_19/O[2]
                         net (fo=3, routed)           0.605    44.831    tokenizer/imm_reg[28]_i_19_n_5
    SLICE_X17Y22         LUT3 (Prop_lut3_I2_O)        0.328    45.159 r  tokenizer/imm[31]_i_178/O
                         net (fo=2, routed)           0.431    45.590    tokenizer/imm[31]_i_178_n_0
    SLICE_X18Y22         LUT4 (Prop_lut4_I3_O)        0.326    45.916 r  tokenizer/imm[31]_i_111/O
                         net (fo=1, routed)           0.000    45.916    tokenizer/imm[31]_i_111_n_0
    SLICE_X18Y22         CARRY4 (Prop_carry4_S[2]_O[2])
                                                      0.248    46.164 r  tokenizer/imm_reg[31]_i_50/O[2]
                         net (fo=3, routed)           0.481    46.646    tokenizer/imm_reg[31]_i_50_n_5
    SLICE_X19Y23         LUT2 (Prop_lut2_I1_O)        0.302    46.948 r  tokenizer/imm[28]_i_66/O
                         net (fo=1, routed)           0.000    46.948    tokenizer/imm[28]_i_66_n_0
    SLICE_X19Y23         CARRY4 (Prop_carry4_S[3]_O[3])
                                                      0.248    47.196 r  tokenizer/imm_reg[28]_i_21/O[3]
                         net (fo=1, routed)           0.448    47.644    tokenizer/imm_reg[28]_i_21_n_4
    SLICE_X16Y21         LUT4 (Prop_lut4_I2_O)        0.306    47.950 f  tokenizer/imm[28]_i_5/O
                         net (fo=1, routed)           0.774    48.724    tokenizer/imm[28]_i_5_n_0
    SLICE_X31Y20         LUT6 (Prop_lut6_I4_O)        0.124    48.848 r  tokenizer/imm[28]_i_1/O
                         net (fo=1, routed)           0.000    48.848    operand_interpreter/imm_reg[31]_2[28]
    SLICE_X31Y20         FDRE                                         r  operand_interpreter/imm_reg[28]/D
  -------------------------------------------------------------------    -------------------

                         (clock sys_clk_pin rise edge)
                                                     50.000    50.000 r  <hidden>
    E3                                                0.000    50.000 r  CLK100MHZ
                         net (fo=0)                   0.000    50.000    CLK100MHZ
    E3                   IBUF (Prop_ibuf_I_O)         1.411    51.411 r  CLK100MHZ_IBUF_inst/O
                         net (fo=1, routed)           1.920    53.331    CLK100MHZ_IBUF
    BUFGCTRL_X0Y16       BUFG (Prop_bufg_I_O)         0.091    53.422 r  CLK100MHZ_IBUF_BUFG_inst/O
                         net (fo=1509, routed)        1.675    55.097    operand_interpreter/CLK100MHZ_IBUF_BUFG
    SLICE_X31Y20         FDRE                                         r  operand_interpreter/imm_reg[28]/C
                         clock pessimism              0.267    55.365    <hidden>
                         clock uncertainty           -0.035    55.329    <hidden>
    SLICE_X31Y20         FDRE (Setup_fdre_C_D)        0.031    55.360    operand_interpreter/imm_reg[28]
  -------------------------------------------------------------------
                         required time                         55.360    <hidden>
                         arrival time                         -48.848    <hidden>
  -------------------------------------------------------------------
                         slack                                  6.512    <hidden>

Slack (MET) :             6.635ns  (required time - arrival time)
  Source:                 tokenizer/token3_reg[93]/C
                            (rising edge-triggered cell FDSE clocked by sys_clk_pin  {rise@0.000ns fall@5.000ns period=50.000ns})
  Destination:            operand_interpreter/imm_reg[29]/D
                            (rising edge-triggered cell FDRE clocked by sys_clk_pin  {rise@0.000ns fall@5.000ns period=50.000ns})
  Path Group:             sys_clk_pin
  Path Type:              Setup (Max at Slow Process Corner)
  Requirement:            50.000ns  (sys_clk_pin rise@50.000ns - sys_clk_pin rise@0.000ns)
  Data Path Delay:        43.311ns  (logic 19.621ns (45.302%)  route 23.690ns (54.698%))
  Logic Levels:           62  (CARRY4=28 LUT2=11 LUT3=5 LUT4=8 LUT5=2 LUT6=8)
  Clock Path Skew:        -0.049ns (DCD - SCD + CPR)
    Destination Clock Delay (DCD):    5.096ns = ( 55.096 - 50.000 ) 
    Source Clock Delay      (SCD):    5.413ns
    Clock Pessimism Removal (CPR):    0.267ns
  Clock Uncertainty:      0.035ns  ((TSJ^2 + TIJ^2)^1/2 + DJ) / 2 + PE
    Total System Jitter     (TSJ):    0.071ns
    Total Input Jitter      (TIJ):    0.000ns
    Discrete Jitter          (DJ):    0.000ns
    Phase Error              (PE):    0.000ns

    Location             Delay type                Incr(ns)  Path(ns)    Netlist Resource(s)
  -------------------------------------------------------------------    -------------------
                         (clock sys_clk_pin rise edge)
                                                      0.000     0.000 r  <hidden>
    E3                                                0.000     0.000 r  CLK100MHZ
                         net (fo=0)                   0.000     0.000    CLK100MHZ
    E3                   IBUF (Prop_ibuf_I_O)         1.482     1.482 r  CLK100MHZ_IBUF_inst/O
                         net (fo=1, routed)           2.025     3.506    CLK100MHZ_IBUF
    BUFGCTRL_X0Y16       BUFG (Prop_bufg_I_O)         0.096     3.602 r  CLK100MHZ_IBUF_BUFG_inst/O
                         net (fo=1509, routed)        1.810     5.413    tokenizer/clk
    SLICE_X42Y4          FDSE                                         r  tokenizer/token3_reg[93]/C
  -------------------------------------------------------------------    -------------------
    SLICE_X42Y4          FDSE (Prop_fdse_C_Q)         0.518     5.931 r  tokenizer/token3_reg[93]/Q
                         net (fo=20, routed)          0.790     6.721    tokenizer/token3[93]
    SLICE_X42Y7          LUT2 (Prop_lut2_I0_O)        0.124     6.845 r  tokenizer/imm[17]_i_16/O
                         net (fo=2, routed)           0.457     7.302    tokenizer/imm[17]_i_16_n_0
    SLICE_X42Y5          LUT6 (Prop_lut6_I3_O)        0.124     7.426 r  tokenizer/imm[6]_i_32/O
                         net (fo=36, routed)          0.714     8.140    tokenizer/imm[6]_i_32_n_0
    SLICE_X34Y4          LUT3 (Prop_lut3_I0_O)        0.124     8.264 r  tokenizer/imm[4]_i_108/O
                         net (fo=1, routed)           0.000     8.264    tokenizer/imm[4]_i_108_n_0
    SLICE_X34Y4          CARRY4 (Prop_carry4_S[1]_O[2])
                                                      0.578     8.842 r  tokenizer/imm_reg[4]_i_86/O[2]
                         net (fo=2, routed)           0.612     9.454    tokenizer/imm_reg[4]_i_86_n_5
    SLICE_X38Y5          LUT2 (Prop_lut2_I1_O)        0.301     9.755 r  tokenizer/imm[4]_i_87/O
                         net (fo=1, routed)           0.000     9.755    tokenizer/imm[4]_i_87_n_0
    SLICE_X38Y5          CARRY4 (Prop_carry4_S[3]_O[3])
                                                      0.255    10.010 r  tokenizer/imm_reg[4]_i_69/O[3]
                         net (fo=5, routed)           0.485    10.495    tokenizer/imm_reg[4]_i_69_n_4
    SLICE_X41Y5          LUT4 (Prop_lut4_I2_O)        0.307    10.802 r  tokenizer/imm[4]_i_91/O
                         net (fo=1, routed)           0.542    11.345    tokenizer/imm[4]_i_91_n_0
    SLICE_X40Y5          CARRY4 (Prop_carry4_DI[3]_CO[3])
                                                      0.385    11.730 r  tokenizer/imm_reg[4]_i_70/CO[3]
                         net (fo=1, routed)           0.000    11.730    tokenizer/imm_reg[4]_i_70_n_0
    SLICE_X40Y6          CARRY4 (Prop_carry4_CI_O[0])
                                                      0.222    11.952 r  tokenizer/imm_reg[11]_i_112/O[0]
                         net (fo=4, routed)           0.584    12.535    tokenizer/imm_reg[11]_i_112_n_7
    SLICE_X39Y6          LUT4 (Prop_lut4_I0_O)        0.299    12.834 r  tokenizer/imm[8]_i_77/O
                         net (fo=1, routed)           0.000    12.834    tokenizer/imm[8]_i_77_n_0
    SLICE_X39Y6          CARRY4 (Prop_carry4_S[1]_O[1])
                                                      0.227    13.061 r  tokenizer/imm_reg[8]_i_54/O[1]
                         net (fo=1, routed)           0.288    13.349    tokenizer/imm_reg[8]_i_54_n_6
    SLICE_X41Y6          LUT6 (Prop_lut6_I2_O)        0.303    13.652 r  tokenizer/imm[6]_i_23/O
                         net (fo=7, routed)           0.543    14.195    tokenizer/imm[6]_i_23_n_0
    SLICE_X37Y6          LUT2 (Prop_lut2_I0_O)        0.124    14.319 r  tokenizer/imm[12]_i_99/O
                         net (fo=1, routed)           0.000    14.319    tokenizer/imm[12]_i_99_n_0
    SLICE_X37Y6          CARRY4 (Prop_carry4_S[1]_O[1])
                                                      0.227    14.546 r  tokenizer/imm_reg[12]_i_73/O[1]
                         net (fo=3, routed)           0.718    15.263    tokenizer/imm_reg[12]_i_73_n_6
    SLICE_X36Y10         LUT4 (Prop_lut4_I3_O)        0.303    15.566 r  tokenizer/imm[6]_i_38/O
                         net (fo=1, routed)           0.000    15.566    tokenizer/imm[6]_i_38_n_0
    SLICE_X36Y10         CARRY4 (Prop_carry4_S[2]_O[2])
                                                      0.248    15.814 r  tokenizer/imm_reg[6]_i_24/O[2]
                         net (fo=2, routed)           0.683    16.497    tokenizer/imm_reg[6]_i_24_n_5
    SLICE_X38Y9          LUT5 (Prop_lut5_I4_O)        0.331    16.828 r  tokenizer/imm[12]_i_88/O
                         net (fo=3, routed)           0.493    17.321    tokenizer/imm[12]_i_88_n_0
    SLICE_X34Y8          LUT4 (Prop_lut4_I0_O)        0.331    17.652 r  tokenizer/imm[12]_i_92/O
                         net (fo=1, routed)           0.000    17.652    tokenizer/imm[12]_i_92_n_0
    SLICE_X34Y8          CARRY4 (Prop_carry4_S[2]_O[2])
                                                      0.250    17.902 r  tokenizer/imm_reg[12]_i_68/O[2]
                         net (fo=3, routed)           0.619    18.521    tokenizer/imm_reg[12]_i_68_n_5
    SLICE_X33Y11         LUT3 (Prop_lut3_I2_O)        0.301    18.822 r  tokenizer/imm[6]_i_44/O
                         net (fo=1, routed)           0.000    18.822    tokenizer/imm[6]_i_44_n_0
    SLICE_X33Y11         CARRY4 (Prop_carry4_S[3]_CO[3])
                                                      0.401    19.223 r  tokenizer/imm_reg[6]_i_25/CO[3]
                         net (fo=1, routed)           0.000    19.223    tokenizer/imm_reg[6]_i_25_n_0
    SLICE_X33Y12         CARRY4 (Prop_carry4_CI_O[0])
                                                      0.222    19.445 r  tokenizer/imm_reg[12]_i_54/O[0]
                         net (fo=1, routed)           0.828    20.273    tokenizer/imm_reg[12]_i_54_n_7
    SLICE_X32Y11         LUT4 (Prop_lut4_I0_O)        0.327    20.600 f  tokenizer/imm[9]_i_10/O
                         net (fo=1, routed)           0.558    21.158    tokenizer/imm[9]_i_10_n_0
    SLICE_X33Y8          LUT6 (Prop_lut6_I0_O)        0.326    21.484 r  tokenizer/imm[9]_i_9/O
                         net (fo=8, routed)           0.720    22.204    tokenizer/imm[11]_i_120_n_0
    SLICE_X28Y7          CARRY4 (Prop_carry4_DI[0]_O[2])
                                                      0.556    22.760 r  tokenizer/imm_reg[11]_i_52/O[2]
                         net (fo=3, routed)           0.615    23.375    tokenizer/imm_reg[11]_i_52_n_5
    SLICE_X26Y6          LUT2 (Prop_lut2_I1_O)        0.302    23.677 r  tokenizer/imm[11]_i_54/O
                         net (fo=1, routed)           0.000    23.677    tokenizer/imm[11]_i_54_n_0
    SLICE_X26Y6          CARRY4 (Prop_carry4_S[3]_O[3])
                                                      0.248    23.925 r  tokenizer/imm_reg[11]_i_17/O[3]
                         net (fo=6, routed)           1.032    24.957    tokenizer/imm_reg[11]_i_17_n_4
    SLICE_X30Y14         LUT3 (Prop_lut3_I2_O)        0.306    25.263 r  tokenizer/imm[11]_i_132/O
                         net (fo=1, routed)           0.478    25.741    tokenizer/imm[11]_i_132_n_0
    SLICE_X29Y14         CARRY4 (Prop_carry4_DI[3]_CO[3])
                                                      0.385    26.126 r  tokenizer/imm_reg[11]_i_58/CO[3]
                         net (fo=1, routed)           0.000    26.126    tokenizer/imm_reg[11]_i_58_n_0
    SLICE_X29Y15         CARRY4 (Prop_carry4_CI_O[0])
                                                      0.222    26.348 r  tokenizer/imm_reg[24]_i_101/O[0]
                         net (fo=3, routed)           0.495    26.843    tokenizer/imm_reg[24]_i_101_n_7
    SLICE_X26Y15         LUT2 (Prop_lut2_I1_O)        0.299    27.142 r  tokenizer/imm[24]_i_177/O
                         net (fo=1, routed)           0.000    27.142    tokenizer/imm[24]_i_177_n_0
    SLICE_X26Y15         CARRY4 (Prop_carry4_S[1]_O[1])
                                                      0.227    27.369 r  tokenizer/imm_reg[24]_i_100/O[1]
                         net (fo=3, routed)           0.922    28.292    tokenizer/imm_reg[24]_i_100_n_6
    SLICE_X30Y15         LUT3 (Prop_lut3_I2_O)        0.329    28.621 r  tokenizer/imm[19]_i_81/O
                         net (fo=3, routed)           0.506    29.127    tokenizer/imm[19]_i_81_n_0
    SLICE_X27Y16         LUT6 (Prop_lut6_I0_O)        0.348    29.475 r  tokenizer/imm[19]_i_85/O
                         net (fo=1, routed)           0.000    29.475    tokenizer/imm[19]_i_85_n_0
    SLICE_X27Y16         CARRY4 (Prop_carry4_S[1]_O[2])
                                                      0.580    30.055 r  tokenizer/imm_reg[19]_i_41/O[2]
                         net (fo=3, routed)           0.601    30.656    tokenizer/imm_reg[19]_i_41_n_5
    SLICE_X28Y16         LUT2 (Prop_lut2_I1_O)        0.302    30.958 r  tokenizer/imm[19]_i_75/O
                         net (fo=1, routed)           0.000    30.958    tokenizer/imm[19]_i_75_n_0
    SLICE_X28Y16         CARRY4 (Prop_carry4_S[3]_O[3])
                                                      0.248    31.206 r  tokenizer/imm_reg[19]_i_40/O[3]
                         net (fo=3, routed)           0.588    31.794    tokenizer/imm_reg[19]_i_40_n_4
    SLICE_X25Y16         LUT4 (Prop_lut4_I0_O)        0.306    32.100 r  tokenizer/imm[16]_i_43/O
                         net (fo=1, routed)           0.761    32.861    tokenizer/imm[16]_i_43_n_0
    SLICE_X32Y13         LUT6 (Prop_lut6_I0_O)        0.124    32.985 r  tokenizer/imm[16]_i_19/O
                         net (fo=5, routed)           0.854    33.839    tokenizer/imm[16]_i_19_n_0
    SLICE_X23Y15         CARRY4 (Prop_carry4_DI[3]_CO[3])
                                                      0.385    34.224 r  tokenizer/imm_reg[19]_i_35/CO[3]
                         net (fo=1, routed)           0.000    34.224    tokenizer/imm_reg[19]_i_35_n_0
    SLICE_X23Y16         CARRY4 (Prop_carry4_CI_O[0])
                                                      0.222    34.446 r  tokenizer/imm_reg[22]_i_108/O[0]
                         net (fo=3, routed)           0.448    34.894    tokenizer/imm_reg[22]_i_108_n_7
    SLICE_X22Y16         LUT2 (Prop_lut2_I1_O)        0.299    35.193 r  tokenizer/imm[19]_i_38/O
                         net (fo=1, routed)           0.000    35.193    tokenizer/imm[19]_i_38_n_0
    SLICE_X22Y16         CARRY4 (Prop_carry4_S[1]_O[3])
                                                      0.640    35.833 r  tokenizer/imm_reg[19]_i_20/O[3]
                         net (fo=2, routed)           0.716    36.549    tokenizer/imm_reg[19]_i_20_n_4
    SLICE_X24Y19         LUT5 (Prop_lut5_I0_O)        0.301    36.850 r  tokenizer/imm[28]_i_242/O
                         net (fo=8, routed)           0.822    37.672    tokenizer/imm[28]_i_242_n_0
    SLICE_X20Y11         LUT2 (Prop_lut2_I0_O)        0.332    38.004 r  tokenizer/imm[28]_i_245/O
                         net (fo=1, routed)           0.000    38.004    tokenizer/imm[28]_i_245_n_0
    SLICE_X20Y11         CARRY4 (Prop_carry4_S[3]_CO[3])
                                                      0.401    38.405 r  tokenizer/imm_reg[28]_i_120/CO[3]
                         net (fo=1, routed)           0.000    38.405    tokenizer/imm_reg[28]_i_120_n_0
    SLICE_X20Y12         CARRY4 (Prop_carry4_CI_O[0])
                                                      0.222    38.627 r  tokenizer/imm_reg[28]_i_49/O[0]
                         net (fo=3, routed)           0.483    39.110    tokenizer/imm_reg[28]_i_49_n_7
    SLICE_X19Y10         LUT2 (Prop_lut2_I1_O)        0.299    39.409 r  tokenizer/imm[28]_i_123/O
                         net (fo=1, routed)           0.000    39.409    tokenizer/imm[28]_i_123_n_0
    SLICE_X19Y10         CARRY4 (Prop_carry4_S[1]_O[2])
                                                      0.580    39.989 r  tokenizer/imm_reg[28]_i_48/O[2]
                         net (fo=2, routed)           0.878    40.867    tokenizer/imm_reg[28]_i_48_n_5
    SLICE_X22Y20         LUT4 (Prop_lut4_I3_O)        0.302    41.169 r  tokenizer/imm[23]_i_29/O
                         net (fo=1, routed)           0.343    41.512    tokenizer/imm[23]_i_29_n_0
    SLICE_X23Y20         LUT6 (Prop_lut6_I0_O)        0.124    41.636 r  tokenizer/imm[23]_i_11/O
                         net (fo=4, routed)           0.641    42.278    tokenizer/imm[23]_i_11_n_0
    SLICE_X21Y20         CARRY4 (Prop_carry4_DI[2]_O[3])
                                                      0.438    42.716 r  tokenizer/imm_reg[28]_i_55/O[3]
                         net (fo=3, routed)           0.624    43.340    tokenizer/imm_reg[28]_i_55_n_4
    SLICE_X20Y22         LUT2 (Prop_lut2_I0_O)        0.306    43.646 r  tokenizer/imm[28]_i_58/O
                         net (fo=1, routed)           0.000    43.646    tokenizer/imm[28]_i_58_n_0
    SLICE_X20Y22         CARRY4 (Prop_carry4_S[1]_O[2])
                                                      0.580    44.226 r  tokenizer/imm_reg[28]_i_19/O[2]
                         net (fo=3, routed)           0.605    44.831    tokenizer/imm_reg[28]_i_19_n_5
    SLICE_X17Y22         LUT3 (Prop_lut3_I2_O)        0.328    45.159 r  tokenizer/imm[31]_i_178/O
                         net (fo=2, routed)           0.431    45.590    tokenizer/imm[31]_i_178_n_0
    SLICE_X18Y22         LUT4 (Prop_lut4_I3_O)        0.326    45.916 r  tokenizer/imm[31]_i_111/O
                         net (fo=1, routed)           0.000    45.916    tokenizer/imm[31]_i_111_n_0
    SLICE_X18Y22         CARRY4 (Prop_carry4_S[2]_O[2])
                                                      0.248    46.164 r  tokenizer/imm_reg[31]_i_50/O[2]
                         net (fo=3, routed)           0.481    46.646    tokenizer/imm_reg[31]_i_50_n_5
    SLICE_X19Y23         LUT2 (Prop_lut2_I1_O)        0.302    46.948 r  tokenizer/imm[28]_i_66/O
                         net (fo=1, routed)           0.000    46.948    tokenizer/imm[28]_i_66_n_0
    SLICE_X19Y23         CARRY4 (Prop_carry4_S[3]_CO[3])
                                                      0.401    47.349 r  tokenizer/imm_reg[28]_i_21/CO[3]
                         net (fo=1, routed)           0.000    47.349    tokenizer/imm_reg[28]_i_21_n_0
    SLICE_X19Y24         CARRY4 (Prop_carry4_CI_O[0])
                                                      0.222    47.571 r  tokenizer/imm_reg[31]_i_17/O[0]
                         net (fo=1, routed)           0.317    47.887    tokenizer/imm_reg[31]_i_17_n_7
    SLICE_X21Y23         LUT6 (Prop_lut6_I1_O)        0.299    48.186 f  tokenizer/imm[29]_i_6/O
                         net (fo=1, routed)           0.414    48.600    tokenizer/imm[29]_i_6_n_0
    SLICE_X22Y23         LUT6 (Prop_lut6_I4_O)        0.124    48.724 r  tokenizer/imm[29]_i_1/O
                         net (fo=1, routed)           0.000    48.724    operand_interpreter/imm_reg[31]_2[29]
    SLICE_X22Y23         FDRE                                         r  operand_interpreter/imm_reg[29]/D
  -------------------------------------------------------------------    -------------------

                         (clock sys_clk_pin rise edge)
                                                     50.000    50.000 r  <hidden>
    E3                                                0.000    50.000 r  CLK100MHZ
                         net (fo=0)                   0.000    50.000    CLK100MHZ
    E3                   IBUF (Prop_ibuf_I_O)         1.411    51.411 r  CLK100MHZ_IBUF_inst/O
                         net (fo=1, routed)           1.920    53.331    CLK100MHZ_IBUF
    BUFGCTRL_X0Y16       BUFG (Prop_bufg_I_O)         0.091    53.422 r  CLK100MHZ_IBUF_BUFG_inst/O
                         net (fo=1509, routed)        1.674    55.096    operand_interpreter/CLK100MHZ_IBUF_BUFG
    SLICE_X22Y23         FDRE                                         r  operand_interpreter/imm_reg[29]/C
                         clock pessimism              0.267    55.364    <hidden>
                         clock uncertainty           -0.035    55.328    <hidden>
    SLICE_X22Y23         FDRE (Setup_fdre_C_D)        0.031    55.359    operand_interpreter/imm_reg[29]
  -------------------------------------------------------------------
                         required time                         55.359    <hidden>
                         arrival time                         -48.724    <hidden>
  -------------------------------------------------------------------
                         slack                                  6.635    <hidden>

Slack (MET) :             7.614ns  (required time - arrival time)
  Source:                 tokenizer/token3_reg[93]/C
                            (rising edge-triggered cell FDSE clocked by sys_clk_pin  {rise@0.000ns fall@5.000ns period=50.000ns})
  Destination:            operand_interpreter/imm_reg[24]/D
                            (rising edge-triggered cell FDRE clocked by sys_clk_pin  {rise@0.000ns fall@5.000ns period=50.000ns})
  Path Group:             sys_clk_pin
  Path Type:              Setup (Max at Slow Process Corner)
  Requirement:            50.000ns  (sys_clk_pin rise@50.000ns - sys_clk_pin rise@0.000ns)
  Data Path Delay:        42.333ns  (logic 18.307ns (43.245%)  route 24.026ns (56.755%))
  Logic Levels:           60  (CARRY4=26 LUT2=10 LUT3=5 LUT4=8 LUT5=5 LUT6=6)
  Clock Path Skew:        -0.047ns (DCD - SCD + CPR)
    Destination Clock Delay (DCD):    5.098ns = ( 55.098 - 50.000 ) 
    Source Clock Delay      (SCD):    5.413ns
    Clock Pessimism Removal (CPR):    0.267ns
  Clock Uncertainty:      0.035ns  ((TSJ^2 + TIJ^2)^1/2 + DJ) / 2 + PE
    Total System Jitter     (TSJ):    0.071ns
    Total Input Jitter      (TIJ):    0.000ns
    Discrete Jitter          (DJ):    0.000ns
    Phase Error              (PE):    0.000ns

    Location             Delay type                Incr(ns)  Path(ns)    Netlist Resource(s)
  -------------------------------------------------------------------    -------------------
                         (clock sys_clk_pin rise edge)
                                                      0.000     0.000 r  <hidden>
    E3                                                0.000     0.000 r  CLK100MHZ
                         net (fo=0)                   0.000     0.000    CLK100MHZ
    E3                   IBUF (Prop_ibuf_I_O)         1.482     1.482 r  CLK100MHZ_IBUF_inst/O
                         net (fo=1, routed)           2.025     3.506    CLK100MHZ_IBUF
    BUFGCTRL_X0Y16       BUFG (Prop_bufg_I_O)         0.096     3.602 r  CLK100MHZ_IBUF_BUFG_inst/O
                         net (fo=1509, routed)        1.810     5.413    tokenizer/clk
    SLICE_X42Y4          FDSE                                         r  tokenizer/token3_reg[93]/C
  -------------------------------------------------------------------    -------------------
    SLICE_X42Y4          FDSE (Prop_fdse_C_Q)         0.518     5.931 r  tokenizer/token3_reg[93]/Q
                         net (fo=20, routed)          0.790     6.721    tokenizer/token3[93]
    SLICE_X42Y7          LUT2 (Prop_lut2_I0_O)        0.124     6.845 r  tokenizer/imm[17]_i_16/O
                         net (fo=2, routed)           0.457     7.302    tokenizer/imm[17]_i_16_n_0
    SLICE_X42Y5          LUT6 (Prop_lut6_I3_O)        0.124     7.426 r  tokenizer/imm[6]_i_32/O
                         net (fo=36, routed)          0.714     8.140    tokenizer/imm[6]_i_32_n_0
    SLICE_X34Y4          LUT3 (Prop_lut3_I0_O)        0.124     8.264 r  tokenizer/imm[4]_i_108/O
                         net (fo=1, routed)           0.000     8.264    tokenizer/imm[4]_i_108_n_0
    SLICE_X34Y4          CARRY4 (Prop_carry4_S[1]_O[2])
                                                      0.578     8.842 r  tokenizer/imm_reg[4]_i_86/O[2]
                         net (fo=2, routed)           0.612     9.454    tokenizer/imm_reg[4]_i_86_n_5
    SLICE_X38Y5          LUT2 (Prop_lut2_I1_O)        0.301     9.755 r  tokenizer/imm[4]_i_87/O
                         net (fo=1, routed)           0.000     9.755    tokenizer/imm[4]_i_87_n_0
    SLICE_X38Y5          CARRY4 (Prop_carry4_S[3]_O[3])
                                                      0.255    10.010 r  tokenizer/imm_reg[4]_i_69/O[3]
                         net (fo=5, routed)           0.485    10.495    tokenizer/imm_reg[4]_i_69_n_4
    SLICE_X41Y5          LUT4 (Prop_lut4_I2_O)        0.307    10.802 r  tokenizer/imm[4]_i_91/O
                         net (fo=1, routed)           0.542    11.345    tokenizer/imm[4]_i_91_n_0
    SLICE_X40Y5          CARRY4 (Prop_carry4_DI[3]_CO[3])
                                                      0.385    11.730 r  tokenizer/imm_reg[4]_i_70/CO[3]
                         net (fo=1, routed)           0.000    11.730    tokenizer/imm_reg[4]_i_70_n_0
    SLICE_X40Y6          CARRY4 (Prop_carry4_CI_O[0])
                                                      0.222    11.952 r  tokenizer/imm_reg[11]_i_112/O[0]
                         net (fo=4, routed)           0.584    12.535    tokenizer/imm_reg[11]_i_112_n_7
    SLICE_X39Y6          LUT4 (Prop_lut4_I0_O)        0.299    12.834 r  tokenizer/imm[8]_i_77/O
                         net (fo=1, routed)           0.000    12.834    tokenizer/imm[8]_i_77_n_0
    SLICE_X39Y6          CARRY4 (Prop_carry4_S[1]_O[1])
                                                      0.227    13.061 r  tokenizer/imm_reg[8]_i_54/O[1]
                         net (fo=1, routed)           0.288    13.349    tokenizer/imm_reg[8]_i_54_n_6
    SLICE_X41Y6          LUT6 (Prop_lut6_I2_O)        0.303    13.652 r  tokenizer/imm[6]_i_23/O
                         net (fo=7, routed)           0.543    14.195    tokenizer/imm[6]_i_23_n_0
    SLICE_X37Y6          LUT2 (Prop_lut2_I0_O)        0.124    14.319 r  tokenizer/imm[12]_i_99/O
                         net (fo=1, routed)           0.000    14.319    tokenizer/imm[12]_i_99_n_0
    SLICE_X37Y6          CARRY4 (Prop_carry4_S[1]_O[1])
                                                      0.227    14.546 r  tokenizer/imm_reg[12]_i_73/O[1]
                         net (fo=3, routed)           0.718    15.263    tokenizer/imm_reg[12]_i_73_n_6
    SLICE_X36Y10         LUT4 (Prop_lut4_I3_O)        0.303    15.566 r  tokenizer/imm[6]_i_38/O
                         net (fo=1, routed)           0.000    15.566    tokenizer/imm[6]_i_38_n_0
    SLICE_X36Y10         CARRY4 (Prop_carry4_S[2]_O[2])
                                                      0.248    15.814 r  tokenizer/imm_reg[6]_i_24/O[2]
                         net (fo=2, routed)           0.683    16.497    tokenizer/imm_reg[6]_i_24_n_5
    SLICE_X38Y9          LUT5 (Prop_lut5_I4_O)        0.331    16.828 r  tokenizer/imm[12]_i_88/O
                         net (fo=3, routed)           0.493    17.321    tokenizer/imm[12]_i_88_n_0
    SLICE_X34Y8          LUT4 (Prop_lut4_I0_O)        0.331    17.652 r  tokenizer/imm[12]_i_92/O
                         net (fo=1, routed)           0.000    17.652    tokenizer/imm[12]_i_92_n_0
    SLICE_X34Y8          CARRY4 (Prop_carry4_S[2]_O[2])
                                                      0.250    17.902 r  tokenizer/imm_reg[12]_i_68/O[2]
                         net (fo=3, routed)           0.619    18.521    tokenizer/imm_reg[12]_i_68_n_5
    SLICE_X33Y11         LUT3 (Prop_lut3_I2_O)        0.301    18.822 r  tokenizer/imm[6]_i_44/O
                         net (fo=1, routed)           0.000    18.822    tokenizer/imm[6]_i_44_n_0
    SLICE_X33Y11         CARRY4 (Prop_carry4_S[3]_CO[3])
                                                      0.401    19.223 r  tokenizer/imm_reg[6]_i_25/CO[3]
                         net (fo=1, routed)           0.000    19.223    tokenizer/imm_reg[6]_i_25_n_0
    SLICE_X33Y12         CARRY4 (Prop_carry4_CI_O[0])
                                                      0.222    19.445 r  tokenizer/imm_reg[12]_i_54/O[0]
                         net (fo=1, routed)           0.828    20.273    tokenizer/imm_reg[12]_i_54_n_7
    SLICE_X32Y11         LUT4 (Prop_lut4_I0_O)        0.327    20.600 f  tokenizer/imm[9]_i_10/O
                         net (fo=1, routed)           0.558    21.158    tokenizer/imm[9]_i_10_n_0
    SLICE_X33Y8          LUT6 (Prop_lut6_I0_O)        0.326    21.484 r  tokenizer/imm[9]_i_9/O
                         net (fo=8, routed)           0.720    22.204    tokenizer/imm[11]_i_120_n_0
    SLICE_X28Y7          CARRY4 (Prop_carry4_DI[0]_O[2])
                                                      0.556    22.760 r  tokenizer/imm_reg[11]_i_52/O[2]
                         net (fo=3, routed)           0.615    23.375    tokenizer/imm_reg[11]_i_52_n_5
    SLICE_X26Y6          LUT2 (Prop_lut2_I1_O)        0.302    23.677 r  tokenizer/imm[11]_i_54/O
                         net (fo=1, routed)           0.000    23.677    tokenizer/imm[11]_i_54_n_0
    SLICE_X26Y6          CARRY4 (Prop_carry4_S[3]_O[3])
                                                      0.248    23.925 r  tokenizer/imm_reg[11]_i_17/O[3]
                         net (fo=6, routed)           1.032    24.957    tokenizer/imm_reg[11]_i_17_n_4
    SLICE_X30Y14         LUT3 (Prop_lut3_I2_O)        0.306    25.263 r  tokenizer/imm[11]_i_132/O
                         net (fo=1, routed)           0.478    25.741    tokenizer/imm[11]_i_132_n_0
    SLICE_X29Y14         CARRY4 (Prop_carry4_DI[3]_CO[3])
                                                      0.385    26.126 r  tokenizer/imm_reg[11]_i_58/CO[3]
                         net (fo=1, routed)           0.000    26.126    tokenizer/imm_reg[11]_i_58_n_0
    SLICE_X29Y15         CARRY4 (Prop_carry4_CI_O[0])
                                                      0.222    26.348 r  tokenizer/imm_reg[24]_i_101/O[0]
                         net (fo=3, routed)           0.495    26.843    tokenizer/imm_reg[24]_i_101_n_7
    SLICE_X26Y15         LUT2 (Prop_lut2_I1_O)        0.299    27.142 r  tokenizer/imm[24]_i_177/O
                         net (fo=1, routed)           0.000    27.142    tokenizer/imm[24]_i_177_n_0
    SLICE_X26Y15         CARRY4 (Prop_carry4_S[1]_O[1])
                                                      0.227    27.369 r  tokenizer/imm_reg[24]_i_100/O[1]
                         net (fo=3, routed)           0.922    28.292    tokenizer/imm_reg[24]_i_100_n_6
    SLICE_X30Y15         LUT3 (Prop_lut3_I2_O)        0.329    28.621 r  tokenizer/imm[19]_i_81/O
                         net (fo=3, routed)           0.506    29.127    tokenizer/imm[19]_i_81_n_0
    SLICE_X27Y16         LUT6 (Prop_lut6_I0_O)        0.348    29.475 r  tokenizer/imm[19]_i_85/O
                         net (fo=1, routed)           0.000    29.475    tokenizer/imm[19]_i_85_n_0
    SLICE_X27Y16         CARRY4 (Prop_carry4_S[1]_O[2])
                                                      0.580    30.055 r  tokenizer/imm_reg[19]_i_41/O[2]
                         net (fo=3, routed)           0.601    30.656    tokenizer/imm_reg[19]_i_41_n_5
    SLICE_X28Y16         LUT2 (Prop_lut2_I1_O)        0.302    30.958 r  tokenizer/imm[19]_i_75/O
                         net (fo=1, routed)           0.000    30.958    tokenizer/imm[19]_i_75_n_0
    SLICE_X28Y16         CARRY4 (Prop_carry4_S[3]_O[3])
                                                      0.248    31.206 r  tokenizer/imm_reg[19]_i_40/O[3]
                         net (fo=3, routed)           0.588    31.794    tokenizer/imm_reg[19]_i_40_n_4
    SLICE_X25Y16         LUT4 (Prop_lut4_I0_O)        0.306    32.100 r  tokenizer/imm[16]_i_43/O
                         net (fo=1, routed)           0.761    32.861    tokenizer/imm[16]_i_43_n_0
    SLICE_X32Y13         LUT6 (Prop_lut6_I0_O)        0.124    32.985 r  tokenizer/imm[16]_i_19/O
                         net (fo=5, routed)           0.854    33.839    tokenizer/imm[16]_i_19_n_0
    SLICE_X23Y15         CARRY4 (Prop_carry4_DI[3]_CO[3])
                                                      0.385    34.224 r  tokenizer/imm_reg[19]_i_35/CO[3]
                         net (fo=1, routed)           0.000    34.224    tokenizer/imm_reg[19]_i_35_n_0
    SLICE_X23Y16         CARRY4 (Prop_carry4_CI_O[0])
                                                      0.222    34.446 r  tokenizer/imm_reg[22]_i_108/O[0]
                         net (fo=3, routed)           0.448    34.894    tokenizer/imm_reg[22]_i_108_n_7
    SLICE_X22Y16         LUT2 (Prop_lut2_I1_O)        0.299    35.193 r  tokenizer/imm[19]_i_38/O
                         net (fo=1, routed)           0.000    35.193    tokenizer/imm[19]_i_38_n_0
    SLICE_X22Y16         CARRY4 (Prop_carry4_S[1]_O[2])
                                                      0.580    35.773 r  tokenizer/imm_reg[19]_i_20/O[2]
                         net (fo=1, routed)           0.808    36.581    tokenizer/imm_reg[19]_i_20_n_5
    SLICE_X25Y16         LUT5 (Prop_lut5_I0_O)        0.332    36.913 r  tokenizer/imm[19]_i_11/O
                         net (fo=11, routed)          0.531    37.444    tokenizer/imm[19]_i_11_n_0
    SLICE_X20Y11         LUT4 (Prop_lut4_I3_O)        0.327    37.771 r  tokenizer/imm[28]_i_246/O
                         net (fo=1, routed)           0.000    37.771    tokenizer/imm[28]_i_246_n_0
    SLICE_X20Y11         CARRY4 (Prop_carry4_S[2]_O[2])
                                                      0.248    38.019 r  tokenizer/imm_reg[28]_i_120/O[2]
                         net (fo=3, routed)           0.473    38.492    tokenizer/imm_reg[28]_i_120_n_5
    SLICE_X19Y9          LUT2 (Prop_lut2_I1_O)        0.302    38.794 r  tokenizer/imm[19]_i_26/O
                         net (fo=1, routed)           0.000    38.794    tokenizer/imm[19]_i_26_n_0
    SLICE_X19Y9          CARRY4 (Prop_carry4_S[3]_O[3])
                                                      0.248    39.042 r  tokenizer/imm_reg[19]_i_18/O[3]
                         net (fo=6, routed)           1.166    40.209    tokenizer/imm_reg[19]_i_18_n_4
    SLICE_X21Y19         LUT5 (Prop_lut5_I0_O)        0.306    40.515 r  tokenizer/imm[28]_i_252/O
                         net (fo=1, routed)           0.000    40.515    tokenizer/imm[28]_i_252_n_0
    SLICE_X21Y19         CARRY4 (Prop_carry4_S[3]_O[3])
                                                      0.248    40.763 r  tokenizer/imm_reg[28]_i_132/O[3]
                         net (fo=3, routed)           0.506    41.268    tokenizer/imm_reg[28]_i_132_n_4
    SLICE_X20Y21         LUT2 (Prop_lut2_I1_O)        0.306    41.574 r  tokenizer/imm[28]_i_136/O
                         net (fo=1, routed)           0.000    41.574    tokenizer/imm[28]_i_136_n_0
    SLICE_X20Y21         CARRY4 (Prop_carry4_S[0]_O[0])
                                                      0.247    41.821 r  tokenizer/imm_reg[28]_i_54/O[0]
                         net (fo=3, routed)           0.468    42.289    tokenizer/imm_reg[28]_i_54_n_7
    SLICE_X22Y21         LUT4 (Prop_lut4_I3_O)        0.299    42.588 r  tokenizer/imm[21]_i_12/O
                         net (fo=1, routed)           0.507    43.096    tokenizer/imm[21]_i_12_n_0
    SLICE_X23Y21         LUT5 (Prop_lut5_I0_O)        0.124    43.220 r  tokenizer/imm[21]_i_9/O
                         net (fo=2, routed)           0.571    43.791    tokenizer/imm[21]_i_9_n_0
    SLICE_X18Y21         CARRY4 (Prop_carry4_DI[0]_O[2])
                                                      0.556    44.347 r  tokenizer/imm_reg[28]_i_65/O[2]
                         net (fo=3, routed)           0.460    44.807    tokenizer/imm_reg[28]_i_65_n_5
    SLICE_X19Y22         LUT2 (Prop_lut2_I1_O)        0.302    45.109 r  tokenizer/imm[28]_i_145/O
                         net (fo=1, routed)           0.000    45.109    tokenizer/imm[28]_i_145_n_0
    SLICE_X19Y22         CARRY4 (Prop_carry4_S[3]_O[3])
                                                      0.248    45.357 r  tokenizer/imm_reg[28]_i_64/O[3]
                         net (fo=1, routed)           0.586    45.943    tokenizer/imm_reg[28]_i_64_n_4
    SLICE_X22Y22         LUT3 (Prop_lut3_I2_O)        0.332    46.275 f  tokenizer/imm[24]_i_12/O
                         net (fo=1, routed)           0.588    46.863    tokenizer/imm[24]_i_12_n_0
    SLICE_X24Y21         LUT6 (Prop_lut6_I0_O)        0.332    47.195 f  tokenizer/imm[24]_i_4/O
                         net (fo=1, routed)           0.427    47.622    tokenizer/imm[24]_i_4_n_0
    SLICE_X27Y21         LUT5 (Prop_lut5_I3_O)        0.124    47.746 r  tokenizer/imm[24]_i_1/O
                         net (fo=1, routed)           0.000    47.746    operand_interpreter/imm_reg[31]_2[24]
    SLICE_X27Y21         FDRE                                         r  operand_interpreter/imm_reg[24]/D
  -------------------------------------------------------------------    -------------------

                         (clock sys_clk_pin rise edge)
                                                     50.000    50.000 r  <hidden>
    E3                                                0.000    50.000 r  CLK100MHZ
                         net (fo=0)                   0.000    50.000    CLK100MHZ
    E3                   IBUF (Prop_ibuf_I_O)         1.411    51.411 r  CLK100MHZ_IBUF_inst/O
                         net (fo=1, routed)           1.920    53.331    CLK100MHZ_IBUF
    BUFGCTRL_X0Y16       BUFG (Prop_bufg_I_O)         0.091    53.422 r  CLK100MHZ_IBUF_BUFG_inst/O
                         net (fo=1509, routed)        1.676    55.098    operand_interpreter/CLK100MHZ_IBUF_BUFG
    SLICE_X27Y21         FDRE                                         r  operand_interpreter/imm_reg[24]/C
                         clock pessimism              0.267    55.366    <hidden>
                         clock uncertainty           -0.035    55.330    <hidden>
    SLICE_X27Y21         FDRE (Setup_fdre_C_D)        0.029    55.359    operand_interpreter/imm_reg[24]
  -------------------------------------------------------------------
                         required time                         55.359    <hidden>
                         arrival time                         -47.746    <hidden>
  -------------------------------------------------------------------
                         slack                                  7.614    <hidden>

Slack (MET) :             7.631ns  (required time - arrival time)
  Source:                 tokenizer/token3_reg[93]/C
                            (rising edge-triggered cell FDSE clocked by sys_clk_pin  {rise@0.000ns fall@5.000ns period=50.000ns})
  Destination:            operand_interpreter/imm_reg[27]/D
                            (rising edge-triggered cell FDRE clocked by sys_clk_pin  {rise@0.000ns fall@5.000ns period=50.000ns})
  Path Group:             sys_clk_pin
  Path Type:              Setup (Max at Slow Process Corner)
  Requirement:            50.000ns  (sys_clk_pin rise@50.000ns - sys_clk_pin rise@0.000ns)
  Data Path Delay:        42.318ns  (logic 18.621ns (44.003%)  route 23.697ns (55.997%))
  Logic Levels:           59  (CARRY4=27 LUT2=10 LUT3=6 LUT4=6 LUT5=3 LUT6=7)
  Clock Path Skew:        -0.047ns (DCD - SCD + CPR)
    Destination Clock Delay (DCD):    5.098ns = ( 55.098 - 50.000 ) 
    Source Clock Delay      (SCD):    5.413ns
    Clock Pessimism Removal (CPR):    0.267ns
  Clock Uncertainty:      0.035ns  ((TSJ^2 + TIJ^2)^1/2 + DJ) / 2 + PE
    Total System Jitter     (TSJ):    0.071ns
    Total Input Jitter      (TIJ):    0.000ns
    Discrete Jitter          (DJ):    0.000ns
    Phase Error              (PE):    0.000ns

    Location             Delay type                Incr(ns)  Path(ns)    Netlist Resource(s)
  -------------------------------------------------------------------    -------------------
                         (clock sys_clk_pin rise edge)
                                                      0.000     0.000 r  <hidden>
    E3                                                0.000     0.000 r  CLK100MHZ
                         net (fo=0)                   0.000     0.000    CLK100MHZ
    E3                   IBUF (Prop_ibuf_I_O)         1.482     1.482 r  CLK100MHZ_IBUF_inst/O
                         net (fo=1, routed)           2.025     3.506    CLK100MHZ_IBUF
    BUFGCTRL_X0Y16       BUFG (Prop_bufg_I_O)         0.096     3.602 r  CLK100MHZ_IBUF_BUFG_inst/O
                         net (fo=1509, routed)        1.810     5.413    tokenizer/clk
    SLICE_X42Y4          FDSE                                         r  tokenizer/token3_reg[93]/C
  -------------------------------------------------------------------    -------------------
    SLICE_X42Y4          FDSE (Prop_fdse_C_Q)         0.518     5.931 r  tokenizer/token3_reg[93]/Q
                         net (fo=20, routed)          0.790     6.721    tokenizer/token3[93]
    SLICE_X42Y7          LUT2 (Prop_lut2_I0_O)        0.124     6.845 r  tokenizer/imm[17]_i_16/O
                         net (fo=2, routed)           0.457     7.302    tokenizer/imm[17]_i_16_n_0
    SLICE_X42Y5          LUT6 (Prop_lut6_I3_O)        0.124     7.426 r  tokenizer/imm[6]_i_32/O
                         net (fo=36, routed)          0.714     8.140    tokenizer/imm[6]_i_32_n_0
    SLICE_X34Y4          LUT3 (Prop_lut3_I0_O)        0.124     8.264 r  tokenizer/imm[4]_i_108/O
                         net (fo=1, routed)           0.000     8.264    tokenizer/imm[4]_i_108_n_0
    SLICE_X34Y4          CARRY4 (Prop_carry4_S[1]_O[2])
                                                      0.578     8.842 r  tokenizer/imm_reg[4]_i_86/O[2]
                         net (fo=2, routed)           0.612     9.454    tokenizer/imm_reg[4]_i_86_n_5
    SLICE_X38Y5          LUT2 (Prop_lut2_I1_O)        0.301     9.755 r  tokenizer/imm[4]_i_87/O
                         net (fo=1, routed)           0.000     9.755    tokenizer/imm[4]_i_87_n_0
    SLICE_X38Y5          CARRY4 (Prop_carry4_S[3]_O[3])
                                                      0.255    10.010 r  tokenizer/imm_reg[4]_i_69/O[3]
                         net (fo=5, routed)           0.485    10.495    tokenizer/imm_reg[4]_i_69_n_4
    SLICE_X41Y5          LUT4 (Prop_lut4_I2_O)        0.307    10.802 r  tokenizer/imm[4]_i_91/O
                         net (fo=1, routed)           0.542    11.345    tokenizer/imm[4]_i_91_n_0
    SLICE_X40Y5          CARRY4 (Prop_carry4_DI[3]_CO[3])
                                                      0.385    11.730 r  tokenizer/imm_reg[4]_i_70/CO[3]
                         net (fo=1, routed)           0.000    11.730    tokenizer/imm_reg[4]_i_70_n_0
    SLICE_X40Y6          CARRY4 (Prop_carry4_CI_O[0])
                                                      0.222    11.952 r  tokenizer/imm_reg[11]_i_112/O[0]
                         net (fo=4, routed)           0.584    12.535    tokenizer/imm_reg[11]_i_112_n_7
    SLICE_X39Y6          LUT4 (Prop_lut4_I0_O)        0.299    12.834 r  tokenizer/imm[8]_i_77/O
                         net (fo=1, routed)           0.000    12.834    tokenizer/imm[8]_i_77_n_0
    SLICE_X39Y6          CARRY4 (Prop_carry4_S[1]_O[1])
                                                      0.227    13.061 r  tokenizer/imm_reg[8]_i_54/O[1]
                         net (fo=1, routed)           0.288    13.349    tokenizer/imm_reg[8]_i_54_n_6
    SLICE_X41Y6          LUT6 (Prop_lut6_I2_O)        0.303    13.652 r  tokenizer/imm[6]_i_23/O
                         net (fo=7, routed)           0.543    14.195    tokenizer/imm[6]_i_23_n_0
    SLICE_X37Y6          LUT2 (Prop_lut2_I0_O)        0.124    14.319 r  tokenizer/imm[12]_i_99/O
                         net (fo=1, routed)           0.000    14.319    tokenizer/imm[12]_i_99_n_0
    SLICE_X37Y6          CARRY4 (Prop_carry4_S[1]_O[1])
                                                      0.227    14.546 r  tokenizer/imm_reg[12]_i_73/O[1]
                         net (fo=3, routed)           0.718    15.263    tokenizer/imm_reg[12]_i_73_n_6
    SLICE_X36Y10         LUT4 (Prop_lut4_I3_O)        0.303    15.566 r  tokenizer/imm[6]_i_38/O
                         net (fo=1, routed)           0.000    15.566    tokenizer/imm[6]_i_38_n_0
    SLICE_X36Y10         CARRY4 (Prop_carry4_S[2]_O[2])
                                                      0.248    15.814 r  tokenizer/imm_reg[6]_i_24/O[2]
                         net (fo=2, routed)           0.683    16.497    tokenizer/imm_reg[6]_i_24_n_5
    SLICE_X38Y9          LUT5 (Prop_lut5_I4_O)        0.331    16.828 r  tokenizer/imm[12]_i_88/O
                         net (fo=3, routed)           0.493    17.321    tokenizer/imm[12]_i_88_n_0
    SLICE_X34Y8          LUT4 (Prop_lut4_I0_O)        0.331    17.652 r  tokenizer/imm[12]_i_92/O
                         net (fo=1, routed)           0.000    17.652    tokenizer/imm[12]_i_92_n_0
    SLICE_X34Y8          CARRY4 (Prop_carry4_S[2]_O[2])
                                                      0.250    17.902 r  tokenizer/imm_reg[12]_i_68/O[2]
                         net (fo=3, routed)           0.619    18.521    tokenizer/imm_reg[12]_i_68_n_5
    SLICE_X33Y11         LUT3 (Prop_lut3_I2_O)        0.301    18.822 r  tokenizer/imm[6]_i_44/O
                         net (fo=1, routed)           0.000    18.822    tokenizer/imm[6]_i_44_n_0
    SLICE_X33Y11         CARRY4 (Prop_carry4_S[3]_CO[3])
                                                      0.401    19.223 r  tokenizer/imm_reg[6]_i_25/CO[3]
                         net (fo=1, routed)           0.000    19.223    tokenizer/imm_reg[6]_i_25_n_0
    SLICE_X33Y12         CARRY4 (Prop_carry4_CI_O[0])
                                                      0.222    19.445 r  tokenizer/imm_reg[12]_i_54/O[0]
                         net (fo=1, routed)           0.828    20.273    tokenizer/imm_reg[12]_i_54_n_7
    SLICE_X32Y11         LUT4 (Prop_lut4_I0_O)        0.327    20.600 f  tokenizer/imm[9]_i_10/O
                         net (fo=1, routed)           0.558    21.158    tokenizer/imm[9]_i_10_n_0
    SLICE_X33Y8          LUT6 (Prop_lut6_I0_O)        0.326    21.484 r  tokenizer/imm[9]_i_9/O
                         net (fo=8, routed)           0.720    22.204    tokenizer/imm[11]_i_120_n_0
    SLICE_X28Y7          CARRY4 (Prop_carry4_DI[0]_O[2])
                                                      0.556    22.760 r  tokenizer/imm_reg[11]_i_52/O[2]
                         net (fo=3, routed)           0.615    23.375    tokenizer/imm_reg[11]_i_52_n_5
    SLICE_X26Y6          LUT2 (Prop_lut2_I1_O)        0.302    23.677 r  tokenizer/imm[11]_i_54/O
                         net (fo=1, routed)           0.000    23.677    tokenizer/imm[11]_i_54_n_0
    SLICE_X26Y6          CARRY4 (Prop_carry4_S[3]_O[3])
                                                      0.248    23.925 r  tokenizer/imm_reg[11]_i_17/O[3]
                         net (fo=6, routed)           1.032    24.957    tokenizer/imm_reg[11]_i_17_n_4
    SLICE_X30Y14         LUT3 (Prop_lut3_I2_O)        0.306    25.263 r  tokenizer/imm[11]_i_132/O
                         net (fo=1, routed)           0.478    25.741    tokenizer/imm[11]_i_132_n_0
    SLICE_X29Y14         CARRY4 (Prop_carry4_DI[3]_CO[3])
                                                      0.385    26.126 r  tokenizer/imm_reg[11]_i_58/CO[3]
                         net (fo=1, routed)           0.000    26.126    tokenizer/imm_reg[11]_i_58_n_0
    SLICE_X29Y15         CARRY4 (Prop_carry4_CI_O[0])
                                                      0.222    26.348 r  tokenizer/imm_reg[24]_i_101/O[0]
                         net (fo=3, routed)           0.495    26.843    tokenizer/imm_reg[24]_i_101_n_7
    SLICE_X26Y15         LUT2 (Prop_lut2_I1_O)        0.299    27.142 r  tokenizer/imm[24]_i_177/O
                         net (fo=1, routed)           0.000    27.142    tokenizer/imm[24]_i_177_n_0
    SLICE_X26Y15         CARRY4 (Prop_carry4_S[1]_O[1])
                                                      0.227    27.369 r  tokenizer/imm_reg[24]_i_100/O[1]
                         net (fo=3, routed)           0.922    28.292    tokenizer/imm_reg[24]_i_100_n_6
    SLICE_X30Y15         LUT3 (Prop_lut3_I2_O)        0.329    28.621 r  tokenizer/imm[19]_i_81/O
                         net (fo=3, routed)           0.506    29.127    tokenizer/imm[19]_i_81_n_0
    SLICE_X27Y16         LUT6 (Prop_lut6_I0_O)        0.348    29.475 r  tokenizer/imm[19]_i_85/O
                         net (fo=1, routed)           0.000    29.475    tokenizer/imm[19]_i_85_n_0
    SLICE_X27Y16         CARRY4 (Prop_carry4_S[1]_O[2])
                                                      0.580    30.055 r  tokenizer/imm_reg[19]_i_41/O[2]
                         net (fo=3, routed)           0.601    30.656    tokenizer/imm_reg[19]_i_41_n_5
    SLICE_X28Y16         LUT2 (Prop_lut2_I1_O)        0.302    30.958 r  tokenizer/imm[19]_i_75/O
                         net (fo=1, routed)           0.000    30.958    tokenizer/imm[19]_i_75_n_0
    SLICE_X28Y16         CARRY4 (Prop_carry4_S[3]_O[3])
                                                      0.248    31.206 r  tokenizer/imm_reg[19]_i_40/O[3]
                         net (fo=3, routed)           0.588    31.794    tokenizer/imm_reg[19]_i_40_n_4
    SLICE_X25Y16         LUT4 (Prop_lut4_I0_O)        0.306    32.100 r  tokenizer/imm[16]_i_43/O
                         net (fo=1, routed)           0.761    32.861    tokenizer/imm[16]_i_43_n_0
    SLICE_X32Y13         LUT6 (Prop_lut6_I0_O)        0.124    32.985 r  tokenizer/imm[16]_i_19/O
                         net (fo=5, routed)           0.854    33.839    tokenizer/imm[16]_i_19_n_0
    SLICE_X23Y15         CARRY4 (Prop_carry4_DI[3]_CO[3])
                                                      0.385    34.224 r  tokenizer/imm_reg[19]_i_35/CO[3]
                         net (fo=1, routed)           0.000    34.224    tokenizer/imm_reg[19]_i_35_n_0
    SLICE_X23Y16         CARRY4 (Prop_carry4_CI_O[0])
                                                      0.222    34.446 r  tokenizer/imm_reg[22]_i_108/O[0]
                         net (fo=3, routed)           0.448    34.894    tokenizer/imm_reg[22]_i_108_n_7
    SLICE_X22Y16         LUT2 (Prop_lut2_I1_O)        0.299    35.193 r  tokenizer/imm[19]_i_38/O
                         net (fo=1, routed)           0.000    35.193    tokenizer/imm[19]_i_38_n_0
    SLICE_X22Y16         CARRY4 (Prop_carry4_S[1]_O[2])
                                                      0.580    35.773 r  tokenizer/imm_reg[19]_i_20/O[2]
                         net (fo=1, routed)           0.808    36.581    tokenizer/imm_reg[19]_i_20_n_5
    SLICE_X25Y16         LUT5 (Prop_lut5_I0_O)        0.332    36.913 r  tokenizer/imm[19]_i_11/O
                         net (fo=11, routed)          0.870    37.783    tokenizer/imm[19]_i_11_n_0
    SLICE_X20Y11         CARRY4 (Prop_carry4_DI[2]_O[3])
                                                      0.641    38.424 r  tokenizer/imm_reg[28]_i_120/O[3]
                         net (fo=3, routed)           0.474    38.898    tokenizer/imm_reg[28]_i_120_n_4
    SLICE_X19Y10         LUT2 (Prop_lut2_I1_O)        0.306    39.204 r  tokenizer/imm[28]_i_124/O
                         net (fo=1, routed)           0.000    39.204    tokenizer/imm[28]_i_124_n_0
    SLICE_X19Y10         CARRY4 (Prop_carry4_S[0]_O[0])
                                                      0.247    39.451 r  tokenizer/imm_reg[28]_i_48/O[0]
                         net (fo=6, routed)           1.259    40.710    tokenizer/imm_reg[28]_i_48_n_7
    SLICE_X17Y20         LUT3 (Prop_lut3_I2_O)        0.327    41.037 r  tokenizer/imm[28]_i_257/O
                         net (fo=1, routed)           0.486    41.523    tokenizer/imm[28]_i_257_n_0
    SLICE_X21Y20         LUT6 (Prop_lut6_I5_O)        0.326    41.849 r  tokenizer/imm[28]_i_140/O
                         net (fo=1, routed)           0.000    41.849    tokenizer/imm[28]_i_140_n_0
    SLICE_X21Y20         CARRY4 (Prop_carry4_S[2]_O[2])
                                                      0.248    42.097 r  tokenizer/imm_reg[28]_i_55/O[2]
                         net (fo=3, routed)           0.439    42.536    tokenizer/imm_reg[28]_i_55_n_5
    SLICE_X20Y21         LUT2 (Prop_lut2_I1_O)        0.302    42.838 r  tokenizer/imm[28]_i_133/O
                         net (fo=1, routed)           0.000    42.838    tokenizer/imm[28]_i_133_n_0
    SLICE_X20Y21         CARRY4 (Prop_carry4_S[3]_O[3])
                                                      0.248    43.086 r  tokenizer/imm_reg[28]_i_54/O[3]
                         net (fo=2, routed)           0.468    43.554    tokenizer/imm_reg[28]_i_54_n_4
    SLICE_X22Y21         LUT3 (Prop_lut3_I2_O)        0.306    43.860 r  tokenizer/imm[28]_i_149/O
                         net (fo=3, routed)           0.633    44.493    tokenizer/imm[28]_i_149_n_0
    SLICE_X18Y21         CARRY4 (Prop_carry4_DI[3]_CO[3])
                                                      0.385    44.878 r  tokenizer/imm_reg[28]_i_65/CO[3]
                         net (fo=1, routed)           0.000    44.878    tokenizer/imm_reg[28]_i_65_n_0
    SLICE_X18Y22         CARRY4 (Prop_carry4_CI_O[0])
                                                      0.222    45.100 r  tokenizer/imm_reg[31]_i_50/O[0]
                         net (fo=3, routed)           0.320    45.421    tokenizer/imm_reg[31]_i_50_n_7
    SLICE_X19Y23         LUT2 (Prop_lut2_I1_O)        0.299    45.720 r  tokenizer/imm[28]_i_68/O
                         net (fo=1, routed)           0.000    45.720    tokenizer/imm[28]_i_68_n_0
    SLICE_X19Y23         CARRY4 (Prop_carry4_S[1]_O[2])
                                                      0.580    46.300 r  tokenizer/imm_reg[28]_i_21/O[2]
                         net (fo=1, routed)           0.568    46.868    tokenizer/imm_reg[28]_i_21_n_5
    SLICE_X22Y23         LUT5 (Prop_lut5_I2_O)        0.302    47.170 f  tokenizer/imm[27]_i_4/O
                         net (fo=1, routed)           0.437    47.607    tokenizer/imm[27]_i_4_n_0
    SLICE_X27Y21         LUT6 (Prop_lut6_I3_O)        0.124    47.731 r  tokenizer/imm[27]_i_1/O
                         net (fo=1, routed)           0.000    47.731    operand_interpreter/imm_reg[31]_2[27]
    SLICE_X27Y21         FDRE                                         r  operand_interpreter/imm_reg[27]/D
  -------------------------------------------------------------------    -------------------

                         (clock sys_clk_pin rise edge)
                                                     50.000    50.000 r  <hidden>
    E3                                                0.000    50.000 r  CLK100MHZ
                         net (fo=0)                   0.000    50.000    CLK100MHZ
    E3                   IBUF (Prop_ibuf_I_O)         1.411    51.411 r  CLK100MHZ_IBUF_inst/O
                         net (fo=1, routed)           1.920    53.331    CLK100MHZ_IBUF
    BUFGCTRL_X0Y16       BUFG (Prop_bufg_I_O)         0.091    53.422 r  CLK100MHZ_IBUF_BUFG_inst/O
                         net (fo=1509, routed)        1.676    55.098    operand_interpreter/CLK100MHZ_IBUF_BUFG
    SLICE_X27Y21         FDRE                                         r  operand_interpreter/imm_reg[27]/C
                         clock pessimism              0.267    55.366    <hidden>
                         clock uncertainty           -0.035    55.330    <hidden>
    SLICE_X27Y21         FDRE (Setup_fdre_C_D)        0.031    55.361    operand_interpreter/imm_reg[27]
  -------------------------------------------------------------------
                         required time                         55.361    <hidden>
                         arrival time                         -47.731    <hidden>
  -------------------------------------------------------------------
                         slack                                  7.631    <hidden>

Slack (MET) :             7.723ns  (required time - arrival time)
  Source:                 tokenizer/token3_reg[93]/C
                            (rising edge-triggered cell FDSE clocked by sys_clk_pin  {rise@0.000ns fall@5.000ns period=50.000ns})
  Destination:            operand_interpreter/imm_reg[26]/D
                            (rising edge-triggered cell FDRE clocked by sys_clk_pin  {rise@0.000ns fall@5.000ns period=50.000ns})
  Path Group:             sys_clk_pin
  Path Type:              Setup (Max at Slow Process Corner)
  Requirement:            50.000ns  (sys_clk_pin rise@50.000ns - sys_clk_pin rise@0.000ns)
  Data Path Delay:        42.221ns  (logic 18.238ns (43.196%)  route 23.983ns (56.804%))
  Logic Levels:           59  (CARRY4=26 LUT2=10 LUT3=6 LUT4=6 LUT5=3 LUT6=8)
  Clock Path Skew:        -0.049ns (DCD - SCD + CPR)
    Destination Clock Delay (DCD):    5.096ns = ( 55.096 - 50.000 ) 
    Source Clock Delay      (SCD):    5.413ns
    Clock Pessimism Removal (CPR):    0.267ns
  Clock Uncertainty:      0.035ns  ((TSJ^2 + TIJ^2)^1/2 + DJ) / 2 + PE
    Total System Jitter     (TSJ):    0.071ns
    Total Input Jitter      (TIJ):    0.000ns
    Discrete Jitter          (DJ):    0.000ns
    Phase Error              (PE):    0.000ns

    Location             Delay type                Incr(ns)  Path(ns)    Netlist Resource(s)
  -------------------------------------------------------------------    -------------------
                         (clock sys_clk_pin rise edge)
                                                      0.000     0.000 r  <hidden>
    E3                                                0.000     0.000 r  CLK100MHZ
                         net (fo=0)                   0.000     0.000    CLK100MHZ
    E3                   IBUF (Prop_ibuf_I_O)         1.482     1.482 r  CLK100MHZ_IBUF_inst/O
                         net (fo=1, routed)           2.025     3.506    CLK100MHZ_IBUF
    BUFGCTRL_X0Y16       BUFG (Prop_bufg_I_O)         0.096     3.602 r  CLK100MHZ_IBUF_BUFG_inst/O
                         net (fo=1509, routed)        1.810     5.413    tokenizer/clk
    SLICE_X42Y4          FDSE                                         r  tokenizer/token3_reg[93]/C
  -------------------------------------------------------------------    -------------------
    SLICE_X42Y4          FDSE (Prop_fdse_C_Q)         0.518     5.931 r  tokenizer/token3_reg[93]/Q
                         net (fo=20, routed)          0.790     6.721    tokenizer/token3[93]
    SLICE_X42Y7          LUT2 (Prop_lut2_I0_O)        0.124     6.845 r  tokenizer/imm[17]_i_16/O
                         net (fo=2, routed)           0.457     7.302    tokenizer/imm[17]_i_16_n_0
    SLICE_X42Y5          LUT6 (Prop_lut6_I3_O)        0.124     7.426 r  tokenizer/imm[6]_i_32/O
                         net (fo=36, routed)          0.714     8.140    tokenizer/imm[6]_i_32_n_0
    SLICE_X34Y4          LUT3 (Prop_lut3_I0_O)        0.124     8.264 r  tokenizer/imm[4]_i_108/O
                         net (fo=1, routed)           0.000     8.264    tokenizer/imm[4]_i_108_n_0
    SLICE_X34Y4          CARRY4 (Prop_carry4_S[1]_O[2])
                                                      0.578     8.842 r  tokenizer/imm_reg[4]_i_86/O[2]
                         net (fo=2, routed)           0.612     9.454    tokenizer/imm_reg[4]_i_86_n_5
    SLICE_X38Y5          LUT2 (Prop_lut2_I1_O)        0.301     9.755 r  tokenizer/imm[4]_i_87/O
                         net (fo=1, routed)           0.000     9.755    tokenizer/imm[4]_i_87_n_0
    SLICE_X38Y5          CARRY4 (Prop_carry4_S[3]_O[3])
                                                      0.255    10.010 r  tokenizer/imm_reg[4]_i_69/O[3]
                         net (fo=5, routed)           0.485    10.495    tokenizer/imm_reg[4]_i_69_n_4
    SLICE_X41Y5          LUT4 (Prop_lut4_I2_O)        0.307    10.802 r  tokenizer/imm[4]_i_91/O
                         net (fo=1, routed)           0.542    11.345    tokenizer/imm[4]_i_91_n_0
    SLICE_X40Y5          CARRY4 (Prop_carry4_DI[3]_CO[3])
                                                      0.385    11.730 r  tokenizer/imm_reg[4]_i_70/CO[3]
                         net (fo=1, routed)           0.000    11.730    tokenizer/imm_reg[4]_i_70_n_0
    SLICE_X40Y6          CARRY4 (Prop_carry4_CI_O[0])
                                                      0.222    11.952 r  tokenizer/imm_reg[11]_i_112/O[0]
                         net (fo=4, routed)           0.584    12.535    tokenizer/imm_reg[11]_i_112_n_7
    SLICE_X39Y6          LUT4 (Prop_lut4_I0_O)        0.299    12.834 r  tokenizer/imm[8]_i_77/O
                         net (fo=1, routed)           0.000    12.834    tokenizer/imm[8]_i_77_n_0
    SLICE_X39Y6          CARRY4 (Prop_carry4_S[1]_O[1])
                                                      0.227    13.061 r  tokenizer/imm_reg[8]_i_54/O[1]
                         net (fo=1, routed)           0.288    13.349    tokenizer/imm_reg[8]_i_54_n_6
    SLICE_X41Y6          LUT6 (Prop_lut6_I2_O)        0.303    13.652 r  tokenizer/imm[6]_i_23/O
                         net (fo=7, routed)           0.543    14.195    tokenizer/imm[6]_i_23_n_0
    SLICE_X37Y6          LUT2 (Prop_lut2_I0_O)        0.124    14.319 r  tokenizer/imm[12]_i_99/O
                         net (fo=1, routed)           0.000    14.319    tokenizer/imm[12]_i_99_n_0
    SLICE_X37Y6          CARRY4 (Prop_carry4_S[1]_O[1])
                                                      0.227    14.546 r  tokenizer/imm_reg[12]_i_73/O[1]
                         net (fo=3, routed)           0.718    15.263    tokenizer/imm_reg[12]_i_73_n_6
    SLICE_X36Y10         LUT4 (Prop_lut4_I3_O)        0.303    15.566 r  tokenizer/imm[6]_i_38/O
                         net (fo=1, routed)           0.000    15.566    tokenizer/imm[6]_i_38_n_0
    SLICE_X36Y10         CARRY4 (Prop_carry4_S[2]_O[2])
                                                      0.248    15.814 r  tokenizer/imm_reg[6]_i_24/O[2]
                         net (fo=2, routed)           0.683    16.497    tokenizer/imm_reg[6]_i_24_n_5
    SLICE_X38Y9          LUT5 (Prop_lut5_I4_O)        0.331    16.828 r  tokenizer/imm[12]_i_88/O
                         net (fo=3, routed)           0.493    17.321    tokenizer/imm[12]_i_88_n_0
    SLICE_X34Y8          LUT4 (Prop_lut4_I0_O)        0.331    17.652 r  tokenizer/imm[12]_i_92/O
                         net (fo=1, routed)           0.000    17.652    tokenizer/imm[12]_i_92_n_0
    SLICE_X34Y8          CARRY4 (Prop_carry4_S[2]_O[2])
                                                      0.250    17.902 r  tokenizer/imm_reg[12]_i_68/O[2]
                         net (fo=3, routed)           0.619    18.521    tokenizer/imm_reg[12]_i_68_n_5
    SLICE_X33Y11         LUT3 (Prop_lut3_I2_O)        0.301    18.822 r  tokenizer/imm[6]_i_44/O
                         net (fo=1, routed)           0.000    18.822    tokenizer/imm[6]_i_44_n_0
    SLICE_X33Y11         CARRY4 (Prop_carry4_S[3]_CO[3])
                                                      0.401    19.223 r  tokenizer/imm_reg[6]_i_25/CO[3]
                         net (fo=1, routed)           0.000    19.223    tokenizer/imm_reg[6]_i_25_n_0
    SLICE_X33Y12         CARRY4 (Prop_carry4_CI_O[0])
                                                      0.222    19.445 r  tokenizer/imm_reg[12]_i_54/O[0]
                         net (fo=1, routed)           0.828    20.273    tokenizer/imm_reg[12]_i_54_n_7
    SLICE_X32Y11         LUT4 (Prop_lut4_I0_O)        0.327    20.600 f  tokenizer/imm[9]_i_10/O
                         net (fo=1, routed)           0.558    21.158    tokenizer/imm[9]_i_10_n_0
    SLICE_X33Y8          LUT6 (Prop_lut6_I0_O)        0.326    21.484 r  tokenizer/imm[9]_i_9/O
                         net (fo=8, routed)           0.720    22.204    tokenizer/imm[11]_i_120_n_0
    SLICE_X28Y7          CARRY4 (Prop_carry4_DI[0]_O[2])
                                                      0.556    22.760 r  tokenizer/imm_reg[11]_i_52/O[2]
                         net (fo=3, routed)           0.615    23.375    tokenizer/imm_reg[11]_i_52_n_5
    SLICE_X26Y6          LUT2 (Prop_lut2_I1_O)        0.302    23.677 r  tokenizer/imm[11]_i_54/O
                         net (fo=1, routed)           0.000    23.677    tokenizer/imm[11]_i_54_n_0
    SLICE_X26Y6          CARRY4 (Prop_carry4_S[3]_O[3])
                                                      0.248    23.925 r  tokenizer/imm_reg[11]_i_17/O[3]
                         net (fo=6, routed)           1.032    24.957    tokenizer/imm_reg[11]_i_17_n_4
    SLICE_X30Y14         LUT3 (Prop_lut3_I2_O)        0.306    25.263 r  tokenizer/imm[11]_i_132/O
                         net (fo=1, routed)           0.478    25.741    tokenizer/imm[11]_i_132_n_0
    SLICE_X29Y14         CARRY4 (Prop_carry4_DI[3]_CO[3])
                                                      0.385    26.126 r  tokenizer/imm_reg[11]_i_58/CO[3]
                         net (fo=1, routed)           0.000    26.126    tokenizer/imm_reg[11]_i_58_n_0
    SLICE_X29Y15         CARRY4 (Prop_carry4_CI_O[0])
                                                      0.222    26.348 r  tokenizer/imm_reg[24]_i_101/O[0]
                         net (fo=3, routed)           0.495    26.843    tokenizer/imm_reg[24]_i_101_n_7
    SLICE_X26Y15         LUT2 (Prop_lut2_I1_O)        0.299    27.142 r  tokenizer/imm[24]_i_177/O
                         net (fo=1, routed)           0.000    27.142    tokenizer/imm[24]_i_177_n_0
    SLICE_X26Y15         CARRY4 (Prop_carry4_S[1]_O[1])
                                                      0.227    27.369 r  tokenizer/imm_reg[24]_i_100/O[1]
                         net (fo=3, routed)           0.922    28.292    tokenizer/imm_reg[24]_i_100_n_6
    SLICE_X30Y15         LUT3 (Prop_lut3_I2_O)        0.329    28.621 r  tokenizer/imm[19]_i_81/O
                         net (fo=3, routed)           0.506    29.127    tokenizer/imm[19]_i_81_n_0
    SLICE_X27Y16         LUT6 (Prop_lut6_I0_O)        0.348    29.475 r  tokenizer/imm[19]_i_85/O
                         net (fo=1, routed)           0.000    29.475    tokenizer/imm[19]_i_85_n_0
    SLICE_X27Y16         CARRY4 (Prop_carry4_S[1]_O[2])
                                                      0.580    30.055 r  tokenizer/imm_reg[19]_i_41/O[2]
                         net (fo=3, routed)           0.601    30.656    tokenizer/imm_reg[19]_i_41_n_5
    SLICE_X28Y16         LUT2 (Prop_lut2_I1_O)        0.302    30.958 r  tokenizer/imm[19]_i_75/O
                         net (fo=1, routed)           0.000    30.958    tokenizer/imm[19]_i_75_n_0
    SLICE_X28Y16         CARRY4 (Prop_carry4_S[3]_O[3])
                                                      0.248    31.206 r  tokenizer/imm_reg[19]_i_40/O[3]
                         net (fo=3, routed)           0.588    31.794    tokenizer/imm_reg[19]_i_40_n_4
    SLICE_X25Y16         LUT4 (Prop_lut4_I0_O)        0.306    32.100 r  tokenizer/imm[16]_i_43/O
                         net (fo=1, routed)           0.761    32.861    tokenizer/imm[16]_i_43_n_0
    SLICE_X32Y13         LUT6 (Prop_lut6_I0_O)        0.124    32.985 r  tokenizer/imm[16]_i_19/O
                         net (fo=5, routed)           0.854    33.839    tokenizer/imm[16]_i_19_n_0
    SLICE_X23Y15         CARRY4 (Prop_carry4_DI[3]_CO[3])
                                                      0.385    34.224 r  tokenizer/imm_reg[19]_i_35/CO[3]
                         net (fo=1, routed)           0.000    34.224    tokenizer/imm_reg[19]_i_35_n_0
    SLICE_X23Y16         CARRY4 (Prop_carry4_CI_O[0])
                                                      0.222    34.446 r  tokenizer/imm_reg[22]_i_108/O[0]
                         net (fo=3, routed)           0.448    34.894    tokenizer/imm_reg[22]_i_108_n_7
    SLICE_X22Y16         LUT2 (Prop_lut2_I1_O)        0.299    35.193 r  tokenizer/imm[19]_i_38/O
                         net (fo=1, routed)           0.000    35.193    tokenizer/imm[19]_i_38_n_0
    SLICE_X22Y16         CARRY4 (Prop_carry4_S[1]_O[2])
                                                      0.580    35.773 r  tokenizer/imm_reg[19]_i_20/O[2]
                         net (fo=1, routed)           0.808    36.581    tokenizer/imm_reg[19]_i_20_n_5
    SLICE_X25Y16         LUT5 (Prop_lut5_I0_O)        0.332    36.913 r  tokenizer/imm[19]_i_11/O
                         net (fo=11, routed)          0.870    37.783    tokenizer/imm[19]_i_11_n_0
    SLICE_X20Y11         CARRY4 (Prop_carry4_DI[2]_O[3])
                                                      0.641    38.424 r  tokenizer/imm_reg[28]_i_120/O[3]
                         net (fo=3, routed)           0.474    38.898    tokenizer/imm_reg[28]_i_120_n_4
    SLICE_X19Y10         LUT2 (Prop_lut2_I1_O)        0.306    39.204 r  tokenizer/imm[28]_i_124/O
                         net (fo=1, routed)           0.000    39.204    tokenizer/imm[28]_i_124_n_0
    SLICE_X19Y10         CARRY4 (Prop_carry4_S[0]_O[0])
                                                      0.247    39.451 r  tokenizer/imm_reg[28]_i_48/O[0]
                         net (fo=6, routed)           1.259    40.710    tokenizer/imm_reg[28]_i_48_n_7
    SLICE_X17Y20         LUT3 (Prop_lut3_I2_O)        0.327    41.037 r  tokenizer/imm[28]_i_257/O
                         net (fo=1, routed)           0.486    41.523    tokenizer/imm[28]_i_257_n_0
    SLICE_X21Y20         LUT6 (Prop_lut6_I5_O)        0.326    41.849 r  tokenizer/imm[28]_i_140/O
                         net (fo=1, routed)           0.000    41.849    tokenizer/imm[28]_i_140_n_0
    SLICE_X21Y20         CARRY4 (Prop_carry4_S[2]_O[2])
                                                      0.248    42.097 r  tokenizer/imm_reg[28]_i_55/O[2]
                         net (fo=3, routed)           0.439    42.536    tokenizer/imm_reg[28]_i_55_n_5
    SLICE_X20Y21         LUT2 (Prop_lut2_I1_O)        0.302    42.838 r  tokenizer/imm[28]_i_133/O
                         net (fo=1, routed)           0.000    42.838    tokenizer/imm[28]_i_133_n_0
    SLICE_X20Y21         CARRY4 (Prop_carry4_S[3]_O[3])
                                                      0.248    43.086 r  tokenizer/imm_reg[28]_i_54/O[3]
                         net (fo=2, routed)           0.468    43.554    tokenizer/imm_reg[28]_i_54_n_4
    SLICE_X22Y21         LUT3 (Prop_lut3_I2_O)        0.306    43.860 r  tokenizer/imm[28]_i_149/O
                         net (fo=3, routed)           0.439    44.300    tokenizer/imm[28]_i_149_n_0
    SLICE_X18Y21         LUT6 (Prop_lut6_I0_O)        0.124    44.424 r  tokenizer/imm[28]_i_152/O
                         net (fo=1, routed)           0.000    44.424    tokenizer/imm[28]_i_152_n_0
    SLICE_X18Y21         CARRY4 (Prop_carry4_S[3]_O[3])
                                                      0.248    44.672 r  tokenizer/imm_reg[28]_i_65/O[3]
                         net (fo=3, routed)           0.606    45.278    tokenizer/imm_reg[28]_i_65_n_4
    SLICE_X19Y23         LUT2 (Prop_lut2_I1_O)        0.306    45.584 r  tokenizer/imm[28]_i_69/O
                         net (fo=1, routed)           0.000    45.584    tokenizer/imm[28]_i_69_n_0
    SLICE_X19Y23         CARRY4 (Prop_carry4_S[0]_O[1])
                                                      0.424    46.008 r  tokenizer/imm_reg[28]_i_21/O[1]
                         net (fo=1, routed)           0.707    46.714    tokenizer/imm_reg[28]_i_21_n_6
    SLICE_X23Y22         LUT5 (Prop_lut5_I2_O)        0.303    47.017 f  tokenizer/imm[26]_i_4/O
                         net (fo=1, routed)           0.493    47.510    tokenizer/imm[26]_i_4_n_0
    SLICE_X27Y22         LUT6 (Prop_lut6_I3_O)        0.124    47.634 r  tokenizer/imm[26]_i_1/O
                         net (fo=1, routed)           0.000    47.634    operand_interpreter/imm_reg[31]_2[26]
    SLICE_X27Y22         FDRE                                         r  operand_interpreter/imm_reg[26]/D
  -------------------------------------------------------------------    -------------------

                         (clock sys_clk_pin rise edge)
                                                     50.000    50.000 r  <hidden>
    E3                                                0.000    50.000 r  CLK100MHZ
                         net (fo=0)                   0.000    50.000    CLK100MHZ
    E3                   IBUF (Prop_ibuf_I_O)         1.411    51.411 r  CLK100MHZ_IBUF_inst/O
                         net (fo=1, routed)           1.920    53.331    CLK100MHZ_IBUF
    BUFGCTRL_X0Y16       BUFG (Prop_bufg_I_O)         0.091    53.422 r  CLK100MHZ_IBUF_BUFG_inst/O
                         net (fo=1509, routed)        1.674    55.096    operand_interpreter/CLK100MHZ_IBUF_BUFG
    SLICE_X27Y22         FDRE                                         r  operand_interpreter/imm_reg[26]/C
                         clock pessimism              0.267    55.364    <hidden>
                         clock uncertainty           -0.035    55.328    <hidden>
    SLICE_X27Y22         FDRE (Setup_fdre_C_D)        0.029    55.357    operand_interpreter/imm_reg[26]
  -------------------------------------------------------------------
                         required time                         55.357    <hidden>
                         arrival time                         -47.634    <hidden>
  -------------------------------------------------------------------
                         slack                                  7.723    <hidden>

Slack (MET) :             7.946ns  (required time - arrival time)
  Source:                 tokenizer/token3_reg[93]/C
                            (rising edge-triggered cell FDSE clocked by sys_clk_pin  {rise@0.000ns fall@5.000ns period=50.000ns})
  Destination:            operand_interpreter/imm_reg[23]/D
                            (rising edge-triggered cell FDRE clocked by sys_clk_pin  {rise@0.000ns fall@5.000ns period=50.000ns})
  Path Group:             sys_clk_pin
  Path Type:              Setup (Max at Slow Process Corner)
  Requirement:            50.000ns  (sys_clk_pin rise@50.000ns - sys_clk_pin rise@0.000ns)
  Data Path Delay:        41.999ns  (logic 17.921ns (42.670%)  route 24.078ns (57.330%))
  Logic Levels:           60  (CARRY4=26 LUT2=10 LUT3=4 LUT4=8 LUT5=5 LUT6=7)
  Clock Path Skew:        -0.049ns (DCD - SCD + CPR)
    Destination Clock Delay (DCD):    5.096ns = ( 55.096 - 50.000 ) 
    Source Clock Delay      (SCD):    5.413ns
    Clock Pessimism Removal (CPR):    0.267ns
  Clock Uncertainty:      0.035ns  ((TSJ^2 + TIJ^2)^1/2 + DJ) / 2 + PE
    Total System Jitter     (TSJ):    0.071ns
    Total Input Jitter      (TIJ):    0.000ns
    Discrete Jitter          (DJ):    0.000ns
    Phase Error              (PE):    0.000ns

    Location             Delay type                Incr(ns)  Path(ns)    Netlist Resource(s)
  -------------------------------------------------------------------    -------------------
                         (clock sys_clk_pin rise edge)
                                                      0.000     0.000 r  <hidden>
    E3                                                0.000     0.000 r  CLK100MHZ
                         net (fo=0)                   0.000     0.000    CLK100MHZ
    E3                   IBUF (Prop_ibuf_I_O)         1.482     1.482 r  CLK100MHZ_IBUF_inst/O
                         net (fo=1, routed)           2.025     3.506    CLK100MHZ_IBUF
    BUFGCTRL_X0Y16       BUFG (Prop_bufg_I_O)         0.096     3.602 r  CLK100MHZ_IBUF_BUFG_inst/O
                         net (fo=1509, routed)        1.810     5.413    tokenizer/clk
    SLICE_X42Y4          FDSE                                         r  tokenizer/token3_reg[93]/C
  -------------------------------------------------------------------    -------------------
    SLICE_X42Y4          FDSE (Prop_fdse_C_Q)         0.518     5.931 r  tokenizer/token3_reg[93]/Q
                         net (fo=20, routed)          0.790     6.721    tokenizer/token3[93]
    SLICE_X42Y7          LUT2 (Prop_lut2_I0_O)        0.124     6.845 r  tokenizer/imm[17]_i_16/O
                         net (fo=2, routed)           0.457     7.302    tokenizer/imm[17]_i_16_n_0
    SLICE_X42Y5          LUT6 (Prop_lut6_I3_O)        0.124     7.426 r  tokenizer/imm[6]_i_32/O
                         net (fo=36, routed)          0.714     8.140    tokenizer/imm[6]_i_32_n_0
    SLICE_X34Y4          LUT3 (Prop_lut3_I0_O)        0.124     8.264 r  tokenizer/imm[4]_i_108/O
                         net (fo=1, routed)           0.000     8.264    tokenizer/imm[4]_i_108_n_0
    SLICE_X34Y4          CARRY4 (Prop_carry4_S[1]_O[2])
                                                      0.578     8.842 r  tokenizer/imm_reg[4]_i_86/O[2]
                         net (fo=2, routed)           0.612     9.454    tokenizer/imm_reg[4]_i_86_n_5
    SLICE_X38Y5          LUT2 (Prop_lut2_I1_O)        0.301     9.755 r  tokenizer/imm[4]_i_87/O
                         net (fo=1, routed)           0.000     9.755    tokenizer/imm[4]_i_87_n_0
    SLICE_X38Y5          CARRY4 (Prop_carry4_S[3]_O[3])
                                                      0.255    10.010 r  tokenizer/imm_reg[4]_i_69/O[3]
                         net (fo=5, routed)           0.485    10.495    tokenizer/imm_reg[4]_i_69_n_4
    SLICE_X41Y5          LUT4 (Prop_lut4_I2_O)        0.307    10.802 r  tokenizer/imm[4]_i_91/O
                         net (fo=1, routed)           0.542    11.345    tokenizer/imm[4]_i_91_n_0
    SLICE_X40Y5          CARRY4 (Prop_carry4_DI[3]_CO[3])
                                                      0.385    11.730 r  tokenizer/imm_reg[4]_i_70/CO[3]
                         net (fo=1, routed)           0.000    11.730    tokenizer/imm_reg[4]_i_70_n_0
    SLICE_X40Y6          CARRY4 (Prop_carry4_CI_O[0])
                                                      0.222    11.952 r  tokenizer/imm_reg[11]_i_112/O[0]
                         net (fo=4, routed)           0.584    12.535    tokenizer/imm_reg[11]_i_112_n_7
    SLICE_X39Y6          LUT4 (Prop_lut4_I0_O)        0.299    12.834 r  tokenizer/imm[8]_i_77/O
                         net (fo=1, routed)           0.000    12.834    tokenizer/imm[8]_i_77_n_0
    SLICE_X39Y6          CARRY4 (Prop_carry4_S[1]_O[1])
                                                      0.227    13.061 r  tokenizer/imm_reg[8]_i_54/O[1]
                         net (fo=1, routed)           0.288    13.349    tokenizer/imm_reg[8]_i_54_n_6
    SLICE_X41Y6          LUT6 (Prop_lut6_I2_O)        0.303    13.652 r  tokenizer/imm[6]_i_23/O
                         net (fo=7, routed)           0.543    14.195    tokenizer/imm[6]_i_23_n_0
    SLICE_X37Y6          LUT2 (Prop_lut2_I0_O)        0.124    14.319 r  tokenizer/imm[12]_i_99/O
                         net (fo=1, routed)           0.000    14.319    tokenizer/imm[12]_i_99_n_0
    SLICE_X37Y6          CARRY4 (Prop_carry4_S[1]_O[1])
                                                      0.227    14.546 r  tokenizer/imm_reg[12]_i_73/O[1]
                         net (fo=3, routed)           0.718    15.263    tokenizer/imm_reg[12]_i_73_n_6
    SLICE_X36Y10         LUT4 (Prop_lut4_I3_O)        0.303    15.566 r  tokenizer/imm[6]_i_38/O
                         net (fo=1, routed)           0.000    15.566    tokenizer/imm[6]_i_38_n_0
    SLICE_X36Y10         CARRY4 (Prop_carry4_S[2]_O[2])
                                                      0.248    15.814 r  tokenizer/imm_reg[6]_i_24/O[2]
                         net (fo=2, routed)           0.683    16.497    tokenizer/imm_reg[6]_i_24_n_5
    SLICE_X38Y9          LUT5 (Prop_lut5_I4_O)        0.331    16.828 r  tokenizer/imm[12]_i_88/O
                         net (fo=3, routed)           0.493    17.321    tokenizer/imm[12]_i_88_n_0
    SLICE_X34Y8          LUT4 (Prop_lut4_I0_O)        0.331    17.652 r  tokenizer/imm[12]_i_92/O
                         net (fo=1, routed)           0.000    17.652    tokenizer/imm[12]_i_92_n_0
    SLICE_X34Y8          CARRY4 (Prop_carry4_S[2]_O[2])
                                                      0.250    17.902 r  tokenizer/imm_reg[12]_i_68/O[2]
                         net (fo=3, routed)           0.619    18.521    tokenizer/imm_reg[12]_i_68_n_5
    SLICE_X33Y11         LUT3 (Prop_lut3_I2_O)        0.301    18.822 r  tokenizer/imm[6]_i_44/O
                         net (fo=1, routed)           0.000    18.822    tokenizer/imm[6]_i_44_n_0
    SLICE_X33Y11         CARRY4 (Prop_carry4_S[3]_CO[3])
                                                      0.401    19.223 r  tokenizer/imm_reg[6]_i_25/CO[3]
                         net (fo=1, routed)           0.000    19.223    tokenizer/imm_reg[6]_i_25_n_0
    SLICE_X33Y12         CARRY4 (Prop_carry4_CI_O[0])
                                                      0.222    19.445 r  tokenizer/imm_reg[12]_i_54/O[0]
                         net (fo=1, routed)           0.828    20.273    tokenizer/imm_reg[12]_i_54_n_7
    SLICE_X32Y11         LUT4 (Prop_lut4_I0_O)        0.327    20.600 f  tokenizer/imm[9]_i_10/O
                         net (fo=1, routed)           0.558    21.158    tokenizer/imm[9]_i_10_n_0
    SLICE_X33Y8          LUT6 (Prop_lut6_I0_O)        0.326    21.484 r  tokenizer/imm[9]_i_9/O
                         net (fo=8, routed)           0.720    22.204    tokenizer/imm[11]_i_120_n_0
    SLICE_X28Y7          CARRY4 (Prop_carry4_DI[0]_O[2])
                                                      0.556    22.760 r  tokenizer/imm_reg[11]_i_52/O[2]
                         net (fo=3, routed)           0.615    23.375    tokenizer/imm_reg[11]_i_52_n_5
    SLICE_X26Y6          LUT2 (Prop_lut2_I1_O)        0.302    23.677 r  tokenizer/imm[11]_i_54/O
                         net (fo=1, routed)           0.000    23.677    tokenizer/imm[11]_i_54_n_0
    SLICE_X26Y6          CARRY4 (Prop_carry4_S[3]_O[3])
                                                      0.248    23.925 r  tokenizer/imm_reg[11]_i_17/O[3]
                         net (fo=6, routed)           1.032    24.957    tokenizer/imm_reg[11]_i_17_n_4
    SLICE_X30Y14         LUT3 (Prop_lut3_I2_O)        0.306    25.263 r  tokenizer/imm[11]_i_132/O
                         net (fo=1, routed)           0.478    25.741    tokenizer/imm[11]_i_132_n_0
    SLICE_X29Y14         CARRY4 (Prop_carry4_DI[3]_CO[3])
                                                      0.385    26.126 r  tokenizer/imm_reg[11]_i_58/CO[3]
                         net (fo=1, routed)           0.000    26.126    tokenizer/imm_reg[11]_i_58_n_0
    SLICE_X29Y15         CARRY4 (Prop_carry4_CI_O[0])
                                                      0.222    26.348 r  tokenizer/imm_reg[24]_i_101/O[0]
                         net (fo=3, routed)           0.495    26.843    tokenizer/imm_reg[24]_i_101_n_7
    SLICE_X26Y15         LUT2 (Prop_lut2_I1_O)        0.299    27.142 r  tokenizer/imm[24]_i_177/O
                         net (fo=1, routed)           0.000    27.142    tokenizer/imm[24]_i_177_n_0
    SLICE_X26Y15         CARRY4 (Prop_carry4_S[1]_O[1])
                                                      0.227    27.369 r  tokenizer/imm_reg[24]_i_100/O[1]
                         net (fo=3, routed)           0.922    28.292    tokenizer/imm_reg[24]_i_100_n_6
    SLICE_X30Y15         LUT3 (Prop_lut3_I2_O)        0.329    28.621 r  tokenizer/imm[19]_i_81/O
                         net (fo=3, routed)           0.506    29.127    tokenizer/imm[19]_i_81_n_0
    SLICE_X27Y16         LUT6 (Prop_lut6_I0_O)        0.348    29.475 r  tokenizer/imm[19]_i_85/O
                         net (fo=1, routed)           0.000    29.475    tokenizer/imm[19]_i_85_n_0
    SLICE_X27Y16         CARRY4 (Prop_carry4_S[1]_O[2])
                                                      0.580    30.055 r  tokenizer/imm_reg[19]_i_41/O[2]
                         net (fo=3, routed)           0.601    30.656    tokenizer/imm_reg[19]_i_41_n_5
    SLICE_X28Y16         LUT2 (Prop_lut2_I1_O)        0.302    30.958 r  tokenizer/imm[19]_i_75/O
                         net (fo=1, routed)           0.000    30.958    tokenizer/imm[19]_i_75_n_0
    SLICE_X28Y16         CARRY4 (Prop_carry4_S[3]_O[3])
                                                      0.248    31.206 r  tokenizer/imm_reg[19]_i_40/O[3]
                         net (fo=3, routed)           0.588    31.794    tokenizer/imm_reg[19]_i_40_n_4
    SLICE_X25Y16         LUT4 (Prop_lut4_I0_O)        0.306    32.100 r  tokenizer/imm[16]_i_43/O
                         net (fo=1, routed)           0.761    32.861    tokenizer/imm[16]_i_43_n_0
    SLICE_X32Y13         LUT6 (Prop_lut6_I0_O)        0.124    32.985 r  tokenizer/imm[16]_i_19/O
                         net (fo=5, routed)           0.854    33.839    tokenizer/imm[16]_i_19_n_0
    SLICE_X23Y15         CARRY4 (Prop_carry4_DI[3]_CO[3])
                                                      0.385    34.224 r  tokenizer/imm_reg[19]_i_35/CO[3]
                         net (fo=1, routed)           0.000    34.224    tokenizer/imm_reg[19]_i_35_n_0
    SLICE_X23Y16         CARRY4 (Prop_carry4_CI_O[0])
                                                      0.222    34.446 r  tokenizer/imm_reg[22]_i_108/O[0]
                         net (fo=3, routed)           0.448    34.894    tokenizer/imm_reg[22]_i_108_n_7
    SLICE_X22Y16         LUT2 (Prop_lut2_I1_O)        0.299    35.193 r  tokenizer/imm[19]_i_38/O
                         net (fo=1, routed)           0.000    35.193    tokenizer/imm[19]_i_38_n_0
    SLICE_X22Y16         CARRY4 (Prop_carry4_S[1]_O[2])
                                                      0.580    35.773 r  tokenizer/imm_reg[19]_i_20/O[2]
                         net (fo=1, routed)           0.808    36.581    tokenizer/imm_reg[19]_i_20_n_5
    SLICE_X25Y16         LUT5 (Prop_lut5_I0_O)        0.332    36.913 r  tokenizer/imm[19]_i_11/O
                         net (fo=11, routed)          0.531    37.444    tokenizer/imm[19]_i_11_n_0
    SLICE_X20Y11         LUT4 (Prop_lut4_I3_O)        0.327    37.771 r  tokenizer/imm[28]_i_246/O
                         net (fo=1, routed)           0.000    37.771    tokenizer/imm[28]_i_246_n_0
    SLICE_X20Y11         CARRY4 (Prop_carry4_S[2]_O[2])
                                                      0.248    38.019 r  tokenizer/imm_reg[28]_i_120/O[2]
                         net (fo=3, routed)           0.473    38.492    tokenizer/imm_reg[28]_i_120_n_5
    SLICE_X19Y9          LUT2 (Prop_lut2_I1_O)        0.302    38.794 r  tokenizer/imm[19]_i_26/O
                         net (fo=1, routed)           0.000    38.794    tokenizer/imm[19]_i_26_n_0
    SLICE_X19Y9          CARRY4 (Prop_carry4_S[3]_O[3])
                                                      0.248    39.042 r  tokenizer/imm_reg[19]_i_18/O[3]
                         net (fo=6, routed)           1.166    40.209    tokenizer/imm_reg[19]_i_18_n_4
    SLICE_X21Y19         LUT5 (Prop_lut5_I0_O)        0.306    40.515 r  tokenizer/imm[28]_i_252/O
                         net (fo=1, routed)           0.000    40.515    tokenizer/imm[28]_i_252_n_0
    SLICE_X21Y19         CARRY4 (Prop_carry4_S[3]_O[3])
                                                      0.248    40.763 r  tokenizer/imm_reg[28]_i_132/O[3]
                         net (fo=3, routed)           0.506    41.268    tokenizer/imm_reg[28]_i_132_n_4
    SLICE_X20Y21         LUT2 (Prop_lut2_I1_O)        0.306    41.574 r  tokenizer/imm[28]_i_136/O
                         net (fo=1, routed)           0.000    41.574    tokenizer/imm[28]_i_136_n_0
    SLICE_X20Y21         CARRY4 (Prop_carry4_S[0]_O[0])
                                                      0.247    41.821 r  tokenizer/imm_reg[28]_i_54/O[0]
                         net (fo=3, routed)           0.468    42.289    tokenizer/imm_reg[28]_i_54_n_7
    SLICE_X22Y21         LUT4 (Prop_lut4_I3_O)        0.299    42.588 r  tokenizer/imm[21]_i_12/O
                         net (fo=1, routed)           0.507    43.096    tokenizer/imm[21]_i_12_n_0
    SLICE_X23Y21         LUT5 (Prop_lut5_I0_O)        0.124    43.220 r  tokenizer/imm[21]_i_9/O
                         net (fo=2, routed)           0.571    43.791    tokenizer/imm[21]_i_9_n_0
    SLICE_X18Y21         CARRY4 (Prop_carry4_DI[0]_O[1])
                                                      0.407    44.198 r  tokenizer/imm_reg[28]_i_65/O[1]
                         net (fo=3, routed)           0.430    44.628    tokenizer/imm_reg[28]_i_65_n_6
    SLICE_X19Y22         LUT2 (Prop_lut2_I1_O)        0.303    44.931 r  tokenizer/imm[28]_i_146/O
                         net (fo=1, routed)           0.000    44.931    tokenizer/imm[28]_i_146_n_0
    SLICE_X19Y22         CARRY4 (Prop_carry4_S[2]_O[2])
                                                      0.248    45.179 r  tokenizer/imm_reg[28]_i_64/O[2]
                         net (fo=1, routed)           0.568    45.748    tokenizer/imm_reg[28]_i_64_n_5
    SLICE_X22Y22         LUT5 (Prop_lut5_I2_O)        0.302    46.050 f  tokenizer/imm[23]_i_9/O
                         net (fo=1, routed)           0.623    46.672    tokenizer/imm[23]_i_9_n_0
    SLICE_X23Y22         LUT6 (Prop_lut6_I0_O)        0.124    46.796 f  tokenizer/imm[23]_i_3/O
                         net (fo=1, routed)           0.491    47.287    tokenizer/imm[23]_i_3_n_0
    SLICE_X25Y22         LUT6 (Prop_lut6_I2_O)        0.124    47.411 r  tokenizer/imm[23]_i_1/O
                         net (fo=1, routed)           0.000    47.411    operand_interpreter/imm_reg[31]_2[23]
    SLICE_X25Y22         FDRE                                         r  operand_interpreter/imm_reg[23]/D
  -------------------------------------------------------------------    -------------------

                         (clock sys_clk_pin rise edge)
                                                     50.000    50.000 r  <hidden>
    E3                                                0.000    50.000 r  CLK100MHZ
                         net (fo=0)                   0.000    50.000    CLK100MHZ
    E3                   IBUF (Prop_ibuf_I_O)         1.411    51.411 r  CLK100MHZ_IBUF_inst/O
                         net (fo=1, routed)           1.920    53.331    CLK100MHZ_IBUF
    BUFGCTRL_X0Y16       BUFG (Prop_bufg_I_O)         0.091    53.422 r  CLK100MHZ_IBUF_BUFG_inst/O
                         net (fo=1509, routed)        1.674    55.096    operand_interpreter/CLK100MHZ_IBUF_BUFG
    SLICE_X25Y22         FDRE                                         r  operand_interpreter/imm_reg[23]/C
                         clock pessimism              0.267    55.364    <hidden>
                         clock uncertainty           -0.035    55.328    <hidden>
    SLICE_X25Y22         FDRE (Setup_fdre_C_D)        0.029    55.357    operand_interpreter/imm_reg[23]
  -------------------------------------------------------------------
                         required time                         55.357    <hidden>
                         arrival time                         -47.411    <hidden>
  -------------------------------------------------------------------
                         slack                                  7.946    <hidden>

Slack (MET) :             8.444ns  (required time - arrival time)
  Source:                 tokenizer/token3_reg[93]/C
                            (rising edge-triggered cell FDSE clocked by sys_clk_pin  {rise@0.000ns fall@5.000ns period=50.000ns})
  Destination:            operand_interpreter/imm_reg[22]/D
                            (rising edge-triggered cell FDRE clocked by sys_clk_pin  {rise@0.000ns fall@5.000ns period=50.000ns})
  Path Group:             sys_clk_pin
  Path Type:              Setup (Max at Slow Process Corner)
  Requirement:            50.000ns  (sys_clk_pin rise@50.000ns - sys_clk_pin rise@0.000ns)
  Data Path Delay:        41.499ns  (logic 17.720ns (42.700%)  route 23.779ns (57.300%))
  Logic Levels:           61  (CARRY4=27 LUT2=10 LUT3=5 LUT4=9 LUT5=3 LUT6=7)
  Clock Path Skew:        -0.051ns (DCD - SCD + CPR)
    Destination Clock Delay (DCD):    5.094ns = ( 55.094 - 50.000 ) 
    Source Clock Delay      (SCD):    5.413ns
    Clock Pessimism Removal (CPR):    0.267ns
  Clock Uncertainty:      0.035ns  ((TSJ^2 + TIJ^2)^1/2 + DJ) / 2 + PE
    Total System Jitter     (TSJ):    0.071ns
    Total Input Jitter      (TIJ):    0.000ns
    Discrete Jitter          (DJ):    0.000ns
    Phase Error              (PE):    0.000ns

    Location             Delay type                Incr(ns)  Path(ns)    Netlist Resource(s)
  -------------------------------------------------------------------    -------------------
                         (clock sys_clk_pin rise edge)
                                                      0.000     0.000 r  <hidden>
    E3                                                0.000     0.000 r  CLK100MHZ
                         net (fo=0)                   0.000     0.000    CLK100MHZ
    E3                   IBUF (Prop_ibuf_I_O)         1.482     1.482 r  CLK100MHZ_IBUF_inst/O
                         net (fo=1, routed)           2.025     3.506    CLK100MHZ_IBUF
    BUFGCTRL_X0Y16       BUFG (Prop_bufg_I_O)         0.096     3.602 r  CLK100MHZ_IBUF_BUFG_inst/O
                         net (fo=1509, routed)        1.810     5.413    tokenizer/clk
    SLICE_X42Y4          FDSE                                         r  tokenizer/token3_reg[93]/C
  -------------------------------------------------------------------    -------------------
    SLICE_X42Y4          FDSE (Prop_fdse_C_Q)         0.518     5.931 r  tokenizer/token3_reg[93]/Q
                         net (fo=20, routed)          0.790     6.721    tokenizer/token3[93]
    SLICE_X42Y7          LUT2 (Prop_lut2_I0_O)        0.124     6.845 r  tokenizer/imm[17]_i_16/O
                         net (fo=2, routed)           0.457     7.302    tokenizer/imm[17]_i_16_n_0
    SLICE_X42Y5          LUT6 (Prop_lut6_I3_O)        0.124     7.426 r  tokenizer/imm[6]_i_32/O
                         net (fo=36, routed)          0.714     8.140    tokenizer/imm[6]_i_32_n_0
    SLICE_X34Y4          LUT3 (Prop_lut3_I0_O)        0.124     8.264 r  tokenizer/imm[4]_i_108/O
                         net (fo=1, routed)           0.000     8.264    tokenizer/imm[4]_i_108_n_0
    SLICE_X34Y4          CARRY4 (Prop_carry4_S[1]_O[2])
                                                      0.578     8.842 r  tokenizer/imm_reg[4]_i_86/O[2]
                         net (fo=2, routed)           0.612     9.454    tokenizer/imm_reg[4]_i_86_n_5
    SLICE_X38Y5          LUT2 (Prop_lut2_I1_O)        0.301     9.755 r  tokenizer/imm[4]_i_87/O
                         net (fo=1, routed)           0.000     9.755    tokenizer/imm[4]_i_87_n_0
    SLICE_X38Y5          CARRY4 (Prop_carry4_S[3]_O[3])
                                                      0.255    10.010 r  tokenizer/imm_reg[4]_i_69/O[3]
                         net (fo=5, routed)           0.485    10.495    tokenizer/imm_reg[4]_i_69_n_4
    SLICE_X41Y5          LUT4 (Prop_lut4_I2_O)        0.307    10.802 r  tokenizer/imm[4]_i_91/O
                         net (fo=1, routed)           0.542    11.345    tokenizer/imm[4]_i_91_n_0
    SLICE_X40Y5          CARRY4 (Prop_carry4_DI[3]_CO[3])
                                                      0.385    11.730 r  tokenizer/imm_reg[4]_i_70/CO[3]
                         net (fo=1, routed)           0.000    11.730    tokenizer/imm_reg[4]_i_70_n_0
    SLICE_X40Y6          CARRY4 (Prop_carry4_CI_O[0])
                                                      0.222    11.952 r  tokenizer/imm_reg[11]_i_112/O[0]
                         net (fo=4, routed)           0.584    12.535    tokenizer/imm_reg[11]_i_112_n_7
    SLICE_X39Y6          LUT4 (Prop_lut4_I0_O)        0.299    12.834 r  tokenizer/imm[8]_i_77/O
                         net (fo=1, routed)           0.000    12.834    tokenizer/imm[8]_i_77_n_0
    SLICE_X39Y6          CARRY4 (Prop_carry4_S[1]_O[1])
                                                      0.227    13.061 r  tokenizer/imm_reg[8]_i_54/O[1]
                         net (fo=1, routed)           0.288    13.349    tokenizer/imm_reg[8]_i_54_n_6
    SLICE_X41Y6          LUT6 (Prop_lut6_I2_O)        0.303    13.652 r  tokenizer/imm[6]_i_23/O
                         net (fo=7, routed)           0.543    14.195    tokenizer/imm[6]_i_23_n_0
    SLICE_X37Y6          LUT2 (Prop_lut2_I0_O)        0.124    14.319 r  tokenizer/imm[12]_i_99/O
                         net (fo=1, routed)           0.000    14.319    tokenizer/imm[12]_i_99_n_0
    SLICE_X37Y6          CARRY4 (Prop_carry4_S[1]_O[1])
                                                      0.227    14.546 r  tokenizer/imm_reg[12]_i_73/O[1]
                         net (fo=3, routed)           0.718    15.263    tokenizer/imm_reg[12]_i_73_n_6
    SLICE_X36Y10         LUT4 (Prop_lut4_I3_O)        0.303    15.566 r  tokenizer/imm[6]_i_38/O
                         net (fo=1, routed)           0.000    15.566    tokenizer/imm[6]_i_38_n_0
    SLICE_X36Y10         CARRY4 (Prop_carry4_S[2]_O[2])
                                                      0.248    15.814 r  tokenizer/imm_reg[6]_i_24/O[2]
                         net (fo=2, routed)           0.683    16.497    tokenizer/imm_reg[6]_i_24_n_5
    SLICE_X38Y9          LUT5 (Prop_lut5_I4_O)        0.331    16.828 r  tokenizer/imm[12]_i_88/O
                         net (fo=3, routed)           0.493    17.321    tokenizer/imm[12]_i_88_n_0
    SLICE_X34Y8          LUT4 (Prop_lut4_I0_O)        0.331    17.652 r  tokenizer/imm[12]_i_92/O
                         net (fo=1, routed)           0.000    17.652    tokenizer/imm[12]_i_92_n_0
    SLICE_X34Y8          CARRY4 (Prop_carry4_S[2]_O[2])
                                                      0.250    17.902 r  tokenizer/imm_reg[12]_i_68/O[2]
                         net (fo=3, routed)           0.619    18.521    tokenizer/imm_reg[12]_i_68_n_5
    SLICE_X33Y11         LUT3 (Prop_lut3_I2_O)        0.301    18.822 r  tokenizer/imm[6]_i_44/O
                         net (fo=1, routed)           0.000    18.822    tokenizer/imm[6]_i_44_n_0
    SLICE_X33Y11         CARRY4 (Prop_carry4_S[3]_CO[3])
                                                      0.401    19.223 r  tokenizer/imm_reg[6]_i_25/CO[3]
                         net (fo=1, routed)           0.000    19.223    tokenizer/imm_reg[6]_i_25_n_0
    SLICE_X33Y12         CARRY4 (Prop_carry4_CI_O[0])
                                                      0.222    19.445 r  tokenizer/imm_reg[12]_i_54/O[0]
                         net (fo=1, routed)           0.828    20.273    tokenizer/imm_reg[12]_i_54_n_7
    SLICE_X32Y11         LUT4 (Prop_lut4_I0_O)        0.327    20.600 f  tokenizer/imm[9]_i_10/O
                         net (fo=1, routed)           0.558    21.158    tokenizer/imm[9]_i_10_n_0
    SLICE_X33Y8          LUT6 (Prop_lut6_I0_O)        0.326    21.484 r  tokenizer/imm[9]_i_9/O
                         net (fo=8, routed)           0.720    22.204    tokenizer/imm[11]_i_120_n_0
    SLICE_X28Y7          CARRY4 (Prop_carry4_DI[0]_O[2])
                                                      0.556    22.760 r  tokenizer/imm_reg[11]_i_52/O[2]
                         net (fo=3, routed)           0.615    23.375    tokenizer/imm_reg[11]_i_52_n_5
    SLICE_X26Y6          LUT2 (Prop_lut2_I1_O)        0.302    23.677 r  tokenizer/imm[11]_i_54/O
                         net (fo=1, routed)           0.000    23.677    tokenizer/imm[11]_i_54_n_0
    SLICE_X26Y6          CARRY4 (Prop_carry4_S[3]_O[3])
                                                      0.248    23.925 r  tokenizer/imm_reg[11]_i_17/O[3]
                         net (fo=6, routed)           1.032    24.957    tokenizer/imm_reg[11]_i_17_n_4
    SLICE_X30Y14         LUT3 (Prop_lut3_I2_O)        0.306    25.263 r  tokenizer/imm[11]_i_132/O
                         net (fo=1, routed)           0.478    25.741    tokenizer/imm[11]_i_132_n_0
    SLICE_X29Y14         CARRY4 (Prop_carry4_DI[3]_CO[3])
                                                      0.385    26.126 r  tokenizer/imm_reg[11]_i_58/CO[3]
                         net (fo=1, routed)           0.000    26.126    tokenizer/imm_reg[11]_i_58_n_0
    SLICE_X29Y15         CARRY4 (Prop_carry4_CI_O[0])
                                                      0.222    26.348 r  tokenizer/imm_reg[24]_i_101/O[0]
                         net (fo=3, routed)           0.495    26.843    tokenizer/imm_reg[24]_i_101_n_7
    SLICE_X26Y15         LUT2 (Prop_lut2_I1_O)        0.299    27.142 r  tokenizer/imm[24]_i_177/O
                         net (fo=1, routed)           0.000    27.142    tokenizer/imm[24]_i_177_n_0
    SLICE_X26Y15         CARRY4 (Prop_carry4_S[1]_O[1])
                                                      0.227    27.369 r  tokenizer/imm_reg[24]_i_100/O[1]
                         net (fo=3, routed)           0.922    28.292    tokenizer/imm_reg[24]_i_100_n_6
    SLICE_X30Y15         LUT3 (Prop_lut3_I2_O)        0.329    28.621 r  tokenizer/imm[19]_i_81/O
                         net (fo=3, routed)           0.506    29.127    tokenizer/imm[19]_i_81_n_0
    SLICE_X27Y16         LUT6 (Prop_lut6_I0_O)        0.348    29.475 r  tokenizer/imm[19]_i_85/O
                         net (fo=1, routed)           0.000    29.475    tokenizer/imm[19]_i_85_n_0
    SLICE_X27Y16         CARRY4 (Prop_carry4_S[1]_O[2])
                                                      0.580    30.055 r  tokenizer/imm_reg[19]_i_41/O[2]
                         net (fo=3, routed)           0.601    30.656    tokenizer/imm_reg[19]_i_41_n_5
    SLICE_X28Y16         LUT2 (Prop_lut2_I1_O)        0.302    30.958 r  tokenizer/imm[19]_i_75/O
                         net (fo=1, routed)           0.000    30.958    tokenizer/imm[19]_i_75_n_0
    SLICE_X28Y16         CARRY4 (Prop_carry4_S[3]_O[3])
                                                      0.248    31.206 r  tokenizer/imm_reg[19]_i_40/O[3]
                         net (fo=3, routed)           0.588    31.794    tokenizer/imm_reg[19]_i_40_n_4
    SLICE_X25Y16         LUT4 (Prop_lut4_I0_O)        0.306    32.100 r  tokenizer/imm[16]_i_43/O
                         net (fo=1, routed)           0.761    32.861    tokenizer/imm[16]_i_43_n_0
    SLICE_X32Y13         LUT6 (Prop_lut6_I0_O)        0.124    32.985 r  tokenizer/imm[16]_i_19/O
                         net (fo=5, routed)           0.854    33.839    tokenizer/imm[16]_i_19_n_0
    SLICE_X23Y15         CARRY4 (Prop_carry4_DI[3]_CO[3])
                                                      0.385    34.224 r  tokenizer/imm_reg[19]_i_35/CO[3]
                         net (fo=1, routed)           0.000    34.224    tokenizer/imm_reg[19]_i_35_n_0
    SLICE_X23Y16         CARRY4 (Prop_carry4_CI_O[0])
                                                      0.222    34.446 r  tokenizer/imm_reg[22]_i_108/O[0]
                         net (fo=3, routed)           0.448    34.894    tokenizer/imm_reg[22]_i_108_n_7
    SLICE_X22Y16         LUT2 (Prop_lut2_I1_O)        0.299    35.193 r  tokenizer/imm[19]_i_38/O
                         net (fo=1, routed)           0.000    35.193    tokenizer/imm[19]_i_38_n_0
    SLICE_X22Y16         CARRY4 (Prop_carry4_S[1]_O[1])
                                                      0.227    35.420 r  tokenizer/imm_reg[19]_i_20/O[1]
                         net (fo=2, routed)           0.606    36.026    tokenizer/imm_reg[19]_i_20_n_6
    SLICE_X25Y17         LUT5 (Prop_lut5_I0_O)        0.329    36.355 r  tokenizer/imm[28]_i_243/O
                         net (fo=8, routed)           0.728    37.083    tokenizer/imm[28]_i_243_n_0
    SLICE_X20Y11         LUT4 (Prop_lut4_I3_O)        0.326    37.409 r  tokenizer/imm[28]_i_247/O
                         net (fo=1, routed)           0.000    37.409    tokenizer/imm[28]_i_247_n_0
    SLICE_X20Y11         CARRY4 (Prop_carry4_S[1]_O[1])
                                                      0.227    37.636 r  tokenizer/imm_reg[28]_i_120/O[1]
                         net (fo=3, routed)           0.593    38.229    tokenizer/imm_reg[28]_i_120_n_6
    SLICE_X19Y9          LUT2 (Prop_lut2_I1_O)        0.303    38.532 r  tokenizer/imm[19]_i_27/O
                         net (fo=1, routed)           0.000    38.532    tokenizer/imm[19]_i_27_n_0
    SLICE_X19Y9          CARRY4 (Prop_carry4_S[2]_O[2])
                                                      0.248    38.780 r  tokenizer/imm_reg[19]_i_18/O[2]
                         net (fo=6, routed)           1.072    39.852    tokenizer/imm_reg[19]_i_18_n_5
    SLICE_X21Y19         LUT4 (Prop_lut4_I0_O)        0.302    40.154 r  tokenizer/imm[28]_i_253/O
                         net (fo=1, routed)           0.000    40.154    tokenizer/imm[28]_i_253_n_0
    SLICE_X21Y19         CARRY4 (Prop_carry4_S[2]_O[2])
                                                      0.248    40.402 r  tokenizer/imm_reg[28]_i_132/O[2]
                         net (fo=3, routed)           0.445    40.847    tokenizer/imm_reg[28]_i_132_n_5
    SLICE_X20Y20         LUT2 (Prop_lut2_I1_O)        0.302    41.149 r  tokenizer/imm[19]_i_31/O
                         net (fo=1, routed)           0.000    41.149    tokenizer/imm[19]_i_31_n_0
    SLICE_X20Y20         CARRY4 (Prop_carry4_S[3]_O[3])
                                                      0.248    41.397 r  tokenizer/imm_reg[19]_i_19/O[3]
                         net (fo=3, routed)           0.471    41.869    tokenizer/imm_reg[19]_i_19_n_4
    SLICE_X22Y21         LUT4 (Prop_lut4_I3_O)        0.306    42.175 r  tokenizer/imm[20]_i_30/O
                         net (fo=1, routed)           0.450    42.625    tokenizer/imm[20]_i_30_n_0
    SLICE_X24Y20         LUT5 (Prop_lut5_I0_O)        0.124    42.749 r  tokenizer/imm[20]_i_11/O
                         net (fo=2, routed)           0.517    43.266    tokenizer/imm[20]_i_11_n_0
    SLICE_X18Y20         CARRY4 (Prop_carry4_DI[3]_CO[3])
                                                      0.385    43.651 r  tokenizer/imm_reg[28]_i_144/CO[3]
                         net (fo=1, routed)           0.000    43.651    tokenizer/imm_reg[28]_i_144_n_0
    SLICE_X18Y21         CARRY4 (Prop_carry4_CI_O[0])
                                                      0.222    43.873 r  tokenizer/imm_reg[28]_i_65/O[0]
                         net (fo=3, routed)           0.320    44.193    tokenizer/imm_reg[28]_i_65_n_7
    SLICE_X19Y22         LUT2 (Prop_lut2_I1_O)        0.299    44.492 r  tokenizer/imm[28]_i_147/O
                         net (fo=1, routed)           0.000    44.492    tokenizer/imm[28]_i_147_n_0
    SLICE_X19Y22         CARRY4 (Prop_carry4_S[1]_O[1])
                                                      0.227    44.719 r  tokenizer/imm_reg[28]_i_64/O[1]
                         net (fo=1, routed)           0.581    45.300    tokenizer/imm_reg[28]_i_64_n_6
    SLICE_X22Y22         LUT3 (Prop_lut3_I2_O)        0.303    45.603 f  tokenizer/imm[22]_i_15/O
                         net (fo=1, routed)           0.579    46.182    tokenizer/imm[22]_i_15_n_0
    SLICE_X26Y21         LUT6 (Prop_lut6_I0_O)        0.124    46.306 f  tokenizer/imm[22]_i_6/O
                         net (fo=1, routed)           0.482    46.788    tokenizer/imm[22]_i_6_n_0
    SLICE_X33Y22         LUT6 (Prop_lut6_I4_O)        0.124    46.912 r  tokenizer/imm[22]_i_1/O
                         net (fo=1, routed)           0.000    46.912    operand_interpreter/imm_reg[31]_2[22]
    SLICE_X33Y22         FDRE                                         r  operand_interpreter/imm_reg[22]/D
  -------------------------------------------------------------------    -------------------

                         (clock sys_clk_pin rise edge)
                                                     50.000    50.000 r  <hidden>
    E3                                                0.000    50.000 r  CLK100MHZ
                         net (fo=0)                   0.000    50.000    CLK100MHZ
    E3                   IBUF (Prop_ibuf_I_O)         1.411    51.411 r  CLK100MHZ_IBUF_inst/O
                         net (fo=1, routed)           1.920    53.331    CLK100MHZ_IBUF
    BUFGCTRL_X0Y16       BUFG (Prop_bufg_I_O)         0.091    53.422 r  CLK100MHZ_IBUF_BUFG_inst/O
                         net (fo=1509, routed)        1.672    55.094    operand_interpreter/CLK100MHZ_IBUF_BUFG
    SLICE_X33Y22         FDRE                                         r  operand_interpreter/imm_reg[22]/C
                         clock pessimism              0.267    55.362    <hidden>
                         clock uncertainty           -0.035    55.326    <hidden>
    SLICE_X33Y22         FDRE (Setup_fdre_C_D)        0.029    55.355    operand_interpreter/imm_reg[22]
  -------------------------------------------------------------------
                         required time                         55.355    <hidden>
                         arrival time                         -46.912    <hidden>
  -------------------------------------------------------------------
                         slack                                  8.444    <hidden>





Min Delay Paths
--------------------------------------------------------------------------------------
Slack (MET) :             0.106ns  (arrival time - required time)
  Source:                 tokenizer/token2_end_ptr_reg[24]/C
                            (rising edge-triggered cell FDRE clocked by sys_clk_pin  {rise@0.000ns fall@5.000ns period=50.000ns})
  Destination:            tokenizer/char_ptr_reg[24]/D
                            (rising edge-triggered cell FDRE clocked by sys_clk_pin  {rise@0.000ns fall@5.000ns period=50.000ns})
  Path Group:             sys_clk_pin
  Path Type:              Hold (Min at Fast Process Corner)
  Requirement:            0.000ns  (sys_clk_pin rise@0.000ns - sys_clk_pin rise@0.000ns)
  Data Path Delay:        0.240ns  (logic 0.186ns (77.466%)  route 0.054ns (22.534%))
  Logic Levels:           1  (LUT6=1)
  Clock Path Skew:        0.013ns (DCD - SCD - CPR)
    Destination Clock Delay (DCD):    2.071ns
    Source Clock Delay      (SCD):    1.552ns
    Clock Pessimism Removal (CPR):    0.506ns

    Location             Delay type                Incr(ns)  Path(ns)    Netlist Resource(s)
  -------------------------------------------------------------------    -------------------
                         (clock sys_clk_pin rise edge)
                                                      0.000     0.000 r  <hidden>
    E3                                                0.000     0.000 r  CLK100MHZ
                         net (fo=0)                   0.000     0.000    CLK100MHZ
    E3                   IBUF (Prop_ibuf_I_O)         0.250     0.250 r  CLK100MHZ_IBUF_inst/O
                         net (fo=1, routed)           0.644     0.894    CLK100MHZ_IBUF
    BUFGCTRL_X0Y16       BUFG (Prop_bufg_I_O)         0.026     0.920 r  CLK100MHZ_IBUF_BUFG_inst/O
                         net (fo=1509, routed)        0.632     1.552    tokenizer/clk
    SLICE_X57Y2          FDRE                                         r  tokenizer/token2_end_ptr_reg[24]/C
  -------------------------------------------------------------------    -------------------
    SLICE_X57Y2          FDRE (Prop_fdre_C_Q)         0.141     1.693 r  tokenizer/token2_end_ptr_reg[24]/Q
                         net (fo=1, routed)           0.054     1.747    tokenizer/token2_end_ptr_reg_n_0_[24]
    SLICE_X56Y2          LUT6 (Prop_lut6_I1_O)        0.045     1.792 r  tokenizer/char_ptr[24]_i_1/O
                         net (fo=1, routed)           0.000     1.792    tokenizer/char_ptr[24]
    SLICE_X56Y2          FDRE                                         r  tokenizer/char_ptr_reg[24]/D
  -------------------------------------------------------------------    -------------------

                         (clock sys_clk_pin rise edge)
                                                      0.000     0.000 r  <hidden>
    E3                                                0.000     0.000 r  CLK100MHZ
                         net (fo=0)                   0.000     0.000    CLK100MHZ
    E3                   IBUF (Prop_ibuf_I_O)         0.438     0.438 r  CLK100MHZ_IBUF_inst/O
                         net (fo=1, routed)           0.699     1.136    CLK100MHZ_IBUF
    BUFGCTRL_X0Y16       BUFG (Prop_bufg_I_O)         0.029     1.165 r  CLK100MHZ_IBUF_BUFG_inst/O
                         net (fo=1509, routed)        0.906     2.071    tokenizer/clk
    SLICE_X56Y2          FDRE                                         r  tokenizer/char_ptr_reg[24]/C
                         clock pessimism             -0.506     1.565    <hidden>
    SLICE_X56Y2          FDRE (Hold_fdre_C_D)         0.121     1.686    tokenizer/char_ptr_reg[24]
  -------------------------------------------------------------------
                         required time                         -1.686    <hidden>
                         arrival time                           1.792    <hidden>
  -------------------------------------------------------------------
                         slack                                  0.106    <hidden>

Slack (MET) :             0.114ns  (arrival time - required time)
  Source:                 memory_access/RdW_reg[4]/C
                            (rising edge-triggered cell FDRE clocked by sys_clk_pin  {rise@0.000ns fall@5.000ns period=50.000ns})
  Destination:            decode/register_file/regs_reg_r2_0_31_6_11/RAMA/WADR4
                            (rising edge-triggered cell RAMD32 clocked by sys_clk_pin  {rise@0.000ns fall@5.000ns period=50.000ns})
  Path Group:             sys_clk_pin
  Path Type:              Hold (Min at Fast Process Corner)
  Requirement:            0.000ns  (sys_clk_pin rise@0.000ns - sys_clk_pin rise@0.000ns)
  Data Path Delay:        0.348ns  (logic 0.141ns (40.472%)  route 0.207ns (59.528%))
  Logic Levels:           0  
  Clock Path Skew:        0.034ns (DCD - SCD - CPR)
    Destination Clock Delay (DCD):    2.065ns
    Source Clock Delay      (SCD):    1.548ns
    Clock Pessimism Removal (CPR):    0.483ns

    Location             Delay type                Incr(ns)  Path(ns)    Netlist Resource(s)
  -------------------------------------------------------------------    -------------------
                         (clock sys_clk_pin rise edge)
                                                      0.000     0.000 r  <hidden>
    E3                                                0.000     0.000 r  CLK100MHZ
                         net (fo=0)                   0.000     0.000    CLK100MHZ
    E3                   IBUF (Prop_ibuf_I_O)         0.250     0.250 r  CLK100MHZ_IBUF_inst/O
                         net (fo=1, routed)           0.644     0.894    CLK100MHZ_IBUF
    BUFGCTRL_X0Y16       BUFG (Prop_bufg_I_O)         0.026     0.920 r  CLK100MHZ_IBUF_BUFG_inst/O
                         net (fo=1509, routed)        0.628     1.548    memory_access/CLK100MHZ_IBUF_BUFG
    SLICE_X15Y24         FDRE                                         r  memory_access/RdW_reg[4]/C
  -------------------------------------------------------------------    -------------------
    SLICE_X15Y24         FDRE (Prop_fdre_C_Q)         0.141     1.689 r  memory_access/RdW_reg[4]/Q
                         net (fo=99, routed)          0.207     1.896    decode/register_file/regs_reg_r2_0_31_6_11/ADDRD4
    SLICE_X14Y25         RAMD32                                       r  decode/register_file/regs_reg_r2_0_31_6_11/RAMA/WADR4
  -------------------------------------------------------------------    -------------------

                         (clock sys_clk_pin rise edge)
                                                      0.000     0.000 r  <hidden>
    E3                                                0.000     0.000 r  CLK100MHZ
                         net (fo=0)                   0.000     0.000    CLK100MHZ
    E3                   IBUF (Prop_ibuf_I_O)         0.438     0.438 r  CLK100MHZ_IBUF_inst/O
                         net (fo=1, routed)           0.699     1.136    CLK100MHZ_IBUF
    BUFGCTRL_X0Y16       BUFG (Prop_bufg_I_O)         0.029     1.165 r  CLK100MHZ_IBUF_BUFG_inst/O
                         net (fo=1509, routed)        0.900     2.065    decode/register_file/regs_reg_r2_0_31_6_11/WCLK
    SLICE_X14Y25         RAMD32                                       r  decode/register_file/regs_reg_r2_0_31_6_11/RAMA/CLK
                         clock pessimism             -0.483     1.582    <hidden>
    SLICE_X14Y25         RAMD32 (Hold_ramd32_CLK_WADR4)
                                                      0.200     1.782    decode/register_file/regs_reg_r2_0_31_6_11/RAMA
  -------------------------------------------------------------------
                         required time                         -1.782    <hidden>
                         arrival time                           1.896    <hidden>
  -------------------------------------------------------------------
                         slack                                  0.114    <hidden>

Slack (MET) :             0.114ns  (arrival time - required time)
  Source:                 memory_access/RdW_reg[4]/C
                            (rising edge-triggered cell FDRE clocked by sys_clk_pin  {rise@0.000ns fall@5.000ns period=50.000ns})
  Destination:            decode/register_file/regs_reg_r2_0_31_6_11/RAMA_D1/WADR4
                            (rising edge-triggered cell RAMD32 clocked by sys_clk_pin  {rise@0.000ns fall@5.000ns period=50.000ns})
  Path Group:             sys_clk_pin
  Path Type:              Hold (Min at Fast Process Corner)
  Requirement:            0.000ns  (sys_clk_pin rise@0.000ns - sys_clk_pin rise@0.000ns)
  Data Path Delay:        0.348ns  (logic 0.141ns (40.472%)  route 0.207ns (59.528%))
  Logic Levels:           0  
  Clock Path Skew:        0.034ns (DCD - SCD - CPR)
    Destination Clock Delay (DCD):    2.065ns
    Source Clock Delay      (SCD):    1.548ns
    Clock Pessimism Removal (CPR):    0.483ns

    Location             Delay type                Incr(ns)  Path(ns)    Netlist Resource(s)
  -------------------------------------------------------------------    -------------------
                         (clock sys_clk_pin rise edge)
                                                      0.000     0.000 r  <hidden>
    E3                                                0.000     0.000 r  CLK100MHZ
                         net (fo=0)                   0.000     0.000    CLK100MHZ
    E3                   IBUF (Prop_ibuf_I_O)         0.250     0.250 r  CLK100MHZ_IBUF_inst/O
                         net (fo=1, routed)           0.644     0.894    CLK100MHZ_IBUF
    BUFGCTRL_X0Y16       BUFG (Prop_bufg_I_O)         0.026     0.920 r  CLK100MHZ_IBUF_BUFG_inst/O
                         net (fo=1509, routed)        0.628     1.548    memory_access/CLK100MHZ_IBUF_BUFG
    SLICE_X15Y24         FDRE                                         r  memory_access/RdW_reg[4]/C
  -------------------------------------------------------------------    -------------------
    SLICE_X15Y24         FDRE (Prop_fdre_C_Q)         0.141     1.689 r  memory_access/RdW_reg[4]/Q
                         net (fo=99, routed)          0.207     1.896    decode/register_file/regs_reg_r2_0_31_6_11/ADDRD4
    SLICE_X14Y25         RAMD32                                       r  decode/register_file/regs_reg_r2_0_31_6_11/RAMA_D1/WADR4
  -------------------------------------------------------------------    -------------------

                         (clock sys_clk_pin rise edge)
                                                      0.000     0.000 r  <hidden>
    E3                                                0.000     0.000 r  CLK100MHZ
                         net (fo=0)                   0.000     0.000    CLK100MHZ
    E3                   IBUF (Prop_ibuf_I_O)         0.438     0.438 r  CLK100MHZ_IBUF_inst/O
                         net (fo=1, routed)           0.699     1.136    CLK100MHZ_IBUF
    BUFGCTRL_X0Y16       BUFG (Prop_bufg_I_O)         0.029     1.165 r  CLK100MHZ_IBUF_BUFG_inst/O
                         net (fo=1509, routed)        0.900     2.065    decode/register_file/regs_reg_r2_0_31_6_11/WCLK
    SLICE_X14Y25         RAMD32                                       r  decode/register_file/regs_reg_r2_0_31_6_11/RAMA_D1/CLK
                         clock pessimism             -0.483     1.582    <hidden>
    SLICE_X14Y25         RAMD32 (Hold_ramd32_CLK_WADR4)
                                                      0.200     1.782    decode/register_file/regs_reg_r2_0_31_6_11/RAMA_D1
  -------------------------------------------------------------------
                         required time                         -1.782    <hidden>
                         arrival time                           1.896    <hidden>
  -------------------------------------------------------------------
                         slack                                  0.114    <hidden>

Slack (MET) :             0.114ns  (arrival time - required time)
  Source:                 memory_access/RdW_reg[4]/C
                            (rising edge-triggered cell FDRE clocked by sys_clk_pin  {rise@0.000ns fall@5.000ns period=50.000ns})
  Destination:            decode/register_file/regs_reg_r2_0_31_6_11/RAMB/WADR4
                            (rising edge-triggered cell RAMD32 clocked by sys_clk_pin  {rise@0.000ns fall@5.000ns period=50.000ns})
  Path Group:             sys_clk_pin
  Path Type:              Hold (Min at Fast Process Corner)
  Requirement:            0.000ns  (sys_clk_pin rise@0.000ns - sys_clk_pin rise@0.000ns)
  Data Path Delay:        0.348ns  (logic 0.141ns (40.472%)  route 0.207ns (59.528%))
  Logic Levels:           0  
  Clock Path Skew:        0.034ns (DCD - SCD - CPR)
    Destination Clock Delay (DCD):    2.065ns
    Source Clock Delay      (SCD):    1.548ns
    Clock Pessimism Removal (CPR):    0.483ns

    Location             Delay type                Incr(ns)  Path(ns)    Netlist Resource(s)
  -------------------------------------------------------------------    -------------------
                         (clock sys_clk_pin rise edge)
                                                      0.000     0.000 r  <hidden>
    E3                                                0.000     0.000 r  CLK100MHZ
                         net (fo=0)                   0.000     0.000    CLK100MHZ
    E3                   IBUF (Prop_ibuf_I_O)         0.250     0.250 r  CLK100MHZ_IBUF_inst/O
                         net (fo=1, routed)           0.644     0.894    CLK100MHZ_IBUF
    BUFGCTRL_X0Y16       BUFG (Prop_bufg_I_O)         0.026     0.920 r  CLK100MHZ_IBUF_BUFG_inst/O
                         net (fo=1509, routed)        0.628     1.548    memory_access/CLK100MHZ_IBUF_BUFG
    SLICE_X15Y24         FDRE                                         r  memory_access/RdW_reg[4]/C
  -------------------------------------------------------------------    -------------------
    SLICE_X15Y24         FDRE (Prop_fdre_C_Q)         0.141     1.689 r  memory_access/RdW_reg[4]/Q
                         net (fo=99, routed)          0.207     1.896    decode/register_file/regs_reg_r2_0_31_6_11/ADDRD4
    SLICE_X14Y25         RAMD32                                       r  decode/register_file/regs_reg_r2_0_31_6_11/RAMB/WADR4
  -------------------------------------------------------------------    -------------------

                         (clock sys_clk_pin rise edge)
                                                      0.000     0.000 r  <hidden>
    E3                                                0.000     0.000 r  CLK100MHZ
                         net (fo=0)                   0.000     0.000    CLK100MHZ
    E3                   IBUF (Prop_ibuf_I_O)         0.438     0.438 r  CLK100MHZ_IBUF_inst/O
                         net (fo=1, routed)           0.699     1.136    CLK100MHZ_IBUF
    BUFGCTRL_X0Y16       BUFG (Prop_bufg_I_O)         0.029     1.165 r  CLK100MHZ_IBUF_BUFG_inst/O
                         net (fo=1509, routed)        0.900     2.065    decode/register_file/regs_reg_r2_0_31_6_11/WCLK
    SLICE_X14Y25         RAMD32                                       r  decode/register_file/regs_reg_r2_0_31_6_11/RAMB/CLK
                         clock pessimism             -0.483     1.582    <hidden>
    SLICE_X14Y25         RAMD32 (Hold_ramd32_CLK_WADR4)
                                                      0.200     1.782    decode/register_file/regs_reg_r2_0_31_6_11/RAMB
  -------------------------------------------------------------------
                         required time                         -1.782    <hidden>
                         arrival time                           1.896    <hidden>
  -------------------------------------------------------------------
                         slack                                  0.114    <hidden>

Slack (MET) :             0.114ns  (arrival time - required time)
  Source:                 memory_access/RdW_reg[4]/C
                            (rising edge-triggered cell FDRE clocked by sys_clk_pin  {rise@0.000ns fall@5.000ns period=50.000ns})
  Destination:            decode/register_file/regs_reg_r2_0_31_6_11/RAMB_D1/WADR4
                            (rising edge-triggered cell RAMD32 clocked by sys_clk_pin  {rise@0.000ns fall@5.000ns period=50.000ns})
  Path Group:             sys_clk_pin
  Path Type:              Hold (Min at Fast Process Corner)
  Requirement:            0.000ns  (sys_clk_pin rise@0.000ns - sys_clk_pin rise@0.000ns)
  Data Path Delay:        0.348ns  (logic 0.141ns (40.472%)  route 0.207ns (59.528%))
  Logic Levels:           0  
  Clock Path Skew:        0.034ns (DCD - SCD - CPR)
    Destination Clock Delay (DCD):    2.065ns
    Source Clock Delay      (SCD):    1.548ns
    Clock Pessimism Removal (CPR):    0.483ns

    Location             Delay type                Incr(ns)  Path(ns)    Netlist Resource(s)
  -------------------------------------------------------------------    -------------------
                         (clock sys_clk_pin rise edge)
                                                      0.000     0.000 r  <hidden>
    E3                                                0.000     0.000 r  CLK100MHZ
                         net (fo=0)                   0.000     0.000    CLK100MHZ
    E3                   IBUF (Prop_ibuf_I_O)         0.250     0.250 r  CLK100MHZ_IBUF_inst/O
                         net (fo=1, routed)           0.644     0.894    CLK100MHZ_IBUF
    BUFGCTRL_X0Y16       BUFG (Prop_bufg_I_O)         0.026     0.920 r  CLK100MHZ_IBUF_BUFG_inst/O
                         net (fo=1509, routed)        0.628     1.548    memory_access/CLK100MHZ_IBUF_BUFG
    SLICE_X15Y24         FDRE                                         r  memory_access/RdW_reg[4]/C
  -------------------------------------------------------------------    -------------------
    SLICE_X15Y24         FDRE (Prop_fdre_C_Q)         0.141     1.689 r  memory_access/RdW_reg[4]/Q
                         net (fo=99, routed)          0.207     1.896    decode/register_file/regs_reg_r2_0_31_6_11/ADDRD4
    SLICE_X14Y25         RAMD32                                       r  decode/register_file/regs_reg_r2_0_31_6_11/RAMB_D1/WADR4
  -------------------------------------------------------------------    -------------------

                         (clock sys_clk_pin rise edge)
                                                      0.000     0.000 r  <hidden>
    E3                                                0.000     0.000 r  CLK100MHZ
                         net (fo=0)                   0.000     0.000    CLK100MHZ
    E3                   IBUF (Prop_ibuf_I_O)         0.438     0.438 r  CLK100MHZ_IBUF_inst/O
                         net (fo=1, routed)           0.699     1.136    CLK100MHZ_IBUF
    BUFGCTRL_X0Y16       BUFG (Prop_bufg_I_O)         0.029     1.165 r  CLK100MHZ_IBUF_BUFG_inst/O
                         net (fo=1509, routed)        0.900     2.065    decode/register_file/regs_reg_r2_0_31_6_11/WCLK
    SLICE_X14Y25         RAMD32                                       r  decode/register_file/regs_reg_r2_0_31_6_11/RAMB_D1/CLK
                         clock pessimism             -0.483     1.582    <hidden>
    SLICE_X14Y25         RAMD32 (Hold_ramd32_CLK_WADR4)
                                                      0.200     1.782    decode/register_file/regs_reg_r2_0_31_6_11/RAMB_D1
  -------------------------------------------------------------------
                         required time                         -1.782    <hidden>
                         arrival time                           1.896    <hidden>
  -------------------------------------------------------------------
                         slack                                  0.114    <hidden>

Slack (MET) :             0.114ns  (arrival time - required time)
  Source:                 memory_access/RdW_reg[4]/C
                            (rising edge-triggered cell FDRE clocked by sys_clk_pin  {rise@0.000ns fall@5.000ns period=50.000ns})
  Destination:            decode/register_file/regs_reg_r2_0_31_6_11/RAMC/WADR4
                            (rising edge-triggered cell RAMD32 clocked by sys_clk_pin  {rise@0.000ns fall@5.000ns period=50.000ns})
  Path Group:             sys_clk_pin
  Path Type:              Hold (Min at Fast Process Corner)
  Requirement:            0.000ns  (sys_clk_pin rise@0.000ns - sys_clk_pin rise@0.000ns)
  Data Path Delay:        0.348ns  (logic 0.141ns (40.472%)  route 0.207ns (59.528%))
  Logic Levels:           0  
  Clock Path Skew:        0.034ns (DCD - SCD - CPR)
    Destination Clock Delay (DCD):    2.065ns
    Source Clock Delay      (SCD):    1.548ns
    Clock Pessimism Removal (CPR):    0.483ns

    Location             Delay type                Incr(ns)  Path(ns)    Netlist Resource(s)
  -------------------------------------------------------------------    -------------------
                         (clock sys_clk_pin rise edge)
                                                      0.000     0.000 r  <hidden>
    E3                                                0.000     0.000 r  CLK100MHZ
                         net (fo=0)                   0.000     0.000    CLK100MHZ
    E3                   IBUF (Prop_ibuf_I_O)         0.250     0.250 r  CLK100MHZ_IBUF_inst/O
                         net (fo=1, routed)           0.644     0.894    CLK100MHZ_IBUF
    BUFGCTRL_X0Y16       BUFG (Prop_bufg_I_O)         0.026     0.920 r  CLK100MHZ_IBUF_BUFG_inst/O
                         net (fo=1509, routed)        0.628     1.548    memory_access/CLK100MHZ_IBUF_BUFG
    SLICE_X15Y24         FDRE                                         r  memory_access/RdW_reg[4]/C
  -------------------------------------------------------------------    -------------------
    SLICE_X15Y24         FDRE (Prop_fdre_C_Q)         0.141     1.689 r  memory_access/RdW_reg[4]/Q
                         net (fo=99, routed)          0.207     1.896    decode/register_file/regs_reg_r2_0_31_6_11/ADDRD4
    SLICE_X14Y25         RAMD32                                       r  decode/register_file/regs_reg_r2_0_31_6_11/RAMC/WADR4
  -------------------------------------------------------------------    -------------------

                         (clock sys_clk_pin rise edge)
                                                      0.000     0.000 r  <hidden>
    E3                                                0.000     0.000 r  CLK100MHZ
                         net (fo=0)                   0.000     0.000    CLK100MHZ
    E3                   IBUF (Prop_ibuf_I_O)         0.438     0.438 r  CLK100MHZ_IBUF_inst/O
                         net (fo=1, routed)           0.699     1.136    CLK100MHZ_IBUF
    BUFGCTRL_X0Y16       BUFG (Prop_bufg_I_O)         0.029     1.165 r  CLK100MHZ_IBUF_BUFG_inst/O
                         net (fo=1509, routed)        0.900     2.065    decode/register_file/regs_reg_r2_0_31_6_11/WCLK
    SLICE_X14Y25         RAMD32                                       r  decode/register_file/regs_reg_r2_0_31_6_11/RAMC/CLK
                         clock pessimism             -0.483     1.582    <hidden>
    SLICE_X14Y25         RAMD32 (Hold_ramd32_CLK_WADR4)
                                                      0.200     1.782    decode/register_file/regs_reg_r2_0_31_6_11/RAMC
  -------------------------------------------------------------------
                         required time                         -1.782    <hidden>
                         arrival time                           1.896    <hidden>
  -------------------------------------------------------------------
                         slack                                  0.114    <hidden>

Slack (MET) :             0.114ns  (arrival time - required time)
  Source:                 memory_access/RdW_reg[4]/C
                            (rising edge-triggered cell FDRE clocked by sys_clk_pin  {rise@0.000ns fall@5.000ns period=50.000ns})
  Destination:            decode/register_file/regs_reg_r2_0_31_6_11/RAMC_D1/WADR4
                            (rising edge-triggered cell RAMD32 clocked by sys_clk_pin  {rise@0.000ns fall@5.000ns period=50.000ns})
  Path Group:             sys_clk_pin
  Path Type:              Hold (Min at Fast Process Corner)
  Requirement:            0.000ns  (sys_clk_pin rise@0.000ns - sys_clk_pin rise@0.000ns)
  Data Path Delay:        0.348ns  (logic 0.141ns (40.472%)  route 0.207ns (59.528%))
  Logic Levels:           0  
  Clock Path Skew:        0.034ns (DCD - SCD - CPR)
    Destination Clock Delay (DCD):    2.065ns
    Source Clock Delay      (SCD):    1.548ns
    Clock Pessimism Removal (CPR):    0.483ns

    Location             Delay type                Incr(ns)  Path(ns)    Netlist Resource(s)
  -------------------------------------------------------------------    -------------------
                         (clock sys_clk_pin rise edge)
                                                      0.000     0.000 r  <hidden>
    E3                                                0.000     0.000 r  CLK100MHZ
                         net (fo=0)                   0.000     0.000    CLK100MHZ
    E3                   IBUF (Prop_ibuf_I_O)         0.250     0.250 r  CLK100MHZ_IBUF_inst/O
                         net (fo=1, routed)           0.644     0.894    CLK100MHZ_IBUF
    BUFGCTRL_X0Y16       BUFG (Prop_bufg_I_O)         0.026     0.920 r  CLK100MHZ_IBUF_BUFG_inst/O
                         net (fo=1509, routed)        0.628     1.548    memory_access/CLK100MHZ_IBUF_BUFG
    SLICE_X15Y24         FDRE                                         r  memory_access/RdW_reg[4]/C
  -------------------------------------------------------------------    -------------------
    SLICE_X15Y24         FDRE (Prop_fdre_C_Q)         0.141     1.689 r  memory_access/RdW_reg[4]/Q
                         net (fo=99, routed)          0.207     1.896    decode/register_file/regs_reg_r2_0_31_6_11/ADDRD4
    SLICE_X14Y25         RAMD32                                       r  decode/register_file/regs_reg_r2_0_31_6_11/RAMC_D1/WADR4
  -------------------------------------------------------------------    -------------------

                         (clock sys_clk_pin rise edge)
                                                      0.000     0.000 r  <hidden>
    E3                                                0.000     0.000 r  CLK100MHZ
                         net (fo=0)                   0.000     0.000    CLK100MHZ
    E3                   IBUF (Prop_ibuf_I_O)         0.438     0.438 r  CLK100MHZ_IBUF_inst/O
                         net (fo=1, routed)           0.699     1.136    CLK100MHZ_IBUF
    BUFGCTRL_X0Y16       BUFG (Prop_bufg_I_O)         0.029     1.165 r  CLK100MHZ_IBUF_BUFG_inst/O
                         net (fo=1509, routed)        0.900     2.065    decode/register_file/regs_reg_r2_0_31_6_11/WCLK
    SLICE_X14Y25         RAMD32                                       r  decode/register_file/regs_reg_r2_0_31_6_11/RAMC_D1/CLK
                         clock pessimism             -0.483     1.582    <hidden>
    SLICE_X14Y25         RAMD32 (Hold_ramd32_CLK_WADR4)
                                                      0.200     1.782    decode/register_file/regs_reg_r2_0_31_6_11/RAMC_D1
  -------------------------------------------------------------------
                         required time                         -1.782    <hidden>
                         arrival time                           1.896    <hidden>
  -------------------------------------------------------------------
                         slack                                  0.114    <hidden>

Slack (MET) :             0.114ns  (arrival time - required time)
  Source:                 memory_access/RdW_reg[4]/C
                            (rising edge-triggered cell FDRE clocked by sys_clk_pin  {rise@0.000ns fall@5.000ns period=50.000ns})
  Destination:            decode/register_file/regs_reg_r2_0_31_6_11/RAMD/ADR4
                            (rising edge-triggered cell RAMS32 clocked by sys_clk_pin  {rise@0.000ns fall@5.000ns period=50.000ns})
  Path Group:             sys_clk_pin
  Path Type:              Hold (Min at Fast Process Corner)
  Requirement:            0.000ns  (sys_clk_pin rise@0.000ns - sys_clk_pin rise@0.000ns)
  Data Path Delay:        0.348ns  (logic 0.141ns (40.472%)  route 0.207ns (59.528%))
  Logic Levels:           0  
  Clock Path Skew:        0.034ns (DCD - SCD - CPR)
    Destination Clock Delay (DCD):    2.065ns
    Source Clock Delay      (SCD):    1.548ns
    Clock Pessimism Removal (CPR):    0.483ns

    Location             Delay type                Incr(ns)  Path(ns)    Netlist Resource(s)
  -------------------------------------------------------------------    -------------------
                         (clock sys_clk_pin rise edge)
                                                      0.000     0.000 r  <hidden>
    E3                                                0.000     0.000 r  CLK100MHZ
                         net (fo=0)                   0.000     0.000    CLK100MHZ
    E3                   IBUF (Prop_ibuf_I_O)         0.250     0.250 r  CLK100MHZ_IBUF_inst/O
                         net (fo=1, routed)           0.644     0.894    CLK100MHZ_IBUF
    BUFGCTRL_X0Y16       BUFG (Prop_bufg_I_O)         0.026     0.920 r  CLK100MHZ_IBUF_BUFG_inst/O
                         net (fo=1509, routed)        0.628     1.548    memory_access/CLK100MHZ_IBUF_BUFG
    SLICE_X15Y24         FDRE                                         r  memory_access/RdW_reg[4]/C
  -------------------------------------------------------------------    -------------------
    SLICE_X15Y24         FDRE (Prop_fdre_C_Q)         0.141     1.689 r  memory_access/RdW_reg[4]/Q
                         net (fo=99, routed)          0.207     1.896    decode/register_file/regs_reg_r2_0_31_6_11/ADDRD4
    SLICE_X14Y25         RAMS32                                       r  decode/register_file/regs_reg_r2_0_31_6_11/RAMD/ADR4
  -------------------------------------------------------------------    -------------------

                         (clock sys_clk_pin rise edge)
                                                      0.000     0.000 r  <hidden>
    E3                                                0.000     0.000 r  CLK100MHZ
                         net (fo=0)                   0.000     0.000    CLK100MHZ
    E3                   IBUF (Prop_ibuf_I_O)         0.438     0.438 r  CLK100MHZ_IBUF_inst/O
                         net (fo=1, routed)           0.699     1.136    CLK100MHZ_IBUF
    BUFGCTRL_X0Y16       BUFG (Prop_bufg_I_O)         0.029     1.165 r  CLK100MHZ_IBUF_BUFG_inst/O
                         net (fo=1509, routed)        0.900     2.065    decode/register_file/regs_reg_r2_0_31_6_11/WCLK
    SLICE_X14Y25         RAMS32                                       r  decode/register_file/regs_reg_r2_0_31_6_11/RAMD/CLK
                         clock pessimism             -0.483     1.582    <hidden>
    SLICE_X14Y25         RAMS32 (Hold_rams32_CLK_ADR4)
                                                      0.200     1.782    decode/register_file/regs_reg_r2_0_31_6_11/RAMD
  -------------------------------------------------------------------
                         required time                         -1.782    <hidden>
                         arrival time                           1.896    <hidden>
  -------------------------------------------------------------------
                         slack                                  0.114    <hidden>

Slack (MET) :             0.114ns  (arrival time - required time)
  Source:                 memory_access/RdW_reg[4]/C
                            (rising edge-triggered cell FDRE clocked by sys_clk_pin  {rise@0.000ns fall@5.000ns period=50.000ns})
  Destination:            decode/register_file/regs_reg_r2_0_31_6_11/RAMD_D1/ADR4
                            (rising edge-triggered cell RAMS32 clocked by sys_clk_pin  {rise@0.000ns fall@5.000ns period=50.000ns})
  Path Group:             sys_clk_pin
  Path Type:              Hold (Min at Fast Process Corner)
  Requirement:            0.000ns  (sys_clk_pin rise@0.000ns - sys_clk_pin rise@0.000ns)
  Data Path Delay:        0.348ns  (logic 0.141ns (40.472%)  route 0.207ns (59.528%))
  Logic Levels:           0  
  Clock Path Skew:        0.034ns (DCD - SCD - CPR)
    Destination Clock Delay (DCD):    2.065ns
    Source Clock Delay      (SCD):    1.548ns
    Clock Pessimism Removal (CPR):    0.483ns

    Location             Delay type                Incr(ns)  Path(ns)    Netlist Resource(s)
  -------------------------------------------------------------------    -------------------
                         (clock sys_clk_pin rise edge)
                                                      0.000     0.000 r  <hidden>
    E3                                                0.000     0.000 r  CLK100MHZ
                         net (fo=0)                   0.000     0.000    CLK100MHZ
    E3                   IBUF (Prop_ibuf_I_O)         0.250     0.250 r  CLK100MHZ_IBUF_inst/O
                         net (fo=1, routed)           0.644     0.894    CLK100MHZ_IBUF
    BUFGCTRL_X0Y16       BUFG (Prop_bufg_I_O)         0.026     0.920 r  CLK100MHZ_IBUF_BUFG_inst/O
                         net (fo=1509, routed)        0.628     1.548    memory_access/CLK100MHZ_IBUF_BUFG
    SLICE_X15Y24         FDRE                                         r  memory_access/RdW_reg[4]/C
  -------------------------------------------------------------------    -------------------
    SLICE_X15Y24         FDRE (Prop_fdre_C_Q)         0.141     1.689 r  memory_access/RdW_reg[4]/Q
                         net (fo=99, routed)          0.207     1.896    decode/register_file/regs_reg_r2_0_31_6_11/ADDRD4
    SLICE_X14Y25         RAMS32                                       r  decode/register_file/regs_reg_r2_0_31_6_11/RAMD_D1/ADR4
  -------------------------------------------------------------------    -------------------

                         (clock sys_clk_pin rise edge)
                                                      0.000     0.000 r  <hidden>
    E3                                                0.000     0.000 r  CLK100MHZ
                         net (fo=0)                   0.000     0.000    CLK100MHZ
    E3                   IBUF (Prop_ibuf_I_O)         0.438     0.438 r  CLK100MHZ_IBUF_inst/O
                         net (fo=1, routed)           0.699     1.136    CLK100MHZ_IBUF
    BUFGCTRL_X0Y16       BUFG (Prop_bufg_I_O)         0.029     1.165 r  CLK100MHZ_IBUF_BUFG_inst/O
                         net (fo=1509, routed)        0.900     2.065    decode/register_file/regs_reg_r2_0_31_6_11/WCLK
    SLICE_X14Y25         RAMS32                                       r  decode/register_file/regs_reg_r2_0_31_6_11/RAMD_D1/CLK
                         clock pessimism             -0.483     1.582    <hidden>
    SLICE_X14Y25         RAMS32 (Hold_rams32_CLK_ADR4)
                                                      0.200     1.782    decode/register_file/regs_reg_r2_0_31_6_11/RAMD_D1
  -------------------------------------------------------------------
                         required time                         -1.782    <hidden>
                         arrival time                           1.896    <hidden>
  -------------------------------------------------------------------
                         slack                                  0.114    <hidden>

Slack (MET) :             0.140ns  (arrival time - required time)
  Source:                 tokenizer/token1_end_ptr_reg[20]/C
                            (rising edge-triggered cell FDRE clocked by sys_clk_pin  {rise@0.000ns fall@5.000ns period=50.000ns})
  Destination:            tokenizer/char_ptr_reg[20]/D
                            (rising edge-triggered cell FDRE clocked by sys_clk_pin  {rise@0.000ns fall@5.000ns period=50.000ns})
  Path Group:             sys_clk_pin
  Path Type:              Hold (Min at Fast Process Corner)
  Requirement:            0.000ns  (sys_clk_pin rise@0.000ns - sys_clk_pin rise@0.000ns)
  Data Path Delay:        0.273ns  (logic 0.186ns (68.106%)  route 0.087ns (31.894%))
  Logic Levels:           1  (LUT6=1)
  Clock Path Skew:        0.013ns (DCD - SCD - CPR)
    Destination Clock Delay (DCD):    2.070ns
    Source Clock Delay      (SCD):    1.551ns
    Clock Pessimism Removal (CPR):    0.506ns

    Location             Delay type                Incr(ns)  Path(ns)    Netlist Resource(s)
  -------------------------------------------------------------------    -------------------
                         (clock sys_clk_pin rise edge)
                                                      0.000     0.000 r  <hidden>
    E3                                                0.000     0.000 r  CLK100MHZ
                         net (fo=0)                   0.000     0.000    CLK100MHZ
    E3                   IBUF (Prop_ibuf_I_O)         0.250     0.250 r  CLK100MHZ_IBUF_inst/O
                         net (fo=1, routed)           0.644     0.894    CLK100MHZ_IBUF
    BUFGCTRL_X0Y16       BUFG (Prop_bufg_I_O)         0.026     0.920 r  CLK100MHZ_IBUF_BUFG_inst/O
                         net (fo=1509, routed)        0.631     1.551    tokenizer/clk
    SLICE_X55Y0          FDRE                                         r  tokenizer/token1_end_ptr_reg[20]/C
  -------------------------------------------------------------------    -------------------
    SLICE_X55Y0          FDRE (Prop_fdre_C_Q)         0.141     1.692 r  tokenizer/token1_end_ptr_reg[20]/Q
                         net (fo=1, routed)           0.087     1.779    tokenizer/token1_end_ptr_reg_n_0_[20]
    SLICE_X54Y0          LUT6 (Prop_lut6_I3_O)        0.045     1.824 r  tokenizer/char_ptr[20]_i_1/O
                         net (fo=1, routed)           0.000     1.824    tokenizer/char_ptr[20]
    SLICE_X54Y0          FDRE                                         r  tokenizer/char_ptr_reg[20]/D
  -------------------------------------------------------------------    -------------------

                         (clock sys_clk_pin rise edge)
                                                      0.000     0.000 r  <hidden>
    E3                                                0.000     0.000 r  CLK100MHZ
                         net (fo=0)                   0.000     0.000    CLK100MHZ
    E3                   IBUF (Prop_ibuf_I_O)         0.438     0.438 r  CLK100MHZ_IBUF_inst/O
                         net (fo=1, routed)           0.699     1.136    CLK100MHZ_IBUF
    BUFGCTRL_X0Y16       BUFG (Prop_bufg_I_O)         0.029     1.165 r  CLK100MHZ_IBUF_BUFG_inst/O
                         net (fo=1509, routed)        0.905     2.070    tokenizer/clk
    SLICE_X54Y0          FDRE                                         r  tokenizer/char_ptr_reg[20]/C
                         clock pessimism             -0.506     1.564    <hidden>
    SLICE_X54Y0          FDRE (Hold_fdre_C_D)         0.120     1.684    tokenizer/char_ptr_reg[20]
  -------------------------------------------------------------------
                         required time                         -1.684    <hidden>
                         arrival time                           1.824    <hidden>
  -------------------------------------------------------------------
                         slack                                  0.140    <hidden>





Pulse Width Checks
--------------------------------------------------------------------------------------
Clock Name:         sys_clk_pin
Waveform(ns):       { 0.000 5.000 }
Period(ns):         50.000
Sources:            { CLK100MHZ }

Check Type        Corner  Lib Pin     Reference Pin  Required(ns)  Actual(ns)  Slack(ns)  Location        Pin
Min Period        n/a     BUFG/I      n/a            2.155         50.000      47.845     BUFGCTRL_X0Y16  CLK100MHZ_IBUF_BUFG_inst/I
Min Period        n/a     FDRE/C      n/a            1.000         50.000      49.000     SLICE_X15Y30    LED_reg[0]/C
Min Period        n/a     FDRE/C      n/a            1.000         50.000      49.000     SLICE_X15Y30    LED_reg[1]/C
Min Period        n/a     FDRE/C      n/a            1.000         50.000      49.000     SLICE_X15Y30    LED_reg[2]/C
Min Period        n/a     FDRE/C      n/a            1.000         50.000      49.000     SLICE_X15Y30    LED_reg[3]/C
Min Period        n/a     FDRE/C      n/a            1.000         50.000      49.000     SLICE_X15Y30    LED_reg[4]/C
Min Period        n/a     FDRE/C      n/a            1.000         50.000      49.000     SLICE_X15Y30    LED_reg[5]/C
Min Period        n/a     FDRE/C      n/a            1.000         50.000      49.000     SLICE_X15Y30    LED_reg[6]/C
Min Period        n/a     FDRE/C      n/a            1.000         50.000      49.000     SLICE_X15Y30    LED_reg[7]/C
Min Period        n/a     FDRE/C      n/a            1.000         50.000      49.000     SLICE_X13Y0     UART_rx/bit_counter_reg[0]/C
Low Pulse Width   Slow    RAMD32/CLK  n/a            1.250         45.000      43.750     SLICE_X30Y26    decode/register_file/regs_reg_r1_0_31_0_5/RAMA/CLK
Low Pulse Width   Fast    RAMD32/CLK  n/a            1.250         45.000      43.750     SLICE_X30Y26    decode/register_file/regs_reg_r1_0_31_0_5/RAMA/CLK
Low Pulse Width   Slow    RAMD32/CLK  n/a            1.250         45.000      43.750     SLICE_X30Y26    decode/register_file/regs_reg_r1_0_31_0_5/RAMA_D1/CLK
Low Pulse Width   Fast    RAMD32/CLK  n/a            1.250         45.000      43.750     SLICE_X30Y26    decode/register_file/regs_reg_r1_0_31_0_5/RAMA_D1/CLK
Low Pulse Width   Slow    RAMD32/CLK  n/a            1.250         45.000      43.750     SLICE_X30Y26    decode/register_file/regs_reg_r1_0_31_0_5/RAMB/CLK
Low Pulse Width   Fast    RAMD32/CLK  n/a            1.250         45.000      43.750     SLICE_X30Y26    decode/register_file/regs_reg_r1_0_31_0_5/RAMB/CLK
Low Pulse Width   Slow    RAMD32/CLK  n/a            1.250         45.000      43.750     SLICE_X30Y26    decode/register_file/regs_reg_r1_0_31_0_5/RAMB_D1/CLK
Low Pulse Width   Fast    RAMD32/CLK  n/a            1.250         45.000      43.750     SLICE_X30Y26    decode/register_file/regs_reg_r1_0_31_0_5/RAMB_D1/CLK
Low Pulse Width   Slow    RAMD32/CLK  n/a            1.250         45.000      43.750     SLICE_X30Y26    decode/register_file/regs_reg_r1_0_31_0_5/RAMC/CLK
Low Pulse Width   Fast    RAMD32/CLK  n/a            1.250         45.000      43.750     SLICE_X30Y26    decode/register_file/regs_reg_r1_0_31_0_5/RAMC/CLK
High Pulse Width  Slow    RAMD32/CLK  n/a            1.250         5.000       3.750      SLICE_X30Y26    decode/register_file/regs_reg_r1_0_31_0_5/RAMA/CLK
High Pulse Width  Fast    RAMD32/CLK  n/a            1.250         5.000       3.750      SLICE_X30Y26    decode/register_file/regs_reg_r1_0_31_0_5/RAMA/CLK
High Pulse Width  Slow    RAMD32/CLK  n/a            1.250         5.000       3.750      SLICE_X30Y26    decode/register_file/regs_reg_r1_0_31_0_5/RAMA_D1/CLK
High Pulse Width  Fast    RAMD32/CLK  n/a            1.250         5.000       3.750      SLICE_X30Y26    decode/register_file/regs_reg_r1_0_31_0_5/RAMA_D1/CLK
High Pulse Width  Slow    RAMD32/CLK  n/a            1.250         5.000       3.750      SLICE_X30Y26    decode/register_file/regs_reg_r1_0_31_0_5/RAMB/CLK
High Pulse Width  Fast    RAMD32/CLK  n/a            1.250         5.000       3.750      SLICE_X30Y26    decode/register_file/regs_reg_r1_0_31_0_5/RAMB/CLK
High Pulse Width  Slow    RAMD32/CLK  n/a            1.250         5.000       3.750      SLICE_X30Y26    decode/register_file/regs_reg_r1_0_31_0_5/RAMB_D1/CLK
High Pulse Width  Fast    RAMD32/CLK  n/a            1.250         5.000       3.750      SLICE_X30Y26    decode/register_file/regs_reg_r1_0_31_0_5/RAMB_D1/CLK
High Pulse Width  Slow    RAMD32/CLK  n/a            1.250         5.000       3.750      SLICE_X30Y26    decode/register_file/regs_reg_r1_0_31_0_5/RAMC/CLK
High Pulse Width  Fast    RAMD32/CLK  n/a            1.250         5.000       3.750      SLICE_X30Y26    decode/register_file/regs_reg_r1_0_31_0_5/RAMC/CLK



--------------------------------------------------------------------------------------
Path Group:  (none)
From Clock:  sys_clk_pin
  To Clock:  

Max Delay            23 Endpoints
Min Delay            23 Endpoints
--------------------------------------------------------------------------------------


Max Delay Paths
--------------------------------------------------------------------------------------
Slack:                    inf
  Source:                 sevenSeg/clkdiv_reg[18]/C
                            (rising edge-triggered cell FDRE clocked by sys_clk_pin  {rise@0.000ns fall@5.000ns period=50.000ns})
  Destination:            AN[6]
                            (output port)
  Path Group:             (none)
  Path Type:              Max at Slow Process Corner
  Data Path Delay:        11.296ns  (logic 4.331ns (38.336%)  route 6.966ns (61.664%))
  Logic Levels:           2  (LUT3=1 OBUF=1)
  Clock Uncertainty:      0.025ns  ((TSJ^2 + TIJ^2)^1/2 + DJ) / 2 + PE
    Total System Jitter     (TSJ):    0.050ns
    Total Input Jitter      (TIJ):    0.000ns
    Discrete Jitter          (DJ):    0.000ns
    Phase Error              (PE):    0.000ns

    Location             Delay type                Incr(ns)  Path(ns)    Netlist Resource(s)
  -------------------------------------------------------------------    -------------------
                         (clock sys_clk_pin rise edge)
                                                      0.000     0.000 r  <hidden>
    E3                                                0.000     0.000 r  CLK100MHZ
                         net (fo=0)                   0.000     0.000    CLK100MHZ
    E3                   IBUF (Prop_ibuf_I_O)         1.482     1.482 r  CLK100MHZ_IBUF_inst/O
                         net (fo=1, routed)           2.025     3.506    CLK100MHZ_IBUF
    BUFGCTRL_X0Y16       BUFG (Prop_bufg_I_O)         0.096     3.602 r  CLK100MHZ_IBUF_BUFG_inst/O
                         net (fo=1509, routed)        1.810     5.413    sevenSeg/clk
    SLICE_X18Y32         FDRE                                         r  sevenSeg/clkdiv_reg[18]/C
  -------------------------------------------------------------------    -------------------
    SLICE_X18Y32         FDRE (Prop_fdre_C_Q)         0.456     5.869 f  sevenSeg/clkdiv_reg[18]/Q
                         net (fo=17, routed)          1.296     7.164    sevenSeg/s[1]
    SLICE_X16Y36         LUT3 (Prop_lut3_I0_O)        0.154     7.318 r  sevenSeg/AN_OBUF[6]_inst_i_1/O
                         net (fo=1, routed)           5.670    12.988    AN_OBUF[6]
    K2                   OBUF (Prop_obuf_I_O)         3.721    16.709 r  AN_OBUF[6]_inst/O
                         net (fo=0)                   0.000    16.709    AN[6]
    K2                                                                r  AN[6]
  -------------------------------------------------------------------    -------------------

Slack:                    inf
  Source:                 sevenSeg/clkdiv_reg[18]/C
                            (rising edge-triggered cell FDRE clocked by sys_clk_pin  {rise@0.000ns fall@5.000ns period=50.000ns})
  Destination:            AN[3]
                            (output port)
  Path Group:             (none)
  Path Type:              Max at Slow Process Corner
  Data Path Delay:        10.160ns  (logic 4.132ns (40.671%)  route 6.028ns (59.329%))
  Logic Levels:           2  (LUT3=1 OBUF=1)
  Clock Uncertainty:      0.025ns  ((TSJ^2 + TIJ^2)^1/2 + DJ) / 2 + PE
    Total System Jitter     (TSJ):    0.050ns
    Total Input Jitter      (TIJ):    0.000ns
    Discrete Jitter          (DJ):    0.000ns
    Phase Error              (PE):    0.000ns

    Location             Delay type                Incr(ns)  Path(ns)    Netlist Resource(s)
  -------------------------------------------------------------------    -------------------
                         (clock sys_clk_pin rise edge)
                                                      0.000     0.000 r  <hidden>
    E3                                                0.000     0.000 r  CLK100MHZ
                         net (fo=0)                   0.000     0.000    CLK100MHZ
    E3                   IBUF (Prop_ibuf_I_O)         1.482     1.482 r  CLK100MHZ_IBUF_inst/O
                         net (fo=1, routed)           2.025     3.506    CLK100MHZ_IBUF
    BUFGCTRL_X0Y16       BUFG (Prop_bufg_I_O)         0.096     3.602 r  CLK100MHZ_IBUF_BUFG_inst/O
                         net (fo=1509, routed)        1.810     5.413    sevenSeg/clk
    SLICE_X18Y32         FDRE                                         r  sevenSeg/clkdiv_reg[18]/C
  -------------------------------------------------------------------    -------------------
    SLICE_X18Y32         FDRE (Prop_fdre_C_Q)         0.456     5.869 f  sevenSeg/clkdiv_reg[18]/Q
                         net (fo=17, routed)          1.297     7.166    sevenSeg/s[1]
    SLICE_X16Y36         LUT3 (Prop_lut3_I2_O)        0.124     7.290 r  sevenSeg/AN_OBUF[3]_inst_i_1/O
                         net (fo=1, routed)           4.731    12.020    AN_OBUF[3]
    J14                  OBUF (Prop_obuf_I_O)         3.552    15.572 r  AN_OBUF[3]_inst/O
                         net (fo=0)                   0.000    15.572    AN[3]
    J14                                                               r  AN[3]
  -------------------------------------------------------------------    -------------------

Slack:                    inf
  Source:                 sevenSeg/digit_reg[3]/C
                            (rising edge-triggered cell FDRE clocked by sys_clk_pin  {rise@0.000ns fall@5.000ns period=50.000ns})
  Destination:            SEG[3]
                            (output port)
  Path Group:             (none)
  Path Type:              Max at Slow Process Corner
  Data Path Delay:        9.999ns  (logic 4.364ns (43.646%)  route 5.635ns (56.354%))
  Logic Levels:           2  (LUT4=1 OBUF=1)
  Clock Uncertainty:      0.025ns  ((TSJ^2 + TIJ^2)^1/2 + DJ) / 2 + PE
    Total System Jitter     (TSJ):    0.050ns
    Total Input Jitter      (TIJ):    0.000ns
    Discrete Jitter          (DJ):    0.000ns
    Phase Error              (PE):    0.000ns

    Location             Delay type                Incr(ns)  Path(ns)    Netlist Resource(s)
  -------------------------------------------------------------------    -------------------
                         (clock sys_clk_pin rise edge)
                                                      0.000     0.000 r  <hidden>
    E3                                                0.000     0.000 r  CLK100MHZ
                         net (fo=0)                   0.000     0.000    CLK100MHZ
    E3                   IBUF (Prop_ibuf_I_O)         1.482     1.482 r  CLK100MHZ_IBUF_inst/O
                         net (fo=1, routed)           2.025     3.506    CLK100MHZ_IBUF
    BUFGCTRL_X0Y16       BUFG (Prop_bufg_I_O)         0.096     3.602 r  CLK100MHZ_IBUF_BUFG_inst/O
                         net (fo=1509, routed)        1.810     5.413    sevenSeg/clk
    SLICE_X20Y33         FDRE                                         r  sevenSeg/digit_reg[3]/C
  -------------------------------------------------------------------    -------------------
    SLICE_X20Y33         FDRE (Prop_fdre_C_Q)         0.456     5.869 r  sevenSeg/digit_reg[3]/Q
                         net (fo=7, routed)           0.845     6.714    sevenSeg/digit_reg_n_0_[3]
    SLICE_X19Y32         LUT4 (Prop_lut4_I0_O)        0.150     6.864 r  sevenSeg/SEG_OBUF[3]_inst_i_1/O
                         net (fo=1, routed)           4.790    11.654    SEG_OBUF[3]
    K13                  OBUF (Prop_obuf_I_O)         3.758    15.412 r  SEG_OBUF[3]_inst/O
                         net (fo=0)                   0.000    15.412    SEG[3]
    K13                                                               r  SEG[3]
  -------------------------------------------------------------------    -------------------

Slack:                    inf
  Source:                 sevenSeg/clkdiv_reg[19]/C
                            (rising edge-triggered cell FDRE clocked by sys_clk_pin  {rise@0.000ns fall@5.000ns period=50.000ns})
  Destination:            AN[1]
                            (output port)
  Path Group:             (none)
  Path Type:              Max at Slow Process Corner
  Data Path Delay:        9.550ns  (logic 4.116ns (43.097%)  route 5.434ns (56.903%))
  Logic Levels:           2  (LUT3=1 OBUF=1)
  Clock Uncertainty:      0.025ns  ((TSJ^2 + TIJ^2)^1/2 + DJ) / 2 + PE
    Total System Jitter     (TSJ):    0.050ns
    Total Input Jitter      (TIJ):    0.000ns
    Discrete Jitter          (DJ):    0.000ns
    Phase Error              (PE):    0.000ns

    Location             Delay type                Incr(ns)  Path(ns)    Netlist Resource(s)
  -------------------------------------------------------------------    -------------------
                         (clock sys_clk_pin rise edge)
                                                      0.000     0.000 r  <hidden>
    E3                                                0.000     0.000 r  CLK100MHZ
                         net (fo=0)                   0.000     0.000    CLK100MHZ
    E3                   IBUF (Prop_ibuf_I_O)         1.482     1.482 r  CLK100MHZ_IBUF_inst/O
                         net (fo=1, routed)           2.025     3.506    CLK100MHZ_IBUF
    BUFGCTRL_X0Y16       BUFG (Prop_bufg_I_O)         0.096     3.602 r  CLK100MHZ_IBUF_BUFG_inst/O
                         net (fo=1509, routed)        1.810     5.413    sevenSeg/clk
    SLICE_X18Y32         FDRE                                         r  sevenSeg/clkdiv_reg[19]/C
  -------------------------------------------------------------------    -------------------
    SLICE_X18Y32         FDRE (Prop_fdre_C_Q)         0.456     5.869 r  sevenSeg/clkdiv_reg[19]/Q
                         net (fo=13, routed)          1.239     7.108    sevenSeg/s[2]
    SLICE_X16Y36         LUT3 (Prop_lut3_I0_O)        0.124     7.232 r  sevenSeg/AN_OBUF[1]_inst_i_1/O
                         net (fo=1, routed)           4.195    11.427    AN_OBUF[1]
    J18                  OBUF (Prop_obuf_I_O)         3.536    14.962 r  AN_OBUF[1]_inst/O
                         net (fo=0)                   0.000    14.962    AN[1]
    J18                                                               r  AN[1]
  -------------------------------------------------------------------    -------------------

Slack:                    inf
  Source:                 sevenSeg/digit_reg[0]/C
                            (rising edge-triggered cell FDRE clocked by sys_clk_pin  {rise@0.000ns fall@5.000ns period=50.000ns})
  Destination:            SEG[6]
                            (output port)
  Path Group:             (none)
  Path Type:              Max at Slow Process Corner
  Data Path Delay:        9.417ns  (logic 4.117ns (43.720%)  route 5.300ns (56.280%))
  Logic Levels:           2  (LUT4=1 OBUF=1)
  Clock Uncertainty:      0.025ns  ((TSJ^2 + TIJ^2)^1/2 + DJ) / 2 + PE
    Total System Jitter     (TSJ):    0.050ns
    Total Input Jitter      (TIJ):    0.000ns
    Discrete Jitter          (DJ):    0.000ns
    Phase Error              (PE):    0.000ns

    Location             Delay type                Incr(ns)  Path(ns)    Netlist Resource(s)
  -------------------------------------------------------------------    -------------------
                         (clock sys_clk_pin rise edge)
                                                      0.000     0.000 r  <hidden>
    E3                                                0.000     0.000 r  CLK100MHZ
                         net (fo=0)                   0.000     0.000    CLK100MHZ
    E3                   IBUF (Prop_ibuf_I_O)         1.482     1.482 r  CLK100MHZ_IBUF_inst/O
                         net (fo=1, routed)           2.025     3.506    CLK100MHZ_IBUF
    BUFGCTRL_X0Y16       BUFG (Prop_bufg_I_O)         0.096     3.602 r  CLK100MHZ_IBUF_BUFG_inst/O
                         net (fo=1509, routed)        1.810     5.413    sevenSeg/clk
    SLICE_X20Y33         FDRE                                         r  sevenSeg/digit_reg[0]/C
  -------------------------------------------------------------------    -------------------
    SLICE_X20Y33         FDRE (Prop_fdre_C_Q)         0.456     5.869 r  sevenSeg/digit_reg[0]/Q
                         net (fo=7, routed)           1.123     6.992    sevenSeg/digit_reg_n_0_[0]
    SLICE_X19Y31         LUT4 (Prop_lut4_I1_O)        0.124     7.116 r  sevenSeg/SEG_OBUF[6]_inst_i_1/O
                         net (fo=1, routed)           4.177    11.293    SEG_OBUF[6]
    L18                  OBUF (Prop_obuf_I_O)         3.537    14.830 r  SEG_OBUF[6]_inst/O
                         net (fo=0)                   0.000    14.830    SEG[6]
    L18                                                               r  SEG[6]
  -------------------------------------------------------------------    -------------------

Slack:                    inf
  Source:                 sevenSeg/digit_reg[3]/C
                            (rising edge-triggered cell FDRE clocked by sys_clk_pin  {rise@0.000ns fall@5.000ns period=50.000ns})
  Destination:            SEG[2]
                            (output port)
  Path Group:             (none)
  Path Type:              Max at Slow Process Corner
  Data Path Delay:        9.291ns  (logic 4.073ns (43.836%)  route 5.218ns (56.163%))
  Logic Levels:           2  (LUT4=1 OBUF=1)
  Clock Uncertainty:      0.025ns  ((TSJ^2 + TIJ^2)^1/2 + DJ) / 2 + PE
    Total System Jitter     (TSJ):    0.050ns
    Total Input Jitter      (TIJ):    0.000ns
    Discrete Jitter          (DJ):    0.000ns
    Phase Error              (PE):    0.000ns

    Location             Delay type                Incr(ns)  Path(ns)    Netlist Resource(s)
  -------------------------------------------------------------------    -------------------
                         (clock sys_clk_pin rise edge)
                                                      0.000     0.000 r  <hidden>
    E3                                                0.000     0.000 r  CLK100MHZ
                         net (fo=0)                   0.000     0.000    CLK100MHZ
    E3                   IBUF (Prop_ibuf_I_O)         1.482     1.482 r  CLK100MHZ_IBUF_inst/O
                         net (fo=1, routed)           2.025     3.506    CLK100MHZ_IBUF
    BUFGCTRL_X0Y16       BUFG (Prop_bufg_I_O)         0.096     3.602 r  CLK100MHZ_IBUF_BUFG_inst/O
                         net (fo=1509, routed)        1.810     5.413    sevenSeg/clk
    SLICE_X20Y33         FDRE                                         r  sevenSeg/digit_reg[3]/C
  -------------------------------------------------------------------    -------------------
    SLICE_X20Y33         FDRE (Prop_fdre_C_Q)         0.456     5.869 r  sevenSeg/digit_reg[3]/Q
                         net (fo=7, routed)           0.845     6.714    sevenSeg/digit_reg_n_0_[3]
    SLICE_X19Y32         LUT4 (Prop_lut4_I0_O)        0.124     6.838 r  sevenSeg/SEG_OBUF[2]_inst_i_1/O
                         net (fo=1, routed)           4.373    11.211    SEG_OBUF[2]
    K16                  OBUF (Prop_obuf_I_O)         3.493    14.704 r  SEG_OBUF[2]_inst/O
                         net (fo=0)                   0.000    14.704    SEG[2]
    K16                                                               r  SEG[2]
  -------------------------------------------------------------------    -------------------

Slack:                    inf
  Source:                 sevenSeg/clkdiv_reg[19]/C
                            (rising edge-triggered cell FDRE clocked by sys_clk_pin  {rise@0.000ns fall@5.000ns period=50.000ns})
  Destination:            AN[0]
                            (output port)
  Path Group:             (none)
  Path Type:              Max at Slow Process Corner
  Data Path Delay:        9.262ns  (logic 4.116ns (44.437%)  route 5.146ns (55.563%))
  Logic Levels:           2  (LUT3=1 OBUF=1)
  Clock Uncertainty:      0.025ns  ((TSJ^2 + TIJ^2)^1/2 + DJ) / 2 + PE
    Total System Jitter     (TSJ):    0.050ns
    Total Input Jitter      (TIJ):    0.000ns
    Discrete Jitter          (DJ):    0.000ns
    Phase Error              (PE):    0.000ns

    Location             Delay type                Incr(ns)  Path(ns)    Netlist Resource(s)
  -------------------------------------------------------------------    -------------------
                         (clock sys_clk_pin rise edge)
                                                      0.000     0.000 r  <hidden>
    E3                                                0.000     0.000 r  CLK100MHZ
                         net (fo=0)                   0.000     0.000    CLK100MHZ
    E3                   IBUF (Prop_ibuf_I_O)         1.482     1.482 r  CLK100MHZ_IBUF_inst/O
                         net (fo=1, routed)           2.025     3.506    CLK100MHZ_IBUF
    BUFGCTRL_X0Y16       BUFG (Prop_bufg_I_O)         0.096     3.602 r  CLK100MHZ_IBUF_BUFG_inst/O
                         net (fo=1509, routed)        1.810     5.413    sevenSeg/clk
    SLICE_X18Y32         FDRE                                         r  sevenSeg/clkdiv_reg[19]/C
  -------------------------------------------------------------------    -------------------
    SLICE_X18Y32         FDRE (Prop_fdre_C_Q)         0.456     5.869 r  sevenSeg/clkdiv_reg[19]/Q
                         net (fo=13, routed)          1.246     7.115    sevenSeg/s[2]
    SLICE_X16Y36         LUT3 (Prop_lut3_I0_O)        0.124     7.239 r  sevenSeg/AN_OBUF[0]_inst_i_1/O
                         net (fo=1, routed)           3.900    11.139    AN_OBUF[0]
    J17                  OBUF (Prop_obuf_I_O)         3.536    14.674 r  AN_OBUF[0]_inst/O
                         net (fo=0)                   0.000    14.674    AN[0]
    J17                                                               r  AN[0]
  -------------------------------------------------------------------    -------------------

Slack:                    inf
  Source:                 sevenSeg/clkdiv_reg[19]/C
                            (rising edge-triggered cell FDRE clocked by sys_clk_pin  {rise@0.000ns fall@5.000ns period=50.000ns})
  Destination:            AN[4]
                            (output port)
  Path Group:             (none)
  Path Type:              Max at Slow Process Corner
  Data Path Delay:        9.238ns  (logic 4.360ns (47.195%)  route 4.878ns (52.805%))
  Logic Levels:           2  (LUT3=1 OBUF=1)
  Clock Uncertainty:      0.025ns  ((TSJ^2 + TIJ^2)^1/2 + DJ) / 2 + PE
    Total System Jitter     (TSJ):    0.050ns
    Total Input Jitter      (TIJ):    0.000ns
    Discrete Jitter          (DJ):    0.000ns
    Phase Error              (PE):    0.000ns

    Location             Delay type                Incr(ns)  Path(ns)    Netlist Resource(s)
  -------------------------------------------------------------------    -------------------
                         (clock sys_clk_pin rise edge)
                                                      0.000     0.000 r  <hidden>
    E3                                                0.000     0.000 r  CLK100MHZ
                         net (fo=0)                   0.000     0.000    CLK100MHZ
    E3                   IBUF (Prop_ibuf_I_O)         1.482     1.482 r  CLK100MHZ_IBUF_inst/O
                         net (fo=1, routed)           2.025     3.506    CLK100MHZ_IBUF
    BUFGCTRL_X0Y16       BUFG (Prop_bufg_I_O)         0.096     3.602 r  CLK100MHZ_IBUF_BUFG_inst/O
                         net (fo=1509, routed)        1.810     5.413    sevenSeg/clk
    SLICE_X18Y32         FDRE                                         r  sevenSeg/clkdiv_reg[19]/C
  -------------------------------------------------------------------    -------------------
    SLICE_X18Y32         FDRE (Prop_fdre_C_Q)         0.456     5.869 f  sevenSeg/clkdiv_reg[19]/Q
                         net (fo=13, routed)          1.246     7.115    sevenSeg/s[2]
    SLICE_X16Y36         LUT3 (Prop_lut3_I2_O)        0.152     7.267 r  sevenSeg/AN_OBUF[4]_inst_i_1/O
                         net (fo=1, routed)           3.632    10.899    AN_OBUF[4]
    P14                  OBUF (Prop_obuf_I_O)         3.752    14.651 r  AN_OBUF[4]_inst/O
                         net (fo=0)                   0.000    14.651    AN[4]
    P14                                                               r  AN[4]
  -------------------------------------------------------------------    -------------------

Slack:                    inf
  Source:                 sevenSeg/clkdiv_reg[19]/C
                            (rising edge-triggered cell FDRE clocked by sys_clk_pin  {rise@0.000ns fall@5.000ns period=50.000ns})
  Destination:            AN[5]
                            (output port)
  Path Group:             (none)
  Path Type:              Max at Slow Process Corner
  Data Path Delay:        8.967ns  (logic 4.368ns (48.705%)  route 4.600ns (51.295%))
  Logic Levels:           2  (LUT3=1 OBUF=1)
  Clock Uncertainty:      0.025ns  ((TSJ^2 + TIJ^2)^1/2 + DJ) / 2 + PE
    Total System Jitter     (TSJ):    0.050ns
    Total Input Jitter      (TIJ):    0.000ns
    Discrete Jitter          (DJ):    0.000ns
    Phase Error              (PE):    0.000ns

    Location             Delay type                Incr(ns)  Path(ns)    Netlist Resource(s)
  -------------------------------------------------------------------    -------------------
                         (clock sys_clk_pin rise edge)
                                                      0.000     0.000 r  <hidden>
    E3                                                0.000     0.000 r  CLK100MHZ
                         net (fo=0)                   0.000     0.000    CLK100MHZ
    E3                   IBUF (Prop_ibuf_I_O)         1.482     1.482 r  CLK100MHZ_IBUF_inst/O
                         net (fo=1, routed)           2.025     3.506    CLK100MHZ_IBUF
    BUFGCTRL_X0Y16       BUFG (Prop_bufg_I_O)         0.096     3.602 r  CLK100MHZ_IBUF_BUFG_inst/O
                         net (fo=1509, routed)        1.810     5.413    sevenSeg/clk
    SLICE_X18Y32         FDRE                                         r  sevenSeg/clkdiv_reg[19]/C
  -------------------------------------------------------------------    -------------------
    SLICE_X18Y32         FDRE (Prop_fdre_C_Q)         0.456     5.869 f  sevenSeg/clkdiv_reg[19]/Q
                         net (fo=13, routed)          1.239     7.108    sevenSeg/s[2]
    SLICE_X16Y36         LUT3 (Prop_lut3_I2_O)        0.152     7.260 r  sevenSeg/AN_OBUF[5]_inst_i_1/O
                         net (fo=1, routed)           3.361    10.621    AN_OBUF[5]
    T14                  OBUF (Prop_obuf_I_O)         3.760    14.380 r  AN_OBUF[5]_inst/O
                         net (fo=0)                   0.000    14.380    AN[5]
    T14                                                               r  AN[5]
  -------------------------------------------------------------------    -------------------

Slack:                    inf
  Source:                 LED_reg[2]/C
                            (rising edge-triggered cell FDRE clocked by sys_clk_pin  {rise@0.000ns fall@5.000ns period=50.000ns})
  Destination:            LED[2]
                            (output port)
  Path Group:             (none)
  Path Type:              Max at Slow Process Corner
  Data Path Delay:        8.863ns  (logic 4.009ns (45.229%)  route 4.854ns (54.771%))
  Logic Levels:           1  (OBUF=1)
  Clock Uncertainty:      0.025ns  ((TSJ^2 + TIJ^2)^1/2 + DJ) / 2 + PE
    Total System Jitter     (TSJ):    0.050ns
    Total Input Jitter      (TIJ):    0.000ns
    Discrete Jitter          (DJ):    0.000ns
    Phase Error              (PE):    0.000ns

    Location             Delay type                Incr(ns)  Path(ns)    Netlist Resource(s)
  -------------------------------------------------------------------    -------------------
                         (clock sys_clk_pin rise edge)
                                                      0.000     0.000 r  <hidden>
    E3                                                0.000     0.000 r  CLK100MHZ
                         net (fo=0)                   0.000     0.000    CLK100MHZ
    E3                   IBUF (Prop_ibuf_I_O)         1.482     1.482 r  CLK100MHZ_IBUF_inst/O
                         net (fo=1, routed)           2.025     3.506    CLK100MHZ_IBUF
    BUFGCTRL_X0Y16       BUFG (Prop_bufg_I_O)         0.096     3.602 r  CLK100MHZ_IBUF_BUFG_inst/O
                         net (fo=1509, routed)        1.808     5.411    CLK100MHZ_IBUF_BUFG
    SLICE_X15Y30         FDRE                                         r  LED_reg[2]/C
  -------------------------------------------------------------------    -------------------
    SLICE_X15Y30         FDRE (Prop_fdre_C_Q)         0.456     5.867 r  LED_reg[2]/Q
                         net (fo=1, routed)           4.854    10.721    LED_OBUF[2]
    J13                  OBUF (Prop_obuf_I_O)         3.553    14.273 r  LED_OBUF[2]_inst/O
                         net (fo=0)                   0.000    14.273    LED[2]
    J13                                                               r  LED[2]
  -------------------------------------------------------------------    -------------------





Min Delay Paths
--------------------------------------------------------------------------------------
Slack:                    inf
  Source:                 LED_reg[6]/C
                            (rising edge-triggered cell FDRE clocked by sys_clk_pin  {rise@0.000ns fall@5.000ns period=50.000ns})
  Destination:            LED[6]
                            (output port)
  Path Group:             (none)
  Path Type:              Min at Fast Process Corner
  Data Path Delay:        2.358ns  (logic 1.437ns (60.933%)  route 0.921ns (39.067%))
  Logic Levels:           1  (OBUF=1)
  Clock Uncertainty:      0.025ns  ((TSJ^2 + TIJ^2)^1/2 + DJ) / 2 + PE
    Total System Jitter     (TSJ):    0.050ns
    Total Input Jitter      (TIJ):    0.000ns
    Discrete Jitter          (DJ):    0.000ns
    Phase Error              (PE):    0.000ns

    Location             Delay type                Incr(ns)  Path(ns)    Netlist Resource(s)
  -------------------------------------------------------------------    -------------------
                         (clock sys_clk_pin rise edge)
                                                      0.000     0.000 r  <hidden>
    E3                                                0.000     0.000 r  CLK100MHZ
                         net (fo=0)                   0.000     0.000    CLK100MHZ
    E3                   IBUF (Prop_ibuf_I_O)         0.250     0.250 r  CLK100MHZ_IBUF_inst/O
                         net (fo=1, routed)           0.644     0.894    CLK100MHZ_IBUF
    BUFGCTRL_X0Y16       BUFG (Prop_bufg_I_O)         0.026     0.920 r  CLK100MHZ_IBUF_BUFG_inst/O
                         net (fo=1509, routed)        0.633     1.553    CLK100MHZ_IBUF_BUFG
    SLICE_X15Y30         FDRE                                         r  LED_reg[6]/C
  -------------------------------------------------------------------    -------------------
    SLICE_X15Y30         FDRE (Prop_fdre_C_Q)         0.128     1.681 r  LED_reg[6]/Q
                         net (fo=1, routed)           0.921     2.602    LED_OBUF[6]
    U17                  OBUF (Prop_obuf_I_O)         1.309     3.911 r  LED_OBUF[6]_inst/O
                         net (fo=0)                   0.000     3.911    LED[6]
    U17                                                               r  LED[6]
  -------------------------------------------------------------------    -------------------

Slack:                    inf
  Source:                 LED_reg[5]/C
                            (rising edge-triggered cell FDRE clocked by sys_clk_pin  {rise@0.000ns fall@5.000ns period=50.000ns})
  Destination:            LED[5]
                            (output port)
  Path Group:             (none)
  Path Type:              Min at Fast Process Corner
  Data Path Delay:        2.449ns  (logic 1.433ns (58.527%)  route 1.016ns (41.473%))
  Logic Levels:           1  (OBUF=1)
  Clock Uncertainty:      0.025ns  ((TSJ^2 + TIJ^2)^1/2 + DJ) / 2 + PE
    Total System Jitter     (TSJ):    0.050ns
    Total Input Jitter      (TIJ):    0.000ns
    Discrete Jitter          (DJ):    0.000ns
    Phase Error              (PE):    0.000ns

    Location             Delay type                Incr(ns)  Path(ns)    Netlist Resource(s)
  -------------------------------------------------------------------    -------------------
                         (clock sys_clk_pin rise edge)
                                                      0.000     0.000 r  <hidden>
    E3                                                0.000     0.000 r  CLK100MHZ
                         net (fo=0)                   0.000     0.000    CLK100MHZ
    E3                   IBUF (Prop_ibuf_I_O)         0.250     0.250 r  CLK100MHZ_IBUF_inst/O
                         net (fo=1, routed)           0.644     0.894    CLK100MHZ_IBUF
    BUFGCTRL_X0Y16       BUFG (Prop_bufg_I_O)         0.026     0.920 r  CLK100MHZ_IBUF_BUFG_inst/O
                         net (fo=1509, routed)        0.633     1.553    CLK100MHZ_IBUF_BUFG
    SLICE_X15Y30         FDRE                                         r  LED_reg[5]/C
  -------------------------------------------------------------------    -------------------
    SLICE_X15Y30         FDRE (Prop_fdre_C_Q)         0.128     1.681 r  LED_reg[5]/Q
                         net (fo=1, routed)           1.016     2.697    LED_OBUF[5]
    V17                  OBUF (Prop_obuf_I_O)         1.305     4.002 r  LED_OBUF[5]_inst/O
                         net (fo=0)                   0.000     4.002    LED[5]
    V17                                                               r  LED[5]
  -------------------------------------------------------------------    -------------------

Slack:                    inf
  Source:                 LED_reg[7]/C
                            (rising edge-triggered cell FDRE clocked by sys_clk_pin  {rise@0.000ns fall@5.000ns period=50.000ns})
  Destination:            LED[7]
                            (output port)
  Path Group:             (none)
  Path Type:              Min at Fast Process Corner
  Data Path Delay:        2.486ns  (logic 1.437ns (57.804%)  route 1.049ns (42.196%))
  Logic Levels:           1  (OBUF=1)
  Clock Uncertainty:      0.025ns  ((TSJ^2 + TIJ^2)^1/2 + DJ) / 2 + PE
    Total System Jitter     (TSJ):    0.050ns
    Total Input Jitter      (TIJ):    0.000ns
    Discrete Jitter          (DJ):    0.000ns
    Phase Error              (PE):    0.000ns

    Location             Delay type                Incr(ns)  Path(ns)    Netlist Resource(s)
  -------------------------------------------------------------------    -------------------
                         (clock sys_clk_pin rise edge)
                                                      0.000     0.000 r  <hidden>
    E3                                                0.000     0.000 r  CLK100MHZ
                         net (fo=0)                   0.000     0.000    CLK100MHZ
    E3                   IBUF (Prop_ibuf_I_O)         0.250     0.250 r  CLK100MHZ_IBUF_inst/O
                         net (fo=1, routed)           0.644     0.894    CLK100MHZ_IBUF
    BUFGCTRL_X0Y16       BUFG (Prop_bufg_I_O)         0.026     0.920 r  CLK100MHZ_IBUF_BUFG_inst/O
                         net (fo=1509, routed)        0.633     1.553    CLK100MHZ_IBUF_BUFG
    SLICE_X15Y30         FDRE                                         r  LED_reg[7]/C
  -------------------------------------------------------------------    -------------------
    SLICE_X15Y30         FDRE (Prop_fdre_C_Q)         0.128     1.681 r  LED_reg[7]/Q
                         net (fo=1, routed)           1.049     2.730    LED_OBUF[7]
    U16                  OBUF (Prop_obuf_I_O)         1.309     4.039 r  LED_OBUF[7]_inst/O
                         net (fo=0)                   0.000     4.039    LED[7]
    U16                                                               r  LED[7]
  -------------------------------------------------------------------    -------------------

Slack:                    inf
  Source:                 sevenSeg/digit_reg[2]/C
                            (rising edge-triggered cell FDRE clocked by sys_clk_pin  {rise@0.000ns fall@5.000ns period=50.000ns})
  Destination:            SEG[1]
                            (output port)
  Path Group:             (none)
  Path Type:              Min at Fast Process Corner
  Data Path Delay:        2.496ns  (logic 1.513ns (60.615%)  route 0.983ns (39.385%))
  Logic Levels:           2  (LUT4=1 OBUF=1)
  Clock Uncertainty:      0.025ns  ((TSJ^2 + TIJ^2)^1/2 + DJ) / 2 + PE
    Total System Jitter     (TSJ):    0.050ns
    Total Input Jitter      (TIJ):    0.000ns
    Discrete Jitter          (DJ):    0.000ns
    Phase Error              (PE):    0.000ns

    Location             Delay type                Incr(ns)  Path(ns)    Netlist Resource(s)
  -------------------------------------------------------------------    -------------------
                         (clock sys_clk_pin rise edge)
                                                      0.000     0.000 r  <hidden>
    E3                                                0.000     0.000 r  CLK100MHZ
                         net (fo=0)                   0.000     0.000    CLK100MHZ
    E3                   IBUF (Prop_ibuf_I_O)         0.250     0.250 r  CLK100MHZ_IBUF_inst/O
                         net (fo=1, routed)           0.644     0.894    CLK100MHZ_IBUF
    BUFGCTRL_X0Y16       BUFG (Prop_bufg_I_O)         0.026     0.920 r  CLK100MHZ_IBUF_BUFG_inst/O
                         net (fo=1509, routed)        0.634     1.554    sevenSeg/clk
    SLICE_X19Y32         FDRE                                         r  sevenSeg/digit_reg[2]/C
  -------------------------------------------------------------------    -------------------
    SLICE_X19Y32         FDRE (Prop_fdre_C_Q)         0.141     1.695 r  sevenSeg/digit_reg[2]/Q
                         net (fo=7, routed)           0.156     1.851    sevenSeg/digit_reg_n_0_[2]
    SLICE_X19Y32         LUT4 (Prop_lut4_I1_O)        0.051     1.902 r  sevenSeg/SEG_OBUF[1]_inst_i_1/O
                         net (fo=1, routed)           0.827     2.729    SEG_OBUF[1]
    R10                  OBUF (Prop_obuf_I_O)         1.321     4.050 r  SEG_OBUF[1]_inst/O
                         net (fo=0)                   0.000     4.050    SEG[1]
    R10                                                               r  SEG[1]
  -------------------------------------------------------------------    -------------------

Slack:                    inf
  Source:                 sevenSeg/digit_reg[2]/C
                            (rising edge-triggered cell FDRE clocked by sys_clk_pin  {rise@0.000ns fall@5.000ns period=50.000ns})
  Destination:            SEG[0]
                            (output port)
  Path Group:             (none)
  Path Type:              Min at Fast Process Corner
  Data Path Delay:        2.505ns  (logic 1.463ns (58.416%)  route 1.042ns (41.584%))
  Logic Levels:           2  (LUT4=1 OBUF=1)
  Clock Uncertainty:      0.025ns  ((TSJ^2 + TIJ^2)^1/2 + DJ) / 2 + PE
    Total System Jitter     (TSJ):    0.050ns
    Total Input Jitter      (TIJ):    0.000ns
    Discrete Jitter          (DJ):    0.000ns
    Phase Error              (PE):    0.000ns

    Location             Delay type                Incr(ns)  Path(ns)    Netlist Resource(s)
  -------------------------------------------------------------------    -------------------
                         (clock sys_clk_pin rise edge)
                                                      0.000     0.000 r  <hidden>
    E3                                                0.000     0.000 r  CLK100MHZ
                         net (fo=0)                   0.000     0.000    CLK100MHZ
    E3                   IBUF (Prop_ibuf_I_O)         0.250     0.250 r  CLK100MHZ_IBUF_inst/O
                         net (fo=1, routed)           0.644     0.894    CLK100MHZ_IBUF
    BUFGCTRL_X0Y16       BUFG (Prop_bufg_I_O)         0.026     0.920 r  CLK100MHZ_IBUF_BUFG_inst/O
                         net (fo=1509, routed)        0.634     1.554    sevenSeg/clk
    SLICE_X19Y32         FDRE                                         r  sevenSeg/digit_reg[2]/C
  -------------------------------------------------------------------    -------------------
    SLICE_X19Y32         FDRE (Prop_fdre_C_Q)         0.141     1.695 r  sevenSeg/digit_reg[2]/Q
                         net (fo=7, routed)           0.156     1.851    sevenSeg/digit_reg_n_0_[2]
    SLICE_X19Y32         LUT4 (Prop_lut4_I1_O)        0.045     1.896 r  sevenSeg/SEG_OBUF[0]_inst_i_1/O
                         net (fo=1, routed)           0.886     2.782    SEG_OBUF[0]
    T10                  OBUF (Prop_obuf_I_O)         1.277     4.059 r  SEG_OBUF[0]_inst/O
                         net (fo=0)                   0.000     4.059    SEG[0]
    T10                                                               r  SEG[0]
  -------------------------------------------------------------------    -------------------

Slack:                    inf
  Source:                 LED_reg[0]/C
                            (rising edge-triggered cell FDRE clocked by sys_clk_pin  {rise@0.000ns fall@5.000ns period=50.000ns})
  Destination:            LED[0]
                            (output port)
  Path Group:             (none)
  Path Type:              Min at Fast Process Corner
  Data Path Delay:        2.576ns  (logic 1.362ns (52.879%)  route 1.214ns (47.121%))
  Logic Levels:           1  (OBUF=1)
  Clock Uncertainty:      0.025ns  ((TSJ^2 + TIJ^2)^1/2 + DJ) / 2 + PE
    Total System Jitter     (TSJ):    0.050ns
    Total Input Jitter      (TIJ):    0.000ns
    Discrete Jitter          (DJ):    0.000ns
    Phase Error              (PE):    0.000ns

    Location             Delay type                Incr(ns)  Path(ns)    Netlist Resource(s)
  -------------------------------------------------------------------    -------------------
                         (clock sys_clk_pin rise edge)
                                                      0.000     0.000 r  <hidden>
    E3                                                0.000     0.000 r  CLK100MHZ
                         net (fo=0)                   0.000     0.000    CLK100MHZ
    E3                   IBUF (Prop_ibuf_I_O)         0.250     0.250 r  CLK100MHZ_IBUF_inst/O
                         net (fo=1, routed)           0.644     0.894    CLK100MHZ_IBUF
    BUFGCTRL_X0Y16       BUFG (Prop_bufg_I_O)         0.026     0.920 r  CLK100MHZ_IBUF_BUFG_inst/O
                         net (fo=1509, routed)        0.633     1.553    CLK100MHZ_IBUF_BUFG
    SLICE_X15Y30         FDRE                                         r  LED_reg[0]/C
  -------------------------------------------------------------------    -------------------
    SLICE_X15Y30         FDRE (Prop_fdre_C_Q)         0.141     1.694 r  LED_reg[0]/Q
                         net (fo=1, routed)           1.214     2.908    LED_OBUF[0]
    H17                  OBUF (Prop_obuf_I_O)         1.221     4.129 r  LED_OBUF[0]_inst/O
                         net (fo=0)                   0.000     4.129    LED[0]
    H17                                                               r  LED[0]
  -------------------------------------------------------------------    -------------------

Slack:                    inf
  Source:                 sevenSeg/clkdiv_reg[19]/C
                            (rising edge-triggered cell FDRE clocked by sys_clk_pin  {rise@0.000ns fall@5.000ns period=50.000ns})
  Destination:            AN[7]
                            (output port)
  Path Group:             (none)
  Path Type:              Min at Fast Process Corner
  Data Path Delay:        2.640ns  (logic 1.511ns (57.233%)  route 1.129ns (42.767%))
  Logic Levels:           2  (LUT3=1 OBUF=1)
  Clock Uncertainty:      0.025ns  ((TSJ^2 + TIJ^2)^1/2 + DJ) / 2 + PE
    Total System Jitter     (TSJ):    0.050ns
    Total Input Jitter      (TIJ):    0.000ns
    Discrete Jitter          (DJ):    0.000ns
    Phase Error              (PE):    0.000ns

    Location             Delay type                Incr(ns)  Path(ns)    Netlist Resource(s)
  -------------------------------------------------------------------    -------------------
                         (clock sys_clk_pin rise edge)
                                                      0.000     0.000 r  <hidden>
    E3                                                0.000     0.000 r  CLK100MHZ
                         net (fo=0)                   0.000     0.000    CLK100MHZ
    E3                   IBUF (Prop_ibuf_I_O)         0.250     0.250 r  CLK100MHZ_IBUF_inst/O
                         net (fo=1, routed)           0.644     0.894    CLK100MHZ_IBUF
    BUFGCTRL_X0Y16       BUFG (Prop_bufg_I_O)         0.026     0.920 r  CLK100MHZ_IBUF_BUFG_inst/O
                         net (fo=1509, routed)        0.634     1.554    sevenSeg/clk
    SLICE_X18Y32         FDRE                                         r  sevenSeg/clkdiv_reg[19]/C
  -------------------------------------------------------------------    -------------------
    SLICE_X18Y32         FDRE (Prop_fdre_C_Q)         0.141     1.695 f  sevenSeg/clkdiv_reg[19]/Q
                         net (fo=13, routed)          0.355     2.050    sevenSeg/s[2]
    SLICE_X16Y36         LUT3 (Prop_lut3_I2_O)        0.049     2.099 r  sevenSeg/AN_OBUF[7]_inst_i_1/O
                         net (fo=1, routed)           0.774     2.873    AN_OBUF[7]
    U13                  OBUF (Prop_obuf_I_O)         1.321     4.194 r  AN_OBUF[7]_inst/O
                         net (fo=0)                   0.000     4.194    AN[7]
    U13                                                               r  AN[7]
  -------------------------------------------------------------------    -------------------

Slack:                    inf
  Source:                 sevenSeg/clkdiv_reg[19]/C
                            (rising edge-triggered cell FDRE clocked by sys_clk_pin  {rise@0.000ns fall@5.000ns period=50.000ns})
  Destination:            AN[2]
                            (output port)
  Path Group:             (none)
  Path Type:              Min at Fast Process Corner
  Data Path Delay:        2.649ns  (logic 1.461ns (55.153%)  route 1.188ns (44.847%))
  Logic Levels:           2  (LUT3=1 OBUF=1)
  Clock Uncertainty:      0.025ns  ((TSJ^2 + TIJ^2)^1/2 + DJ) / 2 + PE
    Total System Jitter     (TSJ):    0.050ns
    Total Input Jitter      (TIJ):    0.000ns
    Discrete Jitter          (DJ):    0.000ns
    Phase Error              (PE):    0.000ns

    Location             Delay type                Incr(ns)  Path(ns)    Netlist Resource(s)
  -------------------------------------------------------------------    -------------------
                         (clock sys_clk_pin rise edge)
                                                      0.000     0.000 r  <hidden>
    E3                                                0.000     0.000 r  CLK100MHZ
                         net (fo=0)                   0.000     0.000    CLK100MHZ
    E3                   IBUF (Prop_ibuf_I_O)         0.250     0.250 r  CLK100MHZ_IBUF_inst/O
                         net (fo=1, routed)           0.644     0.894    CLK100MHZ_IBUF
    BUFGCTRL_X0Y16       BUFG (Prop_bufg_I_O)         0.026     0.920 r  CLK100MHZ_IBUF_BUFG_inst/O
                         net (fo=1509, routed)        0.634     1.554    sevenSeg/clk
    SLICE_X18Y32         FDRE                                         r  sevenSeg/clkdiv_reg[19]/C
  -------------------------------------------------------------------    -------------------
    SLICE_X18Y32         FDRE (Prop_fdre_C_Q)         0.141     1.695 r  sevenSeg/clkdiv_reg[19]/Q
                         net (fo=13, routed)          0.359     2.053    sevenSeg/s[2]
    SLICE_X16Y36         LUT3 (Prop_lut3_I0_O)        0.045     2.098 r  sevenSeg/AN_OBUF[2]_inst_i_1/O
                         net (fo=1, routed)           0.829     2.928    AN_OBUF[2]
    T9                   OBUF (Prop_obuf_I_O)         1.275     4.203 r  AN_OBUF[2]_inst/O
                         net (fo=0)                   0.000     4.203    AN[2]
    T9                                                                r  AN[2]
  -------------------------------------------------------------------    -------------------

Slack:                    inf
  Source:                 sevenSeg/digit_reg[2]/C
                            (rising edge-triggered cell FDRE clocked by sys_clk_pin  {rise@0.000ns fall@5.000ns period=50.000ns})
  Destination:            SEG[5]
                            (output port)
  Path Group:             (none)
  Path Type:              Min at Fast Process Corner
  Data Path Delay:        2.682ns  (logic 1.518ns (56.613%)  route 1.164ns (43.387%))
  Logic Levels:           2  (LUT4=1 OBUF=1)
  Clock Uncertainty:      0.025ns  ((TSJ^2 + TIJ^2)^1/2 + DJ) / 2 + PE
    Total System Jitter     (TSJ):    0.050ns
    Total Input Jitter      (TIJ):    0.000ns
    Discrete Jitter          (DJ):    0.000ns
    Phase Error              (PE):    0.000ns

    Location             Delay type                Incr(ns)  Path(ns)    Netlist Resource(s)
  -------------------------------------------------------------------    -------------------
                         (clock sys_clk_pin rise edge)
                                                      0.000     0.000 r  <hidden>
    E3                                                0.000     0.000 r  CLK100MHZ
                         net (fo=0)                   0.000     0.000    CLK100MHZ
    E3                   IBUF (Prop_ibuf_I_O)         0.250     0.250 r  CLK100MHZ_IBUF_inst/O
                         net (fo=1, routed)           0.644     0.894    CLK100MHZ_IBUF
    BUFGCTRL_X0Y16       BUFG (Prop_bufg_I_O)         0.026     0.920 r  CLK100MHZ_IBUF_BUFG_inst/O
                         net (fo=1509, routed)        0.634     1.554    sevenSeg/clk
    SLICE_X19Y32         FDRE                                         r  sevenSeg/digit_reg[2]/C
  -------------------------------------------------------------------    -------------------
    SLICE_X19Y32         FDRE (Prop_fdre_C_Q)         0.141     1.695 r  sevenSeg/digit_reg[2]/Q
                         net (fo=7, routed)           0.166     1.861    sevenSeg/digit_reg_n_0_[2]
    SLICE_X19Y31         LUT4 (Prop_lut4_I1_O)        0.051     1.912 r  sevenSeg/SEG_OBUF[5]_inst_i_1/O
                         net (fo=1, routed)           0.998     2.910    SEG_OBUF[5]
    T11                  OBUF (Prop_obuf_I_O)         1.326     4.236 r  SEG_OBUF[5]_inst/O
                         net (fo=0)                   0.000     4.236    SEG[5]
    T11                                                               r  SEG[5]
  -------------------------------------------------------------------    -------------------

Slack:                    inf
  Source:                 LED_reg[3]/C
                            (rising edge-triggered cell FDRE clocked by sys_clk_pin  {rise@0.000ns fall@5.000ns period=50.000ns})
  Destination:            LED[3]
                            (output port)
  Path Group:             (none)
  Path Type:              Min at Fast Process Corner
  Data Path Delay:        2.719ns  (logic 1.392ns (51.208%)  route 1.327ns (48.792%))
  Logic Levels:           1  (OBUF=1)
  Clock Uncertainty:      0.025ns  ((TSJ^2 + TIJ^2)^1/2 + DJ) / 2 + PE
    Total System Jitter     (TSJ):    0.050ns
    Total Input Jitter      (TIJ):    0.000ns
    Discrete Jitter          (DJ):    0.000ns
    Phase Error              (PE):    0.000ns

    Location             Delay type                Incr(ns)  Path(ns)    Netlist Resource(s)
  -------------------------------------------------------------------    -------------------
                         (clock sys_clk_pin rise edge)
                                                      0.000     0.000 r  <hidden>
    E3                                                0.000     0.000 r  CLK100MHZ
                         net (fo=0)                   0.000     0.000    CLK100MHZ
    E3                   IBUF (Prop_ibuf_I_O)         0.250     0.250 r  CLK100MHZ_IBUF_inst/O
                         net (fo=1, routed)           0.644     0.894    CLK100MHZ_IBUF
    BUFGCTRL_X0Y16       BUFG (Prop_bufg_I_O)         0.026     0.920 r  CLK100MHZ_IBUF_BUFG_inst/O
                         net (fo=1509, routed)        0.633     1.553    CLK100MHZ_IBUF_BUFG
    SLICE_X15Y30         FDRE                                         r  LED_reg[3]/C
  -------------------------------------------------------------------    -------------------
    SLICE_X15Y30         FDRE (Prop_fdre_C_Q)         0.141     1.694 r  LED_reg[3]/Q
                         net (fo=1, routed)           1.327     3.020    LED_OBUF[3]
    N14                  OBUF (Prop_obuf_I_O)         1.251     4.272 r  LED_OBUF[3]_inst/O
                         net (fo=0)                   0.000     4.272    LED[3]
    N14                                                               r  LED[3]
  -------------------------------------------------------------------    -------------------





--------------------------------------------------------------------------------------
Path Group:  (none)
From Clock:  
  To Clock:  sys_clk_pin

Max Delay           816 Endpoints
Min Delay           816 Endpoints
--------------------------------------------------------------------------------------


Max Delay Paths
--------------------------------------------------------------------------------------
Slack:                    inf
  Source:                 reset_raw
                            (input port)
  Destination:            tokenizer/token1_end_ptr_reg[23]/R
                            (rising edge-triggered cell FDRE clocked by sys_clk_pin  {rise@0.000ns fall@5.000ns period=50.000ns})
  Path Group:             (none)
  Path Type:              Setup (Max at Slow Process Corner)
  Data Path Delay:        14.345ns  (logic 1.631ns (11.370%)  route 12.714ns (88.630%))
  Logic Levels:           2  (IBUF=1 LUT1=1)
  Clock Path Skew:        5.096ns (DCD - SCD + CPR)
    Destination Clock Delay (DCD):    5.096ns
    Source Clock Delay      (SCD):    0.000ns
    Clock Pessimism Removal (CPR):    0.000ns
  Clock Uncertainty:      0.025ns  ((TSJ^2 + TIJ^2)^1/2 + DJ) / 2 + PE
    Total System Jitter     (TSJ):    0.050ns
    Total Input Jitter      (TIJ):    0.000ns
    Discrete Jitter          (DJ):    0.000ns
    Phase Error              (PE):    0.000ns

    Location             Delay type                Incr(ns)  Path(ns)    Netlist Resource(s)
  -------------------------------------------------------------------    -------------------
    C12                                               0.000     0.000 f  reset_raw
                         net (fo=0)                   0.000     0.000    reset_raw
    C12                  IBUF (Prop_ibuf_I_O)         1.507     1.507 f  reset_raw_IBUF_inst/O
                         net (fo=4, routed)           4.929     6.436    tokenizer/reset_raw_IBUF
    SLICE_X29Y34         LUT1 (Prop_lut1_I0_O)        0.124     6.560 r  tokenizer/Rs1E[4]_i_1/O
                         net (fo=388, routed)         7.785    14.345    tokenizer/SR[0]
    SLICE_X58Y4          FDRE                                         r  tokenizer/token1_end_ptr_reg[23]/R
  -------------------------------------------------------------------    -------------------

                         (clock sys_clk_pin rise edge)
                                                      0.000     0.000 r  <hidden>
    E3                                                0.000     0.000 r  CLK100MHZ
                         net (fo=0)                   0.000     0.000    CLK100MHZ
    E3                   IBUF (Prop_ibuf_I_O)         1.411     1.411 r  CLK100MHZ_IBUF_inst/O
                         net (fo=1, routed)           1.920     3.331    CLK100MHZ_IBUF
    BUFGCTRL_X0Y16       BUFG (Prop_bufg_I_O)         0.091     3.422 r  CLK100MHZ_IBUF_BUFG_inst/O
                         net (fo=1509, routed)        1.674     5.096    tokenizer/clk
    SLICE_X58Y4          FDRE                                         r  tokenizer/token1_end_ptr_reg[23]/C

Slack:                    inf
  Source:                 reset_raw
                            (input port)
  Destination:            tokenizer/token1_end_ptr_reg[29]/R
                            (rising edge-triggered cell FDRE clocked by sys_clk_pin  {rise@0.000ns fall@5.000ns period=50.000ns})
  Path Group:             (none)
  Path Type:              Setup (Max at Slow Process Corner)
  Data Path Delay:        14.345ns  (logic 1.631ns (11.370%)  route 12.714ns (88.630%))
  Logic Levels:           2  (IBUF=1 LUT1=1)
  Clock Path Skew:        5.096ns (DCD - SCD + CPR)
    Destination Clock Delay (DCD):    5.096ns
    Source Clock Delay      (SCD):    0.000ns
    Clock Pessimism Removal (CPR):    0.000ns
  Clock Uncertainty:      0.025ns  ((TSJ^2 + TIJ^2)^1/2 + DJ) / 2 + PE
    Total System Jitter     (TSJ):    0.050ns
    Total Input Jitter      (TIJ):    0.000ns
    Discrete Jitter          (DJ):    0.000ns
    Phase Error              (PE):    0.000ns

    Location             Delay type                Incr(ns)  Path(ns)    Netlist Resource(s)
  -------------------------------------------------------------------    -------------------
    C12                                               0.000     0.000 f  reset_raw
                         net (fo=0)                   0.000     0.000    reset_raw
    C12                  IBUF (Prop_ibuf_I_O)         1.507     1.507 f  reset_raw_IBUF_inst/O
                         net (fo=4, routed)           4.929     6.436    tokenizer/reset_raw_IBUF
    SLICE_X29Y34         LUT1 (Prop_lut1_I0_O)        0.124     6.560 r  tokenizer/Rs1E[4]_i_1/O
                         net (fo=388, routed)         7.785    14.345    tokenizer/SR[0]
    SLICE_X58Y4          FDRE                                         r  tokenizer/token1_end_ptr_reg[29]/R
  -------------------------------------------------------------------    -------------------

                         (clock sys_clk_pin rise edge)
                                                      0.000     0.000 r  <hidden>
    E3                                                0.000     0.000 r  CLK100MHZ
                         net (fo=0)                   0.000     0.000    CLK100MHZ
    E3                   IBUF (Prop_ibuf_I_O)         1.411     1.411 r  CLK100MHZ_IBUF_inst/O
                         net (fo=1, routed)           1.920     3.331    CLK100MHZ_IBUF
    BUFGCTRL_X0Y16       BUFG (Prop_bufg_I_O)         0.091     3.422 r  CLK100MHZ_IBUF_BUFG_inst/O
                         net (fo=1509, routed)        1.674     5.096    tokenizer/clk
    SLICE_X58Y4          FDRE                                         r  tokenizer/token1_end_ptr_reg[29]/C

Slack:                    inf
  Source:                 reset_raw
                            (input port)
  Destination:            tokenizer/token2_end_ptr_reg[23]/R
                            (rising edge-triggered cell FDRE clocked by sys_clk_pin  {rise@0.000ns fall@5.000ns period=50.000ns})
  Path Group:             (none)
  Path Type:              Setup (Max at Slow Process Corner)
  Data Path Delay:        14.206ns  (logic 1.631ns (11.481%)  route 12.575ns (88.519%))
  Logic Levels:           2  (IBUF=1 LUT1=1)
  Clock Path Skew:        5.096ns (DCD - SCD + CPR)
    Destination Clock Delay (DCD):    5.096ns
    Source Clock Delay      (SCD):    0.000ns
    Clock Pessimism Removal (CPR):    0.000ns
  Clock Uncertainty:      0.025ns  ((TSJ^2 + TIJ^2)^1/2 + DJ) / 2 + PE
    Total System Jitter     (TSJ):    0.050ns
    Total Input Jitter      (TIJ):    0.000ns
    Discrete Jitter          (DJ):    0.000ns
    Phase Error              (PE):    0.000ns

    Location             Delay type                Incr(ns)  Path(ns)    Netlist Resource(s)
  -------------------------------------------------------------------    -------------------
    C12                                               0.000     0.000 f  reset_raw
                         net (fo=0)                   0.000     0.000    reset_raw
    C12                  IBUF (Prop_ibuf_I_O)         1.507     1.507 f  reset_raw_IBUF_inst/O
                         net (fo=4, routed)           4.929     6.436    tokenizer/reset_raw_IBUF
    SLICE_X29Y34         LUT1 (Prop_lut1_I0_O)        0.124     6.560 r  tokenizer/Rs1E[4]_i_1/O
                         net (fo=388, routed)         7.646    14.206    tokenizer/SR[0]
    SLICE_X59Y3          FDRE                                         r  tokenizer/token2_end_ptr_reg[23]/R
  -------------------------------------------------------------------    -------------------

                         (clock sys_clk_pin rise edge)
                                                      0.000     0.000 r  <hidden>
    E3                                                0.000     0.000 r  CLK100MHZ
                         net (fo=0)                   0.000     0.000    CLK100MHZ
    E3                   IBUF (Prop_ibuf_I_O)         1.411     1.411 r  CLK100MHZ_IBUF_inst/O
                         net (fo=1, routed)           1.920     3.331    CLK100MHZ_IBUF
    BUFGCTRL_X0Y16       BUFG (Prop_bufg_I_O)         0.091     3.422 r  CLK100MHZ_IBUF_BUFG_inst/O
                         net (fo=1509, routed)        1.674     5.096    tokenizer/clk
    SLICE_X59Y3          FDRE                                         r  tokenizer/token2_end_ptr_reg[23]/C

Slack:                    inf
  Source:                 reset_raw
                            (input port)
  Destination:            tokenizer/token2_end_ptr_reg[29]/R
                            (rising edge-triggered cell FDRE clocked by sys_clk_pin  {rise@0.000ns fall@5.000ns period=50.000ns})
  Path Group:             (none)
  Path Type:              Setup (Max at Slow Process Corner)
  Data Path Delay:        14.206ns  (logic 1.631ns (11.481%)  route 12.575ns (88.519%))
  Logic Levels:           2  (IBUF=1 LUT1=1)
  Clock Path Skew:        5.096ns (DCD - SCD + CPR)
    Destination Clock Delay (DCD):    5.096ns
    Source Clock Delay      (SCD):    0.000ns
    Clock Pessimism Removal (CPR):    0.000ns
  Clock Uncertainty:      0.025ns  ((TSJ^2 + TIJ^2)^1/2 + DJ) / 2 + PE
    Total System Jitter     (TSJ):    0.050ns
    Total Input Jitter      (TIJ):    0.000ns
    Discrete Jitter          (DJ):    0.000ns
    Phase Error              (PE):    0.000ns

    Location             Delay type                Incr(ns)  Path(ns)    Netlist Resource(s)
  -------------------------------------------------------------------    -------------------
    C12                                               0.000     0.000 f  reset_raw
                         net (fo=0)                   0.000     0.000    reset_raw
    C12                  IBUF (Prop_ibuf_I_O)         1.507     1.507 f  reset_raw_IBUF_inst/O
                         net (fo=4, routed)           4.929     6.436    tokenizer/reset_raw_IBUF
    SLICE_X29Y34         LUT1 (Prop_lut1_I0_O)        0.124     6.560 r  tokenizer/Rs1E[4]_i_1/O
                         net (fo=388, routed)         7.646    14.206    tokenizer/SR[0]
    SLICE_X59Y3          FDRE                                         r  tokenizer/token2_end_ptr_reg[29]/R
  -------------------------------------------------------------------    -------------------

                         (clock sys_clk_pin rise edge)
                                                      0.000     0.000 r  <hidden>
    E3                                                0.000     0.000 r  CLK100MHZ
                         net (fo=0)                   0.000     0.000    CLK100MHZ
    E3                   IBUF (Prop_ibuf_I_O)         1.411     1.411 r  CLK100MHZ_IBUF_inst/O
                         net (fo=1, routed)           1.920     3.331    CLK100MHZ_IBUF
    BUFGCTRL_X0Y16       BUFG (Prop_bufg_I_O)         0.091     3.422 r  CLK100MHZ_IBUF_BUFG_inst/O
                         net (fo=1509, routed)        1.674     5.096    tokenizer/clk
    SLICE_X59Y3          FDRE                                         r  tokenizer/token2_end_ptr_reg[29]/C

Slack:                    inf
  Source:                 reset_raw
                            (input port)
  Destination:            tokenizer/token1_end_ptr_reg[14]/R
                            (rising edge-triggered cell FDRE clocked by sys_clk_pin  {rise@0.000ns fall@5.000ns period=50.000ns})
  Path Group:             (none)
  Path Type:              Setup (Max at Slow Process Corner)
  Data Path Delay:        14.058ns  (logic 1.631ns (11.602%)  route 12.427ns (88.398%))
  Logic Levels:           2  (IBUF=1 LUT1=1)
  Clock Path Skew:        5.097ns (DCD - SCD + CPR)
    Destination Clock Delay (DCD):    5.097ns
    Source Clock Delay      (SCD):    0.000ns
    Clock Pessimism Removal (CPR):    0.000ns
  Clock Uncertainty:      0.025ns  ((TSJ^2 + TIJ^2)^1/2 + DJ) / 2 + PE
    Total System Jitter     (TSJ):    0.050ns
    Total Input Jitter      (TIJ):    0.000ns
    Discrete Jitter          (DJ):    0.000ns
    Phase Error              (PE):    0.000ns

    Location             Delay type                Incr(ns)  Path(ns)    Netlist Resource(s)
  -------------------------------------------------------------------    -------------------
    C12                                               0.000     0.000 f  reset_raw
                         net (fo=0)                   0.000     0.000    reset_raw
    C12                  IBUF (Prop_ibuf_I_O)         1.507     1.507 f  reset_raw_IBUF_inst/O
                         net (fo=4, routed)           4.929     6.436    tokenizer/reset_raw_IBUF
    SLICE_X29Y34         LUT1 (Prop_lut1_I0_O)        0.124     6.560 r  tokenizer/Rs1E[4]_i_1/O
                         net (fo=388, routed)         7.498    14.058    tokenizer/SR[0]
    SLICE_X58Y2          FDRE                                         r  tokenizer/token1_end_ptr_reg[14]/R
  -------------------------------------------------------------------    -------------------

                         (clock sys_clk_pin rise edge)
                                                      0.000     0.000 r  <hidden>
    E3                                                0.000     0.000 r  CLK100MHZ
                         net (fo=0)                   0.000     0.000    CLK100MHZ
    E3                   IBUF (Prop_ibuf_I_O)         1.411     1.411 r  CLK100MHZ_IBUF_inst/O
                         net (fo=1, routed)           1.920     3.331    CLK100MHZ_IBUF
    BUFGCTRL_X0Y16       BUFG (Prop_bufg_I_O)         0.091     3.422 r  CLK100MHZ_IBUF_BUFG_inst/O
                         net (fo=1509, routed)        1.675     5.097    tokenizer/clk
    SLICE_X58Y2          FDRE                                         r  tokenizer/token1_end_ptr_reg[14]/C

Slack:                    inf
  Source:                 reset_raw
                            (input port)
  Destination:            tokenizer/token1_end_ptr_reg[15]/R
                            (rising edge-triggered cell FDRE clocked by sys_clk_pin  {rise@0.000ns fall@5.000ns period=50.000ns})
  Path Group:             (none)
  Path Type:              Setup (Max at Slow Process Corner)
  Data Path Delay:        14.058ns  (logic 1.631ns (11.602%)  route 12.427ns (88.398%))
  Logic Levels:           2  (IBUF=1 LUT1=1)
  Clock Path Skew:        5.097ns (DCD - SCD + CPR)
    Destination Clock Delay (DCD):    5.097ns
    Source Clock Delay      (SCD):    0.000ns
    Clock Pessimism Removal (CPR):    0.000ns
  Clock Uncertainty:      0.025ns  ((TSJ^2 + TIJ^2)^1/2 + DJ) / 2 + PE
    Total System Jitter     (TSJ):    0.050ns
    Total Input Jitter      (TIJ):    0.000ns
    Discrete Jitter          (DJ):    0.000ns
    Phase Error              (PE):    0.000ns

    Location             Delay type                Incr(ns)  Path(ns)    Netlist Resource(s)
  -------------------------------------------------------------------    -------------------
    C12                                               0.000     0.000 f  reset_raw
                         net (fo=0)                   0.000     0.000    reset_raw
    C12                  IBUF (Prop_ibuf_I_O)         1.507     1.507 f  reset_raw_IBUF_inst/O
                         net (fo=4, routed)           4.929     6.436    tokenizer/reset_raw_IBUF
    SLICE_X29Y34         LUT1 (Prop_lut1_I0_O)        0.124     6.560 r  tokenizer/Rs1E[4]_i_1/O
                         net (fo=388, routed)         7.498    14.058    tokenizer/SR[0]
    SLICE_X58Y2          FDRE                                         r  tokenizer/token1_end_ptr_reg[15]/R
  -------------------------------------------------------------------    -------------------

                         (clock sys_clk_pin rise edge)
                                                      0.000     0.000 r  <hidden>
    E3                                                0.000     0.000 r  CLK100MHZ
                         net (fo=0)                   0.000     0.000    CLK100MHZ
    E3                   IBUF (Prop_ibuf_I_O)         1.411     1.411 r  CLK100MHZ_IBUF_inst/O
                         net (fo=1, routed)           1.920     3.331    CLK100MHZ_IBUF
    BUFGCTRL_X0Y16       BUFG (Prop_bufg_I_O)         0.091     3.422 r  CLK100MHZ_IBUF_BUFG_inst/O
                         net (fo=1509, routed)        1.675     5.097    tokenizer/clk
    SLICE_X58Y2          FDRE                                         r  tokenizer/token1_end_ptr_reg[15]/C

Slack:                    inf
  Source:                 reset_raw
                            (input port)
  Destination:            tokenizer/token1_end_ptr_reg[16]/R
                            (rising edge-triggered cell FDRE clocked by sys_clk_pin  {rise@0.000ns fall@5.000ns period=50.000ns})
  Path Group:             (none)
  Path Type:              Setup (Max at Slow Process Corner)
  Data Path Delay:        14.058ns  (logic 1.631ns (11.602%)  route 12.427ns (88.398%))
  Logic Levels:           2  (IBUF=1 LUT1=1)
  Clock Path Skew:        5.097ns (DCD - SCD + CPR)
    Destination Clock Delay (DCD):    5.097ns
    Source Clock Delay      (SCD):    0.000ns
    Clock Pessimism Removal (CPR):    0.000ns
  Clock Uncertainty:      0.025ns  ((TSJ^2 + TIJ^2)^1/2 + DJ) / 2 + PE
    Total System Jitter     (TSJ):    0.050ns
    Total Input Jitter      (TIJ):    0.000ns
    Discrete Jitter          (DJ):    0.000ns
    Phase Error              (PE):    0.000ns

    Location             Delay type                Incr(ns)  Path(ns)    Netlist Resource(s)
  -------------------------------------------------------------------    -------------------
    C12                                               0.000     0.000 f  reset_raw
                         net (fo=0)                   0.000     0.000    reset_raw
    C12                  IBUF (Prop_ibuf_I_O)         1.507     1.507 f  reset_raw_IBUF_inst/O
                         net (fo=4, routed)           4.929     6.436    tokenizer/reset_raw_IBUF
    SLICE_X29Y34         LUT1 (Prop_lut1_I0_O)        0.124     6.560 r  tokenizer/Rs1E[4]_i_1/O
                         net (fo=388, routed)         7.498    14.058    tokenizer/SR[0]
    SLICE_X58Y2          FDRE                                         r  tokenizer/token1_end_ptr_reg[16]/R
  -------------------------------------------------------------------    -------------------

                         (clock sys_clk_pin rise edge)
                                                      0.000     0.000 r  <hidden>
    E3                                                0.000     0.000 r  CLK100MHZ
                         net (fo=0)                   0.000     0.000    CLK100MHZ
    E3                   IBUF (Prop_ibuf_I_O)         1.411     1.411 r  CLK100MHZ_IBUF_inst/O
                         net (fo=1, routed)           1.920     3.331    CLK100MHZ_IBUF
    BUFGCTRL_X0Y16       BUFG (Prop_bufg_I_O)         0.091     3.422 r  CLK100MHZ_IBUF_BUFG_inst/O
                         net (fo=1509, routed)        1.675     5.097    tokenizer/clk
    SLICE_X58Y2          FDRE                                         r  tokenizer/token1_end_ptr_reg[16]/C

Slack:                    inf
  Source:                 reset_raw
                            (input port)
  Destination:            tokenizer/token2_end_ptr_reg[16]/R
                            (rising edge-triggered cell FDRE clocked by sys_clk_pin  {rise@0.000ns fall@5.000ns period=50.000ns})
  Path Group:             (none)
  Path Type:              Setup (Max at Slow Process Corner)
  Data Path Delay:        14.058ns  (logic 1.631ns (11.602%)  route 12.427ns (88.398%))
  Logic Levels:           2  (IBUF=1 LUT1=1)
  Clock Path Skew:        5.097ns (DCD - SCD + CPR)
    Destination Clock Delay (DCD):    5.097ns
    Source Clock Delay      (SCD):    0.000ns
    Clock Pessimism Removal (CPR):    0.000ns
  Clock Uncertainty:      0.025ns  ((TSJ^2 + TIJ^2)^1/2 + DJ) / 2 + PE
    Total System Jitter     (TSJ):    0.050ns
    Total Input Jitter      (TIJ):    0.000ns
    Discrete Jitter          (DJ):    0.000ns
    Phase Error              (PE):    0.000ns

    Location             Delay type                Incr(ns)  Path(ns)    Netlist Resource(s)
  -------------------------------------------------------------------    -------------------
    C12                                               0.000     0.000 f  reset_raw
                         net (fo=0)                   0.000     0.000    reset_raw
    C12                  IBUF (Prop_ibuf_I_O)         1.507     1.507 f  reset_raw_IBUF_inst/O
                         net (fo=4, routed)           4.929     6.436    tokenizer/reset_raw_IBUF
    SLICE_X29Y34         LUT1 (Prop_lut1_I0_O)        0.124     6.560 r  tokenizer/Rs1E[4]_i_1/O
                         net (fo=388, routed)         7.498    14.058    tokenizer/SR[0]
    SLICE_X59Y2          FDRE                                         r  tokenizer/token2_end_ptr_reg[16]/R
  -------------------------------------------------------------------    -------------------

                         (clock sys_clk_pin rise edge)
                                                      0.000     0.000 r  <hidden>
    E3                                                0.000     0.000 r  CLK100MHZ
                         net (fo=0)                   0.000     0.000    CLK100MHZ
    E3                   IBUF (Prop_ibuf_I_O)         1.411     1.411 r  CLK100MHZ_IBUF_inst/O
                         net (fo=1, routed)           1.920     3.331    CLK100MHZ_IBUF
    BUFGCTRL_X0Y16       BUFG (Prop_bufg_I_O)         0.091     3.422 r  CLK100MHZ_IBUF_BUFG_inst/O
                         net (fo=1509, routed)        1.675     5.097    tokenizer/clk
    SLICE_X59Y2          FDRE                                         r  tokenizer/token2_end_ptr_reg[16]/C

Slack:                    inf
  Source:                 reset_raw
                            (input port)
  Destination:            tokenizer/mnemonic_end_ptr_reg[21]/R
                            (rising edge-triggered cell FDRE clocked by sys_clk_pin  {rise@0.000ns fall@5.000ns period=50.000ns})
  Path Group:             (none)
  Path Type:              Setup (Max at Slow Process Corner)
  Data Path Delay:        14.039ns  (logic 1.631ns (11.618%)  route 12.408ns (88.382%))
  Logic Levels:           2  (IBUF=1 LUT1=1)
  Clock Path Skew:        5.092ns (DCD - SCD + CPR)
    Destination Clock Delay (DCD):    5.092ns
    Source Clock Delay      (SCD):    0.000ns
    Clock Pessimism Removal (CPR):    0.000ns
  Clock Uncertainty:      0.025ns  ((TSJ^2 + TIJ^2)^1/2 + DJ) / 2 + PE
    Total System Jitter     (TSJ):    0.050ns
    Total Input Jitter      (TIJ):    0.000ns
    Discrete Jitter          (DJ):    0.000ns
    Phase Error              (PE):    0.000ns

    Location             Delay type                Incr(ns)  Path(ns)    Netlist Resource(s)
  -------------------------------------------------------------------    -------------------
    C12                                               0.000     0.000 f  reset_raw
                         net (fo=0)                   0.000     0.000    reset_raw
    C12                  IBUF (Prop_ibuf_I_O)         1.507     1.507 f  reset_raw_IBUF_inst/O
                         net (fo=4, routed)           4.929     6.436    tokenizer/reset_raw_IBUF
    SLICE_X29Y34         LUT1 (Prop_lut1_I0_O)        0.124     6.560 r  tokenizer/Rs1E[4]_i_1/O
                         net (fo=388, routed)         7.479    14.039    tokenizer/SR[0]
    SLICE_X57Y3          FDRE                                         r  tokenizer/mnemonic_end_ptr_reg[21]/R
  -------------------------------------------------------------------    -------------------

                         (clock sys_clk_pin rise edge)
                                                      0.000     0.000 r  <hidden>
    E3                                                0.000     0.000 r  CLK100MHZ
                         net (fo=0)                   0.000     0.000    CLK100MHZ
    E3                   IBUF (Prop_ibuf_I_O)         1.411     1.411 r  CLK100MHZ_IBUF_inst/O
                         net (fo=1, routed)           1.920     3.331    CLK100MHZ_IBUF
    BUFGCTRL_X0Y16       BUFG (Prop_bufg_I_O)         0.091     3.422 r  CLK100MHZ_IBUF_BUFG_inst/O
                         net (fo=1509, routed)        1.670     5.092    tokenizer/clk
    SLICE_X57Y3          FDRE                                         r  tokenizer/mnemonic_end_ptr_reg[21]/C

Slack:                    inf
  Source:                 reset_raw
                            (input port)
  Destination:            tokenizer/mnemonic_end_ptr_reg[23]/R
                            (rising edge-triggered cell FDRE clocked by sys_clk_pin  {rise@0.000ns fall@5.000ns period=50.000ns})
  Path Group:             (none)
  Path Type:              Setup (Max at Slow Process Corner)
  Data Path Delay:        14.039ns  (logic 1.631ns (11.618%)  route 12.408ns (88.382%))
  Logic Levels:           2  (IBUF=1 LUT1=1)
  Clock Path Skew:        5.092ns (DCD - SCD + CPR)
    Destination Clock Delay (DCD):    5.092ns
    Source Clock Delay      (SCD):    0.000ns
    Clock Pessimism Removal (CPR):    0.000ns
  Clock Uncertainty:      0.025ns  ((TSJ^2 + TIJ^2)^1/2 + DJ) / 2 + PE
    Total System Jitter     (TSJ):    0.050ns
    Total Input Jitter      (TIJ):    0.000ns
    Discrete Jitter          (DJ):    0.000ns
    Phase Error              (PE):    0.000ns

    Location             Delay type                Incr(ns)  Path(ns)    Netlist Resource(s)
  -------------------------------------------------------------------    -------------------
    C12                                               0.000     0.000 f  reset_raw
                         net (fo=0)                   0.000     0.000    reset_raw
    C12                  IBUF (Prop_ibuf_I_O)         1.507     1.507 f  reset_raw_IBUF_inst/O
                         net (fo=4, routed)           4.929     6.436    tokenizer/reset_raw_IBUF
    SLICE_X29Y34         LUT1 (Prop_lut1_I0_O)        0.124     6.560 r  tokenizer/Rs1E[4]_i_1/O
                         net (fo=388, routed)         7.479    14.039    tokenizer/SR[0]
    SLICE_X57Y3          FDRE                                         r  tokenizer/mnemonic_end_ptr_reg[23]/R
  -------------------------------------------------------------------    -------------------

                         (clock sys_clk_pin rise edge)
                                                      0.000     0.000 r  <hidden>
    E3                                                0.000     0.000 r  CLK100MHZ
                         net (fo=0)                   0.000     0.000    CLK100MHZ
    E3                   IBUF (Prop_ibuf_I_O)         1.411     1.411 r  CLK100MHZ_IBUF_inst/O
                         net (fo=1, routed)           1.920     3.331    CLK100MHZ_IBUF
    BUFGCTRL_X0Y16       BUFG (Prop_bufg_I_O)         0.091     3.422 r  CLK100MHZ_IBUF_BUFG_inst/O
                         net (fo=1509, routed)        1.670     5.092    tokenizer/clk
    SLICE_X57Y3          FDRE                                         r  tokenizer/mnemonic_end_ptr_reg[23]/C





Min Delay Paths
--------------------------------------------------------------------------------------
Slack:                    inf
  Source:                 reset_raw
                            (input port)
  Destination:            fetch/InstrD_reg[19]/R
                            (rising edge-triggered cell FDRE clocked by sys_clk_pin  {rise@0.000ns fall@5.000ns period=50.000ns})
  Path Group:             (none)
  Path Type:              Hold (Min at Fast Process Corner)
  Data Path Delay:        2.511ns  (logic 0.320ns (12.728%)  route 2.191ns (87.272%))
  Logic Levels:           2  (IBUF=1 LUT6=1)
  Clock Path Skew:        2.069ns (DCD - SCD - CPR)
    Destination Clock Delay (DCD):    2.069ns
    Source Clock Delay      (SCD):    0.000ns
    Clock Pessimism Removal (CPR):    -0.000ns

    Location             Delay type                Incr(ns)  Path(ns)    Netlist Resource(s)
  -------------------------------------------------------------------    -------------------
    C12                                               0.000     0.000 f  reset_raw
                         net (fo=0)                   0.000     0.000    reset_raw
    C12                  IBUF (Prop_ibuf_I_O)         0.275     0.275 f  reset_raw_IBUF_inst/O
                         net (fo=4, routed)           1.993     2.267    decode/reset_raw_IBUF
    SLICE_X10Y23         LUT6 (Prop_lut6_I5_O)        0.045     2.312 r  decode/InstrD[31]_i_1/O
                         net (fo=31, routed)          0.199     2.511    fetch/SR[0]
    SLICE_X10Y21         FDRE                                         r  fetch/InstrD_reg[19]/R
  -------------------------------------------------------------------    -------------------

                         (clock sys_clk_pin rise edge)
                                                      0.000     0.000 r  <hidden>
    E3                                                0.000     0.000 r  CLK100MHZ
                         net (fo=0)                   0.000     0.000    CLK100MHZ
    E3                   IBUF (Prop_ibuf_I_O)         0.438     0.438 r  CLK100MHZ_IBUF_inst/O
                         net (fo=1, routed)           0.699     1.136    CLK100MHZ_IBUF
    BUFGCTRL_X0Y16       BUFG (Prop_bufg_I_O)         0.029     1.165 r  CLK100MHZ_IBUF_BUFG_inst/O
                         net (fo=1509, routed)        0.904     2.069    fetch/CLK100MHZ_IBUF_BUFG
    SLICE_X10Y21         FDRE                                         r  fetch/InstrD_reg[19]/C

Slack:                    inf
  Source:                 reset_raw
                            (input port)
  Destination:            fetch/InstrD_reg[20]/R
                            (rising edge-triggered cell FDRE clocked by sys_clk_pin  {rise@0.000ns fall@5.000ns period=50.000ns})
  Path Group:             (none)
  Path Type:              Hold (Min at Fast Process Corner)
  Data Path Delay:        2.511ns  (logic 0.320ns (12.728%)  route 2.191ns (87.272%))
  Logic Levels:           2  (IBUF=1 LUT6=1)
  Clock Path Skew:        2.069ns (DCD - SCD - CPR)
    Destination Clock Delay (DCD):    2.069ns
    Source Clock Delay      (SCD):    0.000ns
    Clock Pessimism Removal (CPR):    -0.000ns

    Location             Delay type                Incr(ns)  Path(ns)    Netlist Resource(s)
  -------------------------------------------------------------------    -------------------
    C12                                               0.000     0.000 f  reset_raw
                         net (fo=0)                   0.000     0.000    reset_raw
    C12                  IBUF (Prop_ibuf_I_O)         0.275     0.275 f  reset_raw_IBUF_inst/O
                         net (fo=4, routed)           1.993     2.267    decode/reset_raw_IBUF
    SLICE_X10Y23         LUT6 (Prop_lut6_I5_O)        0.045     2.312 r  decode/InstrD[31]_i_1/O
                         net (fo=31, routed)          0.199     2.511    fetch/SR[0]
    SLICE_X10Y21         FDRE                                         r  fetch/InstrD_reg[20]/R
  -------------------------------------------------------------------    -------------------

                         (clock sys_clk_pin rise edge)
                                                      0.000     0.000 r  <hidden>
    E3                                                0.000     0.000 r  CLK100MHZ
                         net (fo=0)                   0.000     0.000    CLK100MHZ
    E3                   IBUF (Prop_ibuf_I_O)         0.438     0.438 r  CLK100MHZ_IBUF_inst/O
                         net (fo=1, routed)           0.699     1.136    CLK100MHZ_IBUF
    BUFGCTRL_X0Y16       BUFG (Prop_bufg_I_O)         0.029     1.165 r  CLK100MHZ_IBUF_BUFG_inst/O
                         net (fo=1509, routed)        0.904     2.069    fetch/CLK100MHZ_IBUF_BUFG
    SLICE_X10Y21         FDRE                                         r  fetch/InstrD_reg[20]/C

Slack:                    inf
  Source:                 reset_raw
                            (input port)
  Destination:            fetch/InstrD_reg[29]/R
                            (rising edge-triggered cell FDRE clocked by sys_clk_pin  {rise@0.000ns fall@5.000ns period=50.000ns})
  Path Group:             (none)
  Path Type:              Hold (Min at Fast Process Corner)
  Data Path Delay:        2.511ns  (logic 0.320ns (12.728%)  route 2.191ns (87.272%))
  Logic Levels:           2  (IBUF=1 LUT6=1)
  Clock Path Skew:        2.069ns (DCD - SCD - CPR)
    Destination Clock Delay (DCD):    2.069ns
    Source Clock Delay      (SCD):    0.000ns
    Clock Pessimism Removal (CPR):    -0.000ns

    Location             Delay type                Incr(ns)  Path(ns)    Netlist Resource(s)
  -------------------------------------------------------------------    -------------------
    C12                                               0.000     0.000 f  reset_raw
                         net (fo=0)                   0.000     0.000    reset_raw
    C12                  IBUF (Prop_ibuf_I_O)         0.275     0.275 f  reset_raw_IBUF_inst/O
                         net (fo=4, routed)           1.993     2.267    decode/reset_raw_IBUF
    SLICE_X10Y23         LUT6 (Prop_lut6_I5_O)        0.045     2.312 r  decode/InstrD[31]_i_1/O
                         net (fo=31, routed)          0.199     2.511    fetch/SR[0]
    SLICE_X10Y21         FDRE                                         r  fetch/InstrD_reg[29]/R
  -------------------------------------------------------------------    -------------------

                         (clock sys_clk_pin rise edge)
                                                      0.000     0.000 r  <hidden>
    E3                                                0.000     0.000 r  CLK100MHZ
                         net (fo=0)                   0.000     0.000    CLK100MHZ
    E3                   IBUF (Prop_ibuf_I_O)         0.438     0.438 r  CLK100MHZ_IBUF_inst/O
                         net (fo=1, routed)           0.699     1.136    CLK100MHZ_IBUF
    BUFGCTRL_X0Y16       BUFG (Prop_bufg_I_O)         0.029     1.165 r  CLK100MHZ_IBUF_BUFG_inst/O
                         net (fo=1509, routed)        0.904     2.069    fetch/CLK100MHZ_IBUF_BUFG
    SLICE_X10Y21         FDRE                                         r  fetch/InstrD_reg[29]/C

Slack:                    inf
  Source:                 reset_raw
                            (input port)
  Destination:            fetch/InstrD_reg[30]/R
                            (rising edge-triggered cell FDRE clocked by sys_clk_pin  {rise@0.000ns fall@5.000ns period=50.000ns})
  Path Group:             (none)
  Path Type:              Hold (Min at Fast Process Corner)
  Data Path Delay:        2.511ns  (logic 0.320ns (12.728%)  route 2.191ns (87.272%))
  Logic Levels:           2  (IBUF=1 LUT6=1)
  Clock Path Skew:        2.069ns (DCD - SCD - CPR)
    Destination Clock Delay (DCD):    2.069ns
    Source Clock Delay      (SCD):    0.000ns
    Clock Pessimism Removal (CPR):    -0.000ns

    Location             Delay type                Incr(ns)  Path(ns)    Netlist Resource(s)
  -------------------------------------------------------------------    -------------------
    C12                                               0.000     0.000 f  reset_raw
                         net (fo=0)                   0.000     0.000    reset_raw
    C12                  IBUF (Prop_ibuf_I_O)         0.275     0.275 f  reset_raw_IBUF_inst/O
                         net (fo=4, routed)           1.993     2.267    decode/reset_raw_IBUF
    SLICE_X10Y23         LUT6 (Prop_lut6_I5_O)        0.045     2.312 r  decode/InstrD[31]_i_1/O
                         net (fo=31, routed)          0.199     2.511    fetch/SR[0]
    SLICE_X10Y21         FDRE                                         r  fetch/InstrD_reg[30]/R
  -------------------------------------------------------------------    -------------------

                         (clock sys_clk_pin rise edge)
                                                      0.000     0.000 r  <hidden>
    E3                                                0.000     0.000 r  CLK100MHZ
                         net (fo=0)                   0.000     0.000    CLK100MHZ
    E3                   IBUF (Prop_ibuf_I_O)         0.438     0.438 r  CLK100MHZ_IBUF_inst/O
                         net (fo=1, routed)           0.699     1.136    CLK100MHZ_IBUF
    BUFGCTRL_X0Y16       BUFG (Prop_bufg_I_O)         0.029     1.165 r  CLK100MHZ_IBUF_BUFG_inst/O
                         net (fo=1509, routed)        0.904     2.069    fetch/CLK100MHZ_IBUF_BUFG
    SLICE_X10Y21         FDRE                                         r  fetch/InstrD_reg[30]/C

Slack:                    inf
  Source:                 reset_raw
                            (input port)
  Destination:            fetch/InstrD_reg[31]/R
                            (rising edge-triggered cell FDRE clocked by sys_clk_pin  {rise@0.000ns fall@5.000ns period=50.000ns})
  Path Group:             (none)
  Path Type:              Hold (Min at Fast Process Corner)
  Data Path Delay:        2.511ns  (logic 0.320ns (12.728%)  route 2.191ns (87.272%))
  Logic Levels:           2  (IBUF=1 LUT6=1)
  Clock Path Skew:        2.069ns (DCD - SCD - CPR)
    Destination Clock Delay (DCD):    2.069ns
    Source Clock Delay      (SCD):    0.000ns
    Clock Pessimism Removal (CPR):    -0.000ns

    Location             Delay type                Incr(ns)  Path(ns)    Netlist Resource(s)
  -------------------------------------------------------------------    -------------------
    C12                                               0.000     0.000 f  reset_raw
                         net (fo=0)                   0.000     0.000    reset_raw
    C12                  IBUF (Prop_ibuf_I_O)         0.275     0.275 f  reset_raw_IBUF_inst/O
                         net (fo=4, routed)           1.993     2.267    decode/reset_raw_IBUF
    SLICE_X10Y23         LUT6 (Prop_lut6_I5_O)        0.045     2.312 r  decode/InstrD[31]_i_1/O
                         net (fo=31, routed)          0.199     2.511    fetch/SR[0]
    SLICE_X10Y21         FDRE                                         r  fetch/InstrD_reg[31]/R
  -------------------------------------------------------------------    -------------------

                         (clock sys_clk_pin rise edge)
                                                      0.000     0.000 r  <hidden>
    E3                                                0.000     0.000 r  CLK100MHZ
                         net (fo=0)                   0.000     0.000    CLK100MHZ
    E3                   IBUF (Prop_ibuf_I_O)         0.438     0.438 r  CLK100MHZ_IBUF_inst/O
                         net (fo=1, routed)           0.699     1.136    CLK100MHZ_IBUF
    BUFGCTRL_X0Y16       BUFG (Prop_bufg_I_O)         0.029     1.165 r  CLK100MHZ_IBUF_BUFG_inst/O
                         net (fo=1509, routed)        0.904     2.069    fetch/CLK100MHZ_IBUF_BUFG
    SLICE_X10Y21         FDRE                                         r  fetch/InstrD_reg[31]/C

Slack:                    inf
  Source:                 reset_raw
                            (input port)
  Destination:            fetch/InstrD_reg[5]/R
                            (rising edge-triggered cell FDRE clocked by sys_clk_pin  {rise@0.000ns fall@5.000ns period=50.000ns})
  Path Group:             (none)
  Path Type:              Hold (Min at Fast Process Corner)
  Data Path Delay:        2.511ns  (logic 0.320ns (12.728%)  route 2.191ns (87.272%))
  Logic Levels:           2  (IBUF=1 LUT6=1)
  Clock Path Skew:        2.069ns (DCD - SCD - CPR)
    Destination Clock Delay (DCD):    2.069ns
    Source Clock Delay      (SCD):    0.000ns
    Clock Pessimism Removal (CPR):    -0.000ns

    Location             Delay type                Incr(ns)  Path(ns)    Netlist Resource(s)
  -------------------------------------------------------------------    -------------------
    C12                                               0.000     0.000 f  reset_raw
                         net (fo=0)                   0.000     0.000    reset_raw
    C12                  IBUF (Prop_ibuf_I_O)         0.275     0.275 f  reset_raw_IBUF_inst/O
                         net (fo=4, routed)           1.993     2.267    decode/reset_raw_IBUF
    SLICE_X10Y23         LUT6 (Prop_lut6_I5_O)        0.045     2.312 r  decode/InstrD[31]_i_1/O
                         net (fo=31, routed)          0.199     2.511    fetch/SR[0]
    SLICE_X10Y21         FDRE                                         r  fetch/InstrD_reg[5]/R
  -------------------------------------------------------------------    -------------------

                         (clock sys_clk_pin rise edge)
                                                      0.000     0.000 r  <hidden>
    E3                                                0.000     0.000 r  CLK100MHZ
                         net (fo=0)                   0.000     0.000    CLK100MHZ
    E3                   IBUF (Prop_ibuf_I_O)         0.438     0.438 r  CLK100MHZ_IBUF_inst/O
                         net (fo=1, routed)           0.699     1.136    CLK100MHZ_IBUF
    BUFGCTRL_X0Y16       BUFG (Prop_bufg_I_O)         0.029     1.165 r  CLK100MHZ_IBUF_BUFG_inst/O
                         net (fo=1509, routed)        0.904     2.069    fetch/CLK100MHZ_IBUF_BUFG
    SLICE_X10Y21         FDRE                                         r  fetch/InstrD_reg[5]/C

Slack:                    inf
  Source:                 reset_raw
                            (input port)
  Destination:            fetch/InstrD_reg[6]/R
                            (rising edge-triggered cell FDRE clocked by sys_clk_pin  {rise@0.000ns fall@5.000ns period=50.000ns})
  Path Group:             (none)
  Path Type:              Hold (Min at Fast Process Corner)
  Data Path Delay:        2.511ns  (logic 0.320ns (12.728%)  route 2.191ns (87.272%))
  Logic Levels:           2  (IBUF=1 LUT6=1)
  Clock Path Skew:        2.069ns (DCD - SCD - CPR)
    Destination Clock Delay (DCD):    2.069ns
    Source Clock Delay      (SCD):    0.000ns
    Clock Pessimism Removal (CPR):    -0.000ns

    Location             Delay type                Incr(ns)  Path(ns)    Netlist Resource(s)
  -------------------------------------------------------------------    -------------------
    C12                                               0.000     0.000 f  reset_raw
                         net (fo=0)                   0.000     0.000    reset_raw
    C12                  IBUF (Prop_ibuf_I_O)         0.275     0.275 f  reset_raw_IBUF_inst/O
                         net (fo=4, routed)           1.993     2.267    decode/reset_raw_IBUF
    SLICE_X10Y23         LUT6 (Prop_lut6_I5_O)        0.045     2.312 r  decode/InstrD[31]_i_1/O
                         net (fo=31, routed)          0.199     2.511    fetch/SR[0]
    SLICE_X10Y21         FDRE                                         r  fetch/InstrD_reg[6]/R
  -------------------------------------------------------------------    -------------------

                         (clock sys_clk_pin rise edge)
                                                      0.000     0.000 r  <hidden>
    E3                                                0.000     0.000 r  CLK100MHZ
                         net (fo=0)                   0.000     0.000    CLK100MHZ
    E3                   IBUF (Prop_ibuf_I_O)         0.438     0.438 r  CLK100MHZ_IBUF_inst/O
                         net (fo=1, routed)           0.699     1.136    CLK100MHZ_IBUF
    BUFGCTRL_X0Y16       BUFG (Prop_bufg_I_O)         0.029     1.165 r  CLK100MHZ_IBUF_BUFG_inst/O
                         net (fo=1509, routed)        0.904     2.069    fetch/CLK100MHZ_IBUF_BUFG
    SLICE_X10Y21         FDRE                                         r  fetch/InstrD_reg[6]/C

Slack:                    inf
  Source:                 reset_raw
                            (input port)
  Destination:            fetch/InstrD_reg[13]/R
                            (rising edge-triggered cell FDRE clocked by sys_clk_pin  {rise@0.000ns fall@5.000ns period=50.000ns})
  Path Group:             (none)
  Path Type:              Hold (Min at Fast Process Corner)
  Data Path Delay:        2.516ns  (logic 0.320ns (12.703%)  route 2.196ns (87.297%))
  Logic Levels:           2  (IBUF=1 LUT6=1)
  Clock Path Skew:        2.068ns (DCD - SCD - CPR)
    Destination Clock Delay (DCD):    2.068ns
    Source Clock Delay      (SCD):    0.000ns
    Clock Pessimism Removal (CPR):    -0.000ns

    Location             Delay type                Incr(ns)  Path(ns)    Netlist Resource(s)
  -------------------------------------------------------------------    -------------------
    C12                                               0.000     0.000 f  reset_raw
                         net (fo=0)                   0.000     0.000    reset_raw
    C12                  IBUF (Prop_ibuf_I_O)         0.275     0.275 f  reset_raw_IBUF_inst/O
                         net (fo=4, routed)           1.993     2.267    decode/reset_raw_IBUF
    SLICE_X10Y23         LUT6 (Prop_lut6_I5_O)        0.045     2.312 r  decode/InstrD[31]_i_1/O
                         net (fo=31, routed)          0.203     2.516    fetch/SR[0]
    SLICE_X11Y22         FDRE                                         r  fetch/InstrD_reg[13]/R
  -------------------------------------------------------------------    -------------------

                         (clock sys_clk_pin rise edge)
                                                      0.000     0.000 r  <hidden>
    E3                                                0.000     0.000 r  CLK100MHZ
                         net (fo=0)                   0.000     0.000    CLK100MHZ
    E3                   IBUF (Prop_ibuf_I_O)         0.438     0.438 r  CLK100MHZ_IBUF_inst/O
                         net (fo=1, routed)           0.699     1.136    CLK100MHZ_IBUF
    BUFGCTRL_X0Y16       BUFG (Prop_bufg_I_O)         0.029     1.165 r  CLK100MHZ_IBUF_BUFG_inst/O
                         net (fo=1509, routed)        0.903     2.068    fetch/CLK100MHZ_IBUF_BUFG
    SLICE_X11Y22         FDRE                                         r  fetch/InstrD_reg[13]/C

Slack:                    inf
  Source:                 reset_raw
                            (input port)
  Destination:            fetch/InstrD_reg[14]/R
                            (rising edge-triggered cell FDRE clocked by sys_clk_pin  {rise@0.000ns fall@5.000ns period=50.000ns})
  Path Group:             (none)
  Path Type:              Hold (Min at Fast Process Corner)
  Data Path Delay:        2.516ns  (logic 0.320ns (12.703%)  route 2.196ns (87.297%))
  Logic Levels:           2  (IBUF=1 LUT6=1)
  Clock Path Skew:        2.068ns (DCD - SCD - CPR)
    Destination Clock Delay (DCD):    2.068ns
    Source Clock Delay      (SCD):    0.000ns
    Clock Pessimism Removal (CPR):    -0.000ns

    Location             Delay type                Incr(ns)  Path(ns)    Netlist Resource(s)
  -------------------------------------------------------------------    -------------------
    C12                                               0.000     0.000 f  reset_raw
                         net (fo=0)                   0.000     0.000    reset_raw
    C12                  IBUF (Prop_ibuf_I_O)         0.275     0.275 f  reset_raw_IBUF_inst/O
                         net (fo=4, routed)           1.993     2.267    decode/reset_raw_IBUF
    SLICE_X10Y23         LUT6 (Prop_lut6_I5_O)        0.045     2.312 r  decode/InstrD[31]_i_1/O
                         net (fo=31, routed)          0.203     2.516    fetch/SR[0]
    SLICE_X11Y22         FDRE                                         r  fetch/InstrD_reg[14]/R
  -------------------------------------------------------------------    -------------------

                         (clock sys_clk_pin rise edge)
                                                      0.000     0.000 r  <hidden>
    E3                                                0.000     0.000 r  CLK100MHZ
                         net (fo=0)                   0.000     0.000    CLK100MHZ
    E3                   IBUF (Prop_ibuf_I_O)         0.438     0.438 r  CLK100MHZ_IBUF_inst/O
                         net (fo=1, routed)           0.699     1.136    CLK100MHZ_IBUF
    BUFGCTRL_X0Y16       BUFG (Prop_bufg_I_O)         0.029     1.165 r  CLK100MHZ_IBUF_BUFG_inst/O
                         net (fo=1509, routed)        0.903     2.068    fetch/CLK100MHZ_IBUF_BUFG
    SLICE_X11Y22         FDRE                                         r  fetch/InstrD_reg[14]/C

Slack:                    inf
  Source:                 reset_raw
                            (input port)
  Destination:            memory_access/ReadDataW_reg[24]/R
                            (rising edge-triggered cell FDRE clocked by sys_clk_pin  {rise@0.000ns fall@5.000ns period=50.000ns})
  Path Group:             (none)
  Path Type:              Hold (Min at Fast Process Corner)
  Data Path Delay:        2.540ns  (logic 0.320ns (12.581%)  route 2.221ns (87.419%))
  Logic Levels:           2  (IBUF=1 LUT1=1)
  Clock Path Skew:        2.071ns (DCD - SCD - CPR)
    Destination Clock Delay (DCD):    2.071ns
    Source Clock Delay      (SCD):    0.000ns
    Clock Pessimism Removal (CPR):    -0.000ns

    Location             Delay type                Incr(ns)  Path(ns)    Netlist Resource(s)
  -------------------------------------------------------------------    -------------------
    C12                                               0.000     0.000 f  reset_raw
                         net (fo=0)                   0.000     0.000    reset_raw
    C12                  IBUF (Prop_ibuf_I_O)         0.275     0.275 f  reset_raw_IBUF_inst/O
                         net (fo=4, routed)           2.015     2.290    tokenizer/reset_raw_IBUF
    SLICE_X29Y34         LUT1 (Prop_lut1_I0_O)        0.045     2.335 r  tokenizer/Rs1E[4]_i_1/O
                         net (fo=388, routed)         0.206     2.540    memory_access/SR[0]
    SLICE_X32Y34         FDRE                                         r  memory_access/ReadDataW_reg[24]/R
  -------------------------------------------------------------------    -------------------

                         (clock sys_clk_pin rise edge)
                                                      0.000     0.000 r  <hidden>
    E3                                                0.000     0.000 r  CLK100MHZ
                         net (fo=0)                   0.000     0.000    CLK100MHZ
    E3                   IBUF (Prop_ibuf_I_O)         0.438     0.438 r  CLK100MHZ_IBUF_inst/O
                         net (fo=1, routed)           0.699     1.136    CLK100MHZ_IBUF
    BUFGCTRL_X0Y16       BUFG (Prop_bufg_I_O)         0.029     1.165 r  CLK100MHZ_IBUF_BUFG_inst/O
                         net (fo=1509, routed)        0.906     2.071    memory_access/CLK100MHZ_IBUF_BUFG
    SLICE_X32Y34         FDRE                                         r  memory_access/ReadDataW_reg[24]/C





