Copyright 1986-2022 Xilinx, Inc. All Rights Reserved. Copyright 2022-2026 Advanced Micro Devices, Inc. All Rights Reserved.
------------------------------------------------------------------------------------------------------------------------------------------------------------------------------------------------------------------------------------------------------------------
| Tool Version : Vivado v.2026.1 (win64) Build 6511674 Tue Jun 16 11:02:23 MDT 2026
| Date         : Mon Aug 24 11:21:50 2026
| Host         : LAPTOP-64BO2FPL running 64-bit major release  (build 9200)
| Command      : report_timing_summary -max_paths 10 -routable_nets -report_unconstrained -file top_unit_pipelined_timing_summary_routed.rpt -pb top_unit_pipelined_timing_summary_routed.pb -rpx top_unit_pipelined_timing_summary_routed.rpx -warn_on_violation
| Design       : top_unit_pipelined
| Device       : 7a100t-csg324
| Speed File   : -1  PRODUCTION 1.23 2018-06-13
| Design State : Routed
------------------------------------------------------------------------------------------------------------------------------------------------------------------------------------------------------------------------------------------------------------------

Timing Summary Report

------------------------------------------------------------------------------------------------
| Timer Settings
| --------------
------------------------------------------------------------------------------------------------

  Enable Multi Corner Analysis               :  Yes
  Enable Pessimism Removal                   :  Yes
  Pessimism Removal Resolution               :  Nearest Common Node
  Enable Input Delay Default Clock           :  No
  Enable Preset / Clear Arcs                 :  No
  Disable Flight Delays                      :  No
  Ignore I/O Paths                           :  No
  Timing Early Launch at Borrowing Latches   :  No
  Borrow Time for Max Delay Exceptions       :  Yes
  Merge Timing Exceptions                    :  Yes
  Inter-SLR Compensation                     :  Conservative

  Corner  Analyze    Analyze    
  Name    Max Paths  Min Paths  
  ------  ---------  ---------  
  Slow    Yes        Yes        
  Fast    Yes        Yes        


------------------------------------------------------------------------------------------------
| Report Methodology
| ------------------
------------------------------------------------------------------------------------------------

Rule       Severity  Description                                                Violations  
---------  --------  ---------------------------------------------------------  ----------  
SYNTH-5    Warning   Mapped onto distributed RAM because of timing constraints  128         
TIMING-18  Warning   Missing input or output delay                              26          

Note: This report is based on the most recent report_methodology run and may not be up-to-date. Run report_methodology on the current design for the latest report.



check_timing report

Table of Contents
-----------------
1. checking no_clock (0)
2. checking constant_clock (0)
3. checking pulse_width_clock (0)
4. checking unconstrained_internal_endpoints (0)
5. checking no_input_delay (2)
6. checking no_output_delay (24)
7. checking multiple_clock (0)
8. checking generated_clocks (0)
9. checking loops (0)
10. checking partial_input_delay (0)
11. checking partial_output_delay (0)
12. checking latch_loops (0)

1. checking no_clock (0)
------------------------
 There are 0 register/latch pins with no clock.


2. checking constant_clock (0)
------------------------------
 There are 0 register/latch pins with constant_clock.


3. checking pulse_width_clock (0)
---------------------------------
 There are 0 register/latch pins which need pulse_width check


4. checking unconstrained_internal_endpoints (0)
------------------------------------------------
 There are 0 pins that are not constrained for maximum delay.

 There are 0 pins that are not constrained for maximum delay due to constant clock.


5. checking no_input_delay (2)
------------------------------
 There are 2 input ports with no input delay specified. (HIGH)

 There are 0 input ports with no input delay but user has a false path constraint.


6. checking no_output_delay (24)
--------------------------------
 There are 24 ports with no output delay specified. (HIGH)

 There are 0 ports with no output delay but user has a false path constraint

 There are 0 ports with no output delay but with a timing clock defined on it or propagating through it


7. checking multiple_clock (0)
------------------------------
 There are 0 register/latch pins with multiple clocks.


8. checking generated_clocks (0)
--------------------------------
 There are 0 generated clocks that are not connected to a clock source.


9. checking loops (0)
---------------------
 There are 0 combinational loops in the design.


10. checking partial_input_delay (0)
------------------------------------
 There are 0 input ports with partial input delay specified.


11. checking partial_output_delay (0)
-------------------------------------
 There are 0 ports with partial output delay specified.


12. checking latch_loops (0)
----------------------------
 There are 0 combinational latch loops in the design through latch input



------------------------------------------------------------------------------------------------
| Design Timing Summary
| ---------------------
------------------------------------------------------------------------------------------------

    WNS(ns)      TNS(ns)  TNS Failing Endpoints  TNS Total Endpoints      WHS(ns)      THS(ns)  THS Failing Endpoints  THS Total Endpoints     WPWS(ns)     TPWS(ns)  TPWS Failing Endpoints  TPWS Total Endpoints  
    -------      -------  ---------------------  -------------------      -------      -------  ---------------------  -------------------     --------     --------  ----------------------  --------------------  
      7.915        0.000                      0                 8109        0.075        0.000                      0                 8109        3.750        0.000                       0                  1876  


All user specified timing constraints are met.


------------------------------------------------------------------------------------------------
| Clock Summary
| -------------
------------------------------------------------------------------------------------------------

Clock        Waveform(ns)       Period(ns)      Frequency(MHz)
-----        ------------       ----------      --------------
sys_clk_pin  {0.000 5.000}      50.000          20.000          


------------------------------------------------------------------------------------------------
| Intra Clock Table
| -----------------
------------------------------------------------------------------------------------------------

Clock             WNS(ns)      TNS(ns)  TNS Failing Endpoints  TNS Total Endpoints      WHS(ns)      THS(ns)  THS Failing Endpoints  THS Total Endpoints     WPWS(ns)     TPWS(ns)  TPWS Failing Endpoints  TPWS Total Endpoints  
-----             -------      -------  ---------------------  -------------------      -------      -------  ---------------------  -------------------     --------     --------  ----------------------  --------------------  
sys_clk_pin         7.915        0.000                      0                 8109        0.075        0.000                      0                 8109        3.750        0.000                       0                  1876  


------------------------------------------------------------------------------------------------
| Inter Clock Table
| -----------------
------------------------------------------------------------------------------------------------

From Clock    To Clock          WNS(ns)      TNS(ns)  TNS Failing Endpoints  TNS Total Endpoints      WHS(ns)      THS(ns)  THS Failing Endpoints  THS Total Endpoints  
----------    --------          -------      -------  ---------------------  -------------------      -------      -------  ---------------------  -------------------  


------------------------------------------------------------------------------------------------
| Other Path Groups Table
| -----------------------
------------------------------------------------------------------------------------------------

Path Group    From Clock    To Clock          WNS(ns)      TNS(ns)  TNS Failing Endpoints  TNS Total Endpoints      WHS(ns)      THS(ns)  THS Failing Endpoints  THS Total Endpoints  
----------    ----------    --------          -------      -------  ---------------------  -------------------      -------      -------  ---------------------  -------------------  


------------------------------------------------------------------------------------------------
| User Ignored Path Table
| -----------------------
------------------------------------------------------------------------------------------------

Path Group    From Clock    To Clock    
----------    ----------    --------    


------------------------------------------------------------------------------------------------
| Unconstrained Path Table
| ------------------------
------------------------------------------------------------------------------------------------

Path Group    From Clock    To Clock    
----------    ----------    --------    
(none)        sys_clk_pin                 
(none)                      sys_clk_pin   


------------------------------------------------------------------------------------------------
| Timing Details
| --------------
------------------------------------------------------------------------------------------------


---------------------------------------------------------------------------------------------------
From Clock:  sys_clk_pin
  To Clock:  sys_clk_pin

Setup :            0  Failing Endpoints,  Worst Slack        7.915ns,  Total Violation        0.000ns
Hold  :            0  Failing Endpoints,  Worst Slack        0.075ns,  Total Violation        0.000ns
PW    :            0  Failing Endpoints,  Worst Slack        3.750ns,  Total Violation        0.000ns
---------------------------------------------------------------------------------------------------


Max Delay Paths
--------------------------------------------------------------------------------------
Slack (MET) :             7.915ns  (required time - arrival time)
  Source:                 tokenizer/token3_reg[93]/C
                            (rising edge-triggered cell FDSE clocked by sys_clk_pin  {rise@0.000ns fall@5.000ns period=50.000ns})
  Destination:            operand_interpreter/imm_reg[31]/D
                            (rising edge-triggered cell FDRE clocked by sys_clk_pin  {rise@0.000ns fall@5.000ns period=50.000ns})
  Path Group:             sys_clk_pin
  Path Type:              Setup (Max at Slow Process Corner)
  Requirement:            50.000ns  (sys_clk_pin rise@50.000ns - sys_clk_pin rise@0.000ns)
  Data Path Delay:        42.019ns  (logic 20.019ns (47.643%)  route 22.000ns (52.357%))
  Logic Levels:           60  (CARRY4=26 LUT2=13 LUT3=5 LUT4=4 LUT5=7 LUT6=5)
  Clock Path Skew:        -0.062ns (DCD - SCD + CPR)
    Destination Clock Delay (DCD):    4.896ns = ( 54.896 - 50.000 ) 
    Source Clock Delay      (SCD):    5.217ns
    Clock Pessimism Removal (CPR):    0.259ns
  Clock Uncertainty:      0.035ns  ((TSJ^2 + TIJ^2)^1/2 + DJ) / 2 + PE
    Total System Jitter     (TSJ):    0.071ns
    Total Input Jitter      (TIJ):    0.000ns
    Discrete Jitter          (DJ):    0.000ns
    Phase Error              (PE):    0.000ns

    Location             Delay type                Incr(ns)  Path(ns)    Netlist Resource(s)
  -------------------------------------------------------------------    -------------------
                         (clock sys_clk_pin rise edge)
                                                      0.000     0.000 r  <hidden>
    E3                                                0.000     0.000 r  CLK100MHZ
                         net (fo=0)                   0.000     0.000    CLK100MHZ
    E3                   IBUF (Prop_ibuf_I_O)         1.482     1.482 r  CLK100MHZ_IBUF_inst/O
                         net (fo=1, routed)           2.025     3.506    CLK100MHZ_IBUF
    BUFGCTRL_X0Y16       BUFG (Prop_bufg_I_O)         0.096     3.602 r  CLK100MHZ_IBUF_BUFG_inst/O
                         net (fo=1875, routed)        1.615     5.217    tokenizer/clk
    SLICE_X58Y102        FDSE                                         r  tokenizer/token3_reg[93]/C
  -------------------------------------------------------------------    -------------------
    SLICE_X58Y102        FDSE (Prop_fdse_C_Q)         0.518     5.735 r  tokenizer/token3_reg[93]/Q
                         net (fo=19, routed)          0.781     6.516    tokenizer/token3[93]
    SLICE_X54Y101        LUT2 (Prop_lut2_I0_O)        0.116     6.632 r  tokenizer/imm[11]_i_13/O
                         net (fo=2, routed)           0.528     7.161    tokenizer/imm[11]_i_13_n_0
    SLICE_X54Y101        LUT6 (Prop_lut6_I3_O)        0.328     7.489 r  tokenizer/imm[7]_i_49/O
                         net (fo=33, routed)          0.435     7.923    tokenizer/imm[7]_i_49_n_0
    SLICE_X53Y102        LUT3 (Prop_lut3_I0_O)        0.124     8.047 r  tokenizer/imm[12]_i_220/O
                         net (fo=1, routed)           0.000     8.047    tokenizer/imm[12]_i_220_n_0
    SLICE_X53Y102        CARRY4 (Prop_carry4_S[1]_O[2])
                                                      0.580     8.627 r  tokenizer/imm_reg[12]_i_181/O[2]
                         net (fo=2, routed)           0.324     8.951    tokenizer/imm_reg[12]_i_181_n_5
    SLICE_X54Y102        LUT2 (Prop_lut2_I1_O)        0.302     9.253 r  tokenizer/imm[7]_i_50/O
                         net (fo=1, routed)           0.000     9.253    tokenizer/imm[7]_i_50_n_0
    SLICE_X54Y102        CARRY4 (Prop_carry4_S[3]_O[3])
                                                      0.255     9.508 r  tokenizer/imm_reg[7]_i_41/O[3]
                         net (fo=5, routed)           0.649    10.158    tokenizer/imm_reg[7]_i_41_n_4
    SLICE_X55Y102        LUT4 (Prop_lut4_I0_O)        0.307    10.465 r  tokenizer/imm[4]_i_102/O
                         net (fo=1, routed)           0.331    10.795    tokenizer/imm[4]_i_102_n_0
    SLICE_X55Y103        CARRY4 (Prop_carry4_DI[3]_CO[3])
                                                      0.385    11.180 r  tokenizer/imm_reg[4]_i_97/CO[3]
                         net (fo=1, routed)           0.000    11.180    tokenizer/imm_reg[4]_i_97_n_0
    SLICE_X55Y104        CARRY4 (Prop_carry4_CI_O[0])
                                                      0.222    11.402 r  tokenizer/imm_reg[12]_i_149/O[0]
                         net (fo=4, routed)           0.604    12.007    tokenizer/imm_reg[12]_i_149_n_7
    SLICE_X56Y104        LUT4 (Prop_lut4_I0_O)        0.299    12.306 r  tokenizer/imm[7]_i_39/O
                         net (fo=1, routed)           0.000    12.306    tokenizer/imm[7]_i_39_n_0
    SLICE_X56Y104        CARRY4 (Prop_carry4_S[1]_O[2])
                                                      0.578    12.884 r  tokenizer/imm_reg[7]_i_27/O[2]
                         net (fo=1, routed)           0.798    13.682    tokenizer/imm_reg[7]_i_27_n_5
    SLICE_X53Y105        LUT5 (Prop_lut5_I0_O)        0.329    14.011 r  tokenizer/imm[7]_i_11/O
                         net (fo=7, routed)           0.653    14.664    tokenizer/imm[7]_i_11_n_0
    SLICE_X59Y104        LUT2 (Prop_lut2_I0_O)        0.332    14.996 r  tokenizer/imm[12]_i_140/O
                         net (fo=1, routed)           0.000    14.996    tokenizer/imm[12]_i_140_n_0
    SLICE_X59Y104        CARRY4 (Prop_carry4_S[2]_O[2])
                                                      0.248    15.244 r  tokenizer/imm_reg[12]_i_87/O[2]
                         net (fo=3, routed)           0.650    15.894    tokenizer/imm_reg[12]_i_87_n_5
    SLICE_X57Y104        LUT3 (Prop_lut3_I2_O)        0.302    16.196 r  tokenizer/imm[7]_i_23/O
                         net (fo=1, routed)           0.000    16.196    tokenizer/imm[7]_i_23_n_0
    SLICE_X57Y104        CARRY4 (Prop_carry4_S[3]_O[3])
                                                      0.248    16.444 r  tokenizer/imm_reg[7]_i_10/O[3]
                         net (fo=4, routed)           0.849    17.293    tokenizer/imm_reg[7]_i_10_n_4
    SLICE_X58Y104        LUT5 (Prop_lut5_I1_O)        0.306    17.599 r  tokenizer/imm[12]_i_130/O
                         net (fo=1, routed)           0.000    17.599    tokenizer/imm[12]_i_130_n_0
    SLICE_X58Y104        CARRY4 (Prop_carry4_S[3]_O[3])
                                                      0.255    17.854 r  tokenizer/imm_reg[12]_i_81/O[3]
                         net (fo=3, routed)           0.655    18.508    tokenizer/imm_reg[12]_i_81_n_4
    SLICE_X60Y107        LUT2 (Prop_lut2_I1_O)        0.307    18.815 r  tokenizer/imm[12]_i_85/O
                         net (fo=1, routed)           0.000    18.815    tokenizer/imm[12]_i_85_n_0
    SLICE_X60Y107        CARRY4 (Prop_carry4_S[0]_O[1])
                                                      0.427    19.242 r  tokenizer/imm_reg[12]_i_45/O[1]
                         net (fo=1, routed)           0.740    19.983    tokenizer/imm_reg[12]_i_45_n_6
    SLICE_X54Y106        LUT5 (Prop_lut5_I0_O)        0.306    20.289 r  tokenizer/imm[10]_i_8/O
                         net (fo=7, routed)           0.830    21.119    tokenizer/imm[10]_i_8_n_0
    SLICE_X59Y112        LUT2 (Prop_lut2_I0_O)        0.124    21.243 r  tokenizer/imm[13]_i_202/O
                         net (fo=1, routed)           0.000    21.243    tokenizer/imm[13]_i_202_n_0
    SLICE_X59Y112        CARRY4 (Prop_carry4_S[1]_O[2])
                                                      0.580    21.823 r  tokenizer/imm_reg[13]_i_121/O[2]
                         net (fo=3, routed)           0.520    22.344    tokenizer/imm_reg[13]_i_121_n_5
    SLICE_X58Y112        LUT2 (Prop_lut2_I1_O)        0.302    22.646 r  tokenizer/imm[12]_i_77/O
                         net (fo=1, routed)           0.000    22.646    tokenizer/imm[12]_i_77_n_0
    SLICE_X58Y112        CARRY4 (Prop_carry4_S[3]_CO[3])
                                                      0.376    23.022 r  tokenizer/imm_reg[12]_i_44/CO[3]
                         net (fo=1, routed)           0.000    23.022    tokenizer/imm_reg[12]_i_44_n_0
    SLICE_X58Y113        CARRY4 (Prop_carry4_CI_O[1])
                                                      0.323    23.345 r  tokenizer/imm_reg[13]_i_48/O[1]
                         net (fo=2, routed)           0.565    23.910    tokenizer/imm_reg[13]_i_48_n_6
    SLICE_X60Y113        LUT5 (Prop_lut5_I1_O)        0.306    24.216 r  tokenizer/imm[13]_i_102/O
                         net (fo=7, routed)           0.563    24.778    tokenizer/imm[13]_i_102_n_0
    SLICE_X56Y113        LUT4 (Prop_lut4_I0_O)        0.124    24.902 r  tokenizer/imm[13]_i_105/O
                         net (fo=1, routed)           0.000    24.902    tokenizer/imm[13]_i_105_n_0
    SLICE_X56Y113        CARRY4 (Prop_carry4_S[1]_O[2])
                                                      0.578    25.480 r  tokenizer/imm_reg[13]_i_41/O[2]
                         net (fo=3, routed)           0.492    25.972    tokenizer/imm_reg[13]_i_41_n_5
    SLICE_X54Y112        LUT2 (Prop_lut2_I1_O)        0.301    26.273 r  tokenizer/imm[13]_i_43/O
                         net (fo=1, routed)           0.000    26.273    tokenizer/imm[13]_i_43_n_0
    SLICE_X54Y112        CARRY4 (Prop_carry4_S[3]_O[3])
                                                      0.255    26.528 r  tokenizer/imm_reg[13]_i_20/O[3]
                         net (fo=6, routed)           0.968    27.496    tokenizer/imm_reg[13]_i_20_n_4
    SLICE_X55Y115        LUT5 (Prop_lut5_I0_O)        0.307    27.803 r  tokenizer/imm[19]_i_54/O
                         net (fo=1, routed)           0.000    27.803    tokenizer/imm[19]_i_54_n_0
    SLICE_X55Y115        CARRY4 (Prop_carry4_S[3]_CO[3])
                                                      0.401    28.204 r  tokenizer/imm_reg[19]_i_31/CO[3]
                         net (fo=1, routed)           0.000    28.204    tokenizer/imm_reg[19]_i_31_n_0
    SLICE_X55Y116        CARRY4 (Prop_carry4_CI_O[0])
                                                      0.222    28.426 r  tokenizer/imm_reg[19]_i_30/O[0]
                         net (fo=3, routed)           0.446    28.872    tokenizer/imm_reg[19]_i_30_n_7
    SLICE_X57Y116        LUT2 (Prop_lut2_I1_O)        0.299    29.171 r  tokenizer/imm[19]_i_34/O
                         net (fo=1, routed)           0.000    29.171    tokenizer/imm[19]_i_34_n_0
    SLICE_X57Y116        CARRY4 (Prop_carry4_S[1]_O[2])
                                                      0.580    29.751 r  tokenizer/imm_reg[19]_i_19/O[2]
                         net (fo=4, routed)           0.749    30.500    tokenizer/imm_reg[19]_i_19_n_5
    SLICE_X51Y120        LUT3 (Prop_lut3_I2_O)        0.302    30.802 r  tokenizer/imm[24]_i_174/O
                         net (fo=2, routed)           0.763    31.565    tokenizer/imm[24]_i_174_n_0
    SLICE_X52Y116        LUT6 (Prop_lut6_I0_O)        0.124    31.689 r  tokenizer/imm[24]_i_177/O
                         net (fo=1, routed)           0.000    31.689    tokenizer/imm[24]_i_177_n_0
    SLICE_X52Y116        CARRY4 (Prop_carry4_S[2]_O[3])
                                                      0.352    32.041 r  tokenizer/imm_reg[24]_i_88/O[3]
                         net (fo=3, routed)           0.582    32.623    tokenizer/imm_reg[24]_i_88_n_4
    SLICE_X51Y117        LUT2 (Prop_lut2_I1_O)        0.306    32.929 r  tokenizer/imm[24]_i_92/O
                         net (fo=1, routed)           0.000    32.929    tokenizer/imm[24]_i_92_n_0
    SLICE_X51Y117        CARRY4 (Prop_carry4_S[0]_O[1])
                                                      0.424    33.353 r  tokenizer/imm_reg[24]_i_34/O[1]
                         net (fo=2, routed)           0.544    33.897    tokenizer/imm_reg[24]_i_34_n_6
    SLICE_X53Y117        LUT5 (Prop_lut5_I0_O)        0.298    34.195 r  tokenizer/imm[29]_i_62/O
                         net (fo=9, routed)           0.514    34.708    tokenizer/imm[29]_i_62_n_0
    SLICE_X50Y118        LUT2 (Prop_lut2_I0_O)        0.332    35.040 r  tokenizer/imm[29]_i_66/O
                         net (fo=1, routed)           0.000    35.040    tokenizer/imm[29]_i_66_n_0
    SLICE_X50Y118        CARRY4 (Prop_carry4_S[1]_O[2])
                                                      0.578    35.618 r  tokenizer/imm_reg[29]_i_34/O[2]
                         net (fo=3, routed)           0.643    36.262    tokenizer/imm_reg[29]_i_34_n_5
    SLICE_X44Y119        LUT2 (Prop_lut2_I1_O)        0.301    36.563 r  tokenizer/imm[24]_i_93/O
                         net (fo=1, routed)           0.000    36.563    tokenizer/imm[24]_i_93_n_0
    SLICE_X44Y119        CARRY4 (Prop_carry4_S[3]_CO[3])
                                                      0.401    36.964 r  tokenizer/imm_reg[24]_i_35/CO[3]
                         net (fo=1, routed)           0.000    36.964    tokenizer/imm_reg[24]_i_35_n_0
    SLICE_X44Y120        CARRY4 (Prop_carry4_CI_O[0])
                                                      0.222    37.186 r  tokenizer/imm_reg[29]_i_23/O[0]
                         net (fo=1, routed)           0.622    37.808    tokenizer/imm_reg[29]_i_23_n_7
    SLICE_X53Y119        LUT5 (Prop_lut5_I1_O)        0.299    38.107 r  tokenizer/imm[25]_i_11/O
                         net (fo=7, routed)           0.563    38.670    tokenizer/imm[25]_i_11_n_0
    SLICE_X49Y122        LUT6 (Prop_lut6_I0_O)        0.124    38.794 r  tokenizer/imm[30]_i_120/O
                         net (fo=1, routed)           0.000    38.794    tokenizer/imm[30]_i_120_n_0
    SLICE_X49Y122        CARRY4 (Prop_carry4_S[0]_O[0])
                                                      0.247    39.041 r  tokenizer/imm_reg[30]_i_51/O[0]
                         net (fo=3, routed)           0.448    39.489    tokenizer/imm_reg[30]_i_51_n_7
    SLICE_X48Y122        LUT2 (Prop_lut2_I1_O)        0.299    39.788 r  tokenizer/imm[30]_i_114/O
                         net (fo=1, routed)           0.000    39.788    tokenizer/imm[30]_i_114_n_0
    SLICE_X48Y122        CARRY4 (Prop_carry4_S[1]_O[2])
                                                      0.580    40.368 r  tokenizer/imm_reg[30]_i_50/O[2]
                         net (fo=2, routed)           0.808    41.176    tokenizer/imm_reg[30]_i_50_n_5
    SLICE_X47Y122        LUT3 (Prop_lut3_I2_O)        0.330    41.506 r  tokenizer/imm[31]_i_127/O
                         net (fo=3, routed)           0.634    42.140    tokenizer/imm[31]_i_127_n_0
    SLICE_X39Y122        LUT4 (Prop_lut4_I0_O)        0.332    42.472 r  tokenizer/imm[31]_i_131/O
                         net (fo=1, routed)           0.000    42.472    tokenizer/imm[31]_i_131_n_0
    SLICE_X39Y122        CARRY4 (Prop_carry4_S[2]_O[3])
                                                      0.352    42.824 r  tokenizer/imm_reg[31]_i_67/O[3]
                         net (fo=3, routed)           0.584    43.408    tokenizer/imm_reg[31]_i_67_n_4
    SLICE_X40Y124        LUT2 (Prop_lut2_I0_O)        0.306    43.714 r  tokenizer/imm[31]_i_69/O
                         net (fo=1, routed)           0.000    43.714    tokenizer/imm[31]_i_69_n_0
    SLICE_X40Y124        CARRY4 (Prop_carry4_S[1]_O[2])
                                                      0.580    44.294 r  tokenizer/imm_reg[31]_i_28/O[2]
                         net (fo=1, routed)           0.751    45.045    tokenizer/imm_reg[31]_i_28_n_5
    SLICE_X51Y123        LUT6 (Prop_lut6_I3_O)        0.302    45.347 r  tokenizer/imm[31]_i_10/O
                         net (fo=2, routed)           0.642    45.990    tokenizer/imm[31]_i_10_n_0
    SLICE_X51Y122        LUT3 (Prop_lut3_I2_O)        0.150    46.140 r  tokenizer/imm[31]_i_3/O
                         net (fo=1, routed)           0.770    46.910    tokenizer/imm[31]_i_3_n_0
    SLICE_X53Y122        LUT6 (Prop_lut6_I0_O)        0.326    47.236 r  tokenizer/imm[31]_i_2/O
                         net (fo=1, routed)           0.000    47.236    operand_interpreter/imm_reg[31]_2[31]
    SLICE_X53Y122        FDRE                                         r  operand_interpreter/imm_reg[31]/D
  -------------------------------------------------------------------    -------------------

                         (clock sys_clk_pin rise edge)
                                                     50.000    50.000 r  <hidden>
    E3                                                0.000    50.000 r  CLK100MHZ
                         net (fo=0)                   0.000    50.000    CLK100MHZ
    E3                   IBUF (Prop_ibuf_I_O)         1.411    51.411 r  CLK100MHZ_IBUF_inst/O
                         net (fo=1, routed)           1.920    53.331    CLK100MHZ_IBUF
    BUFGCTRL_X0Y16       BUFG (Prop_bufg_I_O)         0.091    53.422 r  CLK100MHZ_IBUF_BUFG_inst/O
                         net (fo=1875, routed)        1.474    54.896    operand_interpreter/CLK100MHZ_IBUF_BUFG
    SLICE_X53Y122        FDRE                                         r  operand_interpreter/imm_reg[31]/C
                         clock pessimism              0.259    55.155    <hidden>
                         clock uncertainty           -0.035    55.120    <hidden>
    SLICE_X53Y122        FDRE (Setup_fdre_C_D)        0.031    55.151    operand_interpreter/imm_reg[31]
  -------------------------------------------------------------------
                         required time                         55.151    <hidden>
                         arrival time                         -47.236    <hidden>
  -------------------------------------------------------------------
                         slack                                  7.915    <hidden>

Slack (MET) :             8.230ns  (required time - arrival time)
  Source:                 tokenizer/token3_reg[93]/C
                            (rising edge-triggered cell FDSE clocked by sys_clk_pin  {rise@0.000ns fall@5.000ns period=50.000ns})
  Destination:            operand_interpreter/imm_reg[30]/D
                            (rising edge-triggered cell FDRE clocked by sys_clk_pin  {rise@0.000ns fall@5.000ns period=50.000ns})
  Path Group:             sys_clk_pin
  Path Type:              Setup (Max at Slow Process Corner)
  Requirement:            50.000ns  (sys_clk_pin rise@50.000ns - sys_clk_pin rise@0.000ns)
  Data Path Delay:        41.642ns  (logic 20.067ns (48.189%)  route 21.575ns (51.811%))
  Logic Levels:           61  (CARRY4=27 LUT2=14 LUT3=4 LUT4=4 LUT5=7 LUT6=5)
  Clock Path Skew:        -0.123ns (DCD - SCD + CPR)
    Destination Clock Delay (DCD):    4.906ns = ( 54.906 - 50.000 ) 
    Source Clock Delay      (SCD):    5.217ns
    Clock Pessimism Removal (CPR):    0.188ns
  Clock Uncertainty:      0.035ns  ((TSJ^2 + TIJ^2)^1/2 + DJ) / 2 + PE
    Total System Jitter     (TSJ):    0.071ns
    Total Input Jitter      (TIJ):    0.000ns
    Discrete Jitter          (DJ):    0.000ns
    Phase Error              (PE):    0.000ns

    Location             Delay type                Incr(ns)  Path(ns)    Netlist Resource(s)
  -------------------------------------------------------------------    -------------------
                         (clock sys_clk_pin rise edge)
                                                      0.000     0.000 r  <hidden>
    E3                                                0.000     0.000 r  CLK100MHZ
                         net (fo=0)                   0.000     0.000    CLK100MHZ
    E3                   IBUF (Prop_ibuf_I_O)         1.482     1.482 r  CLK100MHZ_IBUF_inst/O
                         net (fo=1, routed)           2.025     3.506    CLK100MHZ_IBUF
    BUFGCTRL_X0Y16       BUFG (Prop_bufg_I_O)         0.096     3.602 r  CLK100MHZ_IBUF_BUFG_inst/O
                         net (fo=1875, routed)        1.615     5.217    tokenizer/clk
    SLICE_X58Y102        FDSE                                         r  tokenizer/token3_reg[93]/C
  -------------------------------------------------------------------    -------------------
    SLICE_X58Y102        FDSE (Prop_fdse_C_Q)         0.518     5.735 r  tokenizer/token3_reg[93]/Q
                         net (fo=19, routed)          0.781     6.516    tokenizer/token3[93]
    SLICE_X54Y101        LUT2 (Prop_lut2_I0_O)        0.116     6.632 r  tokenizer/imm[11]_i_13/O
                         net (fo=2, routed)           0.528     7.161    tokenizer/imm[11]_i_13_n_0
    SLICE_X54Y101        LUT6 (Prop_lut6_I3_O)        0.328     7.489 r  tokenizer/imm[7]_i_49/O
                         net (fo=33, routed)          0.435     7.923    tokenizer/imm[7]_i_49_n_0
    SLICE_X53Y102        LUT3 (Prop_lut3_I0_O)        0.124     8.047 r  tokenizer/imm[12]_i_220/O
                         net (fo=1, routed)           0.000     8.047    tokenizer/imm[12]_i_220_n_0
    SLICE_X53Y102        CARRY4 (Prop_carry4_S[1]_O[2])
                                                      0.580     8.627 r  tokenizer/imm_reg[12]_i_181/O[2]
                         net (fo=2, routed)           0.324     8.951    tokenizer/imm_reg[12]_i_181_n_5
    SLICE_X54Y102        LUT2 (Prop_lut2_I1_O)        0.302     9.253 r  tokenizer/imm[7]_i_50/O
                         net (fo=1, routed)           0.000     9.253    tokenizer/imm[7]_i_50_n_0
    SLICE_X54Y102        CARRY4 (Prop_carry4_S[3]_O[3])
                                                      0.255     9.508 r  tokenizer/imm_reg[7]_i_41/O[3]
                         net (fo=5, routed)           0.649    10.158    tokenizer/imm_reg[7]_i_41_n_4
    SLICE_X55Y102        LUT4 (Prop_lut4_I0_O)        0.307    10.465 r  tokenizer/imm[4]_i_102/O
                         net (fo=1, routed)           0.331    10.795    tokenizer/imm[4]_i_102_n_0
    SLICE_X55Y103        CARRY4 (Prop_carry4_DI[3]_CO[3])
                                                      0.385    11.180 r  tokenizer/imm_reg[4]_i_97/CO[3]
                         net (fo=1, routed)           0.000    11.180    tokenizer/imm_reg[4]_i_97_n_0
    SLICE_X55Y104        CARRY4 (Prop_carry4_CI_O[0])
                                                      0.222    11.402 r  tokenizer/imm_reg[12]_i_149/O[0]
                         net (fo=4, routed)           0.604    12.007    tokenizer/imm_reg[12]_i_149_n_7
    SLICE_X56Y104        LUT4 (Prop_lut4_I0_O)        0.299    12.306 r  tokenizer/imm[7]_i_39/O
                         net (fo=1, routed)           0.000    12.306    tokenizer/imm[7]_i_39_n_0
    SLICE_X56Y104        CARRY4 (Prop_carry4_S[1]_O[2])
                                                      0.578    12.884 r  tokenizer/imm_reg[7]_i_27/O[2]
                         net (fo=1, routed)           0.798    13.682    tokenizer/imm_reg[7]_i_27_n_5
    SLICE_X53Y105        LUT5 (Prop_lut5_I0_O)        0.329    14.011 r  tokenizer/imm[7]_i_11/O
                         net (fo=7, routed)           0.653    14.664    tokenizer/imm[7]_i_11_n_0
    SLICE_X59Y104        LUT2 (Prop_lut2_I0_O)        0.332    14.996 r  tokenizer/imm[12]_i_140/O
                         net (fo=1, routed)           0.000    14.996    tokenizer/imm[12]_i_140_n_0
    SLICE_X59Y104        CARRY4 (Prop_carry4_S[2]_O[2])
                                                      0.248    15.244 r  tokenizer/imm_reg[12]_i_87/O[2]
                         net (fo=3, routed)           0.650    15.894    tokenizer/imm_reg[12]_i_87_n_5
    SLICE_X57Y104        LUT3 (Prop_lut3_I2_O)        0.302    16.196 r  tokenizer/imm[7]_i_23/O
                         net (fo=1, routed)           0.000    16.196    tokenizer/imm[7]_i_23_n_0
    SLICE_X57Y104        CARRY4 (Prop_carry4_S[3]_O[3])
                                                      0.248    16.444 r  tokenizer/imm_reg[7]_i_10/O[3]
                         net (fo=4, routed)           0.849    17.293    tokenizer/imm_reg[7]_i_10_n_4
    SLICE_X58Y104        LUT5 (Prop_lut5_I1_O)        0.306    17.599 r  tokenizer/imm[12]_i_130/O
                         net (fo=1, routed)           0.000    17.599    tokenizer/imm[12]_i_130_n_0
    SLICE_X58Y104        CARRY4 (Prop_carry4_S[3]_O[3])
                                                      0.255    17.854 r  tokenizer/imm_reg[12]_i_81/O[3]
                         net (fo=3, routed)           0.655    18.508    tokenizer/imm_reg[12]_i_81_n_4
    SLICE_X60Y107        LUT2 (Prop_lut2_I1_O)        0.307    18.815 r  tokenizer/imm[12]_i_85/O
                         net (fo=1, routed)           0.000    18.815    tokenizer/imm[12]_i_85_n_0
    SLICE_X60Y107        CARRY4 (Prop_carry4_S[0]_O[1])
                                                      0.427    19.242 r  tokenizer/imm_reg[12]_i_45/O[1]
                         net (fo=1, routed)           0.740    19.983    tokenizer/imm_reg[12]_i_45_n_6
    SLICE_X54Y106        LUT5 (Prop_lut5_I0_O)        0.306    20.289 r  tokenizer/imm[10]_i_8/O
                         net (fo=7, routed)           0.830    21.119    tokenizer/imm[10]_i_8_n_0
    SLICE_X59Y112        LUT2 (Prop_lut2_I0_O)        0.124    21.243 r  tokenizer/imm[13]_i_202/O
                         net (fo=1, routed)           0.000    21.243    tokenizer/imm[13]_i_202_n_0
    SLICE_X59Y112        CARRY4 (Prop_carry4_S[1]_O[2])
                                                      0.580    21.823 r  tokenizer/imm_reg[13]_i_121/O[2]
                         net (fo=3, routed)           0.520    22.344    tokenizer/imm_reg[13]_i_121_n_5
    SLICE_X58Y112        LUT2 (Prop_lut2_I1_O)        0.302    22.646 r  tokenizer/imm[12]_i_77/O
                         net (fo=1, routed)           0.000    22.646    tokenizer/imm[12]_i_77_n_0
    SLICE_X58Y112        CARRY4 (Prop_carry4_S[3]_CO[3])
                                                      0.376    23.022 r  tokenizer/imm_reg[12]_i_44/CO[3]
                         net (fo=1, routed)           0.000    23.022    tokenizer/imm_reg[12]_i_44_n_0
    SLICE_X58Y113        CARRY4 (Prop_carry4_CI_O[1])
                                                      0.323    23.345 r  tokenizer/imm_reg[13]_i_48/O[1]
                         net (fo=2, routed)           0.565    23.910    tokenizer/imm_reg[13]_i_48_n_6
    SLICE_X60Y113        LUT5 (Prop_lut5_I1_O)        0.306    24.216 r  tokenizer/imm[13]_i_102/O
                         net (fo=7, routed)           0.563    24.778    tokenizer/imm[13]_i_102_n_0
    SLICE_X56Y113        LUT4 (Prop_lut4_I0_O)        0.124    24.902 r  tokenizer/imm[13]_i_105/O
                         net (fo=1, routed)           0.000    24.902    tokenizer/imm[13]_i_105_n_0
    SLICE_X56Y113        CARRY4 (Prop_carry4_S[1]_O[2])
                                                      0.578    25.480 r  tokenizer/imm_reg[13]_i_41/O[2]
                         net (fo=3, routed)           0.492    25.972    tokenizer/imm_reg[13]_i_41_n_5
    SLICE_X54Y112        LUT2 (Prop_lut2_I1_O)        0.301    26.273 r  tokenizer/imm[13]_i_43/O
                         net (fo=1, routed)           0.000    26.273    tokenizer/imm[13]_i_43_n_0
    SLICE_X54Y112        CARRY4 (Prop_carry4_S[3]_O[3])
                                                      0.255    26.528 r  tokenizer/imm_reg[13]_i_20/O[3]
                         net (fo=6, routed)           0.968    27.496    tokenizer/imm_reg[13]_i_20_n_4
    SLICE_X55Y115        LUT5 (Prop_lut5_I0_O)        0.307    27.803 r  tokenizer/imm[19]_i_54/O
                         net (fo=1, routed)           0.000    27.803    tokenizer/imm[19]_i_54_n_0
    SLICE_X55Y115        CARRY4 (Prop_carry4_S[3]_CO[3])
                                                      0.401    28.204 r  tokenizer/imm_reg[19]_i_31/CO[3]
                         net (fo=1, routed)           0.000    28.204    tokenizer/imm_reg[19]_i_31_n_0
    SLICE_X55Y116        CARRY4 (Prop_carry4_CI_O[0])
                                                      0.222    28.426 r  tokenizer/imm_reg[19]_i_30/O[0]
                         net (fo=3, routed)           0.446    28.872    tokenizer/imm_reg[19]_i_30_n_7
    SLICE_X57Y116        LUT2 (Prop_lut2_I1_O)        0.299    29.171 r  tokenizer/imm[19]_i_34/O
                         net (fo=1, routed)           0.000    29.171    tokenizer/imm[19]_i_34_n_0
    SLICE_X57Y116        CARRY4 (Prop_carry4_S[1]_O[2])
                                                      0.580    29.751 r  tokenizer/imm_reg[19]_i_19/O[2]
                         net (fo=4, routed)           0.749    30.500    tokenizer/imm_reg[19]_i_19_n_5
    SLICE_X51Y120        LUT3 (Prop_lut3_I2_O)        0.302    30.802 r  tokenizer/imm[24]_i_174/O
                         net (fo=2, routed)           0.763    31.565    tokenizer/imm[24]_i_174_n_0
    SLICE_X52Y116        LUT6 (Prop_lut6_I0_O)        0.124    31.689 r  tokenizer/imm[24]_i_177/O
                         net (fo=1, routed)           0.000    31.689    tokenizer/imm[24]_i_177_n_0
    SLICE_X52Y116        CARRY4 (Prop_carry4_S[2]_O[3])
                                                      0.352    32.041 r  tokenizer/imm_reg[24]_i_88/O[3]
                         net (fo=3, routed)           0.582    32.623    tokenizer/imm_reg[24]_i_88_n_4
    SLICE_X51Y117        LUT2 (Prop_lut2_I1_O)        0.306    32.929 r  tokenizer/imm[24]_i_92/O
                         net (fo=1, routed)           0.000    32.929    tokenizer/imm[24]_i_92_n_0
    SLICE_X51Y117        CARRY4 (Prop_carry4_S[0]_O[1])
                                                      0.424    33.353 r  tokenizer/imm_reg[24]_i_34/O[1]
                         net (fo=2, routed)           0.544    33.897    tokenizer/imm_reg[24]_i_34_n_6
    SLICE_X53Y117        LUT5 (Prop_lut5_I0_O)        0.298    34.195 r  tokenizer/imm[29]_i_62/O
                         net (fo=9, routed)           0.514    34.708    tokenizer/imm[29]_i_62_n_0
    SLICE_X50Y118        LUT2 (Prop_lut2_I0_O)        0.332    35.040 r  tokenizer/imm[29]_i_66/O
                         net (fo=1, routed)           0.000    35.040    tokenizer/imm[29]_i_66_n_0
    SLICE_X50Y118        CARRY4 (Prop_carry4_S[1]_O[2])
                                                      0.578    35.618 r  tokenizer/imm_reg[29]_i_34/O[2]
                         net (fo=3, routed)           0.643    36.262    tokenizer/imm_reg[29]_i_34_n_5
    SLICE_X44Y119        LUT2 (Prop_lut2_I1_O)        0.301    36.563 r  tokenizer/imm[24]_i_93/O
                         net (fo=1, routed)           0.000    36.563    tokenizer/imm[24]_i_93_n_0
    SLICE_X44Y119        CARRY4 (Prop_carry4_S[3]_CO[3])
                                                      0.401    36.964 r  tokenizer/imm_reg[24]_i_35/CO[3]
                         net (fo=1, routed)           0.000    36.964    tokenizer/imm_reg[24]_i_35_n_0
    SLICE_X44Y120        CARRY4 (Prop_carry4_CI_O[0])
                                                      0.222    37.186 r  tokenizer/imm_reg[29]_i_23/O[0]
                         net (fo=1, routed)           0.622    37.808    tokenizer/imm_reg[29]_i_23_n_7
    SLICE_X53Y119        LUT5 (Prop_lut5_I1_O)        0.299    38.107 r  tokenizer/imm[25]_i_11/O
                         net (fo=7, routed)           0.563    38.670    tokenizer/imm[25]_i_11_n_0
    SLICE_X49Y122        LUT6 (Prop_lut6_I0_O)        0.124    38.794 r  tokenizer/imm[30]_i_120/O
                         net (fo=1, routed)           0.000    38.794    tokenizer/imm[30]_i_120_n_0
    SLICE_X49Y122        CARRY4 (Prop_carry4_S[0]_O[0])
                                                      0.247    39.041 r  tokenizer/imm_reg[30]_i_51/O[0]
                         net (fo=3, routed)           0.448    39.489    tokenizer/imm_reg[30]_i_51_n_7
    SLICE_X48Y122        LUT2 (Prop_lut2_I1_O)        0.299    39.788 r  tokenizer/imm[30]_i_114/O
                         net (fo=1, routed)           0.000    39.788    tokenizer/imm[30]_i_114_n_0
    SLICE_X48Y122        CARRY4 (Prop_carry4_S[1]_O[2])
                                                      0.580    40.368 r  tokenizer/imm_reg[30]_i_50/O[2]
                         net (fo=2, routed)           0.808    41.176    tokenizer/imm_reg[30]_i_50_n_5
    SLICE_X47Y122        LUT3 (Prop_lut3_I2_O)        0.330    41.506 r  tokenizer/imm[31]_i_127/O
                         net (fo=3, routed)           0.634    42.140    tokenizer/imm[31]_i_127_n_0
    SLICE_X39Y122        LUT4 (Prop_lut4_I0_O)        0.332    42.472 r  tokenizer/imm[31]_i_131/O
                         net (fo=1, routed)           0.000    42.472    tokenizer/imm[31]_i_131_n_0
    SLICE_X39Y122        CARRY4 (Prop_carry4_S[2]_O[2])
                                                      0.248    42.720 r  tokenizer/imm_reg[31]_i_67/O[2]
                         net (fo=3, routed)           0.456    43.176    tokenizer/imm_reg[31]_i_67_n_5
    SLICE_X40Y123        LUT2 (Prop_lut2_I1_O)        0.302    43.478 r  tokenizer/imm[28]_i_102/O
                         net (fo=1, routed)           0.000    43.478    tokenizer/imm[28]_i_102_n_0
    SLICE_X40Y123        CARRY4 (Prop_carry4_S[3]_CO[3])
                                                      0.401    43.879 r  tokenizer/imm_reg[28]_i_53/CO[3]
                         net (fo=1, routed)           0.000    43.879    tokenizer/imm_reg[28]_i_53_n_0
    SLICE_X40Y124        CARRY4 (Prop_carry4_CI_O[1])
                                                      0.334    44.213 r  tokenizer/imm_reg[31]_i_28/O[1]
                         net (fo=1, routed)           0.946    45.160    tokenizer/imm_reg[31]_i_28_n_6
    SLICE_X47Y124        LUT2 (Prop_lut2_I1_O)        0.329    45.489 f  tokenizer/imm[30]_i_21/O
                         net (fo=1, routed)           0.460    45.948    tokenizer/imm[30]_i_21_n_0
    SLICE_X49Y126        LUT6 (Prop_lut6_I3_O)        0.326    46.274 f  tokenizer/imm[30]_i_6/O
                         net (fo=1, routed)           0.461    46.735    tokenizer/imm[30]_i_6_n_0
    SLICE_X51Y129        LUT6 (Prop_lut6_I4_O)        0.124    46.859 r  tokenizer/imm[30]_i_1/O
                         net (fo=1, routed)           0.000    46.859    operand_interpreter/imm_reg[31]_2[30]
    SLICE_X51Y129        FDRE                                         r  operand_interpreter/imm_reg[30]/D
  -------------------------------------------------------------------    -------------------

                         (clock sys_clk_pin rise edge)
                                                     50.000    50.000 r  <hidden>
    E3                                                0.000    50.000 r  CLK100MHZ
                         net (fo=0)                   0.000    50.000    CLK100MHZ
    E3                   IBUF (Prop_ibuf_I_O)         1.411    51.411 r  CLK100MHZ_IBUF_inst/O
                         net (fo=1, routed)           1.920    53.331    CLK100MHZ_IBUF
    BUFGCTRL_X0Y16       BUFG (Prop_bufg_I_O)         0.091    53.422 r  CLK100MHZ_IBUF_BUFG_inst/O
                         net (fo=1875, routed)        1.484    54.906    operand_interpreter/CLK100MHZ_IBUF_BUFG
    SLICE_X51Y129        FDRE                                         r  operand_interpreter/imm_reg[30]/C
                         clock pessimism              0.188    55.094    <hidden>
                         clock uncertainty           -0.035    55.059    <hidden>
    SLICE_X51Y129        FDRE (Setup_fdre_C_D)        0.031    55.090    operand_interpreter/imm_reg[30]
  -------------------------------------------------------------------
                         required time                         55.090    <hidden>
                         arrival time                         -46.859    <hidden>
  -------------------------------------------------------------------
                         slack                                  8.230    <hidden>

Slack (MET) :             8.416ns  (required time - arrival time)
  Source:                 tokenizer/token3_reg[93]/C
                            (rising edge-triggered cell FDSE clocked by sys_clk_pin  {rise@0.000ns fall@5.000ns period=50.000ns})
  Destination:            operand_interpreter/imm_reg[28]/D
                            (rising edge-triggered cell FDRE clocked by sys_clk_pin  {rise@0.000ns fall@5.000ns period=50.000ns})
  Path Group:             sys_clk_pin
  Path Type:              Setup (Max at Slow Process Corner)
  Requirement:            50.000ns  (sys_clk_pin rise@50.000ns - sys_clk_pin rise@0.000ns)
  Data Path Delay:        41.504ns  (logic 19.583ns (47.184%)  route 21.921ns (52.816%))
  Logic Levels:           60  (CARRY4=26 LUT2=13 LUT3=4 LUT4=5 LUT5=7 LUT6=5)
  Clock Path Skew:        -0.122ns (DCD - SCD + CPR)
    Destination Clock Delay (DCD):    4.907ns = ( 54.907 - 50.000 ) 
    Source Clock Delay      (SCD):    5.217ns
    Clock Pessimism Removal (CPR):    0.188ns
  Clock Uncertainty:      0.035ns  ((TSJ^2 + TIJ^2)^1/2 + DJ) / 2 + PE
    Total System Jitter     (TSJ):    0.071ns
    Total Input Jitter      (TIJ):    0.000ns
    Discrete Jitter          (DJ):    0.000ns
    Phase Error              (PE):    0.000ns

    Location             Delay type                Incr(ns)  Path(ns)    Netlist Resource(s)
  -------------------------------------------------------------------    -------------------
                         (clock sys_clk_pin rise edge)
                                                      0.000     0.000 r  <hidden>
    E3                                                0.000     0.000 r  CLK100MHZ
                         net (fo=0)                   0.000     0.000    CLK100MHZ
    E3                   IBUF (Prop_ibuf_I_O)         1.482     1.482 r  CLK100MHZ_IBUF_inst/O
                         net (fo=1, routed)           2.025     3.506    CLK100MHZ_IBUF
    BUFGCTRL_X0Y16       BUFG (Prop_bufg_I_O)         0.096     3.602 r  CLK100MHZ_IBUF_BUFG_inst/O
                         net (fo=1875, routed)        1.615     5.217    tokenizer/clk
    SLICE_X58Y102        FDSE                                         r  tokenizer/token3_reg[93]/C
  -------------------------------------------------------------------    -------------------
    SLICE_X58Y102        FDSE (Prop_fdse_C_Q)         0.518     5.735 r  tokenizer/token3_reg[93]/Q
                         net (fo=19, routed)          0.781     6.516    tokenizer/token3[93]
    SLICE_X54Y101        LUT2 (Prop_lut2_I0_O)        0.116     6.632 r  tokenizer/imm[11]_i_13/O
                         net (fo=2, routed)           0.528     7.161    tokenizer/imm[11]_i_13_n_0
    SLICE_X54Y101        LUT6 (Prop_lut6_I3_O)        0.328     7.489 r  tokenizer/imm[7]_i_49/O
                         net (fo=33, routed)          0.435     7.923    tokenizer/imm[7]_i_49_n_0
    SLICE_X53Y102        LUT3 (Prop_lut3_I0_O)        0.124     8.047 r  tokenizer/imm[12]_i_220/O
                         net (fo=1, routed)           0.000     8.047    tokenizer/imm[12]_i_220_n_0
    SLICE_X53Y102        CARRY4 (Prop_carry4_S[1]_O[2])
                                                      0.580     8.627 r  tokenizer/imm_reg[12]_i_181/O[2]
                         net (fo=2, routed)           0.324     8.951    tokenizer/imm_reg[12]_i_181_n_5
    SLICE_X54Y102        LUT2 (Prop_lut2_I1_O)        0.302     9.253 r  tokenizer/imm[7]_i_50/O
                         net (fo=1, routed)           0.000     9.253    tokenizer/imm[7]_i_50_n_0
    SLICE_X54Y102        CARRY4 (Prop_carry4_S[3]_O[3])
                                                      0.255     9.508 r  tokenizer/imm_reg[7]_i_41/O[3]
                         net (fo=5, routed)           0.649    10.158    tokenizer/imm_reg[7]_i_41_n_4
    SLICE_X55Y102        LUT4 (Prop_lut4_I0_O)        0.307    10.465 r  tokenizer/imm[4]_i_102/O
                         net (fo=1, routed)           0.331    10.795    tokenizer/imm[4]_i_102_n_0
    SLICE_X55Y103        CARRY4 (Prop_carry4_DI[3]_CO[3])
                                                      0.385    11.180 r  tokenizer/imm_reg[4]_i_97/CO[3]
                         net (fo=1, routed)           0.000    11.180    tokenizer/imm_reg[4]_i_97_n_0
    SLICE_X55Y104        CARRY4 (Prop_carry4_CI_O[0])
                                                      0.222    11.402 r  tokenizer/imm_reg[12]_i_149/O[0]
                         net (fo=4, routed)           0.604    12.007    tokenizer/imm_reg[12]_i_149_n_7
    SLICE_X56Y104        LUT4 (Prop_lut4_I0_O)        0.299    12.306 r  tokenizer/imm[7]_i_39/O
                         net (fo=1, routed)           0.000    12.306    tokenizer/imm[7]_i_39_n_0
    SLICE_X56Y104        CARRY4 (Prop_carry4_S[1]_O[2])
                                                      0.578    12.884 r  tokenizer/imm_reg[7]_i_27/O[2]
                         net (fo=1, routed)           0.798    13.682    tokenizer/imm_reg[7]_i_27_n_5
    SLICE_X53Y105        LUT5 (Prop_lut5_I0_O)        0.329    14.011 r  tokenizer/imm[7]_i_11/O
                         net (fo=7, routed)           0.653    14.664    tokenizer/imm[7]_i_11_n_0
    SLICE_X59Y104        LUT2 (Prop_lut2_I0_O)        0.332    14.996 r  tokenizer/imm[12]_i_140/O
                         net (fo=1, routed)           0.000    14.996    tokenizer/imm[12]_i_140_n_0
    SLICE_X59Y104        CARRY4 (Prop_carry4_S[2]_O[2])
                                                      0.248    15.244 r  tokenizer/imm_reg[12]_i_87/O[2]
                         net (fo=3, routed)           0.650    15.894    tokenizer/imm_reg[12]_i_87_n_5
    SLICE_X57Y104        LUT3 (Prop_lut3_I2_O)        0.302    16.196 r  tokenizer/imm[7]_i_23/O
                         net (fo=1, routed)           0.000    16.196    tokenizer/imm[7]_i_23_n_0
    SLICE_X57Y104        CARRY4 (Prop_carry4_S[3]_O[3])
                                                      0.248    16.444 r  tokenizer/imm_reg[7]_i_10/O[3]
                         net (fo=4, routed)           0.849    17.293    tokenizer/imm_reg[7]_i_10_n_4
    SLICE_X58Y104        LUT5 (Prop_lut5_I1_O)        0.306    17.599 r  tokenizer/imm[12]_i_130/O
                         net (fo=1, routed)           0.000    17.599    tokenizer/imm[12]_i_130_n_0
    SLICE_X58Y104        CARRY4 (Prop_carry4_S[3]_O[3])
                                                      0.255    17.854 r  tokenizer/imm_reg[12]_i_81/O[3]
                         net (fo=3, routed)           0.655    18.508    tokenizer/imm_reg[12]_i_81_n_4
    SLICE_X60Y107        LUT2 (Prop_lut2_I1_O)        0.307    18.815 r  tokenizer/imm[12]_i_85/O
                         net (fo=1, routed)           0.000    18.815    tokenizer/imm[12]_i_85_n_0
    SLICE_X60Y107        CARRY4 (Prop_carry4_S[0]_O[1])
                                                      0.427    19.242 r  tokenizer/imm_reg[12]_i_45/O[1]
                         net (fo=1, routed)           0.740    19.983    tokenizer/imm_reg[12]_i_45_n_6
    SLICE_X54Y106        LUT5 (Prop_lut5_I0_O)        0.306    20.289 r  tokenizer/imm[10]_i_8/O
                         net (fo=7, routed)           0.830    21.119    tokenizer/imm[10]_i_8_n_0
    SLICE_X59Y112        LUT2 (Prop_lut2_I0_O)        0.124    21.243 r  tokenizer/imm[13]_i_202/O
                         net (fo=1, routed)           0.000    21.243    tokenizer/imm[13]_i_202_n_0
    SLICE_X59Y112        CARRY4 (Prop_carry4_S[1]_O[2])
                                                      0.580    21.823 r  tokenizer/imm_reg[13]_i_121/O[2]
                         net (fo=3, routed)           0.520    22.344    tokenizer/imm_reg[13]_i_121_n_5
    SLICE_X58Y112        LUT2 (Prop_lut2_I1_O)        0.302    22.646 r  tokenizer/imm[12]_i_77/O
                         net (fo=1, routed)           0.000    22.646    tokenizer/imm[12]_i_77_n_0
    SLICE_X58Y112        CARRY4 (Prop_carry4_S[3]_CO[3])
                                                      0.376    23.022 r  tokenizer/imm_reg[12]_i_44/CO[3]
                         net (fo=1, routed)           0.000    23.022    tokenizer/imm_reg[12]_i_44_n_0
    SLICE_X58Y113        CARRY4 (Prop_carry4_CI_O[1])
                                                      0.323    23.345 r  tokenizer/imm_reg[13]_i_48/O[1]
                         net (fo=2, routed)           0.565    23.910    tokenizer/imm_reg[13]_i_48_n_6
    SLICE_X60Y113        LUT5 (Prop_lut5_I1_O)        0.306    24.216 r  tokenizer/imm[13]_i_102/O
                         net (fo=7, routed)           0.563    24.778    tokenizer/imm[13]_i_102_n_0
    SLICE_X56Y113        LUT4 (Prop_lut4_I0_O)        0.124    24.902 r  tokenizer/imm[13]_i_105/O
                         net (fo=1, routed)           0.000    24.902    tokenizer/imm[13]_i_105_n_0
    SLICE_X56Y113        CARRY4 (Prop_carry4_S[1]_O[2])
                                                      0.578    25.480 r  tokenizer/imm_reg[13]_i_41/O[2]
                         net (fo=3, routed)           0.492    25.972    tokenizer/imm_reg[13]_i_41_n_5
    SLICE_X54Y112        LUT2 (Prop_lut2_I1_O)        0.301    26.273 r  tokenizer/imm[13]_i_43/O
                         net (fo=1, routed)           0.000    26.273    tokenizer/imm[13]_i_43_n_0
    SLICE_X54Y112        CARRY4 (Prop_carry4_S[3]_O[3])
                                                      0.255    26.528 r  tokenizer/imm_reg[13]_i_20/O[3]
                         net (fo=6, routed)           0.968    27.496    tokenizer/imm_reg[13]_i_20_n_4
    SLICE_X55Y115        LUT5 (Prop_lut5_I0_O)        0.307    27.803 r  tokenizer/imm[19]_i_54/O
                         net (fo=1, routed)           0.000    27.803    tokenizer/imm[19]_i_54_n_0
    SLICE_X55Y115        CARRY4 (Prop_carry4_S[3]_CO[3])
                                                      0.401    28.204 r  tokenizer/imm_reg[19]_i_31/CO[3]
                         net (fo=1, routed)           0.000    28.204    tokenizer/imm_reg[19]_i_31_n_0
    SLICE_X55Y116        CARRY4 (Prop_carry4_CI_O[0])
                                                      0.222    28.426 r  tokenizer/imm_reg[19]_i_30/O[0]
                         net (fo=3, routed)           0.446    28.872    tokenizer/imm_reg[19]_i_30_n_7
    SLICE_X57Y116        LUT2 (Prop_lut2_I1_O)        0.299    29.171 r  tokenizer/imm[19]_i_34/O
                         net (fo=1, routed)           0.000    29.171    tokenizer/imm[19]_i_34_n_0
    SLICE_X57Y116        CARRY4 (Prop_carry4_S[1]_O[2])
                                                      0.580    29.751 r  tokenizer/imm_reg[19]_i_19/O[2]
                         net (fo=4, routed)           0.749    30.500    tokenizer/imm_reg[19]_i_19_n_5
    SLICE_X51Y120        LUT3 (Prop_lut3_I2_O)        0.302    30.802 r  tokenizer/imm[24]_i_174/O
                         net (fo=2, routed)           0.763    31.565    tokenizer/imm[24]_i_174_n_0
    SLICE_X52Y116        LUT6 (Prop_lut6_I0_O)        0.124    31.689 r  tokenizer/imm[24]_i_177/O
                         net (fo=1, routed)           0.000    31.689    tokenizer/imm[24]_i_177_n_0
    SLICE_X52Y116        CARRY4 (Prop_carry4_S[2]_O[3])
                                                      0.352    32.041 r  tokenizer/imm_reg[24]_i_88/O[3]
                         net (fo=3, routed)           0.582    32.623    tokenizer/imm_reg[24]_i_88_n_4
    SLICE_X51Y117        LUT2 (Prop_lut2_I1_O)        0.306    32.929 r  tokenizer/imm[24]_i_92/O
                         net (fo=1, routed)           0.000    32.929    tokenizer/imm[24]_i_92_n_0
    SLICE_X51Y117        CARRY4 (Prop_carry4_S[0]_O[1])
                                                      0.424    33.353 r  tokenizer/imm_reg[24]_i_34/O[1]
                         net (fo=2, routed)           0.544    33.897    tokenizer/imm_reg[24]_i_34_n_6
    SLICE_X53Y117        LUT5 (Prop_lut5_I0_O)        0.298    34.195 r  tokenizer/imm[29]_i_62/O
                         net (fo=9, routed)           0.514    34.708    tokenizer/imm[29]_i_62_n_0
    SLICE_X50Y118        LUT2 (Prop_lut2_I0_O)        0.332    35.040 r  tokenizer/imm[29]_i_66/O
                         net (fo=1, routed)           0.000    35.040    tokenizer/imm[29]_i_66_n_0
    SLICE_X50Y118        CARRY4 (Prop_carry4_S[1]_O[2])
                                                      0.578    35.618 r  tokenizer/imm_reg[29]_i_34/O[2]
                         net (fo=3, routed)           0.643    36.262    tokenizer/imm_reg[29]_i_34_n_5
    SLICE_X44Y119        LUT2 (Prop_lut2_I1_O)        0.301    36.563 r  tokenizer/imm[24]_i_93/O
                         net (fo=1, routed)           0.000    36.563    tokenizer/imm[24]_i_93_n_0
    SLICE_X44Y119        CARRY4 (Prop_carry4_S[3]_CO[3])
                                                      0.401    36.964 r  tokenizer/imm_reg[24]_i_35/CO[3]
                         net (fo=1, routed)           0.000    36.964    tokenizer/imm_reg[24]_i_35_n_0
    SLICE_X44Y120        CARRY4 (Prop_carry4_CI_O[0])
                                                      0.222    37.186 r  tokenizer/imm_reg[29]_i_23/O[0]
                         net (fo=1, routed)           0.622    37.808    tokenizer/imm_reg[29]_i_23_n_7
    SLICE_X53Y119        LUT5 (Prop_lut5_I1_O)        0.299    38.107 r  tokenizer/imm[25]_i_11/O
                         net (fo=7, routed)           0.563    38.670    tokenizer/imm[25]_i_11_n_0
    SLICE_X49Y122        LUT6 (Prop_lut6_I0_O)        0.124    38.794 r  tokenizer/imm[30]_i_120/O
                         net (fo=1, routed)           0.000    38.794    tokenizer/imm[30]_i_120_n_0
    SLICE_X49Y122        CARRY4 (Prop_carry4_S[0]_O[0])
                                                      0.247    39.041 r  tokenizer/imm_reg[30]_i_51/O[0]
                         net (fo=3, routed)           0.448    39.489    tokenizer/imm_reg[30]_i_51_n_7
    SLICE_X48Y122        LUT2 (Prop_lut2_I1_O)        0.299    39.788 r  tokenizer/imm[30]_i_114/O
                         net (fo=1, routed)           0.000    39.788    tokenizer/imm[30]_i_114_n_0
    SLICE_X48Y122        CARRY4 (Prop_carry4_S[1]_O[2])
                                                      0.580    40.368 r  tokenizer/imm_reg[30]_i_50/O[2]
                         net (fo=2, routed)           0.808    41.176    tokenizer/imm_reg[30]_i_50_n_5
    SLICE_X47Y122        LUT3 (Prop_lut3_I2_O)        0.330    41.506 r  tokenizer/imm[31]_i_127/O
                         net (fo=3, routed)           0.634    42.140    tokenizer/imm[31]_i_127_n_0
    SLICE_X39Y122        LUT4 (Prop_lut4_I0_O)        0.332    42.472 r  tokenizer/imm[31]_i_131/O
                         net (fo=1, routed)           0.000    42.472    tokenizer/imm[31]_i_131_n_0
    SLICE_X39Y122        CARRY4 (Prop_carry4_S[2]_O[2])
                                                      0.248    42.720 r  tokenizer/imm_reg[31]_i_67/O[2]
                         net (fo=3, routed)           0.456    43.176    tokenizer/imm_reg[31]_i_67_n_5
    SLICE_X40Y123        LUT2 (Prop_lut2_I1_O)        0.302    43.478 r  tokenizer/imm[28]_i_102/O
                         net (fo=1, routed)           0.000    43.478    tokenizer/imm[28]_i_102_n_0
    SLICE_X40Y123        CARRY4 (Prop_carry4_S[3]_O[3])
                                                      0.248    43.726 r  tokenizer/imm_reg[28]_i_53/O[3]
                         net (fo=1, routed)           0.794    44.520    tokenizer/imm_reg[28]_i_53_n_4
    SLICE_X47Y123        LUT4 (Prop_lut4_I2_O)        0.332    44.852 f  tokenizer/imm[28]_i_17/O
                         net (fo=1, routed)           0.436    45.289    tokenizer/imm[28]_i_17_n_0
    SLICE_X47Y123        LUT6 (Prop_lut6_I0_O)        0.326    45.615 f  tokenizer/imm[28]_i_6/O
                         net (fo=1, routed)           0.982    46.597    tokenizer/imm[28]_i_6_n_0
    SLICE_X50Y131        LUT6 (Prop_lut6_I4_O)        0.124    46.721 r  tokenizer/imm[28]_i_1/O
                         net (fo=1, routed)           0.000    46.721    operand_interpreter/imm_reg[31]_2[28]
    SLICE_X50Y131        FDRE                                         r  operand_interpreter/imm_reg[28]/D
  -------------------------------------------------------------------    -------------------

                         (clock sys_clk_pin rise edge)
                                                     50.000    50.000 r  <hidden>
    E3                                                0.000    50.000 r  CLK100MHZ
                         net (fo=0)                   0.000    50.000    CLK100MHZ
    E3                   IBUF (Prop_ibuf_I_O)         1.411    51.411 r  CLK100MHZ_IBUF_inst/O
                         net (fo=1, routed)           1.920    53.331    CLK100MHZ_IBUF
    BUFGCTRL_X0Y16       BUFG (Prop_bufg_I_O)         0.091    53.422 r  CLK100MHZ_IBUF_BUFG_inst/O
                         net (fo=1875, routed)        1.485    54.907    operand_interpreter/CLK100MHZ_IBUF_BUFG
    SLICE_X50Y131        FDRE                                         r  operand_interpreter/imm_reg[28]/C
                         clock pessimism              0.188    55.095    <hidden>
                         clock uncertainty           -0.035    55.060    <hidden>
    SLICE_X50Y131        FDRE (Setup_fdre_C_D)        0.077    55.137    operand_interpreter/imm_reg[28]
  -------------------------------------------------------------------
                         required time                         55.137    <hidden>
                         arrival time                         -46.721    <hidden>
  -------------------------------------------------------------------
                         slack                                  8.416    <hidden>

Slack (MET) :             8.608ns  (required time - arrival time)
  Source:                 tokenizer/token3_reg[93]/C
                            (rising edge-triggered cell FDSE clocked by sys_clk_pin  {rise@0.000ns fall@5.000ns period=50.000ns})
  Destination:            operand_interpreter/imm_reg[29]/D
                            (rising edge-triggered cell FDRE clocked by sys_clk_pin  {rise@0.000ns fall@5.000ns period=50.000ns})
  Path Group:             sys_clk_pin
  Path Type:              Setup (Max at Slow Process Corner)
  Requirement:            50.000ns  (sys_clk_pin rise@50.000ns - sys_clk_pin rise@0.000ns)
  Data Path Delay:        41.313ns  (logic 19.723ns (47.740%)  route 21.590ns (52.260%))
  Logic Levels:           61  (CARRY4=27 LUT2=13 LUT3=4 LUT4=4 LUT5=7 LUT6=6)
  Clock Path Skew:        -0.122ns (DCD - SCD + CPR)
    Destination Clock Delay (DCD):    4.907ns = ( 54.907 - 50.000 ) 
    Source Clock Delay      (SCD):    5.217ns
    Clock Pessimism Removal (CPR):    0.188ns
  Clock Uncertainty:      0.035ns  ((TSJ^2 + TIJ^2)^1/2 + DJ) / 2 + PE
    Total System Jitter     (TSJ):    0.071ns
    Total Input Jitter      (TIJ):    0.000ns
    Discrete Jitter          (DJ):    0.000ns
    Phase Error              (PE):    0.000ns

    Location             Delay type                Incr(ns)  Path(ns)    Netlist Resource(s)
  -------------------------------------------------------------------    -------------------
                         (clock sys_clk_pin rise edge)
                                                      0.000     0.000 r  <hidden>
    E3                                                0.000     0.000 r  CLK100MHZ
                         net (fo=0)                   0.000     0.000    CLK100MHZ
    E3                   IBUF (Prop_ibuf_I_O)         1.482     1.482 r  CLK100MHZ_IBUF_inst/O
                         net (fo=1, routed)           2.025     3.506    CLK100MHZ_IBUF
    BUFGCTRL_X0Y16       BUFG (Prop_bufg_I_O)         0.096     3.602 r  CLK100MHZ_IBUF_BUFG_inst/O
                         net (fo=1875, routed)        1.615     5.217    tokenizer/clk
    SLICE_X58Y102        FDSE                                         r  tokenizer/token3_reg[93]/C
  -------------------------------------------------------------------    -------------------
    SLICE_X58Y102        FDSE (Prop_fdse_C_Q)         0.518     5.735 r  tokenizer/token3_reg[93]/Q
                         net (fo=19, routed)          0.781     6.516    tokenizer/token3[93]
    SLICE_X54Y101        LUT2 (Prop_lut2_I0_O)        0.116     6.632 r  tokenizer/imm[11]_i_13/O
                         net (fo=2, routed)           0.528     7.161    tokenizer/imm[11]_i_13_n_0
    SLICE_X54Y101        LUT6 (Prop_lut6_I3_O)        0.328     7.489 r  tokenizer/imm[7]_i_49/O
                         net (fo=33, routed)          0.435     7.923    tokenizer/imm[7]_i_49_n_0
    SLICE_X53Y102        LUT3 (Prop_lut3_I0_O)        0.124     8.047 r  tokenizer/imm[12]_i_220/O
                         net (fo=1, routed)           0.000     8.047    tokenizer/imm[12]_i_220_n_0
    SLICE_X53Y102        CARRY4 (Prop_carry4_S[1]_O[2])
                                                      0.580     8.627 r  tokenizer/imm_reg[12]_i_181/O[2]
                         net (fo=2, routed)           0.324     8.951    tokenizer/imm_reg[12]_i_181_n_5
    SLICE_X54Y102        LUT2 (Prop_lut2_I1_O)        0.302     9.253 r  tokenizer/imm[7]_i_50/O
                         net (fo=1, routed)           0.000     9.253    tokenizer/imm[7]_i_50_n_0
    SLICE_X54Y102        CARRY4 (Prop_carry4_S[3]_O[3])
                                                      0.255     9.508 r  tokenizer/imm_reg[7]_i_41/O[3]
                         net (fo=5, routed)           0.649    10.158    tokenizer/imm_reg[7]_i_41_n_4
    SLICE_X55Y102        LUT4 (Prop_lut4_I0_O)        0.307    10.465 r  tokenizer/imm[4]_i_102/O
                         net (fo=1, routed)           0.331    10.795    tokenizer/imm[4]_i_102_n_0
    SLICE_X55Y103        CARRY4 (Prop_carry4_DI[3]_CO[3])
                                                      0.385    11.180 r  tokenizer/imm_reg[4]_i_97/CO[3]
                         net (fo=1, routed)           0.000    11.180    tokenizer/imm_reg[4]_i_97_n_0
    SLICE_X55Y104        CARRY4 (Prop_carry4_CI_O[0])
                                                      0.222    11.402 r  tokenizer/imm_reg[12]_i_149/O[0]
                         net (fo=4, routed)           0.604    12.007    tokenizer/imm_reg[12]_i_149_n_7
    SLICE_X56Y104        LUT4 (Prop_lut4_I0_O)        0.299    12.306 r  tokenizer/imm[7]_i_39/O
                         net (fo=1, routed)           0.000    12.306    tokenizer/imm[7]_i_39_n_0
    SLICE_X56Y104        CARRY4 (Prop_carry4_S[1]_O[2])
                                                      0.578    12.884 r  tokenizer/imm_reg[7]_i_27/O[2]
                         net (fo=1, routed)           0.798    13.682    tokenizer/imm_reg[7]_i_27_n_5
    SLICE_X53Y105        LUT5 (Prop_lut5_I0_O)        0.329    14.011 r  tokenizer/imm[7]_i_11/O
                         net (fo=7, routed)           0.653    14.664    tokenizer/imm[7]_i_11_n_0
    SLICE_X59Y104        LUT2 (Prop_lut2_I0_O)        0.332    14.996 r  tokenizer/imm[12]_i_140/O
                         net (fo=1, routed)           0.000    14.996    tokenizer/imm[12]_i_140_n_0
    SLICE_X59Y104        CARRY4 (Prop_carry4_S[2]_O[2])
                                                      0.248    15.244 r  tokenizer/imm_reg[12]_i_87/O[2]
                         net (fo=3, routed)           0.650    15.894    tokenizer/imm_reg[12]_i_87_n_5
    SLICE_X57Y104        LUT3 (Prop_lut3_I2_O)        0.302    16.196 r  tokenizer/imm[7]_i_23/O
                         net (fo=1, routed)           0.000    16.196    tokenizer/imm[7]_i_23_n_0
    SLICE_X57Y104        CARRY4 (Prop_carry4_S[3]_O[3])
                                                      0.248    16.444 r  tokenizer/imm_reg[7]_i_10/O[3]
                         net (fo=4, routed)           0.849    17.293    tokenizer/imm_reg[7]_i_10_n_4
    SLICE_X58Y104        LUT5 (Prop_lut5_I1_O)        0.306    17.599 r  tokenizer/imm[12]_i_130/O
                         net (fo=1, routed)           0.000    17.599    tokenizer/imm[12]_i_130_n_0
    SLICE_X58Y104        CARRY4 (Prop_carry4_S[3]_O[3])
                                                      0.255    17.854 r  tokenizer/imm_reg[12]_i_81/O[3]
                         net (fo=3, routed)           0.655    18.508    tokenizer/imm_reg[12]_i_81_n_4
    SLICE_X60Y107        LUT2 (Prop_lut2_I1_O)        0.307    18.815 r  tokenizer/imm[12]_i_85/O
                         net (fo=1, routed)           0.000    18.815    tokenizer/imm[12]_i_85_n_0
    SLICE_X60Y107        CARRY4 (Prop_carry4_S[0]_O[1])
                                                      0.427    19.242 r  tokenizer/imm_reg[12]_i_45/O[1]
                         net (fo=1, routed)           0.740    19.983    tokenizer/imm_reg[12]_i_45_n_6
    SLICE_X54Y106        LUT5 (Prop_lut5_I0_O)        0.306    20.289 r  tokenizer/imm[10]_i_8/O
                         net (fo=7, routed)           0.830    21.119    tokenizer/imm[10]_i_8_n_0
    SLICE_X59Y112        LUT2 (Prop_lut2_I0_O)        0.124    21.243 r  tokenizer/imm[13]_i_202/O
                         net (fo=1, routed)           0.000    21.243    tokenizer/imm[13]_i_202_n_0
    SLICE_X59Y112        CARRY4 (Prop_carry4_S[1]_O[2])
                                                      0.580    21.823 r  tokenizer/imm_reg[13]_i_121/O[2]
                         net (fo=3, routed)           0.520    22.344    tokenizer/imm_reg[13]_i_121_n_5
    SLICE_X58Y112        LUT2 (Prop_lut2_I1_O)        0.302    22.646 r  tokenizer/imm[12]_i_77/O
                         net (fo=1, routed)           0.000    22.646    tokenizer/imm[12]_i_77_n_0
    SLICE_X58Y112        CARRY4 (Prop_carry4_S[3]_CO[3])
                                                      0.376    23.022 r  tokenizer/imm_reg[12]_i_44/CO[3]
                         net (fo=1, routed)           0.000    23.022    tokenizer/imm_reg[12]_i_44_n_0
    SLICE_X58Y113        CARRY4 (Prop_carry4_CI_O[1])
                                                      0.323    23.345 r  tokenizer/imm_reg[13]_i_48/O[1]
                         net (fo=2, routed)           0.565    23.910    tokenizer/imm_reg[13]_i_48_n_6
    SLICE_X60Y113        LUT5 (Prop_lut5_I1_O)        0.306    24.216 r  tokenizer/imm[13]_i_102/O
                         net (fo=7, routed)           0.563    24.778    tokenizer/imm[13]_i_102_n_0
    SLICE_X56Y113        LUT4 (Prop_lut4_I0_O)        0.124    24.902 r  tokenizer/imm[13]_i_105/O
                         net (fo=1, routed)           0.000    24.902    tokenizer/imm[13]_i_105_n_0
    SLICE_X56Y113        CARRY4 (Prop_carry4_S[1]_O[2])
                                                      0.578    25.480 r  tokenizer/imm_reg[13]_i_41/O[2]
                         net (fo=3, routed)           0.492    25.972    tokenizer/imm_reg[13]_i_41_n_5
    SLICE_X54Y112        LUT2 (Prop_lut2_I1_O)        0.301    26.273 r  tokenizer/imm[13]_i_43/O
                         net (fo=1, routed)           0.000    26.273    tokenizer/imm[13]_i_43_n_0
    SLICE_X54Y112        CARRY4 (Prop_carry4_S[3]_O[3])
                                                      0.255    26.528 r  tokenizer/imm_reg[13]_i_20/O[3]
                         net (fo=6, routed)           0.968    27.496    tokenizer/imm_reg[13]_i_20_n_4
    SLICE_X55Y115        LUT5 (Prop_lut5_I0_O)        0.307    27.803 r  tokenizer/imm[19]_i_54/O
                         net (fo=1, routed)           0.000    27.803    tokenizer/imm[19]_i_54_n_0
    SLICE_X55Y115        CARRY4 (Prop_carry4_S[3]_CO[3])
                                                      0.401    28.204 r  tokenizer/imm_reg[19]_i_31/CO[3]
                         net (fo=1, routed)           0.000    28.204    tokenizer/imm_reg[19]_i_31_n_0
    SLICE_X55Y116        CARRY4 (Prop_carry4_CI_O[0])
                                                      0.222    28.426 r  tokenizer/imm_reg[19]_i_30/O[0]
                         net (fo=3, routed)           0.446    28.872    tokenizer/imm_reg[19]_i_30_n_7
    SLICE_X57Y116        LUT2 (Prop_lut2_I1_O)        0.299    29.171 r  tokenizer/imm[19]_i_34/O
                         net (fo=1, routed)           0.000    29.171    tokenizer/imm[19]_i_34_n_0
    SLICE_X57Y116        CARRY4 (Prop_carry4_S[1]_O[2])
                                                      0.580    29.751 r  tokenizer/imm_reg[19]_i_19/O[2]
                         net (fo=4, routed)           0.749    30.500    tokenizer/imm_reg[19]_i_19_n_5
    SLICE_X51Y120        LUT3 (Prop_lut3_I2_O)        0.302    30.802 r  tokenizer/imm[24]_i_174/O
                         net (fo=2, routed)           0.763    31.565    tokenizer/imm[24]_i_174_n_0
    SLICE_X52Y116        LUT6 (Prop_lut6_I0_O)        0.124    31.689 r  tokenizer/imm[24]_i_177/O
                         net (fo=1, routed)           0.000    31.689    tokenizer/imm[24]_i_177_n_0
    SLICE_X52Y116        CARRY4 (Prop_carry4_S[2]_O[3])
                                                      0.352    32.041 r  tokenizer/imm_reg[24]_i_88/O[3]
                         net (fo=3, routed)           0.582    32.623    tokenizer/imm_reg[24]_i_88_n_4
    SLICE_X51Y117        LUT2 (Prop_lut2_I1_O)        0.306    32.929 r  tokenizer/imm[24]_i_92/O
                         net (fo=1, routed)           0.000    32.929    tokenizer/imm[24]_i_92_n_0
    SLICE_X51Y117        CARRY4 (Prop_carry4_S[0]_O[1])
                                                      0.424    33.353 r  tokenizer/imm_reg[24]_i_34/O[1]
                         net (fo=2, routed)           0.544    33.897    tokenizer/imm_reg[24]_i_34_n_6
    SLICE_X53Y117        LUT5 (Prop_lut5_I0_O)        0.298    34.195 r  tokenizer/imm[29]_i_62/O
                         net (fo=9, routed)           0.514    34.708    tokenizer/imm[29]_i_62_n_0
    SLICE_X50Y118        LUT2 (Prop_lut2_I0_O)        0.332    35.040 r  tokenizer/imm[29]_i_66/O
                         net (fo=1, routed)           0.000    35.040    tokenizer/imm[29]_i_66_n_0
    SLICE_X50Y118        CARRY4 (Prop_carry4_S[1]_O[2])
                                                      0.578    35.618 r  tokenizer/imm_reg[29]_i_34/O[2]
                         net (fo=3, routed)           0.643    36.262    tokenizer/imm_reg[29]_i_34_n_5
    SLICE_X44Y119        LUT2 (Prop_lut2_I1_O)        0.301    36.563 r  tokenizer/imm[24]_i_93/O
                         net (fo=1, routed)           0.000    36.563    tokenizer/imm[24]_i_93_n_0
    SLICE_X44Y119        CARRY4 (Prop_carry4_S[3]_CO[3])
                                                      0.401    36.964 r  tokenizer/imm_reg[24]_i_35/CO[3]
                         net (fo=1, routed)           0.000    36.964    tokenizer/imm_reg[24]_i_35_n_0
    SLICE_X44Y120        CARRY4 (Prop_carry4_CI_O[0])
                                                      0.222    37.186 r  tokenizer/imm_reg[29]_i_23/O[0]
                         net (fo=1, routed)           0.622    37.808    tokenizer/imm_reg[29]_i_23_n_7
    SLICE_X53Y119        LUT5 (Prop_lut5_I1_O)        0.299    38.107 r  tokenizer/imm[25]_i_11/O
                         net (fo=7, routed)           0.563    38.670    tokenizer/imm[25]_i_11_n_0
    SLICE_X49Y122        LUT6 (Prop_lut6_I0_O)        0.124    38.794 r  tokenizer/imm[30]_i_120/O
                         net (fo=1, routed)           0.000    38.794    tokenizer/imm[30]_i_120_n_0
    SLICE_X49Y122        CARRY4 (Prop_carry4_S[0]_O[0])
                                                      0.247    39.041 r  tokenizer/imm_reg[30]_i_51/O[0]
                         net (fo=3, routed)           0.448    39.489    tokenizer/imm_reg[30]_i_51_n_7
    SLICE_X48Y122        LUT2 (Prop_lut2_I1_O)        0.299    39.788 r  tokenizer/imm[30]_i_114/O
                         net (fo=1, routed)           0.000    39.788    tokenizer/imm[30]_i_114_n_0
    SLICE_X48Y122        CARRY4 (Prop_carry4_S[1]_O[2])
                                                      0.580    40.368 r  tokenizer/imm_reg[30]_i_50/O[2]
                         net (fo=2, routed)           0.808    41.176    tokenizer/imm_reg[30]_i_50_n_5
    SLICE_X47Y122        LUT3 (Prop_lut3_I2_O)        0.330    41.506 r  tokenizer/imm[31]_i_127/O
                         net (fo=3, routed)           0.634    42.140    tokenizer/imm[31]_i_127_n_0
    SLICE_X39Y122        LUT4 (Prop_lut4_I0_O)        0.332    42.472 r  tokenizer/imm[31]_i_131/O
                         net (fo=1, routed)           0.000    42.472    tokenizer/imm[31]_i_131_n_0
    SLICE_X39Y122        CARRY4 (Prop_carry4_S[2]_O[2])
                                                      0.248    42.720 r  tokenizer/imm_reg[31]_i_67/O[2]
                         net (fo=3, routed)           0.456    43.176    tokenizer/imm_reg[31]_i_67_n_5
    SLICE_X40Y123        LUT2 (Prop_lut2_I1_O)        0.302    43.478 r  tokenizer/imm[28]_i_102/O
                         net (fo=1, routed)           0.000    43.478    tokenizer/imm[28]_i_102_n_0
    SLICE_X40Y123        CARRY4 (Prop_carry4_S[3]_CO[3])
                                                      0.401    43.879 r  tokenizer/imm_reg[28]_i_53/CO[3]
                         net (fo=1, routed)           0.000    43.879    tokenizer/imm_reg[28]_i_53_n_0
    SLICE_X40Y124        CARRY4 (Prop_carry4_CI_O[0])
                                                      0.222    44.101 r  tokenizer/imm_reg[31]_i_28/O[0]
                         net (fo=1, routed)           0.585    44.686    tokenizer/imm_reg[31]_i_28_n_7
    SLICE_X47Y124        LUT6 (Prop_lut6_I1_O)        0.299    44.985 f  tokenizer/imm[29]_i_11/O
                         net (fo=2, routed)           0.435    45.420    tokenizer/imm[29]_i_11_n_0
    SLICE_X49Y124        LUT6 (Prop_lut6_I5_O)        0.124    45.544 f  tokenizer/imm[29]_i_5/O
                         net (fo=1, routed)           0.862    46.406    tokenizer/imm[29]_i_5_n_0
    SLICE_X50Y131        LUT6 (Prop_lut6_I4_O)        0.124    46.530 r  tokenizer/imm[29]_i_1/O
                         net (fo=1, routed)           0.000    46.530    operand_interpreter/imm_reg[31]_2[29]
    SLICE_X50Y131        FDRE                                         r  operand_interpreter/imm_reg[29]/D
  -------------------------------------------------------------------    -------------------

                         (clock sys_clk_pin rise edge)
                                                     50.000    50.000 r  <hidden>
    E3                                                0.000    50.000 r  CLK100MHZ
                         net (fo=0)                   0.000    50.000    CLK100MHZ
    E3                   IBUF (Prop_ibuf_I_O)         1.411    51.411 r  CLK100MHZ_IBUF_inst/O
                         net (fo=1, routed)           1.920    53.331    CLK100MHZ_IBUF
    BUFGCTRL_X0Y16       BUFG (Prop_bufg_I_O)         0.091    53.422 r  CLK100MHZ_IBUF_BUFG_inst/O
                         net (fo=1875, routed)        1.485    54.907    operand_interpreter/CLK100MHZ_IBUF_BUFG
    SLICE_X50Y131        FDRE                                         r  operand_interpreter/imm_reg[29]/C
                         clock pessimism              0.188    55.095    <hidden>
                         clock uncertainty           -0.035    55.060    <hidden>
    SLICE_X50Y131        FDRE (Setup_fdre_C_D)        0.079    55.139    operand_interpreter/imm_reg[29]
  -------------------------------------------------------------------
                         required time                         55.139    <hidden>
                         arrival time                         -46.530    <hidden>
  -------------------------------------------------------------------
                         slack                                  8.608    <hidden>

Slack (MET) :             9.592ns  (required time - arrival time)
  Source:                 tokenizer/token3_reg[93]/C
                            (rising edge-triggered cell FDSE clocked by sys_clk_pin  {rise@0.000ns fall@5.000ns period=50.000ns})
  Destination:            operand_interpreter/imm_reg[27]/D
                            (rising edge-triggered cell FDRE clocked by sys_clk_pin  {rise@0.000ns fall@5.000ns period=50.000ns})
  Path Group:             sys_clk_pin
  Path Type:              Setup (Max at Slow Process Corner)
  Requirement:            50.000ns  (sys_clk_pin rise@50.000ns - sys_clk_pin rise@0.000ns)
  Data Path Delay:        40.282ns  (logic 18.977ns (47.110%)  route 21.305ns (52.890%))
  Logic Levels:           60  (CARRY4=26 LUT2=14 LUT3=4 LUT4=4 LUT5=7 LUT6=5)
  Clock Path Skew:        -0.122ns (DCD - SCD + CPR)
    Destination Clock Delay (DCD):    4.907ns = ( 54.907 - 50.000 ) 
    Source Clock Delay      (SCD):    5.217ns
    Clock Pessimism Removal (CPR):    0.188ns
  Clock Uncertainty:      0.035ns  ((TSJ^2 + TIJ^2)^1/2 + DJ) / 2 + PE
    Total System Jitter     (TSJ):    0.071ns
    Total Input Jitter      (TIJ):    0.000ns
    Discrete Jitter          (DJ):    0.000ns
    Phase Error              (PE):    0.000ns

    Location             Delay type                Incr(ns)  Path(ns)    Netlist Resource(s)
  -------------------------------------------------------------------    -------------------
                         (clock sys_clk_pin rise edge)
                                                      0.000     0.000 r  <hidden>
    E3                                                0.000     0.000 r  CLK100MHZ
                         net (fo=0)                   0.000     0.000    CLK100MHZ
    E3                   IBUF (Prop_ibuf_I_O)         1.482     1.482 r  CLK100MHZ_IBUF_inst/O
                         net (fo=1, routed)           2.025     3.506    CLK100MHZ_IBUF
    BUFGCTRL_X0Y16       BUFG (Prop_bufg_I_O)         0.096     3.602 r  CLK100MHZ_IBUF_BUFG_inst/O
                         net (fo=1875, routed)        1.615     5.217    tokenizer/clk
    SLICE_X58Y102        FDSE                                         r  tokenizer/token3_reg[93]/C
  -------------------------------------------------------------------    -------------------
    SLICE_X58Y102        FDSE (Prop_fdse_C_Q)         0.518     5.735 r  tokenizer/token3_reg[93]/Q
                         net (fo=19, routed)          0.781     6.516    tokenizer/token3[93]
    SLICE_X54Y101        LUT2 (Prop_lut2_I0_O)        0.116     6.632 r  tokenizer/imm[11]_i_13/O
                         net (fo=2, routed)           0.528     7.161    tokenizer/imm[11]_i_13_n_0
    SLICE_X54Y101        LUT6 (Prop_lut6_I3_O)        0.328     7.489 r  tokenizer/imm[7]_i_49/O
                         net (fo=33, routed)          0.435     7.923    tokenizer/imm[7]_i_49_n_0
    SLICE_X53Y102        LUT3 (Prop_lut3_I0_O)        0.124     8.047 r  tokenizer/imm[12]_i_220/O
                         net (fo=1, routed)           0.000     8.047    tokenizer/imm[12]_i_220_n_0
    SLICE_X53Y102        CARRY4 (Prop_carry4_S[1]_O[2])
                                                      0.580     8.627 r  tokenizer/imm_reg[12]_i_181/O[2]
                         net (fo=2, routed)           0.324     8.951    tokenizer/imm_reg[12]_i_181_n_5
    SLICE_X54Y102        LUT2 (Prop_lut2_I1_O)        0.302     9.253 r  tokenizer/imm[7]_i_50/O
                         net (fo=1, routed)           0.000     9.253    tokenizer/imm[7]_i_50_n_0
    SLICE_X54Y102        CARRY4 (Prop_carry4_S[3]_O[3])
                                                      0.255     9.508 r  tokenizer/imm_reg[7]_i_41/O[3]
                         net (fo=5, routed)           0.649    10.158    tokenizer/imm_reg[7]_i_41_n_4
    SLICE_X55Y102        LUT4 (Prop_lut4_I0_O)        0.307    10.465 r  tokenizer/imm[4]_i_102/O
                         net (fo=1, routed)           0.331    10.795    tokenizer/imm[4]_i_102_n_0
    SLICE_X55Y103        CARRY4 (Prop_carry4_DI[3]_CO[3])
                                                      0.385    11.180 r  tokenizer/imm_reg[4]_i_97/CO[3]
                         net (fo=1, routed)           0.000    11.180    tokenizer/imm_reg[4]_i_97_n_0
    SLICE_X55Y104        CARRY4 (Prop_carry4_CI_O[0])
                                                      0.222    11.402 r  tokenizer/imm_reg[12]_i_149/O[0]
                         net (fo=4, routed)           0.604    12.007    tokenizer/imm_reg[12]_i_149_n_7
    SLICE_X56Y104        LUT4 (Prop_lut4_I0_O)        0.299    12.306 r  tokenizer/imm[7]_i_39/O
                         net (fo=1, routed)           0.000    12.306    tokenizer/imm[7]_i_39_n_0
    SLICE_X56Y104        CARRY4 (Prop_carry4_S[1]_O[2])
                                                      0.578    12.884 r  tokenizer/imm_reg[7]_i_27/O[2]
                         net (fo=1, routed)           0.798    13.682    tokenizer/imm_reg[7]_i_27_n_5
    SLICE_X53Y105        LUT5 (Prop_lut5_I0_O)        0.329    14.011 r  tokenizer/imm[7]_i_11/O
                         net (fo=7, routed)           0.653    14.664    tokenizer/imm[7]_i_11_n_0
    SLICE_X59Y104        LUT2 (Prop_lut2_I0_O)        0.332    14.996 r  tokenizer/imm[12]_i_140/O
                         net (fo=1, routed)           0.000    14.996    tokenizer/imm[12]_i_140_n_0
    SLICE_X59Y104        CARRY4 (Prop_carry4_S[2]_O[2])
                                                      0.248    15.244 r  tokenizer/imm_reg[12]_i_87/O[2]
                         net (fo=3, routed)           0.650    15.894    tokenizer/imm_reg[12]_i_87_n_5
    SLICE_X57Y104        LUT3 (Prop_lut3_I2_O)        0.302    16.196 r  tokenizer/imm[7]_i_23/O
                         net (fo=1, routed)           0.000    16.196    tokenizer/imm[7]_i_23_n_0
    SLICE_X57Y104        CARRY4 (Prop_carry4_S[3]_O[3])
                                                      0.248    16.444 r  tokenizer/imm_reg[7]_i_10/O[3]
                         net (fo=4, routed)           0.849    17.293    tokenizer/imm_reg[7]_i_10_n_4
    SLICE_X58Y104        LUT5 (Prop_lut5_I1_O)        0.306    17.599 r  tokenizer/imm[12]_i_130/O
                         net (fo=1, routed)           0.000    17.599    tokenizer/imm[12]_i_130_n_0
    SLICE_X58Y104        CARRY4 (Prop_carry4_S[3]_O[3])
                                                      0.255    17.854 r  tokenizer/imm_reg[12]_i_81/O[3]
                         net (fo=3, routed)           0.655    18.508    tokenizer/imm_reg[12]_i_81_n_4
    SLICE_X60Y107        LUT2 (Prop_lut2_I1_O)        0.307    18.815 r  tokenizer/imm[12]_i_85/O
                         net (fo=1, routed)           0.000    18.815    tokenizer/imm[12]_i_85_n_0
    SLICE_X60Y107        CARRY4 (Prop_carry4_S[0]_O[1])
                                                      0.427    19.242 r  tokenizer/imm_reg[12]_i_45/O[1]
                         net (fo=1, routed)           0.740    19.983    tokenizer/imm_reg[12]_i_45_n_6
    SLICE_X54Y106        LUT5 (Prop_lut5_I0_O)        0.306    20.289 r  tokenizer/imm[10]_i_8/O
                         net (fo=7, routed)           0.830    21.119    tokenizer/imm[10]_i_8_n_0
    SLICE_X59Y112        LUT2 (Prop_lut2_I0_O)        0.124    21.243 r  tokenizer/imm[13]_i_202/O
                         net (fo=1, routed)           0.000    21.243    tokenizer/imm[13]_i_202_n_0
    SLICE_X59Y112        CARRY4 (Prop_carry4_S[1]_O[2])
                                                      0.580    21.823 r  tokenizer/imm_reg[13]_i_121/O[2]
                         net (fo=3, routed)           0.520    22.344    tokenizer/imm_reg[13]_i_121_n_5
    SLICE_X58Y112        LUT2 (Prop_lut2_I1_O)        0.302    22.646 r  tokenizer/imm[12]_i_77/O
                         net (fo=1, routed)           0.000    22.646    tokenizer/imm[12]_i_77_n_0
    SLICE_X58Y112        CARRY4 (Prop_carry4_S[3]_CO[3])
                                                      0.376    23.022 r  tokenizer/imm_reg[12]_i_44/CO[3]
                         net (fo=1, routed)           0.000    23.022    tokenizer/imm_reg[12]_i_44_n_0
    SLICE_X58Y113        CARRY4 (Prop_carry4_CI_O[1])
                                                      0.323    23.345 r  tokenizer/imm_reg[13]_i_48/O[1]
                         net (fo=2, routed)           0.565    23.910    tokenizer/imm_reg[13]_i_48_n_6
    SLICE_X60Y113        LUT5 (Prop_lut5_I1_O)        0.306    24.216 r  tokenizer/imm[13]_i_102/O
                         net (fo=7, routed)           0.563    24.778    tokenizer/imm[13]_i_102_n_0
    SLICE_X56Y113        LUT4 (Prop_lut4_I0_O)        0.124    24.902 r  tokenizer/imm[13]_i_105/O
                         net (fo=1, routed)           0.000    24.902    tokenizer/imm[13]_i_105_n_0
    SLICE_X56Y113        CARRY4 (Prop_carry4_S[1]_O[2])
                                                      0.578    25.480 r  tokenizer/imm_reg[13]_i_41/O[2]
                         net (fo=3, routed)           0.492    25.972    tokenizer/imm_reg[13]_i_41_n_5
    SLICE_X54Y112        LUT2 (Prop_lut2_I1_O)        0.301    26.273 r  tokenizer/imm[13]_i_43/O
                         net (fo=1, routed)           0.000    26.273    tokenizer/imm[13]_i_43_n_0
    SLICE_X54Y112        CARRY4 (Prop_carry4_S[3]_O[3])
                                                      0.255    26.528 r  tokenizer/imm_reg[13]_i_20/O[3]
                         net (fo=6, routed)           0.968    27.496    tokenizer/imm_reg[13]_i_20_n_4
    SLICE_X55Y115        LUT5 (Prop_lut5_I0_O)        0.307    27.803 r  tokenizer/imm[19]_i_54/O
                         net (fo=1, routed)           0.000    27.803    tokenizer/imm[19]_i_54_n_0
    SLICE_X55Y115        CARRY4 (Prop_carry4_S[3]_CO[3])
                                                      0.401    28.204 r  tokenizer/imm_reg[19]_i_31/CO[3]
                         net (fo=1, routed)           0.000    28.204    tokenizer/imm_reg[19]_i_31_n_0
    SLICE_X55Y116        CARRY4 (Prop_carry4_CI_O[0])
                                                      0.222    28.426 r  tokenizer/imm_reg[19]_i_30/O[0]
                         net (fo=3, routed)           0.446    28.872    tokenizer/imm_reg[19]_i_30_n_7
    SLICE_X57Y116        LUT2 (Prop_lut2_I1_O)        0.299    29.171 r  tokenizer/imm[19]_i_34/O
                         net (fo=1, routed)           0.000    29.171    tokenizer/imm[19]_i_34_n_0
    SLICE_X57Y116        CARRY4 (Prop_carry4_S[1]_O[2])
                                                      0.580    29.751 r  tokenizer/imm_reg[19]_i_19/O[2]
                         net (fo=4, routed)           0.749    30.500    tokenizer/imm_reg[19]_i_19_n_5
    SLICE_X51Y120        LUT3 (Prop_lut3_I2_O)        0.302    30.802 r  tokenizer/imm[24]_i_174/O
                         net (fo=2, routed)           0.763    31.565    tokenizer/imm[24]_i_174_n_0
    SLICE_X52Y116        LUT6 (Prop_lut6_I0_O)        0.124    31.689 r  tokenizer/imm[24]_i_177/O
                         net (fo=1, routed)           0.000    31.689    tokenizer/imm[24]_i_177_n_0
    SLICE_X52Y116        CARRY4 (Prop_carry4_S[2]_O[3])
                                                      0.352    32.041 r  tokenizer/imm_reg[24]_i_88/O[3]
                         net (fo=3, routed)           0.582    32.623    tokenizer/imm_reg[24]_i_88_n_4
    SLICE_X51Y117        LUT2 (Prop_lut2_I1_O)        0.306    32.929 r  tokenizer/imm[24]_i_92/O
                         net (fo=1, routed)           0.000    32.929    tokenizer/imm[24]_i_92_n_0
    SLICE_X51Y117        CARRY4 (Prop_carry4_S[0]_O[1])
                                                      0.424    33.353 r  tokenizer/imm_reg[24]_i_34/O[1]
                         net (fo=2, routed)           0.544    33.897    tokenizer/imm_reg[24]_i_34_n_6
    SLICE_X53Y117        LUT5 (Prop_lut5_I0_O)        0.298    34.195 r  tokenizer/imm[29]_i_62/O
                         net (fo=9, routed)           0.514    34.708    tokenizer/imm[29]_i_62_n_0
    SLICE_X50Y118        LUT2 (Prop_lut2_I0_O)        0.332    35.040 r  tokenizer/imm[29]_i_66/O
                         net (fo=1, routed)           0.000    35.040    tokenizer/imm[29]_i_66_n_0
    SLICE_X50Y118        CARRY4 (Prop_carry4_S[1]_O[2])
                                                      0.578    35.618 r  tokenizer/imm_reg[29]_i_34/O[2]
                         net (fo=3, routed)           0.643    36.262    tokenizer/imm_reg[29]_i_34_n_5
    SLICE_X44Y119        LUT2 (Prop_lut2_I1_O)        0.301    36.563 r  tokenizer/imm[24]_i_93/O
                         net (fo=1, routed)           0.000    36.563    tokenizer/imm[24]_i_93_n_0
    SLICE_X44Y119        CARRY4 (Prop_carry4_S[3]_CO[3])
                                                      0.401    36.964 r  tokenizer/imm_reg[24]_i_35/CO[3]
                         net (fo=1, routed)           0.000    36.964    tokenizer/imm_reg[24]_i_35_n_0
    SLICE_X44Y120        CARRY4 (Prop_carry4_CI_O[0])
                                                      0.222    37.186 r  tokenizer/imm_reg[29]_i_23/O[0]
                         net (fo=1, routed)           0.622    37.808    tokenizer/imm_reg[29]_i_23_n_7
    SLICE_X53Y119        LUT5 (Prop_lut5_I1_O)        0.299    38.107 r  tokenizer/imm[25]_i_11/O
                         net (fo=7, routed)           0.563    38.670    tokenizer/imm[25]_i_11_n_0
    SLICE_X49Y122        LUT6 (Prop_lut6_I0_O)        0.124    38.794 r  tokenizer/imm[30]_i_120/O
                         net (fo=1, routed)           0.000    38.794    tokenizer/imm[30]_i_120_n_0
    SLICE_X49Y122        CARRY4 (Prop_carry4_S[0]_O[0])
                                                      0.247    39.041 r  tokenizer/imm_reg[30]_i_51/O[0]
                         net (fo=3, routed)           0.448    39.489    tokenizer/imm_reg[30]_i_51_n_7
    SLICE_X48Y122        LUT2 (Prop_lut2_I1_O)        0.299    39.788 r  tokenizer/imm[30]_i_114/O
                         net (fo=1, routed)           0.000    39.788    tokenizer/imm[30]_i_114_n_0
    SLICE_X48Y122        CARRY4 (Prop_carry4_S[1]_O[1])
                                                      0.227    40.015 r  tokenizer/imm_reg[30]_i_50/O[1]
                         net (fo=3, routed)           0.937    40.952    tokenizer/imm_reg[30]_i_50_n_6
    SLICE_X37Y121        LUT3 (Prop_lut3_I2_O)        0.329    41.281 r  tokenizer/imm[31]_i_203/O
                         net (fo=2, routed)           0.436    41.717    tokenizer/imm[31]_i_203_n_0
    SLICE_X39Y122        LUT2 (Prop_lut2_I0_O)        0.332    42.049 r  tokenizer/imm[31]_i_132/O
                         net (fo=1, routed)           0.000    42.049    tokenizer/imm[31]_i_132_n_0
    SLICE_X39Y122        CARRY4 (Prop_carry4_S[1]_O[1])
                                                      0.227    42.276 r  tokenizer/imm_reg[31]_i_67/O[1]
                         net (fo=3, routed)           0.452    42.728    tokenizer/imm_reg[31]_i_67_n_6
    SLICE_X40Y123        LUT2 (Prop_lut2_I1_O)        0.303    43.031 r  tokenizer/imm[28]_i_103/O
                         net (fo=1, routed)           0.000    43.031    tokenizer/imm[28]_i_103_n_0
    SLICE_X40Y123        CARRY4 (Prop_carry4_S[2]_O[2])
                                                      0.248    43.279 r  tokenizer/imm_reg[28]_i_53/O[2]
                         net (fo=1, routed)           0.573    43.851    tokenizer/imm_reg[28]_i_53_n_5
    SLICE_X47Y124        LUT4 (Prop_lut4_I2_O)        0.302    44.153 f  tokenizer/imm[27]_i_13/O
                         net (fo=1, routed)           0.577    44.731    tokenizer/imm[27]_i_13_n_0
    SLICE_X50Y123        LUT6 (Prop_lut6_I0_O)        0.124    44.855 f  tokenizer/imm[27]_i_5/O
                         net (fo=1, routed)           0.521    45.375    tokenizer/imm[27]_i_5_n_0
    SLICE_X51Y131        LUT6 (Prop_lut6_I4_O)        0.124    45.499 r  tokenizer/imm[27]_i_1/O
                         net (fo=1, routed)           0.000    45.499    operand_interpreter/imm_reg[31]_2[27]
    SLICE_X51Y131        FDRE                                         r  operand_interpreter/imm_reg[27]/D
  -------------------------------------------------------------------    -------------------

                         (clock sys_clk_pin rise edge)
                                                     50.000    50.000 r  <hidden>
    E3                                                0.000    50.000 r  CLK100MHZ
                         net (fo=0)                   0.000    50.000    CLK100MHZ
    E3                   IBUF (Prop_ibuf_I_O)         1.411    51.411 r  CLK100MHZ_IBUF_inst/O
                         net (fo=1, routed)           1.920    53.331    CLK100MHZ_IBUF
    BUFGCTRL_X0Y16       BUFG (Prop_bufg_I_O)         0.091    53.422 r  CLK100MHZ_IBUF_BUFG_inst/O
                         net (fo=1875, routed)        1.485    54.907    operand_interpreter/CLK100MHZ_IBUF_BUFG
    SLICE_X51Y131        FDRE                                         r  operand_interpreter/imm_reg[27]/C
                         clock pessimism              0.188    55.095    <hidden>
                         clock uncertainty           -0.035    55.060    <hidden>
    SLICE_X51Y131        FDRE (Setup_fdre_C_D)        0.032    55.092    operand_interpreter/imm_reg[27]
  -------------------------------------------------------------------
                         required time                         55.092    <hidden>
                         arrival time                         -45.499    <hidden>
  -------------------------------------------------------------------
                         slack                                  9.592    <hidden>

Slack (MET) :             10.038ns  (required time - arrival time)
  Source:                 tokenizer/token2_reg[92]/C
                            (rising edge-triggered cell FDRE clocked by sys_clk_pin  {rise@0.000ns fall@5.000ns period=50.000ns})
  Destination:            operand_interpreter/imm_reg[25]/D
                            (rising edge-triggered cell FDRE clocked by sys_clk_pin  {rise@0.000ns fall@5.000ns period=50.000ns})
  Path Group:             sys_clk_pin
  Path Type:              Setup (Max at Slow Process Corner)
  Requirement:            50.000ns  (sys_clk_pin rise@50.000ns - sys_clk_pin rise@0.000ns)
  Data Path Delay:        39.883ns  (logic 17.843ns (44.738%)  route 22.040ns (55.262%))
  Logic Levels:           58  (CARRY4=27 LUT2=9 LUT3=3 LUT4=5 LUT5=8 LUT6=6)
  Clock Path Skew:        -0.124ns (DCD - SCD + CPR)
    Destination Clock Delay (DCD):    4.906ns = ( 54.906 - 50.000 ) 
    Source Clock Delay      (SCD):    5.218ns
    Clock Pessimism Removal (CPR):    0.188ns
  Clock Uncertainty:      0.035ns  ((TSJ^2 + TIJ^2)^1/2 + DJ) / 2 + PE
    Total System Jitter     (TSJ):    0.071ns
    Total Input Jitter      (TIJ):    0.000ns
    Discrete Jitter          (DJ):    0.000ns
    Phase Error              (PE):    0.000ns

    Location             Delay type                Incr(ns)  Path(ns)    Netlist Resource(s)
  -------------------------------------------------------------------    -------------------
                         (clock sys_clk_pin rise edge)
                                                      0.000     0.000 r  <hidden>
    E3                                                0.000     0.000 r  CLK100MHZ
                         net (fo=0)                   0.000     0.000    CLK100MHZ
    E3                   IBUF (Prop_ibuf_I_O)         1.482     1.482 r  CLK100MHZ_IBUF_inst/O
                         net (fo=1, routed)           2.025     3.506    CLK100MHZ_IBUF
    BUFGCTRL_X0Y16       BUFG (Prop_bufg_I_O)         0.096     3.602 r  CLK100MHZ_IBUF_BUFG_inst/O
                         net (fo=1875, routed)        1.616     5.218    tokenizer/clk
    SLICE_X68Y108        FDRE                                         r  tokenizer/token2_reg[92]/C
  -------------------------------------------------------------------    -------------------
    SLICE_X68Y108        FDRE (Prop_fdre_C_Q)         0.456     5.674 r  tokenizer/token2_reg[92]/Q
                         net (fo=25, routed)          1.127     6.801    tokenizer/token2[92]
    SLICE_X67Y115        LUT2 (Prop_lut2_I0_O)        0.124     6.925 r  tokenizer/imm[31]_i_31/O
                         net (fo=2, routed)           0.308     7.234    tokenizer/imm[31]_i_31_n_0
    SLICE_X67Y113        LUT6 (Prop_lut6_I1_O)        0.124     7.358 r  tokenizer/imm[17]_i_81/O
                         net (fo=33, routed)          0.402     7.759    tokenizer/imm[17]_i_81_n_0
    SLICE_X68Y113        LUT3 (Prop_lut3_I0_O)        0.124     7.883 r  tokenizer/imm[16]_i_128/O
                         net (fo=1, routed)           0.000     7.883    tokenizer/imm[16]_i_128_n_0
    SLICE_X68Y113        CARRY4 (Prop_carry4_S[1]_O[2])
                                                      0.580     8.463 r  tokenizer/imm_reg[16]_i_99/O[2]
                         net (fo=2, routed)           0.526     8.989    tokenizer/imm_reg[16]_i_99_n_5
    SLICE_X70Y113        CARRY4 (Prop_carry4_DI[3]_CO[3])
                                                      0.574     9.563 r  tokenizer/imm_reg[16]_i_74/CO[3]
                         net (fo=1, routed)           0.000     9.563    tokenizer/imm_reg[16]_i_74_n_0
    SLICE_X70Y114        CARRY4 (Prop_carry4_CI_O[0])
                                                      0.219     9.782 r  tokenizer/imm_reg[17]_i_80/O[0]
                         net (fo=3, routed)           0.586    10.368    tokenizer/imm_reg[17]_i_80_n_7
    SLICE_X67Y115        LUT5 (Prop_lut5_I4_O)        0.290    10.658 r  tokenizer/imm[28]_i_341/O
                         net (fo=2, routed)           0.319    10.977    tokenizer/imm[28]_i_341_n_0
    SLICE_X69Y115        LUT5 (Prop_lut5_I0_O)        0.332    11.309 r  tokenizer/imm[28]_i_345/O
                         net (fo=1, routed)           0.000    11.309    tokenizer/imm[28]_i_345_n_0
    SLICE_X69Y115        CARRY4 (Prop_carry4_S[0]_O[0])
                                                      0.247    11.556 r  tokenizer/imm_reg[28]_i_264/O[0]
                         net (fo=4, routed)           0.613    12.169    tokenizer/imm_reg[28]_i_264_n_7
    SLICE_X66Y114        LUT4 (Prop_lut4_I0_O)        0.299    12.468 r  tokenizer/imm[19]_i_67/O
                         net (fo=1, routed)           0.000    12.468    tokenizer/imm[19]_i_67_n_0
    SLICE_X66Y114        CARRY4 (Prop_carry4_S[1]_O[1])
                                                      0.230    12.698 r  tokenizer/imm_reg[19]_i_60/O[1]
                         net (fo=4, routed)           0.444    13.142    tokenizer/imm_reg[19]_i_60_n_6
    SLICE_X64Y115        LUT6 (Prop_lut6_I0_O)        0.306    13.448 r  tokenizer/imm[24]_i_264/O
                         net (fo=1, routed)           0.000    13.448    tokenizer/imm[24]_i_264_n_0
    SLICE_X64Y115        CARRY4 (Prop_carry4_S[1]_O[1])
                                                      0.227    13.675 r  tokenizer/imm_reg[24]_i_212/O[1]
                         net (fo=3, routed)           0.523    14.198    tokenizer/imm_reg[24]_i_212_n_6
    SLICE_X65Y115        LUT4 (Prop_lut4_I3_O)        0.303    14.501 r  tokenizer/imm[20]_i_82/O
                         net (fo=1, routed)           0.000    14.501    tokenizer/imm[20]_i_82_n_0
    SLICE_X65Y115        CARRY4 (Prop_carry4_S[2]_O[2])
                                                      0.248    14.749 r  tokenizer/imm_reg[20]_i_52/O[2]
                         net (fo=1, routed)           0.741    15.489    tokenizer/imm_reg[20]_i_52_n_5
    SLICE_X68Y116        LUT5 (Prop_lut5_I0_O)        0.328    15.817 f  tokenizer/imm[19]_i_58/O
                         net (fo=1, routed)           0.436    16.254    tokenizer/imm[19]_i_58_n_0
    SLICE_X68Y116        LUT6 (Prop_lut6_I0_O)        0.326    16.580 r  tokenizer/imm[19]_i_39/O
                         net (fo=8, routed)           0.630    17.210    tokenizer/imm[24]_i_252_n_0
    SLICE_X62Y116        LUT6 (Prop_lut6_I0_O)        0.124    17.334 r  tokenizer/imm[24]_i_256/O
                         net (fo=1, routed)           0.000    17.334    tokenizer/imm[24]_i_256_n_0
    SLICE_X62Y116        CARRY4 (Prop_carry4_S[2]_O[2])
                                                      0.250    17.584 r  tokenizer/imm_reg[24]_i_207/O[2]
                         net (fo=3, routed)           0.564    18.148    tokenizer/imm_reg[24]_i_207_n_5
    SLICE_X63Y117        LUT3 (Prop_lut3_I2_O)        0.301    18.449 r  tokenizer/imm[18]_i_116/O
                         net (fo=1, routed)           0.000    18.449    tokenizer/imm[18]_i_116_n_0
    SLICE_X63Y117        CARRY4 (Prop_carry4_S[3]_O[3])
                                                      0.248    18.697 r  tokenizer/imm_reg[18]_i_73/O[3]
                         net (fo=1, routed)           0.586    19.283    tokenizer/imm_reg[18]_i_73_n_4
    SLICE_X67Y117        LUT5 (Prop_lut5_I0_O)        0.306    19.589 r  tokenizer/imm[20]_i_34/O
                         net (fo=8, routed)           0.616    20.205    tokenizer/imm[20]_i_34_n_0
    SLICE_X67Y121        LUT4 (Prop_lut4_I3_O)        0.124    20.329 r  tokenizer/imm[28]_i_349/O
                         net (fo=1, routed)           0.000    20.329    tokenizer/imm[28]_i_349_n_0
    SLICE_X67Y121        CARRY4 (Prop_carry4_S[3]_CO[3])
                                                      0.401    20.730 r  tokenizer/imm_reg[28]_i_281/CO[3]
                         net (fo=1, routed)           0.000    20.730    tokenizer/imm_reg[28]_i_281_n_0
    SLICE_X67Y122        CARRY4 (Prop_carry4_CI_O[0])
                                                      0.222    20.952 r  tokenizer/imm_reg[28]_i_170/O[0]
                         net (fo=3, routed)           0.483    21.435    tokenizer/imm_reg[28]_i_170_n_7
    SLICE_X68Y122        LUT2 (Prop_lut2_I1_O)        0.299    21.734 r  tokenizer/imm[28]_i_284/O
                         net (fo=1, routed)           0.000    21.734    tokenizer/imm[28]_i_284_n_0
    SLICE_X68Y122        CARRY4 (Prop_carry4_S[1]_O[2])
                                                      0.580    22.314 r  tokenizer/imm_reg[28]_i_168/O[2]
                         net (fo=5, routed)           0.841    23.154    tokenizer/imm_reg[28]_i_168_n_5
    SLICE_X66Y124        LUT5 (Prop_lut5_I0_O)        0.302    23.456 r  tokenizer/imm[28]_i_248/O
                         net (fo=1, routed)           0.000    23.456    tokenizer/imm[28]_i_248_n_0
    SLICE_X66Y124        CARRY4 (Prop_carry4_S[2]_O[2])
                                                      0.250    23.706 r  tokenizer/imm_reg[28]_i_147/O[2]
                         net (fo=3, routed)           0.489    24.196    tokenizer/imm_reg[28]_i_147_n_5
    SLICE_X65Y126        LUT2 (Prop_lut2_I1_O)        0.301    24.497 r  tokenizer/imm[28]_i_232/O
                         net (fo=1, routed)           0.000    24.497    tokenizer/imm[28]_i_232_n_0
    SLICE_X65Y126        CARRY4 (Prop_carry4_S[3]_O[3])
                                                      0.248    24.745 r  tokenizer/imm_reg[28]_i_145/O[3]
                         net (fo=2, routed)           0.820    25.564    tokenizer/imm_reg[28]_i_145_n_4
    SLICE_X61Y124        LUT5 (Prop_lut5_I0_O)        0.300    25.864 r  tokenizer/imm[30]_i_272/O
                         net (fo=8, routed)           0.758    26.622    tokenizer/imm[30]_i_272_n_0
    SLICE_X62Y124        LUT2 (Prop_lut2_I0_O)        0.326    26.948 r  tokenizer/imm[28]_i_257/O
                         net (fo=1, routed)           0.000    26.948    tokenizer/imm[28]_i_257_n_0
    SLICE_X62Y124        CARRY4 (Prop_carry4_S[3]_O[3])
                                                      0.255    27.203 r  tokenizer/imm_reg[28]_i_153/O[3]
                         net (fo=3, routed)           0.635    27.838    tokenizer/imm_reg[28]_i_153_n_4
    SLICE_X63Y126        LUT2 (Prop_lut2_I1_O)        0.307    28.145 r  tokenizer/imm[28]_i_157/O
                         net (fo=1, routed)           0.000    28.145    tokenizer/imm[28]_i_157_n_0
    SLICE_X63Y126        CARRY4 (Prop_carry4_S[0]_O[0])
                                                      0.247    28.392 r  tokenizer/imm_reg[28]_i_95/O[0]
                         net (fo=3, routed)           0.612    29.003    tokenizer/imm_reg[28]_i_95_n_7
    SLICE_X64Y126        LUT4 (Prop_lut4_I3_O)        0.299    29.302 r  tokenizer/imm[13]_i_86/O
                         net (fo=1, routed)           0.627    29.930    tokenizer/imm[13]_i_86_n_0
    SLICE_X69Y123        LUT6 (Prop_lut6_I0_O)        0.124    30.054 r  tokenizer/imm[13]_i_34/O
                         net (fo=3, routed)           0.958    31.011    tokenizer/imm[13]_i_34_n_0
    SLICE_X59Y126        CARRY4 (Prop_carry4_DI[0]_O[1])
                                                      0.407    31.418 r  tokenizer/imm_reg[30]_i_128/O[1]
                         net (fo=3, routed)           0.549    31.968    tokenizer/imm_reg[30]_i_128_n_6
    SLICE_X58Y126        LUT2 (Prop_lut2_I1_O)        0.303    32.271 r  tokenizer/imm[13]_i_79/O
                         net (fo=1, routed)           0.000    32.271    tokenizer/imm[13]_i_79_n_0
    SLICE_X58Y126        CARRY4 (Prop_carry4_S[2]_O[2])
                                                      0.250    32.521 r  tokenizer/imm_reg[13]_i_32/O[2]
                         net (fo=6, routed)           0.789    33.310    tokenizer/imm_reg[13]_i_32_n_5
    SLICE_X57Y126        LUT4 (Prop_lut4_I0_O)        0.301    33.611 r  tokenizer/imm[30]_i_239/O
                         net (fo=1, routed)           0.000    33.611    tokenizer/imm[30]_i_239_n_0
    SLICE_X57Y126        CARRY4 (Prop_carry4_S[2]_O[2])
                                                      0.248    33.859 r  tokenizer/imm_reg[30]_i_134/O[2]
                         net (fo=3, routed)           0.520    34.379    tokenizer/imm_reg[30]_i_134_n_5
    SLICE_X56Y126        LUT2 (Prop_lut2_I1_O)        0.302    34.681 r  tokenizer/imm[13]_i_82/O
                         net (fo=1, routed)           0.000    34.681    tokenizer/imm[13]_i_82_n_0
    SLICE_X56Y126        CARRY4 (Prop_carry4_S[3]_O[3])
                                                      0.255    34.936 r  tokenizer/imm_reg[13]_i_33/O[3]
                         net (fo=4, routed)           0.674    35.610    tokenizer/imm_reg[13]_i_33_n_4
    SLICE_X55Y122        LUT5 (Prop_lut5_I3_O)        0.307    35.917 r  tokenizer/imm[31]_i_188/O
                         net (fo=4, routed)           0.653    36.570    tokenizer/imm[31]_i_188_n_0
    SLICE_X55Y126        CARRY4 (Prop_carry4_DI[3]_CO[3])
                                                      0.385    36.955 r  tokenizer/imm_reg[30]_i_122/CO[3]
                         net (fo=1, routed)           0.000    36.955    tokenizer/imm_reg[30]_i_122_n_0
    SLICE_X55Y127        CARRY4 (Prop_carry4_CI_O[0])
                                                      0.222    37.177 r  tokenizer/imm_reg[24]_i_39/O[0]
                         net (fo=3, routed)           0.454    37.631    tokenizer/imm_reg[24]_i_39_n_7
    SLICE_X54Y127        LUT2 (Prop_lut2_I1_O)        0.299    37.930 r  tokenizer/imm[30]_i_125/O
                         net (fo=1, routed)           0.000    37.930    tokenizer/imm[30]_i_125_n_0
    SLICE_X54Y127        CARRY4 (Prop_carry4_S[1]_O[2])
                                                      0.578    38.508 r  tokenizer/imm_reg[30]_i_56/O[2]
                         net (fo=4, routed)           1.153    39.660    tokenizer/imm_reg[30]_i_56_n_5
    SLICE_X54Y122        LUT5 (Prop_lut5_I4_O)        0.323    39.983 r  tokenizer/imm[31]_i_104/O
                         net (fo=1, routed)           0.717    40.701    tokenizer/imm[31]_i_104_n_0
    SLICE_X53Y128        CARRY4 (Prop_carry4_DI[2]_CO[3])
                                                      0.602    41.303 r  tokenizer/imm_reg[31]_i_58/CO[3]
                         net (fo=1, routed)           0.000    41.303    tokenizer/imm_reg[31]_i_58_n_0
    SLICE_X53Y129        CARRY4 (Prop_carry4_CI_O[1])
                                                      0.334    41.637 r  tokenizer/imm_reg[28]_i_40/O[1]
                         net (fo=3, routed)           0.442    42.079    tokenizer/imm_reg[28]_i_40_n_6
    SLICE_X52Y128        LUT2 (Prop_lut2_I1_O)        0.303    42.382 r  tokenizer/imm[24]_i_23/O
                         net (fo=1, routed)           0.000    42.382    tokenizer/imm[24]_i_23_n_0
    SLICE_X52Y128        CARRY4 (Prop_carry4_S[2]_CO[3])
                                                      0.398    42.780 r  tokenizer/imm_reg[24]_i_10/CO[3]
                         net (fo=1, routed)           0.000    42.780    tokenizer/imm_reg[24]_i_10_n_0
    SLICE_X52Y129        CARRY4 (Prop_carry4_CI_O[0])
                                                      0.222    43.002 r  tokenizer/imm_reg[28]_i_13/O[0]
                         net (fo=1, routed)           0.975    43.977    tokenizer/imm_reg[28]_i_13_n_7
    SLICE_X49Y130        LUT3 (Prop_lut3_I2_O)        0.327    44.304 r  tokenizer/imm[25]_i_3/O
                         net (fo=1, routed)           0.471    44.775    tokenizer/imm[25]_i_3_n_0
    SLICE_X50Y130        LUT6 (Prop_lut6_I2_O)        0.326    45.101 r  tokenizer/imm[25]_i_1/O
                         net (fo=1, routed)           0.000    45.101    operand_interpreter/imm_reg[31]_2[25]
    SLICE_X50Y130        FDRE                                         r  operand_interpreter/imm_reg[25]/D
  -------------------------------------------------------------------    -------------------

                         (clock sys_clk_pin rise edge)
                                                     50.000    50.000 r  <hidden>
    E3                                                0.000    50.000 r  CLK100MHZ
                         net (fo=0)                   0.000    50.000    CLK100MHZ
    E3                   IBUF (Prop_ibuf_I_O)         1.411    51.411 r  CLK100MHZ_IBUF_inst/O
                         net (fo=1, routed)           1.920    53.331    CLK100MHZ_IBUF
    BUFGCTRL_X0Y16       BUFG (Prop_bufg_I_O)         0.091    53.422 r  CLK100MHZ_IBUF_BUFG_inst/O
                         net (fo=1875, routed)        1.484    54.906    operand_interpreter/CLK100MHZ_IBUF_BUFG
    SLICE_X50Y130        FDRE                                         r  operand_interpreter/imm_reg[25]/C
                         clock pessimism              0.188    55.094    <hidden>
                         clock uncertainty           -0.035    55.059    <hidden>
    SLICE_X50Y130        FDRE (Setup_fdre_C_D)        0.081    55.140    operand_interpreter/imm_reg[25]
  -------------------------------------------------------------------
                         required time                         55.140    <hidden>
                         arrival time                         -45.101    <hidden>
  -------------------------------------------------------------------
                         slack                                 10.038    <hidden>

Slack (MET) :             10.095ns  (required time - arrival time)
  Source:                 tokenizer/token3_reg[93]/C
                            (rising edge-triggered cell FDSE clocked by sys_clk_pin  {rise@0.000ns fall@5.000ns period=50.000ns})
  Destination:            operand_interpreter/imm_reg[26]/D
                            (rising edge-triggered cell FDRE clocked by sys_clk_pin  {rise@0.000ns fall@5.000ns period=50.000ns})
  Path Group:             sys_clk_pin
  Path Type:              Setup (Max at Slow Process Corner)
  Requirement:            50.000ns  (sys_clk_pin rise@50.000ns - sys_clk_pin rise@0.000ns)
  Data Path Delay:        39.777ns  (logic 18.633ns (46.844%)  route 21.144ns (53.156%))
  Logic Levels:           59  (CARRY4=27 LUT2=12 LUT3=3 LUT4=5 LUT5=7 LUT6=5)
  Clock Path Skew:        -0.122ns (DCD - SCD + CPR)
    Destination Clock Delay (DCD):    4.907ns = ( 54.907 - 50.000 ) 
    Source Clock Delay      (SCD):    5.217ns
    Clock Pessimism Removal (CPR):    0.188ns
  Clock Uncertainty:      0.035ns  ((TSJ^2 + TIJ^2)^1/2 + DJ) / 2 + PE
    Total System Jitter     (TSJ):    0.071ns
    Total Input Jitter      (TIJ):    0.000ns
    Discrete Jitter          (DJ):    0.000ns
    Phase Error              (PE):    0.000ns

    Location             Delay type                Incr(ns)  Path(ns)    Netlist Resource(s)
  -------------------------------------------------------------------    -------------------
                         (clock sys_clk_pin rise edge)
                                                      0.000     0.000 r  <hidden>
    E3                                                0.000     0.000 r  CLK100MHZ
                         net (fo=0)                   0.000     0.000    CLK100MHZ
    E3                   IBUF (Prop_ibuf_I_O)         1.482     1.482 r  CLK100MHZ_IBUF_inst/O
                         net (fo=1, routed)           2.025     3.506    CLK100MHZ_IBUF
    BUFGCTRL_X0Y16       BUFG (Prop_bufg_I_O)         0.096     3.602 r  CLK100MHZ_IBUF_BUFG_inst/O
                         net (fo=1875, routed)        1.615     5.217    tokenizer/clk
    SLICE_X58Y102        FDSE                                         r  tokenizer/token3_reg[93]/C
  -------------------------------------------------------------------    -------------------
    SLICE_X58Y102        FDSE (Prop_fdse_C_Q)         0.518     5.735 r  tokenizer/token3_reg[93]/Q
                         net (fo=19, routed)          0.781     6.516    tokenizer/token3[93]
    SLICE_X54Y101        LUT2 (Prop_lut2_I0_O)        0.116     6.632 r  tokenizer/imm[11]_i_13/O
                         net (fo=2, routed)           0.528     7.161    tokenizer/imm[11]_i_13_n_0
    SLICE_X54Y101        LUT6 (Prop_lut6_I3_O)        0.328     7.489 r  tokenizer/imm[7]_i_49/O
                         net (fo=33, routed)          0.435     7.923    tokenizer/imm[7]_i_49_n_0
    SLICE_X53Y102        LUT3 (Prop_lut3_I0_O)        0.124     8.047 r  tokenizer/imm[12]_i_220/O
                         net (fo=1, routed)           0.000     8.047    tokenizer/imm[12]_i_220_n_0
    SLICE_X53Y102        CARRY4 (Prop_carry4_S[1]_O[2])
                                                      0.580     8.627 r  tokenizer/imm_reg[12]_i_181/O[2]
                         net (fo=2, routed)           0.324     8.951    tokenizer/imm_reg[12]_i_181_n_5
    SLICE_X54Y102        LUT2 (Prop_lut2_I1_O)        0.302     9.253 r  tokenizer/imm[7]_i_50/O
                         net (fo=1, routed)           0.000     9.253    tokenizer/imm[7]_i_50_n_0
    SLICE_X54Y102        CARRY4 (Prop_carry4_S[3]_O[3])
                                                      0.255     9.508 r  tokenizer/imm_reg[7]_i_41/O[3]
                         net (fo=5, routed)           0.649    10.158    tokenizer/imm_reg[7]_i_41_n_4
    SLICE_X55Y102        LUT4 (Prop_lut4_I0_O)        0.307    10.465 r  tokenizer/imm[4]_i_102/O
                         net (fo=1, routed)           0.331    10.795    tokenizer/imm[4]_i_102_n_0
    SLICE_X55Y103        CARRY4 (Prop_carry4_DI[3]_CO[3])
                                                      0.385    11.180 r  tokenizer/imm_reg[4]_i_97/CO[3]
                         net (fo=1, routed)           0.000    11.180    tokenizer/imm_reg[4]_i_97_n_0
    SLICE_X55Y104        CARRY4 (Prop_carry4_CI_O[0])
                                                      0.222    11.402 r  tokenizer/imm_reg[12]_i_149/O[0]
                         net (fo=4, routed)           0.604    12.007    tokenizer/imm_reg[12]_i_149_n_7
    SLICE_X56Y104        LUT4 (Prop_lut4_I0_O)        0.299    12.306 r  tokenizer/imm[7]_i_39/O
                         net (fo=1, routed)           0.000    12.306    tokenizer/imm[7]_i_39_n_0
    SLICE_X56Y104        CARRY4 (Prop_carry4_S[1]_O[2])
                                                      0.578    12.884 r  tokenizer/imm_reg[7]_i_27/O[2]
                         net (fo=1, routed)           0.798    13.682    tokenizer/imm_reg[7]_i_27_n_5
    SLICE_X53Y105        LUT5 (Prop_lut5_I0_O)        0.329    14.011 r  tokenizer/imm[7]_i_11/O
                         net (fo=7, routed)           0.653    14.664    tokenizer/imm[7]_i_11_n_0
    SLICE_X59Y104        LUT2 (Prop_lut2_I0_O)        0.332    14.996 r  tokenizer/imm[12]_i_140/O
                         net (fo=1, routed)           0.000    14.996    tokenizer/imm[12]_i_140_n_0
    SLICE_X59Y104        CARRY4 (Prop_carry4_S[2]_O[2])
                                                      0.248    15.244 r  tokenizer/imm_reg[12]_i_87/O[2]
                         net (fo=3, routed)           0.650    15.894    tokenizer/imm_reg[12]_i_87_n_5
    SLICE_X57Y104        LUT3 (Prop_lut3_I2_O)        0.302    16.196 r  tokenizer/imm[7]_i_23/O
                         net (fo=1, routed)           0.000    16.196    tokenizer/imm[7]_i_23_n_0
    SLICE_X57Y104        CARRY4 (Prop_carry4_S[3]_O[3])
                                                      0.248    16.444 r  tokenizer/imm_reg[7]_i_10/O[3]
                         net (fo=4, routed)           0.849    17.293    tokenizer/imm_reg[7]_i_10_n_4
    SLICE_X58Y104        LUT5 (Prop_lut5_I1_O)        0.306    17.599 r  tokenizer/imm[12]_i_130/O
                         net (fo=1, routed)           0.000    17.599    tokenizer/imm[12]_i_130_n_0
    SLICE_X58Y104        CARRY4 (Prop_carry4_S[3]_O[3])
                                                      0.255    17.854 r  tokenizer/imm_reg[12]_i_81/O[3]
                         net (fo=3, routed)           0.655    18.508    tokenizer/imm_reg[12]_i_81_n_4
    SLICE_X60Y107        LUT2 (Prop_lut2_I1_O)        0.307    18.815 r  tokenizer/imm[12]_i_85/O
                         net (fo=1, routed)           0.000    18.815    tokenizer/imm[12]_i_85_n_0
    SLICE_X60Y107        CARRY4 (Prop_carry4_S[0]_O[1])
                                                      0.427    19.242 r  tokenizer/imm_reg[12]_i_45/O[1]
                         net (fo=1, routed)           0.740    19.983    tokenizer/imm_reg[12]_i_45_n_6
    SLICE_X54Y106        LUT5 (Prop_lut5_I0_O)        0.306    20.289 r  tokenizer/imm[10]_i_8/O
                         net (fo=7, routed)           0.830    21.119    tokenizer/imm[10]_i_8_n_0
    SLICE_X59Y112        LUT2 (Prop_lut2_I0_O)        0.124    21.243 r  tokenizer/imm[13]_i_202/O
                         net (fo=1, routed)           0.000    21.243    tokenizer/imm[13]_i_202_n_0
    SLICE_X59Y112        CARRY4 (Prop_carry4_S[1]_O[2])
                                                      0.580    21.823 r  tokenizer/imm_reg[13]_i_121/O[2]
                         net (fo=3, routed)           0.520    22.344    tokenizer/imm_reg[13]_i_121_n_5
    SLICE_X58Y112        LUT2 (Prop_lut2_I1_O)        0.302    22.646 r  tokenizer/imm[12]_i_77/O
                         net (fo=1, routed)           0.000    22.646    tokenizer/imm[12]_i_77_n_0
    SLICE_X58Y112        CARRY4 (Prop_carry4_S[3]_CO[3])
                                                      0.376    23.022 r  tokenizer/imm_reg[12]_i_44/CO[3]
                         net (fo=1, routed)           0.000    23.022    tokenizer/imm_reg[12]_i_44_n_0
    SLICE_X58Y113        CARRY4 (Prop_carry4_CI_O[0])
                                                      0.219    23.241 r  tokenizer/imm_reg[13]_i_48/O[0]
                         net (fo=1, routed)           0.422    23.662    tokenizer/imm_reg[13]_i_48_n_7
    SLICE_X60Y113        LUT5 (Prop_lut5_I1_O)        0.295    23.957 r  tokenizer/imm[13]_i_21/O
                         net (fo=7, routed)           0.649    24.606    tokenizer/imm[13]_i_21_n_0
    SLICE_X56Y113        LUT4 (Prop_lut4_I0_O)        0.124    24.730 r  tokenizer/imm[13]_i_106/O
                         net (fo=1, routed)           0.000    24.730    tokenizer/imm[13]_i_106_n_0
    SLICE_X56Y113        CARRY4 (Prop_carry4_S[0]_O[0])
                                                      0.252    24.982 r  tokenizer/imm_reg[13]_i_41/O[0]
                         net (fo=3, routed)           0.480    25.462    tokenizer/imm_reg[13]_i_41_n_7
    SLICE_X54Y112        LUT2 (Prop_lut2_I1_O)        0.295    25.757 r  tokenizer/imm[13]_i_45/O
                         net (fo=1, routed)           0.000    25.757    tokenizer/imm[13]_i_45_n_0
    SLICE_X54Y112        CARRY4 (Prop_carry4_S[1]_O[2])
                                                      0.578    26.335 r  tokenizer/imm_reg[13]_i_20/O[2]
                         net (fo=5, routed)           1.114    27.449    tokenizer/imm_reg[13]_i_20_n_5
    SLICE_X55Y115        LUT5 (Prop_lut5_I0_O)        0.301    27.750 r  tokenizer/imm[19]_i_55/O
                         net (fo=1, routed)           0.000    27.750    tokenizer/imm[19]_i_55_n_0
    SLICE_X55Y115        CARRY4 (Prop_carry4_S[2]_O[2])
                                                      0.248    27.998 r  tokenizer/imm_reg[19]_i_31/O[2]
                         net (fo=3, routed)           0.322    28.320    tokenizer/imm_reg[19]_i_31_n_5
    SLICE_X57Y115        LUT2 (Prop_lut2_I1_O)        0.302    28.622 r  tokenizer/imm[13]_i_36/O
                         net (fo=1, routed)           0.000    28.622    tokenizer/imm[13]_i_36_n_0
    SLICE_X57Y115        CARRY4 (Prop_carry4_S[3]_O[3])
                                                      0.248    28.870 r  tokenizer/imm_reg[13]_i_19/O[3]
                         net (fo=3, routed)           0.627    29.497    tokenizer/imm_reg[13]_i_19_n_4
    SLICE_X53Y112        LUT6 (Prop_lut6_I0_O)        0.306    29.803 r  tokenizer/imm[16]_i_30/O
                         net (fo=5, routed)           0.639    30.442    tokenizer/imm[16]_i_30_n_0
    SLICE_X52Y115        CARRY4 (Prop_carry4_DI[3]_CO[3])
                                                      0.385    30.827 r  tokenizer/imm_reg[19]_i_25/CO[3]
                         net (fo=1, routed)           0.000    30.827    tokenizer/imm_reg[19]_i_25_n_0
    SLICE_X52Y116        CARRY4 (Prop_carry4_CI_O[0])
                                                      0.222    31.049 r  tokenizer/imm_reg[24]_i_88/O[0]
                         net (fo=3, routed)           0.327    31.376    tokenizer/imm_reg[24]_i_88_n_7
    SLICE_X51Y116        LUT2 (Prop_lut2_I1_O)        0.299    31.675 r  tokenizer/imm[19]_i_28/O
                         net (fo=1, routed)           0.000    31.675    tokenizer/imm[19]_i_28_n_0
    SLICE_X51Y116        CARRY4 (Prop_carry4_S[1]_O[2])
                                                      0.580    32.255 r  tokenizer/imm_reg[19]_i_18/O[2]
                         net (fo=2, routed)           0.940    33.196    tokenizer/imm_reg[19]_i_18_n_5
    SLICE_X51Y120        LUT5 (Prop_lut5_I0_O)        0.328    33.524 r  tokenizer/imm[19]_i_10/O
                         net (fo=10, routed)          0.650    34.174    tokenizer/imm[19]_i_10_n_0
    SLICE_X50Y117        LUT4 (Prop_lut4_I3_O)        0.326    34.500 r  tokenizer/imm[18]_i_86/O
                         net (fo=1, routed)           0.000    34.500    tokenizer/imm[18]_i_86_n_0
    SLICE_X50Y117        CARRY4 (Prop_carry4_S[2]_O[2])
                                                      0.250    34.750 r  tokenizer/imm_reg[18]_i_30/O[2]
                         net (fo=3, routed)           0.638    35.388    tokenizer/imm_reg[18]_i_30_n_5
    SLICE_X44Y118        LUT2 (Prop_lut2_I1_O)        0.301    35.689 r  tokenizer/imm[18]_i_32/O
                         net (fo=1, routed)           0.000    35.689    tokenizer/imm[18]_i_32_n_0
    SLICE_X44Y118        CARRY4 (Prop_carry4_S[3]_O[3])
                                                      0.248    35.937 r  tokenizer/imm_reg[18]_i_15/O[3]
                         net (fo=6, routed)           1.014    36.951    tokenizer/imm_reg[18]_i_15_n_4
    SLICE_X49Y120        LUT5 (Prop_lut5_I1_O)        0.306    37.257 r  tokenizer/imm[17]_i_71/O
                         net (fo=1, routed)           0.000    37.257    tokenizer/imm[17]_i_71_n_0
    SLICE_X49Y120        CARRY4 (Prop_carry4_S[3]_CO[3])
                                                      0.401    37.658 r  tokenizer/imm_reg[17]_i_36/CO[3]
                         net (fo=1, routed)           0.000    37.658    tokenizer/imm_reg[17]_i_36_n_0
    SLICE_X49Y121        CARRY4 (Prop_carry4_CI_O[0])
                                                      0.222    37.880 r  tokenizer/imm_reg[30]_i_111/O[0]
                         net (fo=3, routed)           0.448    38.328    tokenizer/imm_reg[30]_i_111_n_7
    SLICE_X48Y121        LUT2 (Prop_lut2_I1_O)        0.299    38.627 r  tokenizer/imm[24]_i_86/O
                         net (fo=1, routed)           0.000    38.627    tokenizer/imm[24]_i_86_n_0
    SLICE_X48Y121        CARRY4 (Prop_carry4_S[1]_O[2])
                                                      0.580    39.207 r  tokenizer/imm_reg[24]_i_33/O[2]
                         net (fo=2, routed)           0.598    39.806    tokenizer/imm_reg[24]_i_33_n_5
    SLICE_X47Y122        LUT3 (Prop_lut3_I2_O)        0.302    40.108 r  tokenizer/imm[28]_i_177/O
                         net (fo=3, routed)           0.639    40.747    tokenizer/imm[28]_i_177_n_0
    SLICE_X39Y121        LUT6 (Prop_lut6_I0_O)        0.124    40.871 r  tokenizer/imm[28]_i_181/O
                         net (fo=1, routed)           0.000    40.871    tokenizer/imm[28]_i_181_n_0
    SLICE_X39Y121        CARRY4 (Prop_carry4_S[2]_O[2])
                                                      0.248    41.119 r  tokenizer/imm_reg[28]_i_101/O[2]
                         net (fo=3, routed)           0.456    41.575    tokenizer/imm_reg[28]_i_101_n_5
    SLICE_X40Y122        LUT2 (Prop_lut2_I1_O)        0.302    41.877 r  tokenizer/imm[24]_i_101/O
                         net (fo=1, routed)           0.000    41.877    tokenizer/imm[24]_i_101_n_0
    SLICE_X40Y122        CARRY4 (Prop_carry4_S[3]_CO[3])
                                                      0.401    42.278 r  tokenizer/imm_reg[24]_i_38/CO[3]
                         net (fo=1, routed)           0.000    42.278    tokenizer/imm_reg[24]_i_38_n_0
    SLICE_X40Y123        CARRY4 (Prop_carry4_CI_O[1])
                                                      0.334    42.612 r  tokenizer/imm_reg[28]_i_53/O[1]
                         net (fo=1, routed)           0.506    43.118    tokenizer/imm_reg[28]_i_53_n_6
    SLICE_X50Y123        LUT4 (Prop_lut4_I2_O)        0.303    43.421 f  tokenizer/imm[26]_i_10/O
                         net (fo=1, routed)           0.658    44.079    tokenizer/imm[26]_i_10_n_0
    SLICE_X50Y122        LUT6 (Prop_lut6_I0_O)        0.124    44.203 f  tokenizer/imm[26]_i_5/O
                         net (fo=1, routed)           0.667    44.870    tokenizer/imm[26]_i_5_n_0
    SLICE_X51Y131        LUT6 (Prop_lut6_I4_O)        0.124    44.994 r  tokenizer/imm[26]_i_1/O
                         net (fo=1, routed)           0.000    44.994    operand_interpreter/imm_reg[31]_2[26]
    SLICE_X51Y131        FDRE                                         r  operand_interpreter/imm_reg[26]/D
  -------------------------------------------------------------------    -------------------

                         (clock sys_clk_pin rise edge)
                                                     50.000    50.000 r  <hidden>
    E3                                                0.000    50.000 r  CLK100MHZ
                         net (fo=0)                   0.000    50.000    CLK100MHZ
    E3                   IBUF (Prop_ibuf_I_O)         1.411    51.411 r  CLK100MHZ_IBUF_inst/O
                         net (fo=1, routed)           1.920    53.331    CLK100MHZ_IBUF
    BUFGCTRL_X0Y16       BUFG (Prop_bufg_I_O)         0.091    53.422 r  CLK100MHZ_IBUF_BUFG_inst/O
                         net (fo=1875, routed)        1.485    54.907    operand_interpreter/CLK100MHZ_IBUF_BUFG
    SLICE_X51Y131        FDRE                                         r  operand_interpreter/imm_reg[26]/C
                         clock pessimism              0.188    55.095    <hidden>
                         clock uncertainty           -0.035    55.060    <hidden>
    SLICE_X51Y131        FDRE (Setup_fdre_C_D)        0.029    55.089    operand_interpreter/imm_reg[26]
  -------------------------------------------------------------------
                         required time                         55.089    <hidden>
                         arrival time                         -44.994    <hidden>
  -------------------------------------------------------------------
                         slack                                 10.095    <hidden>

Slack (MET) :             10.507ns  (required time - arrival time)
  Source:                 tokenizer/token2_reg[92]/C
                            (rising edge-triggered cell FDRE clocked by sys_clk_pin  {rise@0.000ns fall@5.000ns period=50.000ns})
  Destination:            operand_interpreter/imm_reg[22]/D
                            (rising edge-triggered cell FDRE clocked by sys_clk_pin  {rise@0.000ns fall@5.000ns period=50.000ns})
  Path Group:             sys_clk_pin
  Path Type:              Setup (Max at Slow Process Corner)
  Requirement:            50.000ns  (sys_clk_pin rise@50.000ns - sys_clk_pin rise@0.000ns)
  Data Path Delay:        39.404ns  (logic 17.254ns (43.787%)  route 22.150ns (56.213%))
  Logic Levels:           57  (CARRY4=25 LUT2=9 LUT3=3 LUT4=5 LUT5=8 LUT6=7)
  Clock Path Skew:        -0.130ns (DCD - SCD + CPR)
    Destination Clock Delay (DCD):    4.900ns = ( 54.900 - 50.000 ) 
    Source Clock Delay      (SCD):    5.218ns
    Clock Pessimism Removal (CPR):    0.188ns
  Clock Uncertainty:      0.035ns  ((TSJ^2 + TIJ^2)^1/2 + DJ) / 2 + PE
    Total System Jitter     (TSJ):    0.071ns
    Total Input Jitter      (TIJ):    0.000ns
    Discrete Jitter          (DJ):    0.000ns
    Phase Error              (PE):    0.000ns

    Location             Delay type                Incr(ns)  Path(ns)    Netlist Resource(s)
  -------------------------------------------------------------------    -------------------
                         (clock sys_clk_pin rise edge)
                                                      0.000     0.000 r  <hidden>
    E3                                                0.000     0.000 r  CLK100MHZ
                         net (fo=0)                   0.000     0.000    CLK100MHZ
    E3                   IBUF (Prop_ibuf_I_O)         1.482     1.482 r  CLK100MHZ_IBUF_inst/O
                         net (fo=1, routed)           2.025     3.506    CLK100MHZ_IBUF
    BUFGCTRL_X0Y16       BUFG (Prop_bufg_I_O)         0.096     3.602 r  CLK100MHZ_IBUF_BUFG_inst/O
                         net (fo=1875, routed)        1.616     5.218    tokenizer/clk
    SLICE_X68Y108        FDRE                                         r  tokenizer/token2_reg[92]/C
  -------------------------------------------------------------------    -------------------
    SLICE_X68Y108        FDRE (Prop_fdre_C_Q)         0.456     5.674 r  tokenizer/token2_reg[92]/Q
                         net (fo=25, routed)          1.127     6.801    tokenizer/token2[92]
    SLICE_X67Y115        LUT2 (Prop_lut2_I0_O)        0.124     6.925 r  tokenizer/imm[31]_i_31/O
                         net (fo=2, routed)           0.308     7.234    tokenizer/imm[31]_i_31_n_0
    SLICE_X67Y113        LUT6 (Prop_lut6_I1_O)        0.124     7.358 r  tokenizer/imm[17]_i_81/O
                         net (fo=33, routed)          0.402     7.759    tokenizer/imm[17]_i_81_n_0
    SLICE_X68Y113        LUT3 (Prop_lut3_I0_O)        0.124     7.883 r  tokenizer/imm[16]_i_128/O
                         net (fo=1, routed)           0.000     7.883    tokenizer/imm[16]_i_128_n_0
    SLICE_X68Y113        CARRY4 (Prop_carry4_S[1]_O[2])
                                                      0.580     8.463 r  tokenizer/imm_reg[16]_i_99/O[2]
                         net (fo=2, routed)           0.526     8.989    tokenizer/imm_reg[16]_i_99_n_5
    SLICE_X70Y113        CARRY4 (Prop_carry4_DI[3]_CO[3])
                                                      0.574     9.563 r  tokenizer/imm_reg[16]_i_74/CO[3]
                         net (fo=1, routed)           0.000     9.563    tokenizer/imm_reg[16]_i_74_n_0
    SLICE_X70Y114        CARRY4 (Prop_carry4_CI_O[0])
                                                      0.219     9.782 r  tokenizer/imm_reg[17]_i_80/O[0]
                         net (fo=3, routed)           0.586    10.368    tokenizer/imm_reg[17]_i_80_n_7
    SLICE_X67Y115        LUT5 (Prop_lut5_I4_O)        0.290    10.658 r  tokenizer/imm[28]_i_341/O
                         net (fo=2, routed)           0.319    10.977    tokenizer/imm[28]_i_341_n_0
    SLICE_X69Y115        LUT5 (Prop_lut5_I0_O)        0.332    11.309 r  tokenizer/imm[28]_i_345/O
                         net (fo=1, routed)           0.000    11.309    tokenizer/imm[28]_i_345_n_0
    SLICE_X69Y115        CARRY4 (Prop_carry4_S[0]_O[0])
                                                      0.247    11.556 r  tokenizer/imm_reg[28]_i_264/O[0]
                         net (fo=4, routed)           0.613    12.169    tokenizer/imm_reg[28]_i_264_n_7
    SLICE_X66Y114        LUT4 (Prop_lut4_I0_O)        0.299    12.468 r  tokenizer/imm[19]_i_67/O
                         net (fo=1, routed)           0.000    12.468    tokenizer/imm[19]_i_67_n_0
    SLICE_X66Y114        CARRY4 (Prop_carry4_S[1]_O[1])
                                                      0.230    12.698 r  tokenizer/imm_reg[19]_i_60/O[1]
                         net (fo=4, routed)           0.444    13.142    tokenizer/imm_reg[19]_i_60_n_6
    SLICE_X64Y115        LUT6 (Prop_lut6_I0_O)        0.306    13.448 r  tokenizer/imm[24]_i_264/O
                         net (fo=1, routed)           0.000    13.448    tokenizer/imm[24]_i_264_n_0
    SLICE_X64Y115        CARRY4 (Prop_carry4_S[1]_O[1])
                                                      0.227    13.675 r  tokenizer/imm_reg[24]_i_212/O[1]
                         net (fo=3, routed)           0.523    14.198    tokenizer/imm_reg[24]_i_212_n_6
    SLICE_X65Y115        LUT4 (Prop_lut4_I3_O)        0.303    14.501 r  tokenizer/imm[20]_i_82/O
                         net (fo=1, routed)           0.000    14.501    tokenizer/imm[20]_i_82_n_0
    SLICE_X65Y115        CARRY4 (Prop_carry4_S[2]_O[2])
                                                      0.248    14.749 r  tokenizer/imm_reg[20]_i_52/O[2]
                         net (fo=1, routed)           0.741    15.489    tokenizer/imm_reg[20]_i_52_n_5
    SLICE_X68Y116        LUT5 (Prop_lut5_I0_O)        0.328    15.817 f  tokenizer/imm[19]_i_58/O
                         net (fo=1, routed)           0.436    16.254    tokenizer/imm[19]_i_58_n_0
    SLICE_X68Y116        LUT6 (Prop_lut6_I0_O)        0.326    16.580 r  tokenizer/imm[19]_i_39/O
                         net (fo=8, routed)           0.630    17.210    tokenizer/imm[24]_i_252_n_0
    SLICE_X62Y116        LUT6 (Prop_lut6_I0_O)        0.124    17.334 r  tokenizer/imm[24]_i_256/O
                         net (fo=1, routed)           0.000    17.334    tokenizer/imm[24]_i_256_n_0
    SLICE_X62Y116        CARRY4 (Prop_carry4_S[2]_O[2])
                                                      0.250    17.584 r  tokenizer/imm_reg[24]_i_207/O[2]
                         net (fo=3, routed)           0.564    18.148    tokenizer/imm_reg[24]_i_207_n_5
    SLICE_X63Y117        LUT3 (Prop_lut3_I2_O)        0.301    18.449 r  tokenizer/imm[18]_i_116/O
                         net (fo=1, routed)           0.000    18.449    tokenizer/imm[18]_i_116_n_0
    SLICE_X63Y117        CARRY4 (Prop_carry4_S[3]_O[3])
                                                      0.248    18.697 r  tokenizer/imm_reg[18]_i_73/O[3]
                         net (fo=1, routed)           0.586    19.283    tokenizer/imm_reg[18]_i_73_n_4
    SLICE_X67Y117        LUT5 (Prop_lut5_I0_O)        0.306    19.589 r  tokenizer/imm[20]_i_34/O
                         net (fo=8, routed)           0.616    20.205    tokenizer/imm[20]_i_34_n_0
    SLICE_X67Y121        LUT4 (Prop_lut4_I3_O)        0.124    20.329 r  tokenizer/imm[28]_i_349/O
                         net (fo=1, routed)           0.000    20.329    tokenizer/imm[28]_i_349_n_0
    SLICE_X67Y121        CARRY4 (Prop_carry4_S[3]_CO[3])
                                                      0.401    20.730 r  tokenizer/imm_reg[28]_i_281/CO[3]
                         net (fo=1, routed)           0.000    20.730    tokenizer/imm_reg[28]_i_281_n_0
    SLICE_X67Y122        CARRY4 (Prop_carry4_CI_O[0])
                                                      0.222    20.952 r  tokenizer/imm_reg[28]_i_170/O[0]
                         net (fo=3, routed)           0.483    21.435    tokenizer/imm_reg[28]_i_170_n_7
    SLICE_X68Y122        LUT2 (Prop_lut2_I1_O)        0.299    21.734 r  tokenizer/imm[28]_i_284/O
                         net (fo=1, routed)           0.000    21.734    tokenizer/imm[28]_i_284_n_0
    SLICE_X68Y122        CARRY4 (Prop_carry4_S[1]_O[2])
                                                      0.580    22.314 r  tokenizer/imm_reg[28]_i_168/O[2]
                         net (fo=5, routed)           0.841    23.154    tokenizer/imm_reg[28]_i_168_n_5
    SLICE_X66Y124        LUT5 (Prop_lut5_I0_O)        0.302    23.456 r  tokenizer/imm[28]_i_248/O
                         net (fo=1, routed)           0.000    23.456    tokenizer/imm[28]_i_248_n_0
    SLICE_X66Y124        CARRY4 (Prop_carry4_S[2]_O[2])
                                                      0.250    23.706 r  tokenizer/imm_reg[28]_i_147/O[2]
                         net (fo=3, routed)           0.489    24.196    tokenizer/imm_reg[28]_i_147_n_5
    SLICE_X65Y126        LUT2 (Prop_lut2_I1_O)        0.301    24.497 r  tokenizer/imm[28]_i_232/O
                         net (fo=1, routed)           0.000    24.497    tokenizer/imm[28]_i_232_n_0
    SLICE_X65Y126        CARRY4 (Prop_carry4_S[3]_O[3])
                                                      0.248    24.745 r  tokenizer/imm_reg[28]_i_145/O[3]
                         net (fo=2, routed)           0.820    25.564    tokenizer/imm_reg[28]_i_145_n_4
    SLICE_X61Y124        LUT5 (Prop_lut5_I0_O)        0.300    25.864 r  tokenizer/imm[30]_i_272/O
                         net (fo=8, routed)           0.758    26.622    tokenizer/imm[30]_i_272_n_0
    SLICE_X62Y124        LUT2 (Prop_lut2_I0_O)        0.326    26.948 r  tokenizer/imm[28]_i_257/O
                         net (fo=1, routed)           0.000    26.948    tokenizer/imm[28]_i_257_n_0
    SLICE_X62Y124        CARRY4 (Prop_carry4_S[3]_O[3])
                                                      0.255    27.203 r  tokenizer/imm_reg[28]_i_153/O[3]
                         net (fo=3, routed)           0.635    27.838    tokenizer/imm_reg[28]_i_153_n_4
    SLICE_X63Y126        LUT2 (Prop_lut2_I1_O)        0.307    28.145 r  tokenizer/imm[28]_i_157/O
                         net (fo=1, routed)           0.000    28.145    tokenizer/imm[28]_i_157_n_0
    SLICE_X63Y126        CARRY4 (Prop_carry4_S[0]_O[0])
                                                      0.247    28.392 r  tokenizer/imm_reg[28]_i_95/O[0]
                         net (fo=3, routed)           0.612    29.003    tokenizer/imm_reg[28]_i_95_n_7
    SLICE_X64Y126        LUT4 (Prop_lut4_I3_O)        0.299    29.302 r  tokenizer/imm[13]_i_86/O
                         net (fo=1, routed)           0.627    29.930    tokenizer/imm[13]_i_86_n_0
    SLICE_X69Y123        LUT6 (Prop_lut6_I0_O)        0.124    30.054 r  tokenizer/imm[13]_i_34/O
                         net (fo=3, routed)           0.958    31.011    tokenizer/imm[13]_i_34_n_0
    SLICE_X59Y126        CARRY4 (Prop_carry4_DI[0]_O[1])
                                                      0.407    31.418 r  tokenizer/imm_reg[30]_i_128/O[1]
                         net (fo=3, routed)           0.549    31.968    tokenizer/imm_reg[30]_i_128_n_6
    SLICE_X58Y126        LUT2 (Prop_lut2_I1_O)        0.303    32.271 r  tokenizer/imm[13]_i_79/O
                         net (fo=1, routed)           0.000    32.271    tokenizer/imm[13]_i_79_n_0
    SLICE_X58Y126        CARRY4 (Prop_carry4_S[2]_O[2])
                                                      0.250    32.521 r  tokenizer/imm_reg[13]_i_32/O[2]
                         net (fo=6, routed)           0.789    33.310    tokenizer/imm_reg[13]_i_32_n_5
    SLICE_X57Y126        LUT4 (Prop_lut4_I0_O)        0.301    33.611 r  tokenizer/imm[30]_i_239/O
                         net (fo=1, routed)           0.000    33.611    tokenizer/imm[30]_i_239_n_0
    SLICE_X57Y126        CARRY4 (Prop_carry4_S[2]_O[2])
                                                      0.248    33.859 r  tokenizer/imm_reg[30]_i_134/O[2]
                         net (fo=3, routed)           0.520    34.379    tokenizer/imm_reg[30]_i_134_n_5
    SLICE_X56Y126        LUT2 (Prop_lut2_I1_O)        0.302    34.681 r  tokenizer/imm[13]_i_82/O
                         net (fo=1, routed)           0.000    34.681    tokenizer/imm[13]_i_82_n_0
    SLICE_X56Y126        CARRY4 (Prop_carry4_S[3]_O[3])
                                                      0.255    34.936 r  tokenizer/imm_reg[13]_i_33/O[3]
                         net (fo=4, routed)           0.674    35.610    tokenizer/imm_reg[13]_i_33_n_4
    SLICE_X55Y122        LUT5 (Prop_lut5_I3_O)        0.307    35.917 r  tokenizer/imm[31]_i_188/O
                         net (fo=4, routed)           0.653    36.570    tokenizer/imm[31]_i_188_n_0
    SLICE_X55Y126        CARRY4 (Prop_carry4_DI[3]_CO[3])
                                                      0.385    36.955 r  tokenizer/imm_reg[30]_i_122/CO[3]
                         net (fo=1, routed)           0.000    36.955    tokenizer/imm_reg[30]_i_122_n_0
    SLICE_X55Y127        CARRY4 (Prop_carry4_CI_O[0])
                                                      0.222    37.177 r  tokenizer/imm_reg[24]_i_39/O[0]
                         net (fo=3, routed)           0.454    37.631    tokenizer/imm_reg[24]_i_39_n_7
    SLICE_X54Y127        LUT2 (Prop_lut2_I1_O)        0.299    37.930 r  tokenizer/imm[30]_i_125/O
                         net (fo=1, routed)           0.000    37.930    tokenizer/imm[30]_i_125_n_0
    SLICE_X54Y127        CARRY4 (Prop_carry4_S[1]_O[2])
                                                      0.578    38.508 r  tokenizer/imm_reg[30]_i_56/O[2]
                         net (fo=4, routed)           1.153    39.660    tokenizer/imm_reg[30]_i_56_n_5
    SLICE_X54Y122        LUT5 (Prop_lut5_I4_O)        0.323    39.983 r  tokenizer/imm[31]_i_104/O
                         net (fo=1, routed)           0.717    40.701    tokenizer/imm[31]_i_104_n_0
    SLICE_X53Y128        CARRY4 (Prop_carry4_DI[2]_O[3])
                                                      0.642    41.343 r  tokenizer/imm_reg[31]_i_58/O[3]
                         net (fo=3, routed)           0.368    41.711    tokenizer/imm_reg[31]_i_58_n_4
    SLICE_X52Y128        LUT2 (Prop_lut2_I1_O)        0.306    42.017 r  tokenizer/imm[24]_i_25/O
                         net (fo=1, routed)           0.000    42.017    tokenizer/imm[24]_i_25_n_0
    SLICE_X52Y128        CARRY4 (Prop_carry4_S[0]_O[1])
                                                      0.424    42.441 r  tokenizer/imm_reg[24]_i_10/O[1]
                         net (fo=1, routed)           0.574    43.015    tokenizer/imm_reg[24]_i_10_n_6
    SLICE_X50Y128        LUT3 (Prop_lut3_I2_O)        0.303    43.318 r  tokenizer/imm[22]_i_13/O
                         net (fo=1, routed)           0.605    43.922    tokenizer/imm[22]_i_13_n_0
    SLICE_X50Y124        LUT6 (Prop_lut6_I0_O)        0.124    44.046 r  tokenizer/imm[22]_i_3/O
                         net (fo=1, routed)           0.452    44.498    tokenizer/imm[22]_i_3_n_0
    SLICE_X50Y124        LUT6 (Prop_lut6_I1_O)        0.124    44.622 r  tokenizer/imm[22]_i_1/O
                         net (fo=1, routed)           0.000    44.622    operand_interpreter/imm_reg[31]_2[22]
    SLICE_X50Y124        FDRE                                         r  operand_interpreter/imm_reg[22]/D
  -------------------------------------------------------------------    -------------------

                         (clock sys_clk_pin rise edge)
                                                     50.000    50.000 r  <hidden>
    E3                                                0.000    50.000 r  CLK100MHZ
                         net (fo=0)                   0.000    50.000    CLK100MHZ
    E3                   IBUF (Prop_ibuf_I_O)         1.411    51.411 r  CLK100MHZ_IBUF_inst/O
                         net (fo=1, routed)           1.920    53.331    CLK100MHZ_IBUF
    BUFGCTRL_X0Y16       BUFG (Prop_bufg_I_O)         0.091    53.422 r  CLK100MHZ_IBUF_BUFG_inst/O
                         net (fo=1875, routed)        1.478    54.900    operand_interpreter/CLK100MHZ_IBUF_BUFG
    SLICE_X50Y124        FDRE                                         r  operand_interpreter/imm_reg[22]/C
                         clock pessimism              0.188    55.088    <hidden>
                         clock uncertainty           -0.035    55.053    <hidden>
    SLICE_X50Y124        FDRE (Setup_fdre_C_D)        0.077    55.130    operand_interpreter/imm_reg[22]
  -------------------------------------------------------------------
                         required time                         55.130    <hidden>
                         arrival time                         -44.622    <hidden>
  -------------------------------------------------------------------
                         slack                                 10.507    <hidden>

Slack (MET) :             10.557ns  (required time - arrival time)
  Source:                 tokenizer/token2_reg[92]/C
                            (rising edge-triggered cell FDRE clocked by sys_clk_pin  {rise@0.000ns fall@5.000ns period=50.000ns})
  Destination:            operand_interpreter/imm_reg[23]/D
                            (rising edge-triggered cell FDRE clocked by sys_clk_pin  {rise@0.000ns fall@5.000ns period=50.000ns})
  Path Group:             sys_clk_pin
  Path Type:              Setup (Max at Slow Process Corner)
  Requirement:            50.000ns  (sys_clk_pin rise@50.000ns - sys_clk_pin rise@0.000ns)
  Data Path Delay:        39.364ns  (logic 17.690ns (44.939%)  route 21.674ns (55.061%))
  Logic Levels:           57  (CARRY4=26 LUT2=9 LUT3=3 LUT4=5 LUT5=8 LUT6=6)
  Clock Path Skew:        -0.124ns (DCD - SCD + CPR)
    Destination Clock Delay (DCD):    4.906ns = ( 54.906 - 50.000 ) 
    Source Clock Delay      (SCD):    5.218ns
    Clock Pessimism Removal (CPR):    0.188ns
  Clock Uncertainty:      0.035ns  ((TSJ^2 + TIJ^2)^1/2 + DJ) / 2 + PE
    Total System Jitter     (TSJ):    0.071ns
    Total Input Jitter      (TIJ):    0.000ns
    Discrete Jitter          (DJ):    0.000ns
    Phase Error              (PE):    0.000ns

    Location             Delay type                Incr(ns)  Path(ns)    Netlist Resource(s)
  -------------------------------------------------------------------    -------------------
                         (clock sys_clk_pin rise edge)
                                                      0.000     0.000 r  <hidden>
    E3                                                0.000     0.000 r  CLK100MHZ
                         net (fo=0)                   0.000     0.000    CLK100MHZ
    E3                   IBUF (Prop_ibuf_I_O)         1.482     1.482 r  CLK100MHZ_IBUF_inst/O
                         net (fo=1, routed)           2.025     3.506    CLK100MHZ_IBUF
    BUFGCTRL_X0Y16       BUFG (Prop_bufg_I_O)         0.096     3.602 r  CLK100MHZ_IBUF_BUFG_inst/O
                         net (fo=1875, routed)        1.616     5.218    tokenizer/clk
    SLICE_X68Y108        FDRE                                         r  tokenizer/token2_reg[92]/C
  -------------------------------------------------------------------    -------------------
    SLICE_X68Y108        FDRE (Prop_fdre_C_Q)         0.456     5.674 r  tokenizer/token2_reg[92]/Q
                         net (fo=25, routed)          1.127     6.801    tokenizer/token2[92]
    SLICE_X67Y115        LUT2 (Prop_lut2_I0_O)        0.124     6.925 r  tokenizer/imm[31]_i_31/O
                         net (fo=2, routed)           0.308     7.234    tokenizer/imm[31]_i_31_n_0
    SLICE_X67Y113        LUT6 (Prop_lut6_I1_O)        0.124     7.358 r  tokenizer/imm[17]_i_81/O
                         net (fo=33, routed)          0.402     7.759    tokenizer/imm[17]_i_81_n_0
    SLICE_X68Y113        LUT3 (Prop_lut3_I0_O)        0.124     7.883 r  tokenizer/imm[16]_i_128/O
                         net (fo=1, routed)           0.000     7.883    tokenizer/imm[16]_i_128_n_0
    SLICE_X68Y113        CARRY4 (Prop_carry4_S[1]_O[2])
                                                      0.580     8.463 r  tokenizer/imm_reg[16]_i_99/O[2]
                         net (fo=2, routed)           0.526     8.989    tokenizer/imm_reg[16]_i_99_n_5
    SLICE_X70Y113        CARRY4 (Prop_carry4_DI[3]_CO[3])
                                                      0.574     9.563 r  tokenizer/imm_reg[16]_i_74/CO[3]
                         net (fo=1, routed)           0.000     9.563    tokenizer/imm_reg[16]_i_74_n_0
    SLICE_X70Y114        CARRY4 (Prop_carry4_CI_O[0])
                                                      0.219     9.782 r  tokenizer/imm_reg[17]_i_80/O[0]
                         net (fo=3, routed)           0.586    10.368    tokenizer/imm_reg[17]_i_80_n_7
    SLICE_X67Y115        LUT5 (Prop_lut5_I4_O)        0.290    10.658 r  tokenizer/imm[28]_i_341/O
                         net (fo=2, routed)           0.319    10.977    tokenizer/imm[28]_i_341_n_0
    SLICE_X69Y115        LUT5 (Prop_lut5_I0_O)        0.332    11.309 r  tokenizer/imm[28]_i_345/O
                         net (fo=1, routed)           0.000    11.309    tokenizer/imm[28]_i_345_n_0
    SLICE_X69Y115        CARRY4 (Prop_carry4_S[0]_O[0])
                                                      0.247    11.556 r  tokenizer/imm_reg[28]_i_264/O[0]
                         net (fo=4, routed)           0.613    12.169    tokenizer/imm_reg[28]_i_264_n_7
    SLICE_X66Y114        LUT4 (Prop_lut4_I0_O)        0.299    12.468 r  tokenizer/imm[19]_i_67/O
                         net (fo=1, routed)           0.000    12.468    tokenizer/imm[19]_i_67_n_0
    SLICE_X66Y114        CARRY4 (Prop_carry4_S[1]_O[1])
                                                      0.230    12.698 r  tokenizer/imm_reg[19]_i_60/O[1]
                         net (fo=4, routed)           0.444    13.142    tokenizer/imm_reg[19]_i_60_n_6
    SLICE_X64Y115        LUT6 (Prop_lut6_I0_O)        0.306    13.448 r  tokenizer/imm[24]_i_264/O
                         net (fo=1, routed)           0.000    13.448    tokenizer/imm[24]_i_264_n_0
    SLICE_X64Y115        CARRY4 (Prop_carry4_S[1]_O[1])
                                                      0.227    13.675 r  tokenizer/imm_reg[24]_i_212/O[1]
                         net (fo=3, routed)           0.523    14.198    tokenizer/imm_reg[24]_i_212_n_6
    SLICE_X65Y115        LUT4 (Prop_lut4_I3_O)        0.303    14.501 r  tokenizer/imm[20]_i_82/O
                         net (fo=1, routed)           0.000    14.501    tokenizer/imm[20]_i_82_n_0
    SLICE_X65Y115        CARRY4 (Prop_carry4_S[2]_O[2])
                                                      0.248    14.749 r  tokenizer/imm_reg[20]_i_52/O[2]
                         net (fo=1, routed)           0.741    15.489    tokenizer/imm_reg[20]_i_52_n_5
    SLICE_X68Y116        LUT5 (Prop_lut5_I0_O)        0.328    15.817 f  tokenizer/imm[19]_i_58/O
                         net (fo=1, routed)           0.436    16.254    tokenizer/imm[19]_i_58_n_0
    SLICE_X68Y116        LUT6 (Prop_lut6_I0_O)        0.326    16.580 r  tokenizer/imm[19]_i_39/O
                         net (fo=8, routed)           0.630    17.210    tokenizer/imm[24]_i_252_n_0
    SLICE_X62Y116        LUT6 (Prop_lut6_I0_O)        0.124    17.334 r  tokenizer/imm[24]_i_256/O
                         net (fo=1, routed)           0.000    17.334    tokenizer/imm[24]_i_256_n_0
    SLICE_X62Y116        CARRY4 (Prop_carry4_S[2]_O[2])
                                                      0.250    17.584 r  tokenizer/imm_reg[24]_i_207/O[2]
                         net (fo=3, routed)           0.564    18.148    tokenizer/imm_reg[24]_i_207_n_5
    SLICE_X63Y117        LUT3 (Prop_lut3_I2_O)        0.301    18.449 r  tokenizer/imm[18]_i_116/O
                         net (fo=1, routed)           0.000    18.449    tokenizer/imm[18]_i_116_n_0
    SLICE_X63Y117        CARRY4 (Prop_carry4_S[3]_O[3])
                                                      0.248    18.697 r  tokenizer/imm_reg[18]_i_73/O[3]
                         net (fo=1, routed)           0.586    19.283    tokenizer/imm_reg[18]_i_73_n_4
    SLICE_X67Y117        LUT5 (Prop_lut5_I0_O)        0.306    19.589 r  tokenizer/imm[20]_i_34/O
                         net (fo=8, routed)           0.616    20.205    tokenizer/imm[20]_i_34_n_0
    SLICE_X67Y121        LUT4 (Prop_lut4_I3_O)        0.124    20.329 r  tokenizer/imm[28]_i_349/O
                         net (fo=1, routed)           0.000    20.329    tokenizer/imm[28]_i_349_n_0
    SLICE_X67Y121        CARRY4 (Prop_carry4_S[3]_CO[3])
                                                      0.401    20.730 r  tokenizer/imm_reg[28]_i_281/CO[3]
                         net (fo=1, routed)           0.000    20.730    tokenizer/imm_reg[28]_i_281_n_0
    SLICE_X67Y122        CARRY4 (Prop_carry4_CI_O[0])
                                                      0.222    20.952 r  tokenizer/imm_reg[28]_i_170/O[0]
                         net (fo=3, routed)           0.483    21.435    tokenizer/imm_reg[28]_i_170_n_7
    SLICE_X68Y122        LUT2 (Prop_lut2_I1_O)        0.299    21.734 r  tokenizer/imm[28]_i_284/O
                         net (fo=1, routed)           0.000    21.734    tokenizer/imm[28]_i_284_n_0
    SLICE_X68Y122        CARRY4 (Prop_carry4_S[1]_O[2])
                                                      0.580    22.314 r  tokenizer/imm_reg[28]_i_168/O[2]
                         net (fo=5, routed)           0.841    23.154    tokenizer/imm_reg[28]_i_168_n_5
    SLICE_X66Y124        LUT5 (Prop_lut5_I0_O)        0.302    23.456 r  tokenizer/imm[28]_i_248/O
                         net (fo=1, routed)           0.000    23.456    tokenizer/imm[28]_i_248_n_0
    SLICE_X66Y124        CARRY4 (Prop_carry4_S[2]_O[2])
                                                      0.250    23.706 r  tokenizer/imm_reg[28]_i_147/O[2]
                         net (fo=3, routed)           0.489    24.196    tokenizer/imm_reg[28]_i_147_n_5
    SLICE_X65Y126        LUT2 (Prop_lut2_I1_O)        0.301    24.497 r  tokenizer/imm[28]_i_232/O
                         net (fo=1, routed)           0.000    24.497    tokenizer/imm[28]_i_232_n_0
    SLICE_X65Y126        CARRY4 (Prop_carry4_S[3]_O[3])
                                                      0.248    24.745 r  tokenizer/imm_reg[28]_i_145/O[3]
                         net (fo=2, routed)           0.820    25.564    tokenizer/imm_reg[28]_i_145_n_4
    SLICE_X61Y124        LUT5 (Prop_lut5_I0_O)        0.300    25.864 r  tokenizer/imm[30]_i_272/O
                         net (fo=8, routed)           0.758    26.622    tokenizer/imm[30]_i_272_n_0
    SLICE_X62Y124        LUT2 (Prop_lut2_I0_O)        0.326    26.948 r  tokenizer/imm[28]_i_257/O
                         net (fo=1, routed)           0.000    26.948    tokenizer/imm[28]_i_257_n_0
    SLICE_X62Y124        CARRY4 (Prop_carry4_S[3]_O[3])
                                                      0.255    27.203 r  tokenizer/imm_reg[28]_i_153/O[3]
                         net (fo=3, routed)           0.635    27.838    tokenizer/imm_reg[28]_i_153_n_4
    SLICE_X63Y126        LUT2 (Prop_lut2_I1_O)        0.307    28.145 r  tokenizer/imm[28]_i_157/O
                         net (fo=1, routed)           0.000    28.145    tokenizer/imm[28]_i_157_n_0
    SLICE_X63Y126        CARRY4 (Prop_carry4_S[0]_O[0])
                                                      0.247    28.392 r  tokenizer/imm_reg[28]_i_95/O[0]
                         net (fo=3, routed)           0.612    29.003    tokenizer/imm_reg[28]_i_95_n_7
    SLICE_X64Y126        LUT4 (Prop_lut4_I3_O)        0.299    29.302 r  tokenizer/imm[13]_i_86/O
                         net (fo=1, routed)           0.627    29.930    tokenizer/imm[13]_i_86_n_0
    SLICE_X69Y123        LUT6 (Prop_lut6_I0_O)        0.124    30.054 r  tokenizer/imm[13]_i_34/O
                         net (fo=3, routed)           0.958    31.011    tokenizer/imm[13]_i_34_n_0
    SLICE_X59Y126        CARRY4 (Prop_carry4_DI[0]_O[1])
                                                      0.407    31.418 r  tokenizer/imm_reg[30]_i_128/O[1]
                         net (fo=3, routed)           0.549    31.968    tokenizer/imm_reg[30]_i_128_n_6
    SLICE_X58Y126        LUT2 (Prop_lut2_I1_O)        0.303    32.271 r  tokenizer/imm[13]_i_79/O
                         net (fo=1, routed)           0.000    32.271    tokenizer/imm[13]_i_79_n_0
    SLICE_X58Y126        CARRY4 (Prop_carry4_S[2]_O[2])
                                                      0.250    32.521 r  tokenizer/imm_reg[13]_i_32/O[2]
                         net (fo=6, routed)           0.789    33.310    tokenizer/imm_reg[13]_i_32_n_5
    SLICE_X57Y126        LUT4 (Prop_lut4_I0_O)        0.301    33.611 r  tokenizer/imm[30]_i_239/O
                         net (fo=1, routed)           0.000    33.611    tokenizer/imm[30]_i_239_n_0
    SLICE_X57Y126        CARRY4 (Prop_carry4_S[2]_O[2])
                                                      0.248    33.859 r  tokenizer/imm_reg[30]_i_134/O[2]
                         net (fo=3, routed)           0.520    34.379    tokenizer/imm_reg[30]_i_134_n_5
    SLICE_X56Y126        LUT2 (Prop_lut2_I1_O)        0.302    34.681 r  tokenizer/imm[13]_i_82/O
                         net (fo=1, routed)           0.000    34.681    tokenizer/imm[13]_i_82_n_0
    SLICE_X56Y126        CARRY4 (Prop_carry4_S[3]_O[3])
                                                      0.255    34.936 r  tokenizer/imm_reg[13]_i_33/O[3]
                         net (fo=4, routed)           0.674    35.610    tokenizer/imm_reg[13]_i_33_n_4
    SLICE_X55Y122        LUT5 (Prop_lut5_I3_O)        0.307    35.917 r  tokenizer/imm[31]_i_188/O
                         net (fo=4, routed)           0.653    36.570    tokenizer/imm[31]_i_188_n_0
    SLICE_X55Y126        CARRY4 (Prop_carry4_DI[3]_CO[3])
                                                      0.385    36.955 r  tokenizer/imm_reg[30]_i_122/CO[3]
                         net (fo=1, routed)           0.000    36.955    tokenizer/imm_reg[30]_i_122_n_0
    SLICE_X55Y127        CARRY4 (Prop_carry4_CI_O[0])
                                                      0.222    37.177 r  tokenizer/imm_reg[24]_i_39/O[0]
                         net (fo=3, routed)           0.454    37.631    tokenizer/imm_reg[24]_i_39_n_7
    SLICE_X54Y127        LUT2 (Prop_lut2_I1_O)        0.299    37.930 r  tokenizer/imm[30]_i_125/O
                         net (fo=1, routed)           0.000    37.930    tokenizer/imm[30]_i_125_n_0
    SLICE_X54Y127        CARRY4 (Prop_carry4_S[1]_O[2])
                                                      0.578    38.508 r  tokenizer/imm_reg[30]_i_56/O[2]
                         net (fo=4, routed)           1.153    39.660    tokenizer/imm_reg[30]_i_56_n_5
    SLICE_X54Y122        LUT5 (Prop_lut5_I4_O)        0.323    39.983 r  tokenizer/imm[31]_i_104/O
                         net (fo=1, routed)           0.717    40.701    tokenizer/imm[31]_i_104_n_0
    SLICE_X53Y128        CARRY4 (Prop_carry4_DI[2]_CO[3])
                                                      0.602    41.303 r  tokenizer/imm_reg[31]_i_58/CO[3]
                         net (fo=1, routed)           0.000    41.303    tokenizer/imm_reg[31]_i_58_n_0
    SLICE_X53Y129        CARRY4 (Prop_carry4_CI_O[0])
                                                      0.222    41.525 r  tokenizer/imm_reg[28]_i_40/O[0]
                         net (fo=3, routed)           0.328    41.853    tokenizer/imm_reg[28]_i_40_n_7
    SLICE_X52Y128        LUT2 (Prop_lut2_I1_O)        0.299    42.152 r  tokenizer/imm[24]_i_24/O
                         net (fo=1, routed)           0.000    42.152    tokenizer/imm[24]_i_24_n_0
    SLICE_X52Y128        CARRY4 (Prop_carry4_S[1]_O[2])
                                                      0.580    42.732 r  tokenizer/imm_reg[24]_i_10/O[2]
                         net (fo=1, routed)           0.888    43.620    tokenizer/imm_reg[24]_i_10_n_5
    SLICE_X50Y128        LUT3 (Prop_lut3_I2_O)        0.328    43.948 r  tokenizer/imm[23]_i_3/O
                         net (fo=1, routed)           0.307    44.254    tokenizer/imm[23]_i_3_n_0
    SLICE_X50Y129        LUT6 (Prop_lut6_I2_O)        0.328    44.582 r  tokenizer/imm[23]_i_1/O
                         net (fo=1, routed)           0.000    44.582    operand_interpreter/imm_reg[31]_2[23]
    SLICE_X50Y129        FDRE                                         r  operand_interpreter/imm_reg[23]/D
  -------------------------------------------------------------------    -------------------

                         (clock sys_clk_pin rise edge)
                                                     50.000    50.000 r  <hidden>
    E3                                                0.000    50.000 r  CLK100MHZ
                         net (fo=0)                   0.000    50.000    CLK100MHZ
    E3                   IBUF (Prop_ibuf_I_O)         1.411    51.411 r  CLK100MHZ_IBUF_inst/O
                         net (fo=1, routed)           1.920    53.331    CLK100MHZ_IBUF
    BUFGCTRL_X0Y16       BUFG (Prop_bufg_I_O)         0.091    53.422 r  CLK100MHZ_IBUF_BUFG_inst/O
                         net (fo=1875, routed)        1.484    54.906    operand_interpreter/CLK100MHZ_IBUF_BUFG
    SLICE_X50Y129        FDRE                                         r  operand_interpreter/imm_reg[23]/C
                         clock pessimism              0.188    55.094    <hidden>
                         clock uncertainty           -0.035    55.059    <hidden>
    SLICE_X50Y129        FDRE (Setup_fdre_C_D)        0.081    55.140    operand_interpreter/imm_reg[23]
  -------------------------------------------------------------------
                         required time                         55.140    <hidden>
                         arrival time                         -44.582    <hidden>
  -------------------------------------------------------------------
                         slack                                 10.557    <hidden>

Slack (MET) :             10.578ns  (required time - arrival time)
  Source:                 tokenizer/token2_reg[92]/C
                            (rising edge-triggered cell FDRE clocked by sys_clk_pin  {rise@0.000ns fall@5.000ns period=50.000ns})
  Destination:            operand_interpreter/imm_reg[21]/D
                            (rising edge-triggered cell FDRE clocked by sys_clk_pin  {rise@0.000ns fall@5.000ns period=50.000ns})
  Path Group:             sys_clk_pin
  Path Type:              Setup (Max at Slow Process Corner)
  Requirement:            50.000ns  (sys_clk_pin rise@50.000ns - sys_clk_pin rise@0.000ns)
  Data Path Delay:        39.292ns  (logic 17.303ns (44.037%)  route 21.989ns (55.963%))
  Logic Levels:           57  (CARRY4=25 LUT2=9 LUT3=3 LUT4=5 LUT5=8 LUT6=7)
  Clock Path Skew:        -0.123ns (DCD - SCD + CPR)
    Destination Clock Delay (DCD):    4.907ns = ( 54.907 - 50.000 ) 
    Source Clock Delay      (SCD):    5.218ns
    Clock Pessimism Removal (CPR):    0.188ns
  Clock Uncertainty:      0.035ns  ((TSJ^2 + TIJ^2)^1/2 + DJ) / 2 + PE
    Total System Jitter     (TSJ):    0.071ns
    Total Input Jitter      (TIJ):    0.000ns
    Discrete Jitter          (DJ):    0.000ns
    Phase Error              (PE):    0.000ns

    Location             Delay type                Incr(ns)  Path(ns)    Netlist Resource(s)
  -------------------------------------------------------------------    -------------------
                         (clock sys_clk_pin rise edge)
                                                      0.000     0.000 r  <hidden>
    E3                                                0.000     0.000 r  CLK100MHZ
                         net (fo=0)                   0.000     0.000    CLK100MHZ
    E3                   IBUF (Prop_ibuf_I_O)         1.482     1.482 r  CLK100MHZ_IBUF_inst/O
                         net (fo=1, routed)           2.025     3.506    CLK100MHZ_IBUF
    BUFGCTRL_X0Y16       BUFG (Prop_bufg_I_O)         0.096     3.602 r  CLK100MHZ_IBUF_BUFG_inst/O
                         net (fo=1875, routed)        1.616     5.218    tokenizer/clk
    SLICE_X68Y108        FDRE                                         r  tokenizer/token2_reg[92]/C
  -------------------------------------------------------------------    -------------------
    SLICE_X68Y108        FDRE (Prop_fdre_C_Q)         0.456     5.674 r  tokenizer/token2_reg[92]/Q
                         net (fo=25, routed)          1.127     6.801    tokenizer/token2[92]
    SLICE_X67Y115        LUT2 (Prop_lut2_I0_O)        0.124     6.925 r  tokenizer/imm[31]_i_31/O
                         net (fo=2, routed)           0.308     7.234    tokenizer/imm[31]_i_31_n_0
    SLICE_X67Y113        LUT6 (Prop_lut6_I1_O)        0.124     7.358 r  tokenizer/imm[17]_i_81/O
                         net (fo=33, routed)          0.402     7.759    tokenizer/imm[17]_i_81_n_0
    SLICE_X68Y113        LUT3 (Prop_lut3_I0_O)        0.124     7.883 r  tokenizer/imm[16]_i_128/O
                         net (fo=1, routed)           0.000     7.883    tokenizer/imm[16]_i_128_n_0
    SLICE_X68Y113        CARRY4 (Prop_carry4_S[1]_O[2])
                                                      0.580     8.463 r  tokenizer/imm_reg[16]_i_99/O[2]
                         net (fo=2, routed)           0.526     8.989    tokenizer/imm_reg[16]_i_99_n_5
    SLICE_X70Y113        CARRY4 (Prop_carry4_DI[3]_CO[3])
                                                      0.574     9.563 r  tokenizer/imm_reg[16]_i_74/CO[3]
                         net (fo=1, routed)           0.000     9.563    tokenizer/imm_reg[16]_i_74_n_0
    SLICE_X70Y114        CARRY4 (Prop_carry4_CI_O[0])
                                                      0.219     9.782 r  tokenizer/imm_reg[17]_i_80/O[0]
                         net (fo=3, routed)           0.586    10.368    tokenizer/imm_reg[17]_i_80_n_7
    SLICE_X67Y115        LUT5 (Prop_lut5_I4_O)        0.290    10.658 r  tokenizer/imm[28]_i_341/O
                         net (fo=2, routed)           0.319    10.977    tokenizer/imm[28]_i_341_n_0
    SLICE_X69Y115        LUT5 (Prop_lut5_I0_O)        0.332    11.309 r  tokenizer/imm[28]_i_345/O
                         net (fo=1, routed)           0.000    11.309    tokenizer/imm[28]_i_345_n_0
    SLICE_X69Y115        CARRY4 (Prop_carry4_S[0]_O[0])
                                                      0.247    11.556 r  tokenizer/imm_reg[28]_i_264/O[0]
                         net (fo=4, routed)           0.613    12.169    tokenizer/imm_reg[28]_i_264_n_7
    SLICE_X66Y114        LUT4 (Prop_lut4_I0_O)        0.299    12.468 r  tokenizer/imm[19]_i_67/O
                         net (fo=1, routed)           0.000    12.468    tokenizer/imm[19]_i_67_n_0
    SLICE_X66Y114        CARRY4 (Prop_carry4_S[1]_O[1])
                                                      0.230    12.698 r  tokenizer/imm_reg[19]_i_60/O[1]
                         net (fo=4, routed)           0.444    13.142    tokenizer/imm_reg[19]_i_60_n_6
    SLICE_X64Y115        LUT6 (Prop_lut6_I0_O)        0.306    13.448 r  tokenizer/imm[24]_i_264/O
                         net (fo=1, routed)           0.000    13.448    tokenizer/imm[24]_i_264_n_0
    SLICE_X64Y115        CARRY4 (Prop_carry4_S[1]_O[1])
                                                      0.227    13.675 r  tokenizer/imm_reg[24]_i_212/O[1]
                         net (fo=3, routed)           0.523    14.198    tokenizer/imm_reg[24]_i_212_n_6
    SLICE_X65Y115        LUT4 (Prop_lut4_I3_O)        0.303    14.501 r  tokenizer/imm[20]_i_82/O
                         net (fo=1, routed)           0.000    14.501    tokenizer/imm[20]_i_82_n_0
    SLICE_X65Y115        CARRY4 (Prop_carry4_S[2]_O[2])
                                                      0.248    14.749 r  tokenizer/imm_reg[20]_i_52/O[2]
                         net (fo=1, routed)           0.741    15.489    tokenizer/imm_reg[20]_i_52_n_5
    SLICE_X68Y116        LUT5 (Prop_lut5_I0_O)        0.328    15.817 f  tokenizer/imm[19]_i_58/O
                         net (fo=1, routed)           0.436    16.254    tokenizer/imm[19]_i_58_n_0
    SLICE_X68Y116        LUT6 (Prop_lut6_I0_O)        0.326    16.580 r  tokenizer/imm[19]_i_39/O
                         net (fo=8, routed)           0.630    17.210    tokenizer/imm[24]_i_252_n_0
    SLICE_X62Y116        LUT6 (Prop_lut6_I0_O)        0.124    17.334 r  tokenizer/imm[24]_i_256/O
                         net (fo=1, routed)           0.000    17.334    tokenizer/imm[24]_i_256_n_0
    SLICE_X62Y116        CARRY4 (Prop_carry4_S[2]_O[2])
                                                      0.250    17.584 r  tokenizer/imm_reg[24]_i_207/O[2]
                         net (fo=3, routed)           0.564    18.148    tokenizer/imm_reg[24]_i_207_n_5
    SLICE_X63Y117        LUT3 (Prop_lut3_I2_O)        0.301    18.449 r  tokenizer/imm[18]_i_116/O
                         net (fo=1, routed)           0.000    18.449    tokenizer/imm[18]_i_116_n_0
    SLICE_X63Y117        CARRY4 (Prop_carry4_S[3]_O[3])
                                                      0.248    18.697 r  tokenizer/imm_reg[18]_i_73/O[3]
                         net (fo=1, routed)           0.586    19.283    tokenizer/imm_reg[18]_i_73_n_4
    SLICE_X67Y117        LUT5 (Prop_lut5_I0_O)        0.306    19.589 r  tokenizer/imm[20]_i_34/O
                         net (fo=8, routed)           0.616    20.205    tokenizer/imm[20]_i_34_n_0
    SLICE_X67Y121        LUT4 (Prop_lut4_I3_O)        0.124    20.329 r  tokenizer/imm[28]_i_349/O
                         net (fo=1, routed)           0.000    20.329    tokenizer/imm[28]_i_349_n_0
    SLICE_X67Y121        CARRY4 (Prop_carry4_S[3]_CO[3])
                                                      0.401    20.730 r  tokenizer/imm_reg[28]_i_281/CO[3]
                         net (fo=1, routed)           0.000    20.730    tokenizer/imm_reg[28]_i_281_n_0
    SLICE_X67Y122        CARRY4 (Prop_carry4_CI_O[0])
                                                      0.222    20.952 r  tokenizer/imm_reg[28]_i_170/O[0]
                         net (fo=3, routed)           0.483    21.435    tokenizer/imm_reg[28]_i_170_n_7
    SLICE_X68Y122        LUT2 (Prop_lut2_I1_O)        0.299    21.734 r  tokenizer/imm[28]_i_284/O
                         net (fo=1, routed)           0.000    21.734    tokenizer/imm[28]_i_284_n_0
    SLICE_X68Y122        CARRY4 (Prop_carry4_S[1]_O[2])
                                                      0.580    22.314 r  tokenizer/imm_reg[28]_i_168/O[2]
                         net (fo=5, routed)           0.841    23.154    tokenizer/imm_reg[28]_i_168_n_5
    SLICE_X66Y124        LUT5 (Prop_lut5_I0_O)        0.302    23.456 r  tokenizer/imm[28]_i_248/O
                         net (fo=1, routed)           0.000    23.456    tokenizer/imm[28]_i_248_n_0
    SLICE_X66Y124        CARRY4 (Prop_carry4_S[2]_O[2])
                                                      0.250    23.706 r  tokenizer/imm_reg[28]_i_147/O[2]
                         net (fo=3, routed)           0.489    24.196    tokenizer/imm_reg[28]_i_147_n_5
    SLICE_X65Y126        LUT2 (Prop_lut2_I1_O)        0.301    24.497 r  tokenizer/imm[28]_i_232/O
                         net (fo=1, routed)           0.000    24.497    tokenizer/imm[28]_i_232_n_0
    SLICE_X65Y126        CARRY4 (Prop_carry4_S[3]_O[3])
                                                      0.248    24.745 r  tokenizer/imm_reg[28]_i_145/O[3]
                         net (fo=2, routed)           0.820    25.564    tokenizer/imm_reg[28]_i_145_n_4
    SLICE_X61Y124        LUT5 (Prop_lut5_I0_O)        0.300    25.864 r  tokenizer/imm[30]_i_272/O
                         net (fo=8, routed)           0.758    26.622    tokenizer/imm[30]_i_272_n_0
    SLICE_X62Y124        LUT2 (Prop_lut2_I0_O)        0.326    26.948 r  tokenizer/imm[28]_i_257/O
                         net (fo=1, routed)           0.000    26.948    tokenizer/imm[28]_i_257_n_0
    SLICE_X62Y124        CARRY4 (Prop_carry4_S[3]_O[3])
                                                      0.255    27.203 r  tokenizer/imm_reg[28]_i_153/O[3]
                         net (fo=3, routed)           0.635    27.838    tokenizer/imm_reg[28]_i_153_n_4
    SLICE_X63Y126        LUT2 (Prop_lut2_I1_O)        0.307    28.145 r  tokenizer/imm[28]_i_157/O
                         net (fo=1, routed)           0.000    28.145    tokenizer/imm[28]_i_157_n_0
    SLICE_X63Y126        CARRY4 (Prop_carry4_S[0]_O[0])
                                                      0.247    28.392 r  tokenizer/imm_reg[28]_i_95/O[0]
                         net (fo=3, routed)           0.612    29.003    tokenizer/imm_reg[28]_i_95_n_7
    SLICE_X64Y126        LUT4 (Prop_lut4_I3_O)        0.299    29.302 r  tokenizer/imm[13]_i_86/O
                         net (fo=1, routed)           0.627    29.930    tokenizer/imm[13]_i_86_n_0
    SLICE_X69Y123        LUT6 (Prop_lut6_I0_O)        0.124    30.054 r  tokenizer/imm[13]_i_34/O
                         net (fo=3, routed)           0.958    31.011    tokenizer/imm[13]_i_34_n_0
    SLICE_X59Y126        CARRY4 (Prop_carry4_DI[0]_O[1])
                                                      0.407    31.418 r  tokenizer/imm_reg[30]_i_128/O[1]
                         net (fo=3, routed)           0.549    31.968    tokenizer/imm_reg[30]_i_128_n_6
    SLICE_X58Y126        LUT2 (Prop_lut2_I1_O)        0.303    32.271 r  tokenizer/imm[13]_i_79/O
                         net (fo=1, routed)           0.000    32.271    tokenizer/imm[13]_i_79_n_0
    SLICE_X58Y126        CARRY4 (Prop_carry4_S[2]_O[2])
                                                      0.250    32.521 r  tokenizer/imm_reg[13]_i_32/O[2]
                         net (fo=6, routed)           0.789    33.310    tokenizer/imm_reg[13]_i_32_n_5
    SLICE_X57Y126        LUT4 (Prop_lut4_I0_O)        0.301    33.611 r  tokenizer/imm[30]_i_239/O
                         net (fo=1, routed)           0.000    33.611    tokenizer/imm[30]_i_239_n_0
    SLICE_X57Y126        CARRY4 (Prop_carry4_S[2]_O[2])
                                                      0.248    33.859 r  tokenizer/imm_reg[30]_i_134/O[2]
                         net (fo=3, routed)           0.520    34.379    tokenizer/imm_reg[30]_i_134_n_5
    SLICE_X56Y126        LUT2 (Prop_lut2_I1_O)        0.302    34.681 r  tokenizer/imm[13]_i_82/O
                         net (fo=1, routed)           0.000    34.681    tokenizer/imm[13]_i_82_n_0
    SLICE_X56Y126        CARRY4 (Prop_carry4_S[3]_O[3])
                                                      0.255    34.936 r  tokenizer/imm_reg[13]_i_33/O[3]
                         net (fo=4, routed)           0.674    35.610    tokenizer/imm_reg[13]_i_33_n_4
    SLICE_X55Y122        LUT5 (Prop_lut5_I3_O)        0.307    35.917 r  tokenizer/imm[31]_i_188/O
                         net (fo=4, routed)           0.653    36.570    tokenizer/imm[31]_i_188_n_0
    SLICE_X55Y126        CARRY4 (Prop_carry4_DI[3]_CO[3])
                                                      0.385    36.955 r  tokenizer/imm_reg[30]_i_122/CO[3]
                         net (fo=1, routed)           0.000    36.955    tokenizer/imm_reg[30]_i_122_n_0
    SLICE_X55Y127        CARRY4 (Prop_carry4_CI_O[0])
                                                      0.222    37.177 r  tokenizer/imm_reg[24]_i_39/O[0]
                         net (fo=3, routed)           0.454    37.631    tokenizer/imm_reg[24]_i_39_n_7
    SLICE_X54Y127        LUT2 (Prop_lut2_I1_O)        0.299    37.930 r  tokenizer/imm[30]_i_125/O
                         net (fo=1, routed)           0.000    37.930    tokenizer/imm[30]_i_125_n_0
    SLICE_X54Y127        CARRY4 (Prop_carry4_S[1]_O[2])
                                                      0.578    38.508 r  tokenizer/imm_reg[30]_i_56/O[2]
                         net (fo=4, routed)           1.153    39.660    tokenizer/imm_reg[30]_i_56_n_5
    SLICE_X54Y122        LUT5 (Prop_lut5_I4_O)        0.323    39.983 r  tokenizer/imm[31]_i_104/O
                         net (fo=1, routed)           0.717    40.701    tokenizer/imm[31]_i_104_n_0
    SLICE_X53Y128        CARRY4 (Prop_carry4_DI[2]_O[3])
                                                      0.642    41.343 r  tokenizer/imm_reg[31]_i_58/O[3]
                         net (fo=3, routed)           0.368    41.711    tokenizer/imm_reg[31]_i_58_n_4
    SLICE_X52Y128        LUT2 (Prop_lut2_I1_O)        0.306    42.017 r  tokenizer/imm[24]_i_25/O
                         net (fo=1, routed)           0.000    42.017    tokenizer/imm[24]_i_25_n_0
    SLICE_X52Y128        CARRY4 (Prop_carry4_S[0]_O[0])
                                                      0.247    42.264 r  tokenizer/imm_reg[24]_i_10/O[0]
                         net (fo=1, routed)           0.958    43.221    tokenizer/imm_reg[24]_i_10_n_7
    SLICE_X49Y128        LUT3 (Prop_lut3_I2_O)        0.327    43.548 r  tokenizer/imm[21]_i_13/O
                         net (fo=1, routed)           0.351    43.899    tokenizer/imm[21]_i_13_n_0
    SLICE_X48Y128        LUT6 (Prop_lut6_I0_O)        0.326    44.225 r  tokenizer/imm[21]_i_3/O
                         net (fo=1, routed)           0.162    44.387    tokenizer/imm[21]_i_3_n_0
    SLICE_X48Y128        LUT6 (Prop_lut6_I1_O)        0.124    44.511 r  tokenizer/imm[21]_i_1/O
                         net (fo=1, routed)           0.000    44.511    operand_interpreter/imm_reg[31]_2[21]
    SLICE_X48Y128        FDRE                                         r  operand_interpreter/imm_reg[21]/D
  -------------------------------------------------------------------    -------------------

                         (clock sys_clk_pin rise edge)
                                                     50.000    50.000 r  <hidden>
    E3                                                0.000    50.000 r  CLK100MHZ
                         net (fo=0)                   0.000    50.000    CLK100MHZ
    E3                   IBUF (Prop_ibuf_I_O)         1.411    51.411 r  CLK100MHZ_IBUF_inst/O
                         net (fo=1, routed)           1.920    53.331    CLK100MHZ_IBUF
    BUFGCTRL_X0Y16       BUFG (Prop_bufg_I_O)         0.091    53.422 r  CLK100MHZ_IBUF_BUFG_inst/O
                         net (fo=1875, routed)        1.485    54.907    operand_interpreter/CLK100MHZ_IBUF_BUFG
    SLICE_X48Y128        FDRE                                         r  operand_interpreter/imm_reg[21]/C
                         clock pessimism              0.188    55.095    <hidden>
                         clock uncertainty           -0.035    55.060    <hidden>
    SLICE_X48Y128        FDRE (Setup_fdre_C_D)        0.029    55.089    operand_interpreter/imm_reg[21]
  -------------------------------------------------------------------
                         required time                         55.089    <hidden>
                         arrival time                         -44.511    <hidden>
  -------------------------------------------------------------------
                         slack                                 10.578    <hidden>





Min Delay Paths
--------------------------------------------------------------------------------------
Slack (MET) :             0.075ns  (arrival time - required time)
  Source:                 mnemonic_decoder/opcode_reg[6]/C
                            (rising edge-triggered cell FDRE clocked by sys_clk_pin  {rise@0.000ns fall@5.000ns period=50.000ns})
  Destination:            instruction_assembler/instruction_assemblied_reg[6]/D
                            (rising edge-triggered cell FDRE clocked by sys_clk_pin  {rise@0.000ns fall@5.000ns period=50.000ns})
  Path Group:             sys_clk_pin
  Path Type:              Hold (Min at Fast Process Corner)
  Requirement:            0.000ns  (sys_clk_pin rise@0.000ns - sys_clk_pin rise@0.000ns)
  Data Path Delay:        0.447ns  (logic 0.209ns (46.805%)  route 0.238ns (53.195%))
  Logic Levels:           1  (LUT4=1)
  Clock Path Skew:        0.265ns (DCD - SCD - CPR)
    Destination Clock Delay (DCD):    2.001ns
    Source Clock Delay      (SCD):    1.490ns
    Clock Pessimism Removal (CPR):    0.245ns

    Location             Delay type                Incr(ns)  Path(ns)    Netlist Resource(s)
  -------------------------------------------------------------------    -------------------
                         (clock sys_clk_pin rise edge)
                                                      0.000     0.000 r  <hidden>
    E3                                                0.000     0.000 r  CLK100MHZ
                         net (fo=0)                   0.000     0.000    CLK100MHZ
    E3                   IBUF (Prop_ibuf_I_O)         0.250     0.250 r  CLK100MHZ_IBUF_inst/O
                         net (fo=1, routed)           0.644     0.894    CLK100MHZ_IBUF
    BUFGCTRL_X0Y16       BUFG (Prop_bufg_I_O)         0.026     0.920 r  CLK100MHZ_IBUF_BUFG_inst/O
                         net (fo=1875, routed)        0.571     1.490    mnemonic_decoder/CLK100MHZ_IBUF_BUFG
    SLICE_X34Y99         FDRE                                         r  mnemonic_decoder/opcode_reg[6]/C
  -------------------------------------------------------------------    -------------------
    SLICE_X34Y99         FDRE (Prop_fdre_C_Q)         0.164     1.654 r  mnemonic_decoder/opcode_reg[6]/Q
                         net (fo=1, routed)           0.238     1.892    instruction_assembler/instruction_assemblied_reg[6]_0[5]
    SLICE_X37Y101        LUT4 (Prop_lut4_I3_O)        0.045     1.937 r  instruction_assembler/instruction_assemblied[6]_i_1/O
                         net (fo=1, routed)           0.000     1.937    instruction_assembler/instruction_assemblied[6]_i_1_n_0
    SLICE_X37Y101        FDRE                                         r  instruction_assembler/instruction_assemblied_reg[6]/D
  -------------------------------------------------------------------    -------------------

                         (clock sys_clk_pin rise edge)
                                                      0.000     0.000 r  <hidden>
    E3                                                0.000     0.000 r  CLK100MHZ
                         net (fo=0)                   0.000     0.000    CLK100MHZ
    E3                   IBUF (Prop_ibuf_I_O)         0.438     0.438 r  CLK100MHZ_IBUF_inst/O
                         net (fo=1, routed)           0.699     1.136    CLK100MHZ_IBUF
    BUFGCTRL_X0Y16       BUFG (Prop_bufg_I_O)         0.029     1.165 r  CLK100MHZ_IBUF_BUFG_inst/O
                         net (fo=1875, routed)        0.836     2.001    instruction_assembler/CLK100MHZ_IBUF_BUFG
    SLICE_X37Y101        FDRE                                         r  instruction_assembler/instruction_assemblied_reg[6]/C
                         clock pessimism             -0.245     1.755    <hidden>
    SLICE_X37Y101        FDRE (Hold_fdre_C_D)         0.107     1.862    instruction_assembler/instruction_assemblied_reg[6]
  -------------------------------------------------------------------
                         required time                         -1.862    <hidden>
                         arrival time                           1.937    <hidden>
  -------------------------------------------------------------------
                         slack                                  0.075    <hidden>

Slack (MET) :             0.083ns  (arrival time - required time)
  Source:                 mnemonic_decoder/opcode_reg[4]/C
                            (rising edge-triggered cell FDRE clocked by sys_clk_pin  {rise@0.000ns fall@5.000ns period=50.000ns})
  Destination:            instruction_assembler/instruction_assemblied_reg[4]/D
                            (rising edge-triggered cell FDRE clocked by sys_clk_pin  {rise@0.000ns fall@5.000ns period=50.000ns})
  Path Group:             sys_clk_pin
  Path Type:              Hold (Min at Fast Process Corner)
  Requirement:            0.000ns  (sys_clk_pin rise@0.000ns - sys_clk_pin rise@0.000ns)
  Data Path Delay:        0.454ns  (logic 0.192ns (42.256%)  route 0.262ns (57.744%))
  Logic Levels:           1  (LUT4=1)
  Clock Path Skew:        0.264ns (DCD - SCD - CPR)
    Destination Clock Delay (DCD):    2.001ns
    Source Clock Delay      (SCD):    1.491ns
    Clock Pessimism Removal (CPR):    0.245ns

    Location             Delay type                Incr(ns)  Path(ns)    Netlist Resource(s)
  -------------------------------------------------------------------    -------------------
                         (clock sys_clk_pin rise edge)
                                                      0.000     0.000 r  <hidden>
    E3                                                0.000     0.000 r  CLK100MHZ
                         net (fo=0)                   0.000     0.000    CLK100MHZ
    E3                   IBUF (Prop_ibuf_I_O)         0.250     0.250 r  CLK100MHZ_IBUF_inst/O
                         net (fo=1, routed)           0.644     0.894    CLK100MHZ_IBUF
    BUFGCTRL_X0Y16       BUFG (Prop_bufg_I_O)         0.026     0.920 r  CLK100MHZ_IBUF_BUFG_inst/O
                         net (fo=1875, routed)        0.572     1.491    mnemonic_decoder/CLK100MHZ_IBUF_BUFG
    SLICE_X31Y98         FDRE                                         r  mnemonic_decoder/opcode_reg[4]/C
  -------------------------------------------------------------------    -------------------
    SLICE_X31Y98         FDRE (Prop_fdre_C_Q)         0.141     1.632 r  mnemonic_decoder/opcode_reg[4]/Q
                         net (fo=1, routed)           0.262     1.895    instruction_assembler/instruction_assemblied_reg[6]_0[3]
    SLICE_X37Y102        LUT4 (Prop_lut4_I3_O)        0.051     1.946 r  instruction_assembler/instruction_assemblied[4]_i_1/O
                         net (fo=1, routed)           0.000     1.946    instruction_assembler/instruction_assemblied[4]_i_1_n_0
    SLICE_X37Y102        FDRE                                         r  instruction_assembler/instruction_assemblied_reg[4]/D
  -------------------------------------------------------------------    -------------------

                         (clock sys_clk_pin rise edge)
                                                      0.000     0.000 r  <hidden>
    E3                                                0.000     0.000 r  CLK100MHZ
                         net (fo=0)                   0.000     0.000    CLK100MHZ
    E3                   IBUF (Prop_ibuf_I_O)         0.438     0.438 r  CLK100MHZ_IBUF_inst/O
                         net (fo=1, routed)           0.699     1.136    CLK100MHZ_IBUF
    BUFGCTRL_X0Y16       BUFG (Prop_bufg_I_O)         0.029     1.165 r  CLK100MHZ_IBUF_BUFG_inst/O
                         net (fo=1875, routed)        0.836     2.001    instruction_assembler/CLK100MHZ_IBUF_BUFG
    SLICE_X37Y102        FDRE                                         r  instruction_assembler/instruction_assemblied_reg[4]/C
                         clock pessimism             -0.245     1.755    <hidden>
    SLICE_X37Y102        FDRE (Hold_fdre_C_D)         0.107     1.862    instruction_assembler/instruction_assemblied_reg[4]
  -------------------------------------------------------------------
                         required time                         -1.862    <hidden>
                         arrival time                           1.946    <hidden>
  -------------------------------------------------------------------
                         slack                                  0.083    <hidden>

Slack (MET) :             0.092ns  (arrival time - required time)
  Source:                 tokenizer/mnemonic_end_ptr_reg[8]/C
                            (rising edge-triggered cell FDRE clocked by sys_clk_pin  {rise@0.000ns fall@5.000ns period=50.000ns})
  Destination:            tokenizer/char_ptr_reg[8]/D
                            (rising edge-triggered cell FDRE clocked by sys_clk_pin  {rise@0.000ns fall@5.000ns period=50.000ns})
  Path Group:             sys_clk_pin
  Path Type:              Hold (Min at Fast Process Corner)
  Requirement:            0.000ns  (sys_clk_pin rise@0.000ns - sys_clk_pin rise@0.000ns)
  Data Path Delay:        0.449ns  (logic 0.231ns (51.466%)  route 0.218ns (48.534%))
  Logic Levels:           2  (LUT6=2)
  Clock Path Skew:        0.266ns (DCD - SCD - CPR)
    Destination Clock Delay (DCD):    2.000ns
    Source Clock Delay      (SCD):    1.488ns
    Clock Pessimism Removal (CPR):    0.245ns

    Location             Delay type                Incr(ns)  Path(ns)    Netlist Resource(s)
  -------------------------------------------------------------------    -------------------
                         (clock sys_clk_pin rise edge)
                                                      0.000     0.000 r  <hidden>
    E3                                                0.000     0.000 r  CLK100MHZ
                         net (fo=0)                   0.000     0.000    CLK100MHZ
    E3                   IBUF (Prop_ibuf_I_O)         0.250     0.250 r  CLK100MHZ_IBUF_inst/O
                         net (fo=1, routed)           0.644     0.894    CLK100MHZ_IBUF
    BUFGCTRL_X0Y16       BUFG (Prop_bufg_I_O)         0.026     0.920 r  CLK100MHZ_IBUF_BUFG_inst/O
                         net (fo=1875, routed)        0.569     1.488    tokenizer/clk
    SLICE_X69Y99         FDRE                                         r  tokenizer/mnemonic_end_ptr_reg[8]/C
  -------------------------------------------------------------------    -------------------
    SLICE_X69Y99         FDRE (Prop_fdre_C_Q)         0.141     1.629 r  tokenizer/mnemonic_end_ptr_reg[8]/Q
                         net (fo=1, routed)           0.167     1.796    tokenizer/mnemonic_end_ptr_reg_n_0_[8]
    SLICE_X69Y100        LUT6 (Prop_lut6_I3_O)        0.045     1.841 r  tokenizer/char_ptr[8]_i_2/O
                         net (fo=1, routed)           0.051     1.892    tokenizer/char_ptr[8]_i_2_n_0
    SLICE_X69Y100        LUT6 (Prop_lut6_I0_O)        0.045     1.937 r  tokenizer/char_ptr[8]_i_1/O
                         net (fo=1, routed)           0.000     1.937    tokenizer/char_ptr[8]
    SLICE_X69Y100        FDRE                                         r  tokenizer/char_ptr_reg[8]/D
  -------------------------------------------------------------------    -------------------

                         (clock sys_clk_pin rise edge)
                                                      0.000     0.000 r  <hidden>
    E3                                                0.000     0.000 r  CLK100MHZ
                         net (fo=0)                   0.000     0.000    CLK100MHZ
    E3                   IBUF (Prop_ibuf_I_O)         0.438     0.438 r  CLK100MHZ_IBUF_inst/O
                         net (fo=1, routed)           0.699     1.136    CLK100MHZ_IBUF
    BUFGCTRL_X0Y16       BUFG (Prop_bufg_I_O)         0.029     1.165 r  CLK100MHZ_IBUF_BUFG_inst/O
                         net (fo=1875, routed)        0.835     2.000    tokenizer/clk
    SLICE_X69Y100        FDRE                                         r  tokenizer/char_ptr_reg[8]/C
                         clock pessimism             -0.245     1.754    <hidden>
    SLICE_X69Y100        FDRE (Hold_fdre_C_D)         0.091     1.845    tokenizer/char_ptr_reg[8]
  -------------------------------------------------------------------
                         required time                         -1.845    <hidden>
                         arrival time                           1.937    <hidden>
  -------------------------------------------------------------------
                         slack                                  0.092    <hidden>

Slack (MET) :             0.104ns  (arrival time - required time)
  Source:                 ascii_to_sending/modified_number_reg[33]/C
                            (rising edge-triggered cell FDRE clocked by sys_clk_pin  {rise@0.000ns fall@5.000ns period=50.000ns})
  Destination:            UART_tx/data_in_hold_reg[33]/D
                            (rising edge-triggered cell FDRE clocked by sys_clk_pin  {rise@0.000ns fall@5.000ns period=50.000ns})
  Path Group:             sys_clk_pin
  Path Type:              Hold (Min at Fast Process Corner)
  Requirement:            0.000ns  (sys_clk_pin rise@0.000ns - sys_clk_pin rise@0.000ns)
  Data Path Delay:        0.193ns  (logic 0.141ns (73.018%)  route 0.052ns (26.982%))
  Logic Levels:           0  
  Clock Path Skew:        0.013ns (DCD - SCD - CPR)
    Destination Clock Delay (DCD):    2.083ns
    Source Clock Delay      (SCD):    1.565ns
    Clock Pessimism Removal (CPR):    0.505ns

    Location             Delay type                Incr(ns)  Path(ns)    Netlist Resource(s)
  -------------------------------------------------------------------    -------------------
                         (clock sys_clk_pin rise edge)
                                                      0.000     0.000 r  <hidden>
    E3                                                0.000     0.000 r  CLK100MHZ
                         net (fo=0)                   0.000     0.000    CLK100MHZ
    E3                   IBUF (Prop_ibuf_I_O)         0.250     0.250 r  CLK100MHZ_IBUF_inst/O
                         net (fo=1, routed)           0.644     0.894    CLK100MHZ_IBUF
    BUFGCTRL_X0Y16       BUFG (Prop_bufg_I_O)         0.026     0.920 r  CLK100MHZ_IBUF_BUFG_inst/O
                         net (fo=1875, routed)        0.645     1.565    ascii_to_sending/CLK100MHZ_IBUF_BUFG
    SLICE_X15Y167        FDRE                                         r  ascii_to_sending/modified_number_reg[33]/C
  -------------------------------------------------------------------    -------------------
    SLICE_X15Y167        FDRE (Prop_fdre_C_Q)         0.141     1.706 r  ascii_to_sending/modified_number_reg[33]/Q
                         net (fo=1, routed)           0.052     1.758    UART_tx/Q[25]
    SLICE_X14Y167        FDRE                                         r  UART_tx/data_in_hold_reg[33]/D
  -------------------------------------------------------------------    -------------------

                         (clock sys_clk_pin rise edge)
                                                      0.000     0.000 r  <hidden>
    E3                                                0.000     0.000 r  CLK100MHZ
                         net (fo=0)                   0.000     0.000    CLK100MHZ
    E3                   IBUF (Prop_ibuf_I_O)         0.438     0.438 r  CLK100MHZ_IBUF_inst/O
                         net (fo=1, routed)           0.699     1.136    CLK100MHZ_IBUF
    BUFGCTRL_X0Y16       BUFG (Prop_bufg_I_O)         0.029     1.165 r  CLK100MHZ_IBUF_BUFG_inst/O
                         net (fo=1875, routed)        0.918     2.083    UART_tx/CLK100MHZ_IBUF_BUFG
    SLICE_X14Y167        FDRE                                         r  UART_tx/data_in_hold_reg[33]/C
                         clock pessimism             -0.505     1.578    <hidden>
    SLICE_X14Y167        FDRE (Hold_fdre_C_D)         0.076     1.654    UART_tx/data_in_hold_reg[33]
  -------------------------------------------------------------------
                         required time                         -1.654    <hidden>
                         arrival time                           1.758    <hidden>
  -------------------------------------------------------------------
                         slack                                  0.104    <hidden>

Slack (MET) :             0.115ns  (arrival time - required time)
  Source:                 mnemonic_decoder/line_ready_d1_reg/C
                            (rising edge-triggered cell FDRE clocked by sys_clk_pin  {rise@0.000ns fall@5.000ns period=50.000ns})
  Destination:            mnemonic_decoder/rs1_reg[0]/CE
                            (rising edge-triggered cell FDRE clocked by sys_clk_pin  {rise@0.000ns fall@5.000ns period=50.000ns})
  Path Group:             sys_clk_pin
  Path Type:              Hold (Min at Fast Process Corner)
  Requirement:            0.000ns  (sys_clk_pin rise@0.000ns - sys_clk_pin rise@0.000ns)
  Data Path Delay:        0.340ns  (logic 0.141ns (41.429%)  route 0.199ns (58.571%))
  Logic Levels:           0  
  Clock Path Skew:        0.264ns (DCD - SCD - CPR)
    Destination Clock Delay (DCD):    1.998ns
    Source Clock Delay      (SCD):    1.488ns
    Clock Pessimism Removal (CPR):    0.245ns

    Location             Delay type                Incr(ns)  Path(ns)    Netlist Resource(s)
  -------------------------------------------------------------------    -------------------
                         (clock sys_clk_pin rise edge)
                                                      0.000     0.000 r  <hidden>
    E3                                                0.000     0.000 r  CLK100MHZ
                         net (fo=0)                   0.000     0.000    CLK100MHZ
    E3                   IBUF (Prop_ibuf_I_O)         0.250     0.250 r  CLK100MHZ_IBUF_inst/O
                         net (fo=1, routed)           0.644     0.894    CLK100MHZ_IBUF
    BUFGCTRL_X0Y16       BUFG (Prop_bufg_I_O)         0.026     0.920 r  CLK100MHZ_IBUF_BUFG_inst/O
                         net (fo=1875, routed)        0.569     1.488    mnemonic_decoder/CLK100MHZ_IBUF_BUFG
    SLICE_X45Y99         FDRE                                         r  mnemonic_decoder/line_ready_d1_reg/C
  -------------------------------------------------------------------    -------------------
    SLICE_X45Y99         FDRE (Prop_fdre_C_Q)         0.141     1.629 r  mnemonic_decoder/line_ready_d1_reg/Q
                         net (fo=27, routed)          0.199     1.829    mnemonic_decoder/line_ready_d1_reg_n_0
    SLICE_X45Y100        FDRE                                         r  mnemonic_decoder/rs1_reg[0]/CE
  -------------------------------------------------------------------    -------------------

                         (clock sys_clk_pin rise edge)
                                                      0.000     0.000 r  <hidden>
    E3                                                0.000     0.000 r  CLK100MHZ
                         net (fo=0)                   0.000     0.000    CLK100MHZ
    E3                   IBUF (Prop_ibuf_I_O)         0.438     0.438 r  CLK100MHZ_IBUF_inst/O
                         net (fo=1, routed)           0.699     1.136    CLK100MHZ_IBUF
    BUFGCTRL_X0Y16       BUFG (Prop_bufg_I_O)         0.029     1.165 r  CLK100MHZ_IBUF_BUFG_inst/O
                         net (fo=1875, routed)        0.833     1.998    mnemonic_decoder/CLK100MHZ_IBUF_BUFG
    SLICE_X45Y100        FDRE                                         r  mnemonic_decoder/rs1_reg[0]/C
                         clock pessimism             -0.245     1.752    <hidden>
    SLICE_X45Y100        FDRE (Hold_fdre_C_CE)       -0.039     1.713    mnemonic_decoder/rs1_reg[0]
  -------------------------------------------------------------------
                         required time                         -1.713    <hidden>
                         arrival time                           1.829    <hidden>
  -------------------------------------------------------------------
                         slack                                  0.115    <hidden>

Slack (MET) :             0.115ns  (arrival time - required time)
  Source:                 mnemonic_decoder/line_ready_d1_reg/C
                            (rising edge-triggered cell FDRE clocked by sys_clk_pin  {rise@0.000ns fall@5.000ns period=50.000ns})
  Destination:            mnemonic_decoder/rs1_reg[1]/CE
                            (rising edge-triggered cell FDRE clocked by sys_clk_pin  {rise@0.000ns fall@5.000ns period=50.000ns})
  Path Group:             sys_clk_pin
  Path Type:              Hold (Min at Fast Process Corner)
  Requirement:            0.000ns  (sys_clk_pin rise@0.000ns - sys_clk_pin rise@0.000ns)
  Data Path Delay:        0.340ns  (logic 0.141ns (41.429%)  route 0.199ns (58.571%))
  Logic Levels:           0  
  Clock Path Skew:        0.264ns (DCD - SCD - CPR)
    Destination Clock Delay (DCD):    1.998ns
    Source Clock Delay      (SCD):    1.488ns
    Clock Pessimism Removal (CPR):    0.245ns

    Location             Delay type                Incr(ns)  Path(ns)    Netlist Resource(s)
  -------------------------------------------------------------------    -------------------
                         (clock sys_clk_pin rise edge)
                                                      0.000     0.000 r  <hidden>
    E3                                                0.000     0.000 r  CLK100MHZ
                         net (fo=0)                   0.000     0.000    CLK100MHZ
    E3                   IBUF (Prop_ibuf_I_O)         0.250     0.250 r  CLK100MHZ_IBUF_inst/O
                         net (fo=1, routed)           0.644     0.894    CLK100MHZ_IBUF
    BUFGCTRL_X0Y16       BUFG (Prop_bufg_I_O)         0.026     0.920 r  CLK100MHZ_IBUF_BUFG_inst/O
                         net (fo=1875, routed)        0.569     1.488    mnemonic_decoder/CLK100MHZ_IBUF_BUFG
    SLICE_X45Y99         FDRE                                         r  mnemonic_decoder/line_ready_d1_reg/C
  -------------------------------------------------------------------    -------------------
    SLICE_X45Y99         FDRE (Prop_fdre_C_Q)         0.141     1.629 r  mnemonic_decoder/line_ready_d1_reg/Q
                         net (fo=27, routed)          0.199     1.829    mnemonic_decoder/line_ready_d1_reg_n_0
    SLICE_X45Y100        FDRE                                         r  mnemonic_decoder/rs1_reg[1]/CE
  -------------------------------------------------------------------    -------------------

                         (clock sys_clk_pin rise edge)
                                                      0.000     0.000 r  <hidden>
    E3                                                0.000     0.000 r  CLK100MHZ
                         net (fo=0)                   0.000     0.000    CLK100MHZ
    E3                   IBUF (Prop_ibuf_I_O)         0.438     0.438 r  CLK100MHZ_IBUF_inst/O
                         net (fo=1, routed)           0.699     1.136    CLK100MHZ_IBUF
    BUFGCTRL_X0Y16       BUFG (Prop_bufg_I_O)         0.029     1.165 r  CLK100MHZ_IBUF_BUFG_inst/O
                         net (fo=1875, routed)        0.833     1.998    mnemonic_decoder/CLK100MHZ_IBUF_BUFG
    SLICE_X45Y100        FDRE                                         r  mnemonic_decoder/rs1_reg[1]/C
                         clock pessimism             -0.245     1.752    <hidden>
    SLICE_X45Y100        FDRE (Hold_fdre_C_CE)       -0.039     1.713    mnemonic_decoder/rs1_reg[1]
  -------------------------------------------------------------------
                         required time                         -1.713    <hidden>
                         arrival time                           1.829    <hidden>
  -------------------------------------------------------------------
                         slack                                  0.115    <hidden>

Slack (MET) :             0.115ns  (arrival time - required time)
  Source:                 mnemonic_decoder/line_ready_d1_reg/C
                            (rising edge-triggered cell FDRE clocked by sys_clk_pin  {rise@0.000ns fall@5.000ns period=50.000ns})
  Destination:            mnemonic_decoder/rs1_reg[2]/CE
                            (rising edge-triggered cell FDRE clocked by sys_clk_pin  {rise@0.000ns fall@5.000ns period=50.000ns})
  Path Group:             sys_clk_pin
  Path Type:              Hold (Min at Fast Process Corner)
  Requirement:            0.000ns  (sys_clk_pin rise@0.000ns - sys_clk_pin rise@0.000ns)
  Data Path Delay:        0.340ns  (logic 0.141ns (41.429%)  route 0.199ns (58.571%))
  Logic Levels:           0  
  Clock Path Skew:        0.264ns (DCD - SCD - CPR)
    Destination Clock Delay (DCD):    1.998ns
    Source Clock Delay      (SCD):    1.488ns
    Clock Pessimism Removal (CPR):    0.245ns

    Location             Delay type                Incr(ns)  Path(ns)    Netlist Resource(s)
  -------------------------------------------------------------------    -------------------
                         (clock sys_clk_pin rise edge)
                                                      0.000     0.000 r  <hidden>
    E3                                                0.000     0.000 r  CLK100MHZ
                         net (fo=0)                   0.000     0.000    CLK100MHZ
    E3                   IBUF (Prop_ibuf_I_O)         0.250     0.250 r  CLK100MHZ_IBUF_inst/O
                         net (fo=1, routed)           0.644     0.894    CLK100MHZ_IBUF
    BUFGCTRL_X0Y16       BUFG (Prop_bufg_I_O)         0.026     0.920 r  CLK100MHZ_IBUF_BUFG_inst/O
                         net (fo=1875, routed)        0.569     1.488    mnemonic_decoder/CLK100MHZ_IBUF_BUFG
    SLICE_X45Y99         FDRE                                         r  mnemonic_decoder/line_ready_d1_reg/C
  -------------------------------------------------------------------    -------------------
    SLICE_X45Y99         FDRE (Prop_fdre_C_Q)         0.141     1.629 r  mnemonic_decoder/line_ready_d1_reg/Q
                         net (fo=27, routed)          0.199     1.829    mnemonic_decoder/line_ready_d1_reg_n_0
    SLICE_X45Y100        FDRE                                         r  mnemonic_decoder/rs1_reg[2]/CE
  -------------------------------------------------------------------    -------------------

                         (clock sys_clk_pin rise edge)
                                                      0.000     0.000 r  <hidden>
    E3                                                0.000     0.000 r  CLK100MHZ
                         net (fo=0)                   0.000     0.000    CLK100MHZ
    E3                   IBUF (Prop_ibuf_I_O)         0.438     0.438 r  CLK100MHZ_IBUF_inst/O
                         net (fo=1, routed)           0.699     1.136    CLK100MHZ_IBUF
    BUFGCTRL_X0Y16       BUFG (Prop_bufg_I_O)         0.029     1.165 r  CLK100MHZ_IBUF_BUFG_inst/O
                         net (fo=1875, routed)        0.833     1.998    mnemonic_decoder/CLK100MHZ_IBUF_BUFG
    SLICE_X45Y100        FDRE                                         r  mnemonic_decoder/rs1_reg[2]/C
                         clock pessimism             -0.245     1.752    <hidden>
    SLICE_X45Y100        FDRE (Hold_fdre_C_CE)       -0.039     1.713    mnemonic_decoder/rs1_reg[2]
  -------------------------------------------------------------------
                         required time                         -1.713    <hidden>
                         arrival time                           1.829    <hidden>
  -------------------------------------------------------------------
                         slack                                  0.115    <hidden>

Slack (MET) :             0.115ns  (arrival time - required time)
  Source:                 mnemonic_decoder/line_ready_d1_reg/C
                            (rising edge-triggered cell FDRE clocked by sys_clk_pin  {rise@0.000ns fall@5.000ns period=50.000ns})
  Destination:            mnemonic_decoder/rs1_reg[3]/CE
                            (rising edge-triggered cell FDRE clocked by sys_clk_pin  {rise@0.000ns fall@5.000ns period=50.000ns})
  Path Group:             sys_clk_pin
  Path Type:              Hold (Min at Fast Process Corner)
  Requirement:            0.000ns  (sys_clk_pin rise@0.000ns - sys_clk_pin rise@0.000ns)
  Data Path Delay:        0.340ns  (logic 0.141ns (41.429%)  route 0.199ns (58.571%))
  Logic Levels:           0  
  Clock Path Skew:        0.264ns (DCD - SCD - CPR)
    Destination Clock Delay (DCD):    1.998ns
    Source Clock Delay      (SCD):    1.488ns
    Clock Pessimism Removal (CPR):    0.245ns

    Location             Delay type                Incr(ns)  Path(ns)    Netlist Resource(s)
  -------------------------------------------------------------------    -------------------
                         (clock sys_clk_pin rise edge)
                                                      0.000     0.000 r  <hidden>
    E3                                                0.000     0.000 r  CLK100MHZ
                         net (fo=0)                   0.000     0.000    CLK100MHZ
    E3                   IBUF (Prop_ibuf_I_O)         0.250     0.250 r  CLK100MHZ_IBUF_inst/O
                         net (fo=1, routed)           0.644     0.894    CLK100MHZ_IBUF
    BUFGCTRL_X0Y16       BUFG (Prop_bufg_I_O)         0.026     0.920 r  CLK100MHZ_IBUF_BUFG_inst/O
                         net (fo=1875, routed)        0.569     1.488    mnemonic_decoder/CLK100MHZ_IBUF_BUFG
    SLICE_X45Y99         FDRE                                         r  mnemonic_decoder/line_ready_d1_reg/C
  -------------------------------------------------------------------    -------------------
    SLICE_X45Y99         FDRE (Prop_fdre_C_Q)         0.141     1.629 r  mnemonic_decoder/line_ready_d1_reg/Q
                         net (fo=27, routed)          0.199     1.829    mnemonic_decoder/line_ready_d1_reg_n_0
    SLICE_X45Y100        FDRE                                         r  mnemonic_decoder/rs1_reg[3]/CE
  -------------------------------------------------------------------    -------------------

                         (clock sys_clk_pin rise edge)
                                                      0.000     0.000 r  <hidden>
    E3                                                0.000     0.000 r  CLK100MHZ
                         net (fo=0)                   0.000     0.000    CLK100MHZ
    E3                   IBUF (Prop_ibuf_I_O)         0.438     0.438 r  CLK100MHZ_IBUF_inst/O
                         net (fo=1, routed)           0.699     1.136    CLK100MHZ_IBUF
    BUFGCTRL_X0Y16       BUFG (Prop_bufg_I_O)         0.029     1.165 r  CLK100MHZ_IBUF_BUFG_inst/O
                         net (fo=1875, routed)        0.833     1.998    mnemonic_decoder/CLK100MHZ_IBUF_BUFG
    SLICE_X45Y100        FDRE                                         r  mnemonic_decoder/rs1_reg[3]/C
                         clock pessimism             -0.245     1.752    <hidden>
    SLICE_X45Y100        FDRE (Hold_fdre_C_CE)       -0.039     1.713    mnemonic_decoder/rs1_reg[3]
  -------------------------------------------------------------------
                         required time                         -1.713    <hidden>
                         arrival time                           1.829    <hidden>
  -------------------------------------------------------------------
                         slack                                  0.115    <hidden>

Slack (MET) :             0.119ns  (arrival time - required time)
  Source:                 sevenSeg/clkdiv_reg[19]/C
                            (rising edge-triggered cell FDRE clocked by sys_clk_pin  {rise@0.000ns fall@5.000ns period=50.000ns})
  Destination:            sevenSeg/digit_reg[1]/D
                            (rising edge-triggered cell FDRE clocked by sys_clk_pin  {rise@0.000ns fall@5.000ns period=50.000ns})
  Path Group:             sys_clk_pin
  Path Type:              Hold (Min at Fast Process Corner)
  Requirement:            0.000ns  (sys_clk_pin rise@0.000ns - sys_clk_pin rise@0.000ns)
  Data Path Delay:        0.487ns  (logic 0.226ns (46.429%)  route 0.261ns (53.571%))
  Logic Levels:           1  (MUXF7=1)
  Clock Path Skew:        0.263ns (DCD - SCD - CPR)
    Destination Clock Delay (DCD):    2.000ns
    Source Clock Delay      (SCD):    1.491ns
    Clock Pessimism Removal (CPR):    0.245ns

    Location             Delay type                Incr(ns)  Path(ns)    Netlist Resource(s)
  -------------------------------------------------------------------    -------------------
                         (clock sys_clk_pin rise edge)
                                                      0.000     0.000 r  <hidden>
    E3                                                0.000     0.000 r  CLK100MHZ
                         net (fo=0)                   0.000     0.000    CLK100MHZ
    E3                   IBUF (Prop_ibuf_I_O)         0.250     0.250 r  CLK100MHZ_IBUF_inst/O
                         net (fo=1, routed)           0.644     0.894    CLK100MHZ_IBUF
    BUFGCTRL_X0Y16       BUFG (Prop_bufg_I_O)         0.026     0.920 r  CLK100MHZ_IBUF_BUFG_inst/O
                         net (fo=1875, routed)        0.572     1.491    sevenSeg/clk
    SLICE_X32Y99         FDRE                                         r  sevenSeg/clkdiv_reg[19]/C
  -------------------------------------------------------------------    -------------------
    SLICE_X32Y99         FDRE (Prop_fdre_C_Q)         0.141     1.632 r  sevenSeg/clkdiv_reg[19]/Q
                         net (fo=13, routed)          0.261     1.893    sevenSeg/s[2]
    SLICE_X37Y103        MUXF7 (Prop_muxf7_S_O)       0.085     1.978 r  sevenSeg/digit_reg[1]_i_1/O
                         net (fo=1, routed)           0.000     1.978    sevenSeg/digit[1]
    SLICE_X37Y103        FDRE                                         r  sevenSeg/digit_reg[1]/D
  -------------------------------------------------------------------    -------------------

                         (clock sys_clk_pin rise edge)
                                                      0.000     0.000 r  <hidden>
    E3                                                0.000     0.000 r  CLK100MHZ
                         net (fo=0)                   0.000     0.000    CLK100MHZ
    E3                   IBUF (Prop_ibuf_I_O)         0.438     0.438 r  CLK100MHZ_IBUF_inst/O
                         net (fo=1, routed)           0.699     1.136    CLK100MHZ_IBUF
    BUFGCTRL_X0Y16       BUFG (Prop_bufg_I_O)         0.029     1.165 r  CLK100MHZ_IBUF_BUFG_inst/O
                         net (fo=1875, routed)        0.835     2.000    sevenSeg/clk
    SLICE_X37Y103        FDRE                                         r  sevenSeg/digit_reg[1]/C
                         clock pessimism             -0.245     1.754    <hidden>
    SLICE_X37Y103        FDRE (Hold_fdre_C_D)         0.105     1.859    sevenSeg/digit_reg[1]
  -------------------------------------------------------------------
                         required time                         -1.859    <hidden>
                         arrival time                           1.978    <hidden>
  -------------------------------------------------------------------
                         slack                                  0.119    <hidden>

Slack (MET) :             0.119ns  (arrival time - required time)
  Source:                 sevenSeg/clkdiv_reg[19]/C
                            (rising edge-triggered cell FDRE clocked by sys_clk_pin  {rise@0.000ns fall@5.000ns period=50.000ns})
  Destination:            sevenSeg/digit_reg[0]/D
                            (rising edge-triggered cell FDRE clocked by sys_clk_pin  {rise@0.000ns fall@5.000ns period=50.000ns})
  Path Group:             sys_clk_pin
  Path Type:              Hold (Min at Fast Process Corner)
  Requirement:            0.000ns  (sys_clk_pin rise@0.000ns - sys_clk_pin rise@0.000ns)
  Data Path Delay:        0.487ns  (logic 0.226ns (46.422%)  route 0.261ns (53.578%))
  Logic Levels:           1  (MUXF7=1)
  Clock Path Skew:        0.263ns (DCD - SCD - CPR)
    Destination Clock Delay (DCD):    2.000ns
    Source Clock Delay      (SCD):    1.491ns
    Clock Pessimism Removal (CPR):    0.245ns

    Location             Delay type                Incr(ns)  Path(ns)    Netlist Resource(s)
  -------------------------------------------------------------------    -------------------
                         (clock sys_clk_pin rise edge)
                                                      0.000     0.000 r  <hidden>
    E3                                                0.000     0.000 r  CLK100MHZ
                         net (fo=0)                   0.000     0.000    CLK100MHZ
    E3                   IBUF (Prop_ibuf_I_O)         0.250     0.250 r  CLK100MHZ_IBUF_inst/O
                         net (fo=1, routed)           0.644     0.894    CLK100MHZ_IBUF
    BUFGCTRL_X0Y16       BUFG (Prop_bufg_I_O)         0.026     0.920 r  CLK100MHZ_IBUF_BUFG_inst/O
                         net (fo=1875, routed)        0.572     1.491    sevenSeg/clk
    SLICE_X32Y99         FDRE                                         r  sevenSeg/clkdiv_reg[19]/C
  -------------------------------------------------------------------    -------------------
    SLICE_X32Y99         FDRE (Prop_fdre_C_Q)         0.141     1.632 r  sevenSeg/clkdiv_reg[19]/Q
                         net (fo=13, routed)          0.261     1.893    sevenSeg/s[2]
    SLICE_X39Y102        MUXF7 (Prop_muxf7_S_O)       0.085     1.978 r  sevenSeg/digit_reg[0]_i_1/O
                         net (fo=1, routed)           0.000     1.978    sevenSeg/digit[0]
    SLICE_X39Y102        FDRE                                         r  sevenSeg/digit_reg[0]/D
  -------------------------------------------------------------------    -------------------

                         (clock sys_clk_pin rise edge)
                                                      0.000     0.000 r  <hidden>
    E3                                                0.000     0.000 r  CLK100MHZ
                         net (fo=0)                   0.000     0.000    CLK100MHZ
    E3                   IBUF (Prop_ibuf_I_O)         0.438     0.438 r  CLK100MHZ_IBUF_inst/O
                         net (fo=1, routed)           0.699     1.136    CLK100MHZ_IBUF
    BUFGCTRL_X0Y16       BUFG (Prop_bufg_I_O)         0.029     1.165 r  CLK100MHZ_IBUF_BUFG_inst/O
                         net (fo=1875, routed)        0.835     2.000    sevenSeg/clk
    SLICE_X39Y102        FDRE                                         r  sevenSeg/digit_reg[0]/C
                         clock pessimism             -0.245     1.754    <hidden>
    SLICE_X39Y102        FDRE (Hold_fdre_C_D)         0.105     1.859    sevenSeg/digit_reg[0]
  -------------------------------------------------------------------
                         required time                         -1.859    <hidden>
                         arrival time                           1.978    <hidden>
  -------------------------------------------------------------------
                         slack                                  0.119    <hidden>





Pulse Width Checks
--------------------------------------------------------------------------------------
Clock Name:         sys_clk_pin
Waveform(ns):       { 0.000 5.000 }
Period(ns):         50.000
Sources:            { CLK100MHZ }

Check Type        Corner  Lib Pin     Reference Pin  Required(ns)  Actual(ns)  Slack(ns)  Location        Pin
Min Period        n/a     BUFG/I      n/a            2.155         50.000      47.845     BUFGCTRL_X0Y16  CLK100MHZ_IBUF_BUFG_inst/I
Min Period        n/a     FDRE/C      n/a            1.000         50.000      49.000     SLICE_X28Y113   LED_reg[0]/C
Min Period        n/a     FDRE/C      n/a            1.000         50.000      49.000     SLICE_X30Y108   LED_reg[1]/C
Min Period        n/a     FDRE/C      n/a            1.000         50.000      49.000     SLICE_X28Y113   LED_reg[2]/C
Min Period        n/a     FDRE/C      n/a            1.000         50.000      49.000     SLICE_X28Y112   LED_reg[3]/C
Min Period        n/a     FDRE/C      n/a            1.000         50.000      49.000     SLICE_X28Y108   LED_reg[4]/C
Min Period        n/a     FDRE/C      n/a            1.000         50.000      49.000     SLICE_X28Y108   LED_reg[5]/C
Min Period        n/a     FDRE/C      n/a            1.000         50.000      49.000     SLICE_X28Y108   LED_reg[6]/C
Min Period        n/a     FDRE/C      n/a            1.000         50.000      49.000     SLICE_X28Y108   LED_reg[7]/C
Min Period        n/a     FDRE/C      n/a            1.000         50.000      49.000     SLICE_X65Y99    UART_rx/bit_counter_reg[0]/C
Low Pulse Width   Slow    RAMD32/CLK  n/a            1.250         45.000      43.750     SLICE_X30Y114   decode/register_file/regs_reg_r1_0_31_0_5/RAMA/CLK
Low Pulse Width   Fast    RAMD32/CLK  n/a            1.250         45.000      43.750     SLICE_X30Y114   decode/register_file/regs_reg_r1_0_31_0_5/RAMA/CLK
Low Pulse Width   Slow    RAMD32/CLK  n/a            1.250         45.000      43.750     SLICE_X30Y114   decode/register_file/regs_reg_r1_0_31_0_5/RAMA_D1/CLK
Low Pulse Width   Fast    RAMD32/CLK  n/a            1.250         45.000      43.750     SLICE_X30Y114   decode/register_file/regs_reg_r1_0_31_0_5/RAMA_D1/CLK
Low Pulse Width   Slow    RAMD32/CLK  n/a            1.250         45.000      43.750     SLICE_X30Y114   decode/register_file/regs_reg_r1_0_31_0_5/RAMB/CLK
Low Pulse Width   Fast    RAMD32/CLK  n/a            1.250         45.000      43.750     SLICE_X30Y114   decode/register_file/regs_reg_r1_0_31_0_5/RAMB/CLK
Low Pulse Width   Slow    RAMD32/CLK  n/a            1.250         45.000      43.750     SLICE_X30Y114   decode/register_file/regs_reg_r1_0_31_0_5/RAMB_D1/CLK
Low Pulse Width   Fast    RAMD32/CLK  n/a            1.250         45.000      43.750     SLICE_X30Y114   decode/register_file/regs_reg_r1_0_31_0_5/RAMB_D1/CLK
Low Pulse Width   Slow    RAMD32/CLK  n/a            1.250         45.000      43.750     SLICE_X30Y114   decode/register_file/regs_reg_r1_0_31_0_5/RAMC/CLK
Low Pulse Width   Fast    RAMD32/CLK  n/a            1.250         45.000      43.750     SLICE_X30Y114   decode/register_file/regs_reg_r1_0_31_0_5/RAMC/CLK
High Pulse Width  Slow    RAMD32/CLK  n/a            1.250         5.000       3.750      SLICE_X30Y114   decode/register_file/regs_reg_r1_0_31_0_5/RAMA/CLK
High Pulse Width  Fast    RAMD32/CLK  n/a            1.250         5.000       3.750      SLICE_X30Y114   decode/register_file/regs_reg_r1_0_31_0_5/RAMA/CLK
High Pulse Width  Slow    RAMD32/CLK  n/a            1.250         5.000       3.750      SLICE_X30Y114   decode/register_file/regs_reg_r1_0_31_0_5/RAMA_D1/CLK
High Pulse Width  Fast    RAMD32/CLK  n/a            1.250         5.000       3.750      SLICE_X30Y114   decode/register_file/regs_reg_r1_0_31_0_5/RAMA_D1/CLK
High Pulse Width  Slow    RAMD32/CLK  n/a            1.250         5.000       3.750      SLICE_X30Y114   decode/register_file/regs_reg_r1_0_31_0_5/RAMB/CLK
High Pulse Width  Fast    RAMD32/CLK  n/a            1.250         5.000       3.750      SLICE_X30Y114   decode/register_file/regs_reg_r1_0_31_0_5/RAMB/CLK
High Pulse Width  Slow    RAMD32/CLK  n/a            1.250         5.000       3.750      SLICE_X30Y114   decode/register_file/regs_reg_r1_0_31_0_5/RAMB_D1/CLK
High Pulse Width  Fast    RAMD32/CLK  n/a            1.250         5.000       3.750      SLICE_X30Y114   decode/register_file/regs_reg_r1_0_31_0_5/RAMB_D1/CLK
High Pulse Width  Slow    RAMD32/CLK  n/a            1.250         5.000       3.750      SLICE_X30Y114   decode/register_file/regs_reg_r1_0_31_0_5/RAMC/CLK
High Pulse Width  Fast    RAMD32/CLK  n/a            1.250         5.000       3.750      SLICE_X30Y114   decode/register_file/regs_reg_r1_0_31_0_5/RAMC/CLK



--------------------------------------------------------------------------------------
Path Group:  (none)
From Clock:  sys_clk_pin
  To Clock:  

Max Delay            24 Endpoints
Min Delay            24 Endpoints
--------------------------------------------------------------------------------------


Max Delay Paths
--------------------------------------------------------------------------------------
Slack:                    inf
  Source:                 sevenSeg/digit_reg[3]/C
                            (rising edge-triggered cell FDRE clocked by sys_clk_pin  {rise@0.000ns fall@5.000ns period=50.000ns})
  Destination:            SEG[1]
                            (output port)
  Path Group:             (none)
  Path Type:              Max at Slow Process Corner
  Data Path Delay:        9.380ns  (logic 4.361ns (46.496%)  route 5.019ns (53.504%))
  Logic Levels:           2  (LUT4=1 OBUF=1)
  Clock Uncertainty:      0.025ns  ((TSJ^2 + TIJ^2)^1/2 + DJ) / 2 + PE
    Total System Jitter     (TSJ):    0.050ns
    Total Input Jitter      (TIJ):    0.000ns
    Discrete Jitter          (DJ):    0.000ns
    Phase Error              (PE):    0.000ns

    Location             Delay type                Incr(ns)  Path(ns)    Netlist Resource(s)
  -------------------------------------------------------------------    -------------------
                         (clock sys_clk_pin rise edge)
                                                      0.000     0.000 r  <hidden>
    E3                                                0.000     0.000 r  CLK100MHZ
                         net (fo=0)                   0.000     0.000    CLK100MHZ
    E3                   IBUF (Prop_ibuf_I_O)         1.482     1.482 r  CLK100MHZ_IBUF_inst/O
                         net (fo=1, routed)           2.025     3.506    CLK100MHZ_IBUF
    BUFGCTRL_X0Y16       BUFG (Prop_bufg_I_O)         0.096     3.602 r  CLK100MHZ_IBUF_BUFG_inst/O
                         net (fo=1875, routed)        1.624     5.226    sevenSeg/clk
    SLICE_X37Y103        FDRE                                         r  sevenSeg/digit_reg[3]/C
  -------------------------------------------------------------------    -------------------
    SLICE_X37Y103        FDRE (Prop_fdre_C_Q)         0.456     5.682 r  sevenSeg/digit_reg[3]/Q
                         net (fo=7, routed)           1.171     6.853    sevenSeg/digit_reg_n_0_[3]
    SLICE_X34Y100        LUT4 (Prop_lut4_I0_O)        0.146     6.999 r  sevenSeg/SEG_OBUF[1]_inst_i_1/O
                         net (fo=1, routed)           3.848    10.847    SEG_OBUF[1]
    R10                  OBUF (Prop_obuf_I_O)         3.759    14.607 r  SEG_OBUF[1]_inst/O
                         net (fo=0)                   0.000    14.607    SEG[1]
    R10                                                               r  SEG[1]
  -------------------------------------------------------------------    -------------------

Slack:                    inf
  Source:                 sevenSeg/clkdiv_reg[17]/C
                            (rising edge-triggered cell FDRE clocked by sys_clk_pin  {rise@0.000ns fall@5.000ns period=50.000ns})
  Destination:            AN[7]
                            (output port)
  Path Group:             (none)
  Path Type:              Max at Slow Process Corner
  Data Path Delay:        9.195ns  (logic 4.367ns (47.499%)  route 4.827ns (52.501%))
  Logic Levels:           2  (LUT3=1 OBUF=1)
  Clock Uncertainty:      0.025ns  ((TSJ^2 + TIJ^2)^1/2 + DJ) / 2 + PE
    Total System Jitter     (TSJ):    0.050ns
    Total Input Jitter      (TIJ):    0.000ns
    Discrete Jitter          (DJ):    0.000ns
    Phase Error              (PE):    0.000ns

    Location             Delay type                Incr(ns)  Path(ns)    Netlist Resource(s)
  -------------------------------------------------------------------    -------------------
                         (clock sys_clk_pin rise edge)
                                                      0.000     0.000 r  <hidden>
    E3                                                0.000     0.000 r  CLK100MHZ
                         net (fo=0)                   0.000     0.000    CLK100MHZ
    E3                   IBUF (Prop_ibuf_I_O)         1.482     1.482 r  CLK100MHZ_IBUF_inst/O
                         net (fo=1, routed)           2.025     3.506    CLK100MHZ_IBUF
    BUFGCTRL_X0Y16       BUFG (Prop_bufg_I_O)         0.096     3.602 r  CLK100MHZ_IBUF_BUFG_inst/O
                         net (fo=1875, routed)        1.642     5.245    sevenSeg/clk
    SLICE_X32Y99         FDRE                                         r  sevenSeg/clkdiv_reg[17]/C
  -------------------------------------------------------------------    -------------------
    SLICE_X32Y99         FDRE (Prop_fdre_C_Q)         0.456     5.701 f  sevenSeg/clkdiv_reg[17]/Q
                         net (fo=17, routed)          1.042     6.743    sevenSeg/s[0]
    SLICE_X29Y102        LUT3 (Prop_lut3_I0_O)        0.150     6.893 r  sevenSeg/AN_OBUF[7]_inst_i_1/O
                         net (fo=1, routed)           3.785    10.678    AN_OBUF[7]
    U13                  OBUF (Prop_obuf_I_O)         3.761    14.439 r  AN_OBUF[7]_inst/O
                         net (fo=0)                   0.000    14.439    AN[7]
    U13                                                               r  AN[7]
  -------------------------------------------------------------------    -------------------

Slack:                    inf
  Source:                 UART_tx/tx_reg/C
                            (rising edge-triggered cell FDSE clocked by sys_clk_pin  {rise@0.000ns fall@5.000ns period=50.000ns})
  Destination:            UART_TXD
                            (output port)
  Path Group:             (none)
  Path Type:              Max at Slow Process Corner
  Data Path Delay:        9.008ns  (logic 4.011ns (44.529%)  route 4.997ns (55.471%))
  Logic Levels:           1  (OBUF=1)
  Clock Uncertainty:      0.025ns  ((TSJ^2 + TIJ^2)^1/2 + DJ) / 2 + PE
    Total System Jitter     (TSJ):    0.050ns
    Total Input Jitter      (TIJ):    0.000ns
    Discrete Jitter          (DJ):    0.000ns
    Phase Error              (PE):    0.000ns

    Location             Delay type                Incr(ns)  Path(ns)    Netlist Resource(s)
  -------------------------------------------------------------------    -------------------
                         (clock sys_clk_pin rise edge)
                                                      0.000     0.000 r  <hidden>
    E3                                                0.000     0.000 r  CLK100MHZ
                         net (fo=0)                   0.000     0.000    CLK100MHZ
    E3                   IBUF (Prop_ibuf_I_O)         1.482     1.482 r  CLK100MHZ_IBUF_inst/O
                         net (fo=1, routed)           2.025     3.506    CLK100MHZ_IBUF
    BUFGCTRL_X0Y16       BUFG (Prop_bufg_I_O)         0.096     3.602 r  CLK100MHZ_IBUF_BUFG_inst/O
                         net (fo=1875, routed)        1.809     5.412    UART_tx/CLK100MHZ_IBUF_BUFG
    SLICE_X13Y164        FDSE                                         r  UART_tx/tx_reg/C
  -------------------------------------------------------------------    -------------------
    SLICE_X13Y164        FDSE (Prop_fdse_C_Q)         0.456     5.868 r  UART_tx/tx_reg/Q
                         net (fo=1, routed)           4.997    10.865    UART_TXD_OBUF
    D4                   OBUF (Prop_obuf_I_O)         3.555    14.420 r  UART_TXD_OBUF_inst/O
                         net (fo=0)                   0.000    14.420    UART_TXD
    D4                                                                r  UART_TXD
  -------------------------------------------------------------------    -------------------

Slack:                    inf
  Source:                 sevenSeg/digit_reg[3]/C
                            (rising edge-triggered cell FDRE clocked by sys_clk_pin  {rise@0.000ns fall@5.000ns period=50.000ns})
  Destination:            SEG[0]
                            (output port)
  Path Group:             (none)
  Path Type:              Max at Slow Process Corner
  Data Path Delay:        9.139ns  (logic 4.157ns (45.486%)  route 4.982ns (54.514%))
  Logic Levels:           2  (LUT4=1 OBUF=1)
  Clock Uncertainty:      0.025ns  ((TSJ^2 + TIJ^2)^1/2 + DJ) / 2 + PE
    Total System Jitter     (TSJ):    0.050ns
    Total Input Jitter      (TIJ):    0.000ns
    Discrete Jitter          (DJ):    0.000ns
    Phase Error              (PE):    0.000ns

    Location             Delay type                Incr(ns)  Path(ns)    Netlist Resource(s)
  -------------------------------------------------------------------    -------------------
                         (clock sys_clk_pin rise edge)
                                                      0.000     0.000 r  <hidden>
    E3                                                0.000     0.000 r  CLK100MHZ
                         net (fo=0)                   0.000     0.000    CLK100MHZ
    E3                   IBUF (Prop_ibuf_I_O)         1.482     1.482 r  CLK100MHZ_IBUF_inst/O
                         net (fo=1, routed)           2.025     3.506    CLK100MHZ_IBUF
    BUFGCTRL_X0Y16       BUFG (Prop_bufg_I_O)         0.096     3.602 r  CLK100MHZ_IBUF_BUFG_inst/O
                         net (fo=1875, routed)        1.624     5.226    sevenSeg/clk
    SLICE_X37Y103        FDRE                                         r  sevenSeg/digit_reg[3]/C
  -------------------------------------------------------------------    -------------------
    SLICE_X37Y103        FDRE (Prop_fdre_C_Q)         0.456     5.682 r  sevenSeg/digit_reg[3]/Q
                         net (fo=7, routed)           1.171     6.853    sevenSeg/digit_reg_n_0_[3]
    SLICE_X34Y100        LUT4 (Prop_lut4_I0_O)        0.124     6.977 r  sevenSeg/SEG_OBUF[0]_inst_i_1/O
                         net (fo=1, routed)           3.811    10.788    SEG_OBUF[0]
    T10                  OBUF (Prop_obuf_I_O)         3.577    14.365 r  SEG_OBUF[0]_inst/O
                         net (fo=0)                   0.000    14.365    SEG[0]
    T10                                                               r  SEG[0]
  -------------------------------------------------------------------    -------------------

Slack:                    inf
  Source:                 sevenSeg/digit_reg[1]/C
                            (rising edge-triggered cell FDRE clocked by sys_clk_pin  {rise@0.000ns fall@5.000ns period=50.000ns})
  Destination:            SEG[5]
                            (output port)
  Path Group:             (none)
  Path Type:              Max at Slow Process Corner
  Data Path Delay:        9.082ns  (logic 4.377ns (48.190%)  route 4.706ns (51.810%))
  Logic Levels:           2  (LUT4=1 OBUF=1)
  Clock Uncertainty:      0.025ns  ((TSJ^2 + TIJ^2)^1/2 + DJ) / 2 + PE
    Total System Jitter     (TSJ):    0.050ns
    Total Input Jitter      (TIJ):    0.000ns
    Discrete Jitter          (DJ):    0.000ns
    Phase Error              (PE):    0.000ns

    Location             Delay type                Incr(ns)  Path(ns)    Netlist Resource(s)
  -------------------------------------------------------------------    -------------------
                         (clock sys_clk_pin rise edge)
                                                      0.000     0.000 r  <hidden>
    E3                                                0.000     0.000 r  CLK100MHZ
                         net (fo=0)                   0.000     0.000    CLK100MHZ
    E3                   IBUF (Prop_ibuf_I_O)         1.482     1.482 r  CLK100MHZ_IBUF_inst/O
                         net (fo=1, routed)           2.025     3.506    CLK100MHZ_IBUF
    BUFGCTRL_X0Y16       BUFG (Prop_bufg_I_O)         0.096     3.602 r  CLK100MHZ_IBUF_BUFG_inst/O
                         net (fo=1875, routed)        1.624     5.226    sevenSeg/clk
    SLICE_X37Y103        FDRE                                         r  sevenSeg/digit_reg[1]/C
  -------------------------------------------------------------------    -------------------
    SLICE_X37Y103        FDRE (Prop_fdre_C_Q)         0.456     5.682 r  sevenSeg/digit_reg[1]/Q
                         net (fo=7, routed)           0.989     6.671    sevenSeg/digit_reg_n_0_[1]
    SLICE_X34Y100        LUT4 (Prop_lut4_I3_O)        0.153     6.824 r  sevenSeg/SEG_OBUF[5]_inst_i_1/O
                         net (fo=1, routed)           3.716    10.541    SEG_OBUF[5]
    T11                  OBUF (Prop_obuf_I_O)         3.768    14.309 r  SEG_OBUF[5]_inst/O
                         net (fo=0)                   0.000    14.309    SEG[5]
    T11                                                               r  SEG[5]
  -------------------------------------------------------------------    -------------------

Slack:                    inf
  Source:                 sevenSeg/clkdiv_reg[17]/C
                            (rising edge-triggered cell FDRE clocked by sys_clk_pin  {rise@0.000ns fall@5.000ns period=50.000ns})
  Destination:            AN[6]
                            (output port)
  Path Group:             (none)
  Path Type:              Max at Slow Process Corner
  Data Path Delay:        9.042ns  (logic 4.331ns (47.895%)  route 4.711ns (52.105%))
  Logic Levels:           2  (LUT3=1 OBUF=1)
  Clock Uncertainty:      0.025ns  ((TSJ^2 + TIJ^2)^1/2 + DJ) / 2 + PE
    Total System Jitter     (TSJ):    0.050ns
    Total Input Jitter      (TIJ):    0.000ns
    Discrete Jitter          (DJ):    0.000ns
    Phase Error              (PE):    0.000ns

    Location             Delay type                Incr(ns)  Path(ns)    Netlist Resource(s)
  -------------------------------------------------------------------    -------------------
                         (clock sys_clk_pin rise edge)
                                                      0.000     0.000 r  <hidden>
    E3                                                0.000     0.000 r  CLK100MHZ
                         net (fo=0)                   0.000     0.000    CLK100MHZ
    E3                   IBUF (Prop_ibuf_I_O)         1.482     1.482 r  CLK100MHZ_IBUF_inst/O
                         net (fo=1, routed)           2.025     3.506    CLK100MHZ_IBUF
    BUFGCTRL_X0Y16       BUFG (Prop_bufg_I_O)         0.096     3.602 r  CLK100MHZ_IBUF_BUFG_inst/O
                         net (fo=1875, routed)        1.642     5.245    sevenSeg/clk
    SLICE_X32Y99         FDRE                                         r  sevenSeg/clkdiv_reg[17]/C
  -------------------------------------------------------------------    -------------------
    SLICE_X32Y99         FDRE (Prop_fdre_C_Q)         0.456     5.701 r  sevenSeg/clkdiv_reg[17]/Q
                         net (fo=17, routed)          1.040     6.741    sevenSeg/s[0]
    SLICE_X29Y102        LUT3 (Prop_lut3_I1_O)        0.154     6.895 r  sevenSeg/AN_OBUF[6]_inst_i_1/O
                         net (fo=1, routed)           3.671    10.566    AN_OBUF[6]
    K2                   OBUF (Prop_obuf_I_O)         3.721    14.286 r  AN_OBUF[6]_inst/O
                         net (fo=0)                   0.000    14.286    AN[6]
    K2                                                                r  AN[6]
  -------------------------------------------------------------------    -------------------

Slack:                    inf
  Source:                 sevenSeg/clkdiv_reg[17]/C
                            (rising edge-triggered cell FDRE clocked by sys_clk_pin  {rise@0.000ns fall@5.000ns period=50.000ns})
  Destination:            AN[2]
                            (output port)
  Path Group:             (none)
  Path Type:              Max at Slow Process Corner
  Data Path Delay:        9.025ns  (logic 4.154ns (46.034%)  route 4.870ns (53.966%))
  Logic Levels:           2  (LUT3=1 OBUF=1)
  Clock Uncertainty:      0.025ns  ((TSJ^2 + TIJ^2)^1/2 + DJ) / 2 + PE
    Total System Jitter     (TSJ):    0.050ns
    Total Input Jitter      (TIJ):    0.000ns
    Discrete Jitter          (DJ):    0.000ns
    Phase Error              (PE):    0.000ns

    Location             Delay type                Incr(ns)  Path(ns)    Netlist Resource(s)
  -------------------------------------------------------------------    -------------------
                         (clock sys_clk_pin rise edge)
                                                      0.000     0.000 r  <hidden>
    E3                                                0.000     0.000 r  CLK100MHZ
                         net (fo=0)                   0.000     0.000    CLK100MHZ
    E3                   IBUF (Prop_ibuf_I_O)         1.482     1.482 r  CLK100MHZ_IBUF_inst/O
                         net (fo=1, routed)           2.025     3.506    CLK100MHZ_IBUF
    BUFGCTRL_X0Y16       BUFG (Prop_bufg_I_O)         0.096     3.602 r  CLK100MHZ_IBUF_BUFG_inst/O
                         net (fo=1875, routed)        1.642     5.245    sevenSeg/clk
    SLICE_X32Y99         FDRE                                         r  sevenSeg/clkdiv_reg[17]/C
  -------------------------------------------------------------------    -------------------
    SLICE_X32Y99         FDRE (Prop_fdre_C_Q)         0.456     5.701 r  sevenSeg/clkdiv_reg[17]/Q
                         net (fo=17, routed)          1.040     6.741    sevenSeg/s[0]
    SLICE_X29Y102        LUT3 (Prop_lut3_I2_O)        0.124     6.865 r  sevenSeg/AN_OBUF[2]_inst_i_1/O
                         net (fo=1, routed)           3.830    10.695    AN_OBUF[2]
    T9                   OBUF (Prop_obuf_I_O)         3.574    14.269 r  AN_OBUF[2]_inst/O
                         net (fo=0)                   0.000    14.269    AN[2]
    T9                                                                r  AN[2]
  -------------------------------------------------------------------    -------------------

Slack:                    inf
  Source:                 sevenSeg/clkdiv_reg[18]/C
                            (rising edge-triggered cell FDRE clocked by sys_clk_pin  {rise@0.000ns fall@5.000ns period=50.000ns})
  Destination:            AN[4]
                            (output port)
  Path Group:             (none)
  Path Type:              Max at Slow Process Corner
  Data Path Delay:        8.448ns  (logic 4.360ns (51.612%)  route 4.088ns (48.388%))
  Logic Levels:           2  (LUT3=1 OBUF=1)
  Clock Uncertainty:      0.025ns  ((TSJ^2 + TIJ^2)^1/2 + DJ) / 2 + PE
    Total System Jitter     (TSJ):    0.050ns
    Total Input Jitter      (TIJ):    0.000ns
    Discrete Jitter          (DJ):    0.000ns
    Phase Error              (PE):    0.000ns

    Location             Delay type                Incr(ns)  Path(ns)    Netlist Resource(s)
  -------------------------------------------------------------------    -------------------
                         (clock sys_clk_pin rise edge)
                                                      0.000     0.000 r  <hidden>
    E3                                                0.000     0.000 r  CLK100MHZ
                         net (fo=0)                   0.000     0.000    CLK100MHZ
    E3                   IBUF (Prop_ibuf_I_O)         1.482     1.482 r  CLK100MHZ_IBUF_inst/O
                         net (fo=1, routed)           2.025     3.506    CLK100MHZ_IBUF
    BUFGCTRL_X0Y16       BUFG (Prop_bufg_I_O)         0.096     3.602 r  CLK100MHZ_IBUF_BUFG_inst/O
                         net (fo=1875, routed)        1.642     5.245    sevenSeg/clk
    SLICE_X32Y99         FDRE                                         r  sevenSeg/clkdiv_reg[18]/C
  -------------------------------------------------------------------    -------------------
    SLICE_X32Y99         FDRE (Prop_fdre_C_Q)         0.456     5.701 r  sevenSeg/clkdiv_reg[18]/Q
                         net (fo=17, routed)          1.066     6.767    sevenSeg/s[1]
    SLICE_X29Y102        LUT3 (Prop_lut3_I1_O)        0.152     6.919 r  sevenSeg/AN_OBUF[4]_inst_i_1/O
                         net (fo=1, routed)           3.022     9.940    AN_OBUF[4]
    P14                  OBUF (Prop_obuf_I_O)         3.752    13.692 r  AN_OBUF[4]_inst/O
                         net (fo=0)                   0.000    13.692    AN[4]
    P14                                                               r  AN[4]
  -------------------------------------------------------------------    -------------------

Slack:                    inf
  Source:                 sevenSeg/digit_reg[1]/C
                            (rising edge-triggered cell FDRE clocked by sys_clk_pin  {rise@0.000ns fall@5.000ns period=50.000ns})
  Destination:            SEG[4]
                            (output port)
  Path Group:             (none)
  Path Type:              Max at Slow Process Corner
  Data Path Delay:        8.413ns  (logic 4.114ns (48.893%)  route 4.300ns (51.107%))
  Logic Levels:           2  (LUT4=1 OBUF=1)
  Clock Uncertainty:      0.025ns  ((TSJ^2 + TIJ^2)^1/2 + DJ) / 2 + PE
    Total System Jitter     (TSJ):    0.050ns
    Total Input Jitter      (TIJ):    0.000ns
    Discrete Jitter          (DJ):    0.000ns
    Phase Error              (PE):    0.000ns

    Location             Delay type                Incr(ns)  Path(ns)    Netlist Resource(s)
  -------------------------------------------------------------------    -------------------
                         (clock sys_clk_pin rise edge)
                                                      0.000     0.000 r  <hidden>
    E3                                                0.000     0.000 r  CLK100MHZ
                         net (fo=0)                   0.000     0.000    CLK100MHZ
    E3                   IBUF (Prop_ibuf_I_O)         1.482     1.482 r  CLK100MHZ_IBUF_inst/O
                         net (fo=1, routed)           2.025     3.506    CLK100MHZ_IBUF
    BUFGCTRL_X0Y16       BUFG (Prop_bufg_I_O)         0.096     3.602 r  CLK100MHZ_IBUF_BUFG_inst/O
                         net (fo=1875, routed)        1.624     5.226    sevenSeg/clk
    SLICE_X37Y103        FDRE                                         r  sevenSeg/digit_reg[1]/C
  -------------------------------------------------------------------    -------------------
    SLICE_X37Y103        FDRE (Prop_fdre_C_Q)         0.456     5.682 f  sevenSeg/digit_reg[1]/Q
                         net (fo=7, routed)           0.989     6.671    sevenSeg/digit_reg_n_0_[1]
    SLICE_X34Y100        LUT4 (Prop_lut4_I1_O)        0.124     6.795 r  sevenSeg/SEG_OBUF[4]_inst_i_1/O
                         net (fo=1, routed)           3.311    10.106    SEG_OBUF[4]
    P15                  OBUF (Prop_obuf_I_O)         3.534    13.640 r  SEG_OBUF[4]_inst/O
                         net (fo=0)                   0.000    13.640    SEG[4]
    P15                                                               r  SEG[4]
  -------------------------------------------------------------------    -------------------

Slack:                    inf
  Source:                 sevenSeg/clkdiv_reg[18]/C
                            (rising edge-triggered cell FDRE clocked by sys_clk_pin  {rise@0.000ns fall@5.000ns period=50.000ns})
  Destination:            AN[5]
                            (output port)
  Path Group:             (none)
  Path Type:              Max at Slow Process Corner
  Data Path Delay:        8.350ns  (logic 4.368ns (52.309%)  route 3.982ns (47.691%))
  Logic Levels:           2  (LUT3=1 OBUF=1)
  Clock Uncertainty:      0.025ns  ((TSJ^2 + TIJ^2)^1/2 + DJ) / 2 + PE
    Total System Jitter     (TSJ):    0.050ns
    Total Input Jitter      (TIJ):    0.000ns
    Discrete Jitter          (DJ):    0.000ns
    Phase Error              (PE):    0.000ns

    Location             Delay type                Incr(ns)  Path(ns)    Netlist Resource(s)
  -------------------------------------------------------------------    -------------------
                         (clock sys_clk_pin rise edge)
                                                      0.000     0.000 r  <hidden>
    E3                                                0.000     0.000 r  CLK100MHZ
                         net (fo=0)                   0.000     0.000    CLK100MHZ
    E3                   IBUF (Prop_ibuf_I_O)         1.482     1.482 r  CLK100MHZ_IBUF_inst/O
                         net (fo=1, routed)           2.025     3.506    CLK100MHZ_IBUF
    BUFGCTRL_X0Y16       BUFG (Prop_bufg_I_O)         0.096     3.602 r  CLK100MHZ_IBUF_BUFG_inst/O
                         net (fo=1875, routed)        1.642     5.245    sevenSeg/clk
    SLICE_X32Y99         FDRE                                         r  sevenSeg/clkdiv_reg[18]/C
  -------------------------------------------------------------------    -------------------
    SLICE_X32Y99         FDRE (Prop_fdre_C_Q)         0.456     5.701 r  sevenSeg/clkdiv_reg[18]/Q
                         net (fo=17, routed)          1.068     6.769    sevenSeg/s[1]
    SLICE_X29Y102        LUT3 (Prop_lut3_I1_O)        0.152     6.921 r  sevenSeg/AN_OBUF[5]_inst_i_1/O
                         net (fo=1, routed)           2.914     9.835    AN_OBUF[5]
    T14                  OBUF (Prop_obuf_I_O)         3.760    13.594 r  AN_OBUF[5]_inst/O
                         net (fo=0)                   0.000    13.594    AN[5]
    T14                                                               r  AN[5]
  -------------------------------------------------------------------    -------------------





Min Delay Paths
--------------------------------------------------------------------------------------
Slack:                    inf
  Source:                 LED_reg[0]/C
                            (rising edge-triggered cell FDRE clocked by sys_clk_pin  {rise@0.000ns fall@5.000ns period=50.000ns})
  Destination:            LED[0]
                            (output port)
  Path Group:             (none)
  Path Type:              Min at Fast Process Corner
  Data Path Delay:        1.989ns  (logic 1.362ns (68.485%)  route 0.627ns (31.515%))
  Logic Levels:           1  (OBUF=1)
  Clock Uncertainty:      0.025ns  ((TSJ^2 + TIJ^2)^1/2 + DJ) / 2 + PE
    Total System Jitter     (TSJ):    0.050ns
    Total Input Jitter      (TIJ):    0.000ns
    Discrete Jitter          (DJ):    0.000ns
    Phase Error              (PE):    0.000ns

    Location             Delay type                Incr(ns)  Path(ns)    Netlist Resource(s)
  -------------------------------------------------------------------    -------------------
                         (clock sys_clk_pin rise edge)
                                                      0.000     0.000 r  <hidden>
    E3                                                0.000     0.000 r  CLK100MHZ
                         net (fo=0)                   0.000     0.000    CLK100MHZ
    E3                   IBUF (Prop_ibuf_I_O)         0.250     0.250 r  CLK100MHZ_IBUF_inst/O
                         net (fo=1, routed)           0.644     0.894    CLK100MHZ_IBUF
    BUFGCTRL_X0Y16       BUFG (Prop_bufg_I_O)         0.026     0.920 r  CLK100MHZ_IBUF_BUFG_inst/O
                         net (fo=1875, routed)        0.562     1.481    CLK100MHZ_IBUF_BUFG
    SLICE_X28Y113        FDRE                                         r  LED_reg[0]/C
  -------------------------------------------------------------------    -------------------
    SLICE_X28Y113        FDRE (Prop_fdre_C_Q)         0.141     1.622 r  LED_reg[0]/Q
                         net (fo=1, routed)           0.627     2.249    LED_OBUF[0]
    H17                  OBUF (Prop_obuf_I_O)         1.221     3.471 r  LED_OBUF[0]_inst/O
                         net (fo=0)                   0.000     3.471    LED[0]
    H17                                                               r  LED[0]
  -------------------------------------------------------------------    -------------------

Slack:                    inf
  Source:                 LED_reg[2]/C
                            (rising edge-triggered cell FDRE clocked by sys_clk_pin  {rise@0.000ns fall@5.000ns period=50.000ns})
  Destination:            LED[2]
                            (output port)
  Path Group:             (none)
  Path Type:              Min at Fast Process Corner
  Data Path Delay:        2.093ns  (logic 1.394ns (66.626%)  route 0.698ns (33.374%))
  Logic Levels:           1  (OBUF=1)
  Clock Uncertainty:      0.025ns  ((TSJ^2 + TIJ^2)^1/2 + DJ) / 2 + PE
    Total System Jitter     (TSJ):    0.050ns
    Total Input Jitter      (TIJ):    0.000ns
    Discrete Jitter          (DJ):    0.000ns
    Phase Error              (PE):    0.000ns

    Location             Delay type                Incr(ns)  Path(ns)    Netlist Resource(s)
  -------------------------------------------------------------------    -------------------
                         (clock sys_clk_pin rise edge)
                                                      0.000     0.000 r  <hidden>
    E3                                                0.000     0.000 r  CLK100MHZ
                         net (fo=0)                   0.000     0.000    CLK100MHZ
    E3                   IBUF (Prop_ibuf_I_O)         0.250     0.250 r  CLK100MHZ_IBUF_inst/O
                         net (fo=1, routed)           0.644     0.894    CLK100MHZ_IBUF
    BUFGCTRL_X0Y16       BUFG (Prop_bufg_I_O)         0.026     0.920 r  CLK100MHZ_IBUF_BUFG_inst/O
                         net (fo=1875, routed)        0.562     1.481    CLK100MHZ_IBUF_BUFG
    SLICE_X28Y113        FDRE                                         r  LED_reg[2]/C
  -------------------------------------------------------------------    -------------------
    SLICE_X28Y113        FDRE (Prop_fdre_C_Q)         0.141     1.622 r  LED_reg[2]/Q
                         net (fo=1, routed)           0.698     2.321    LED_OBUF[2]
    J13                  OBUF (Prop_obuf_I_O)         1.253     3.574 r  LED_OBUF[2]_inst/O
                         net (fo=0)                   0.000     3.574    LED[2]
    J13                                                               r  LED[2]
  -------------------------------------------------------------------    -------------------

Slack:                    inf
  Source:                 LED_reg[1]/C
                            (rising edge-triggered cell FDRE clocked by sys_clk_pin  {rise@0.000ns fall@5.000ns period=50.000ns})
  Destination:            LED[1]
                            (output port)
  Path Group:             (none)
  Path Type:              Min at Fast Process Corner
  Data Path Delay:        2.141ns  (logic 1.400ns (65.410%)  route 0.740ns (34.590%))
  Logic Levels:           1  (OBUF=1)
  Clock Uncertainty:      0.025ns  ((TSJ^2 + TIJ^2)^1/2 + DJ) / 2 + PE
    Total System Jitter     (TSJ):    0.050ns
    Total Input Jitter      (TIJ):    0.000ns
    Discrete Jitter          (DJ):    0.000ns
    Phase Error              (PE):    0.000ns

    Location             Delay type                Incr(ns)  Path(ns)    Netlist Resource(s)
  -------------------------------------------------------------------    -------------------
                         (clock sys_clk_pin rise edge)
                                                      0.000     0.000 r  <hidden>
    E3                                                0.000     0.000 r  CLK100MHZ
                         net (fo=0)                   0.000     0.000    CLK100MHZ
    E3                   IBUF (Prop_ibuf_I_O)         0.250     0.250 r  CLK100MHZ_IBUF_inst/O
                         net (fo=1, routed)           0.644     0.894    CLK100MHZ_IBUF
    BUFGCTRL_X0Y16       BUFG (Prop_bufg_I_O)         0.026     0.920 r  CLK100MHZ_IBUF_BUFG_inst/O
                         net (fo=1875, routed)        0.564     1.483    CLK100MHZ_IBUF_BUFG
    SLICE_X30Y108        FDRE                                         r  LED_reg[1]/C
  -------------------------------------------------------------------    -------------------
    SLICE_X30Y108        FDRE (Prop_fdre_C_Q)         0.164     1.647 r  LED_reg[1]/Q
                         net (fo=1, routed)           0.740     2.388    LED_OBUF[1]
    K15                  OBUF (Prop_obuf_I_O)         1.236     3.624 r  LED_OBUF[1]_inst/O
                         net (fo=0)                   0.000     3.624    LED[1]
    K15                                                               r  LED[1]
  -------------------------------------------------------------------    -------------------

Slack:                    inf
  Source:                 sevenSeg/digit_reg[1]/C
                            (rising edge-triggered cell FDRE clocked by sys_clk_pin  {rise@0.000ns fall@5.000ns period=50.000ns})
  Destination:            SEG[2]
                            (output port)
  Path Group:             (none)
  Path Type:              Min at Fast Process Corner
  Data Path Delay:        2.338ns  (logic 1.380ns (59.042%)  route 0.958ns (40.958%))
  Logic Levels:           2  (LUT4=1 OBUF=1)
  Clock Uncertainty:      0.025ns  ((TSJ^2 + TIJ^2)^1/2 + DJ) / 2 + PE
    Total System Jitter     (TSJ):    0.050ns
    Total Input Jitter      (TIJ):    0.000ns
    Discrete Jitter          (DJ):    0.000ns
    Phase Error              (PE):    0.000ns

    Location             Delay type                Incr(ns)  Path(ns)    Netlist Resource(s)
  -------------------------------------------------------------------    -------------------
                         (clock sys_clk_pin rise edge)
                                                      0.000     0.000 r  <hidden>
    E3                                                0.000     0.000 r  CLK100MHZ
                         net (fo=0)                   0.000     0.000    CLK100MHZ
    E3                   IBUF (Prop_ibuf_I_O)         0.250     0.250 r  CLK100MHZ_IBUF_inst/O
                         net (fo=1, routed)           0.644     0.894    CLK100MHZ_IBUF
    BUFGCTRL_X0Y16       BUFG (Prop_bufg_I_O)         0.026     0.920 r  CLK100MHZ_IBUF_BUFG_inst/O
                         net (fo=1875, routed)        0.564     1.483    sevenSeg/clk
    SLICE_X37Y103        FDRE                                         r  sevenSeg/digit_reg[1]/C
  -------------------------------------------------------------------    -------------------
    SLICE_X37Y103        FDRE (Prop_fdre_C_Q)         0.141     1.624 r  sevenSeg/digit_reg[1]/Q
                         net (fo=7, routed)           0.294     1.919    sevenSeg/digit_reg_n_0_[1]
    SLICE_X34Y100        LUT4 (Prop_lut4_I2_O)        0.045     1.964 r  sevenSeg/SEG_OBUF[2]_inst_i_1/O
                         net (fo=1, routed)           0.663     2.627    SEG_OBUF[2]
    K16                  OBUF (Prop_obuf_I_O)         1.194     3.821 r  SEG_OBUF[2]_inst/O
                         net (fo=0)                   0.000     3.821    SEG[2]
    K16                                                               r  SEG[2]
  -------------------------------------------------------------------    -------------------

Slack:                    inf
  Source:                 sevenSeg/digit_reg[0]/C
                            (rising edge-triggered cell FDRE clocked by sys_clk_pin  {rise@0.000ns fall@5.000ns period=50.000ns})
  Destination:            SEG[6]
                            (output port)
  Path Group:             (none)
  Path Type:              Min at Fast Process Corner
  Data Path Delay:        2.354ns  (logic 1.424ns (60.508%)  route 0.930ns (39.492%))
  Logic Levels:           2  (LUT4=1 OBUF=1)
  Clock Uncertainty:      0.025ns  ((TSJ^2 + TIJ^2)^1/2 + DJ) / 2 + PE
    Total System Jitter     (TSJ):    0.050ns
    Total Input Jitter      (TIJ):    0.000ns
    Discrete Jitter          (DJ):    0.000ns
    Phase Error              (PE):    0.000ns

    Location             Delay type                Incr(ns)  Path(ns)    Netlist Resource(s)
  -------------------------------------------------------------------    -------------------
                         (clock sys_clk_pin rise edge)
                                                      0.000     0.000 r  <hidden>
    E3                                                0.000     0.000 r  CLK100MHZ
                         net (fo=0)                   0.000     0.000    CLK100MHZ
    E3                   IBUF (Prop_ibuf_I_O)         0.250     0.250 r  CLK100MHZ_IBUF_inst/O
                         net (fo=1, routed)           0.644     0.894    CLK100MHZ_IBUF
    BUFGCTRL_X0Y16       BUFG (Prop_bufg_I_O)         0.026     0.920 r  CLK100MHZ_IBUF_BUFG_inst/O
                         net (fo=1875, routed)        0.563     1.482    sevenSeg/clk
    SLICE_X39Y102        FDRE                                         r  sevenSeg/digit_reg[0]/C
  -------------------------------------------------------------------    -------------------
    SLICE_X39Y102        FDRE (Prop_fdre_C_Q)         0.141     1.623 r  sevenSeg/digit_reg[0]/Q
                         net (fo=7, routed)           0.213     1.836    sevenSeg/digit_reg_n_0_[0]
    SLICE_X34Y100        LUT4 (Prop_lut4_I1_O)        0.045     1.881 r  sevenSeg/SEG_OBUF[6]_inst_i_1/O
                         net (fo=1, routed)           0.717     2.598    SEG_OBUF[6]
    L18                  OBUF (Prop_obuf_I_O)         1.238     3.836 r  SEG_OBUF[6]_inst/O
                         net (fo=0)                   0.000     3.836    SEG[6]
    L18                                                               r  SEG[6]
  -------------------------------------------------------------------    -------------------

Slack:                    inf
  Source:                 LED_reg[3]/C
                            (rising edge-triggered cell FDRE clocked by sys_clk_pin  {rise@0.000ns fall@5.000ns period=50.000ns})
  Destination:            LED[3]
                            (output port)
  Path Group:             (none)
  Path Type:              Min at Fast Process Corner
  Data Path Delay:        2.422ns  (logic 1.392ns (57.473%)  route 1.030ns (42.527%))
  Logic Levels:           1  (OBUF=1)
  Clock Uncertainty:      0.025ns  ((TSJ^2 + TIJ^2)^1/2 + DJ) / 2 + PE
    Total System Jitter     (TSJ):    0.050ns
    Total Input Jitter      (TIJ):    0.000ns
    Discrete Jitter          (DJ):    0.000ns
    Phase Error              (PE):    0.000ns

    Location             Delay type                Incr(ns)  Path(ns)    Netlist Resource(s)
  -------------------------------------------------------------------    -------------------
                         (clock sys_clk_pin rise edge)
                                                      0.000     0.000 r  <hidden>
    E3                                                0.000     0.000 r  CLK100MHZ
                         net (fo=0)                   0.000     0.000    CLK100MHZ
    E3                   IBUF (Prop_ibuf_I_O)         0.250     0.250 r  CLK100MHZ_IBUF_inst/O
                         net (fo=1, routed)           0.644     0.894    CLK100MHZ_IBUF
    BUFGCTRL_X0Y16       BUFG (Prop_bufg_I_O)         0.026     0.920 r  CLK100MHZ_IBUF_BUFG_inst/O
                         net (fo=1875, routed)        0.563     1.482    CLK100MHZ_IBUF_BUFG
    SLICE_X28Y112        FDRE                                         r  LED_reg[3]/C
  -------------------------------------------------------------------    -------------------
    SLICE_X28Y112        FDRE (Prop_fdre_C_Q)         0.141     1.623 r  LED_reg[3]/Q
                         net (fo=1, routed)           1.030     2.654    LED_OBUF[3]
    N14                  OBUF (Prop_obuf_I_O)         1.251     3.905 r  LED_OBUF[3]_inst/O
                         net (fo=0)                   0.000     3.905    LED[3]
    N14                                                               r  LED[3]
  -------------------------------------------------------------------    -------------------

Slack:                    inf
  Source:                 sevenSeg/clkdiv_reg[19]/C
                            (rising edge-triggered cell FDRE clocked by sys_clk_pin  {rise@0.000ns fall@5.000ns period=50.000ns})
  Destination:            AN[0]
                            (output port)
  Path Group:             (none)
  Path Type:              Min at Fast Process Corner
  Data Path Delay:        2.440ns  (logic 1.422ns (58.296%)  route 1.018ns (41.704%))
  Logic Levels:           2  (LUT3=1 OBUF=1)
  Clock Uncertainty:      0.025ns  ((TSJ^2 + TIJ^2)^1/2 + DJ) / 2 + PE
    Total System Jitter     (TSJ):    0.050ns
    Total Input Jitter      (TIJ):    0.000ns
    Discrete Jitter          (DJ):    0.000ns
    Phase Error              (PE):    0.000ns

    Location             Delay type                Incr(ns)  Path(ns)    Netlist Resource(s)
  -------------------------------------------------------------------    -------------------
                         (clock sys_clk_pin rise edge)
                                                      0.000     0.000 r  <hidden>
    E3                                                0.000     0.000 r  CLK100MHZ
                         net (fo=0)                   0.000     0.000    CLK100MHZ
    E3                   IBUF (Prop_ibuf_I_O)         0.250     0.250 r  CLK100MHZ_IBUF_inst/O
                         net (fo=1, routed)           0.644     0.894    CLK100MHZ_IBUF
    BUFGCTRL_X0Y16       BUFG (Prop_bufg_I_O)         0.026     0.920 r  CLK100MHZ_IBUF_BUFG_inst/O
                         net (fo=1875, routed)        0.572     1.491    sevenSeg/clk
    SLICE_X32Y99         FDRE                                         r  sevenSeg/clkdiv_reg[19]/C
  -------------------------------------------------------------------    -------------------
    SLICE_X32Y99         FDRE (Prop_fdre_C_Q)         0.141     1.632 r  sevenSeg/clkdiv_reg[19]/Q
                         net (fo=13, routed)          0.384     2.016    sevenSeg/s[2]
    SLICE_X29Y102        LUT3 (Prop_lut3_I0_O)        0.045     2.061 r  sevenSeg/AN_OBUF[0]_inst_i_1/O
                         net (fo=1, routed)           0.634     2.695    AN_OBUF[0]
    J17                  OBUF (Prop_obuf_I_O)         1.236     3.931 r  AN_OBUF[0]_inst/O
                         net (fo=0)                   0.000     3.931    AN[0]
    J17                                                               r  AN[0]
  -------------------------------------------------------------------    -------------------

Slack:                    inf
  Source:                 sevenSeg/clkdiv_reg[19]/C
                            (rising edge-triggered cell FDRE clocked by sys_clk_pin  {rise@0.000ns fall@5.000ns period=50.000ns})
  Destination:            AN[1]
                            (output port)
  Path Group:             (none)
  Path Type:              Min at Fast Process Corner
  Data Path Delay:        2.442ns  (logic 1.422ns (58.260%)  route 1.019ns (41.740%))
  Logic Levels:           2  (LUT3=1 OBUF=1)
  Clock Uncertainty:      0.025ns  ((TSJ^2 + TIJ^2)^1/2 + DJ) / 2 + PE
    Total System Jitter     (TSJ):    0.050ns
    Total Input Jitter      (TIJ):    0.000ns
    Discrete Jitter          (DJ):    0.000ns
    Phase Error              (PE):    0.000ns

    Location             Delay type                Incr(ns)  Path(ns)    Netlist Resource(s)
  -------------------------------------------------------------------    -------------------
                         (clock sys_clk_pin rise edge)
                                                      0.000     0.000 r  <hidden>
    E3                                                0.000     0.000 r  CLK100MHZ
                         net (fo=0)                   0.000     0.000    CLK100MHZ
    E3                   IBUF (Prop_ibuf_I_O)         0.250     0.250 r  CLK100MHZ_IBUF_inst/O
                         net (fo=1, routed)           0.644     0.894    CLK100MHZ_IBUF
    BUFGCTRL_X0Y16       BUFG (Prop_bufg_I_O)         0.026     0.920 r  CLK100MHZ_IBUF_BUFG_inst/O
                         net (fo=1875, routed)        0.572     1.491    sevenSeg/clk
    SLICE_X32Y99         FDRE                                         r  sevenSeg/clkdiv_reg[19]/C
  -------------------------------------------------------------------    -------------------
    SLICE_X32Y99         FDRE (Prop_fdre_C_Q)         0.141     1.632 r  sevenSeg/clkdiv_reg[19]/Q
                         net (fo=13, routed)          0.384     2.016    sevenSeg/s[2]
    SLICE_X29Y102        LUT3 (Prop_lut3_I0_O)        0.045     2.061 r  sevenSeg/AN_OBUF[1]_inst_i_1/O
                         net (fo=1, routed)           0.636     2.696    AN_OBUF[1]
    J18                  OBUF (Prop_obuf_I_O)         1.236     3.933 r  AN_OBUF[1]_inst/O
                         net (fo=0)                   0.000     3.933    AN[1]
    J18                                                               r  AN[1]
  -------------------------------------------------------------------    -------------------

Slack:                    inf
  Source:                 LED_reg[4]/C
                            (rising edge-triggered cell FDRE clocked by sys_clk_pin  {rise@0.000ns fall@5.000ns period=50.000ns})
  Destination:            LED[4]
                            (output port)
  Path Group:             (none)
  Path Type:              Min at Fast Process Corner
  Data Path Delay:        2.455ns  (logic 1.393ns (56.763%)  route 1.061ns (43.237%))
  Logic Levels:           1  (OBUF=1)
  Clock Uncertainty:      0.025ns  ((TSJ^2 + TIJ^2)^1/2 + DJ) / 2 + PE
    Total System Jitter     (TSJ):    0.050ns
    Total Input Jitter      (TIJ):    0.000ns
    Discrete Jitter          (DJ):    0.000ns
    Phase Error              (PE):    0.000ns

    Location             Delay type                Incr(ns)  Path(ns)    Netlist Resource(s)
  -------------------------------------------------------------------    -------------------
                         (clock sys_clk_pin rise edge)
                                                      0.000     0.000 r  <hidden>
    E3                                                0.000     0.000 r  CLK100MHZ
                         net (fo=0)                   0.000     0.000    CLK100MHZ
    E3                   IBUF (Prop_ibuf_I_O)         0.250     0.250 r  CLK100MHZ_IBUF_inst/O
                         net (fo=1, routed)           0.644     0.894    CLK100MHZ_IBUF
    BUFGCTRL_X0Y16       BUFG (Prop_bufg_I_O)         0.026     0.920 r  CLK100MHZ_IBUF_BUFG_inst/O
                         net (fo=1875, routed)        0.565     1.484    CLK100MHZ_IBUF_BUFG
    SLICE_X28Y108        FDRE                                         r  LED_reg[4]/C
  -------------------------------------------------------------------    -------------------
    SLICE_X28Y108        FDRE (Prop_fdre_C_Q)         0.141     1.625 r  LED_reg[4]/Q
                         net (fo=1, routed)           1.061     2.687    LED_OBUF[4]
    R18                  OBUF (Prop_obuf_I_O)         1.252     3.939 r  LED_OBUF[4]_inst/O
                         net (fo=0)                   0.000     3.939    LED[4]
    R18                                                               r  LED[4]
  -------------------------------------------------------------------    -------------------

Slack:                    inf
  Source:                 sevenSeg/clkdiv_reg[18]/C
                            (rising edge-triggered cell FDRE clocked by sys_clk_pin  {rise@0.000ns fall@5.000ns period=50.000ns})
  Destination:            AN[3]
                            (output port)
  Path Group:             (none)
  Path Type:              Min at Fast Process Corner
  Data Path Delay:        2.457ns  (logic 1.439ns (58.567%)  route 1.018ns (41.433%))
  Logic Levels:           2  (LUT3=1 OBUF=1)
  Clock Uncertainty:      0.025ns  ((TSJ^2 + TIJ^2)^1/2 + DJ) / 2 + PE
    Total System Jitter     (TSJ):    0.050ns
    Total Input Jitter      (TIJ):    0.000ns
    Discrete Jitter          (DJ):    0.000ns
    Phase Error              (PE):    0.000ns

    Location             Delay type                Incr(ns)  Path(ns)    Netlist Resource(s)
  -------------------------------------------------------------------    -------------------
                         (clock sys_clk_pin rise edge)
                                                      0.000     0.000 r  <hidden>
    E3                                                0.000     0.000 r  CLK100MHZ
                         net (fo=0)                   0.000     0.000    CLK100MHZ
    E3                   IBUF (Prop_ibuf_I_O)         0.250     0.250 r  CLK100MHZ_IBUF_inst/O
                         net (fo=1, routed)           0.644     0.894    CLK100MHZ_IBUF
    BUFGCTRL_X0Y16       BUFG (Prop_bufg_I_O)         0.026     0.920 r  CLK100MHZ_IBUF_BUFG_inst/O
                         net (fo=1875, routed)        0.572     1.491    sevenSeg/clk
    SLICE_X32Y99         FDRE                                         r  sevenSeg/clkdiv_reg[18]/C
  -------------------------------------------------------------------    -------------------
    SLICE_X32Y99         FDRE (Prop_fdre_C_Q)         0.141     1.632 f  sevenSeg/clkdiv_reg[18]/Q
                         net (fo=17, routed)          0.276     1.908    sevenSeg/s[1]
    SLICE_X29Y102        LUT3 (Prop_lut3_I2_O)        0.045     1.953 r  sevenSeg/AN_OBUF[3]_inst_i_1/O
                         net (fo=1, routed)           0.742     2.695    AN_OBUF[3]
    J14                  OBUF (Prop_obuf_I_O)         1.253     3.948 r  AN_OBUF[3]_inst/O
                         net (fo=0)                   0.000     3.948    AN[3]
    J14                                                               r  AN[3]
  -------------------------------------------------------------------    -------------------





--------------------------------------------------------------------------------------
Path Group:  (none)
From Clock:  
  To Clock:  sys_clk_pin

Max Delay          1099 Endpoints
Min Delay          1099 Endpoints
--------------------------------------------------------------------------------------


Max Delay Paths
--------------------------------------------------------------------------------------
Slack:                    inf
  Source:                 reset_raw
                            (input port)
  Destination:            operand_interpreter/imm_reg[26]/R
                            (rising edge-triggered cell FDRE clocked by sys_clk_pin  {rise@0.000ns fall@5.000ns period=50.000ns})
  Path Group:             (none)
  Path Type:              Setup (Max at Slow Process Corner)
  Data Path Delay:        17.915ns  (logic 1.631ns (9.104%)  route 16.284ns (90.896%))
  Logic Levels:           2  (IBUF=1 LUT1=1)
  Clock Path Skew:        4.907ns (DCD - SCD + CPR)
    Destination Clock Delay (DCD):    4.907ns
    Source Clock Delay      (SCD):    0.000ns
    Clock Pessimism Removal (CPR):    0.000ns
  Clock Uncertainty:      0.025ns  ((TSJ^2 + TIJ^2)^1/2 + DJ) / 2 + PE
    Total System Jitter     (TSJ):    0.050ns
    Total Input Jitter      (TIJ):    0.000ns
    Discrete Jitter          (DJ):    0.000ns
    Phase Error              (PE):    0.000ns

    Location             Delay type                Incr(ns)  Path(ns)    Netlist Resource(s)
  -------------------------------------------------------------------    -------------------
    C12                                               0.000     0.000 f  reset_raw
                         net (fo=0)                   0.000     0.000    reset_raw
    C12                  IBUF (Prop_ibuf_I_O)         1.507     1.507 f  reset_raw_IBUF_inst/O
                         net (fo=6, routed)           2.559     4.066    ascii_to_sending/reset_raw_IBUF
    SLICE_X20Y158        LUT1 (Prop_lut1_I0_O)        0.124     4.190 r  ascii_to_sending/Rs1E[4]_i_1/O
                         net (fo=622, routed)        13.724    17.915    operand_interpreter/reset
    SLICE_X51Y131        FDRE                                         r  operand_interpreter/imm_reg[26]/R
  -------------------------------------------------------------------    -------------------

                         (clock sys_clk_pin rise edge)
                                                      0.000     0.000 r  <hidden>
    E3                                                0.000     0.000 r  CLK100MHZ
                         net (fo=0)                   0.000     0.000    CLK100MHZ
    E3                   IBUF (Prop_ibuf_I_O)         1.411     1.411 r  CLK100MHZ_IBUF_inst/O
                         net (fo=1, routed)           1.920     3.331    CLK100MHZ_IBUF
    BUFGCTRL_X0Y16       BUFG (Prop_bufg_I_O)         0.091     3.422 r  CLK100MHZ_IBUF_BUFG_inst/O
                         net (fo=1875, routed)        1.485     4.907    operand_interpreter/CLK100MHZ_IBUF_BUFG
    SLICE_X51Y131        FDRE                                         r  operand_interpreter/imm_reg[26]/C

Slack:                    inf
  Source:                 reset_raw
                            (input port)
  Destination:            operand_interpreter/imm_reg[27]/R
                            (rising edge-triggered cell FDRE clocked by sys_clk_pin  {rise@0.000ns fall@5.000ns period=50.000ns})
  Path Group:             (none)
  Path Type:              Setup (Max at Slow Process Corner)
  Data Path Delay:        17.915ns  (logic 1.631ns (9.104%)  route 16.284ns (90.896%))
  Logic Levels:           2  (IBUF=1 LUT1=1)
  Clock Path Skew:        4.907ns (DCD - SCD + CPR)
    Destination Clock Delay (DCD):    4.907ns
    Source Clock Delay      (SCD):    0.000ns
    Clock Pessimism Removal (CPR):    0.000ns
  Clock Uncertainty:      0.025ns  ((TSJ^2 + TIJ^2)^1/2 + DJ) / 2 + PE
    Total System Jitter     (TSJ):    0.050ns
    Total Input Jitter      (TIJ):    0.000ns
    Discrete Jitter          (DJ):    0.000ns
    Phase Error              (PE):    0.000ns

    Location             Delay type                Incr(ns)  Path(ns)    Netlist Resource(s)
  -------------------------------------------------------------------    -------------------
    C12                                               0.000     0.000 f  reset_raw
                         net (fo=0)                   0.000     0.000    reset_raw
    C12                  IBUF (Prop_ibuf_I_O)         1.507     1.507 f  reset_raw_IBUF_inst/O
                         net (fo=6, routed)           2.559     4.066    ascii_to_sending/reset_raw_IBUF
    SLICE_X20Y158        LUT1 (Prop_lut1_I0_O)        0.124     4.190 r  ascii_to_sending/Rs1E[4]_i_1/O
                         net (fo=622, routed)        13.724    17.915    operand_interpreter/reset
    SLICE_X51Y131        FDRE                                         r  operand_interpreter/imm_reg[27]/R
  -------------------------------------------------------------------    -------------------

                         (clock sys_clk_pin rise edge)
                                                      0.000     0.000 r  <hidden>
    E3                                                0.000     0.000 r  CLK100MHZ
                         net (fo=0)                   0.000     0.000    CLK100MHZ
    E3                   IBUF (Prop_ibuf_I_O)         1.411     1.411 r  CLK100MHZ_IBUF_inst/O
                         net (fo=1, routed)           1.920     3.331    CLK100MHZ_IBUF
    BUFGCTRL_X0Y16       BUFG (Prop_bufg_I_O)         0.091     3.422 r  CLK100MHZ_IBUF_BUFG_inst/O
                         net (fo=1875, routed)        1.485     4.907    operand_interpreter/CLK100MHZ_IBUF_BUFG
    SLICE_X51Y131        FDRE                                         r  operand_interpreter/imm_reg[27]/C

Slack:                    inf
  Source:                 reset_raw
                            (input port)
  Destination:            operand_interpreter/imm_reg[28]/R
                            (rising edge-triggered cell FDRE clocked by sys_clk_pin  {rise@0.000ns fall@5.000ns period=50.000ns})
  Path Group:             (none)
  Path Type:              Setup (Max at Slow Process Corner)
  Data Path Delay:        17.915ns  (logic 1.631ns (9.104%)  route 16.284ns (90.896%))
  Logic Levels:           2  (IBUF=1 LUT1=1)
  Clock Path Skew:        4.907ns (DCD - SCD + CPR)
    Destination Clock Delay (DCD):    4.907ns
    Source Clock Delay      (SCD):    0.000ns
    Clock Pessimism Removal (CPR):    0.000ns
  Clock Uncertainty:      0.025ns  ((TSJ^2 + TIJ^2)^1/2 + DJ) / 2 + PE
    Total System Jitter     (TSJ):    0.050ns
    Total Input Jitter      (TIJ):    0.000ns
    Discrete Jitter          (DJ):    0.000ns
    Phase Error              (PE):    0.000ns

    Location             Delay type                Incr(ns)  Path(ns)    Netlist Resource(s)
  -------------------------------------------------------------------    -------------------
    C12                                               0.000     0.000 f  reset_raw
                         net (fo=0)                   0.000     0.000    reset_raw
    C12                  IBUF (Prop_ibuf_I_O)         1.507     1.507 f  reset_raw_IBUF_inst/O
                         net (fo=6, routed)           2.559     4.066    ascii_to_sending/reset_raw_IBUF
    SLICE_X20Y158        LUT1 (Prop_lut1_I0_O)        0.124     4.190 r  ascii_to_sending/Rs1E[4]_i_1/O
                         net (fo=622, routed)        13.724    17.915    operand_interpreter/reset
    SLICE_X50Y131        FDRE                                         r  operand_interpreter/imm_reg[28]/R
  -------------------------------------------------------------------    -------------------

                         (clock sys_clk_pin rise edge)
                                                      0.000     0.000 r  <hidden>
    E3                                                0.000     0.000 r  CLK100MHZ
                         net (fo=0)                   0.000     0.000    CLK100MHZ
    E3                   IBUF (Prop_ibuf_I_O)         1.411     1.411 r  CLK100MHZ_IBUF_inst/O
                         net (fo=1, routed)           1.920     3.331    CLK100MHZ_IBUF
    BUFGCTRL_X0Y16       BUFG (Prop_bufg_I_O)         0.091     3.422 r  CLK100MHZ_IBUF_BUFG_inst/O
                         net (fo=1875, routed)        1.485     4.907    operand_interpreter/CLK100MHZ_IBUF_BUFG
    SLICE_X50Y131        FDRE                                         r  operand_interpreter/imm_reg[28]/C

Slack:                    inf
  Source:                 reset_raw
                            (input port)
  Destination:            operand_interpreter/imm_reg[29]/R
                            (rising edge-triggered cell FDRE clocked by sys_clk_pin  {rise@0.000ns fall@5.000ns period=50.000ns})
  Path Group:             (none)
  Path Type:              Setup (Max at Slow Process Corner)
  Data Path Delay:        17.915ns  (logic 1.631ns (9.104%)  route 16.284ns (90.896%))
  Logic Levels:           2  (IBUF=1 LUT1=1)
  Clock Path Skew:        4.907ns (DCD - SCD + CPR)
    Destination Clock Delay (DCD):    4.907ns
    Source Clock Delay      (SCD):    0.000ns
    Clock Pessimism Removal (CPR):    0.000ns
  Clock Uncertainty:      0.025ns  ((TSJ^2 + TIJ^2)^1/2 + DJ) / 2 + PE
    Total System Jitter     (TSJ):    0.050ns
    Total Input Jitter      (TIJ):    0.000ns
    Discrete Jitter          (DJ):    0.000ns
    Phase Error              (PE):    0.000ns

    Location             Delay type                Incr(ns)  Path(ns)    Netlist Resource(s)
  -------------------------------------------------------------------    -------------------
    C12                                               0.000     0.000 f  reset_raw
                         net (fo=0)                   0.000     0.000    reset_raw
    C12                  IBUF (Prop_ibuf_I_O)         1.507     1.507 f  reset_raw_IBUF_inst/O
                         net (fo=6, routed)           2.559     4.066    ascii_to_sending/reset_raw_IBUF
    SLICE_X20Y158        LUT1 (Prop_lut1_I0_O)        0.124     4.190 r  ascii_to_sending/Rs1E[4]_i_1/O
                         net (fo=622, routed)        13.724    17.915    operand_interpreter/reset
    SLICE_X50Y131        FDRE                                         r  operand_interpreter/imm_reg[29]/R
  -------------------------------------------------------------------    -------------------

                         (clock sys_clk_pin rise edge)
                                                      0.000     0.000 r  <hidden>
    E3                                                0.000     0.000 r  CLK100MHZ
                         net (fo=0)                   0.000     0.000    CLK100MHZ
    E3                   IBUF (Prop_ibuf_I_O)         1.411     1.411 r  CLK100MHZ_IBUF_inst/O
                         net (fo=1, routed)           1.920     3.331    CLK100MHZ_IBUF
    BUFGCTRL_X0Y16       BUFG (Prop_bufg_I_O)         0.091     3.422 r  CLK100MHZ_IBUF_BUFG_inst/O
                         net (fo=1875, routed)        1.485     4.907    operand_interpreter/CLK100MHZ_IBUF_BUFG
    SLICE_X50Y131        FDRE                                         r  operand_interpreter/imm_reg[29]/C

Slack:                    inf
  Source:                 reset_raw
                            (input port)
  Destination:            operand_interpreter/imm_reg[25]/R
                            (rising edge-triggered cell FDRE clocked by sys_clk_pin  {rise@0.000ns fall@5.000ns period=50.000ns})
  Path Group:             (none)
  Path Type:              Setup (Max at Slow Process Corner)
  Data Path Delay:        17.811ns  (logic 1.631ns (9.157%)  route 16.180ns (90.843%))
  Logic Levels:           2  (IBUF=1 LUT1=1)
  Clock Path Skew:        4.906ns (DCD - SCD + CPR)
    Destination Clock Delay (DCD):    4.906ns
    Source Clock Delay      (SCD):    0.000ns
    Clock Pessimism Removal (CPR):    0.000ns
  Clock Uncertainty:      0.025ns  ((TSJ^2 + TIJ^2)^1/2 + DJ) / 2 + PE
    Total System Jitter     (TSJ):    0.050ns
    Total Input Jitter      (TIJ):    0.000ns
    Discrete Jitter          (DJ):    0.000ns
    Phase Error              (PE):    0.000ns

    Location             Delay type                Incr(ns)  Path(ns)    Netlist Resource(s)
  -------------------------------------------------------------------    -------------------
    C12                                               0.000     0.000 f  reset_raw
                         net (fo=0)                   0.000     0.000    reset_raw
    C12                  IBUF (Prop_ibuf_I_O)         1.507     1.507 f  reset_raw_IBUF_inst/O
                         net (fo=6, routed)           2.559     4.066    ascii_to_sending/reset_raw_IBUF
    SLICE_X20Y158        LUT1 (Prop_lut1_I0_O)        0.124     4.190 r  ascii_to_sending/Rs1E[4]_i_1/O
                         net (fo=622, routed)        13.620    17.811    operand_interpreter/reset
    SLICE_X50Y130        FDRE                                         r  operand_interpreter/imm_reg[25]/R
  -------------------------------------------------------------------    -------------------

                         (clock sys_clk_pin rise edge)
                                                      0.000     0.000 r  <hidden>
    E3                                                0.000     0.000 r  CLK100MHZ
                         net (fo=0)                   0.000     0.000    CLK100MHZ
    E3                   IBUF (Prop_ibuf_I_O)         1.411     1.411 r  CLK100MHZ_IBUF_inst/O
                         net (fo=1, routed)           1.920     3.331    CLK100MHZ_IBUF
    BUFGCTRL_X0Y16       BUFG (Prop_bufg_I_O)         0.091     3.422 r  CLK100MHZ_IBUF_BUFG_inst/O
                         net (fo=1875, routed)        1.484     4.906    operand_interpreter/CLK100MHZ_IBUF_BUFG
    SLICE_X50Y130        FDRE                                         r  operand_interpreter/imm_reg[25]/C

Slack:                    inf
  Source:                 reset_raw
                            (input port)
  Destination:            operand_interpreter/imm_reg[24]/R
                            (rising edge-triggered cell FDRE clocked by sys_clk_pin  {rise@0.000ns fall@5.000ns period=50.000ns})
  Path Group:             (none)
  Path Type:              Setup (Max at Slow Process Corner)
  Data Path Delay:        17.481ns  (logic 1.631ns (9.330%)  route 15.850ns (90.670%))
  Logic Levels:           2  (IBUF=1 LUT1=1)
  Clock Path Skew:        4.908ns (DCD - SCD + CPR)
    Destination Clock Delay (DCD):    4.908ns
    Source Clock Delay      (SCD):    0.000ns
    Clock Pessimism Removal (CPR):    0.000ns
  Clock Uncertainty:      0.025ns  ((TSJ^2 + TIJ^2)^1/2 + DJ) / 2 + PE
    Total System Jitter     (TSJ):    0.050ns
    Total Input Jitter      (TIJ):    0.000ns
    Discrete Jitter          (DJ):    0.000ns
    Phase Error              (PE):    0.000ns

    Location             Delay type                Incr(ns)  Path(ns)    Netlist Resource(s)
  -------------------------------------------------------------------    -------------------
    C12                                               0.000     0.000 f  reset_raw
                         net (fo=0)                   0.000     0.000    reset_raw
    C12                  IBUF (Prop_ibuf_I_O)         1.507     1.507 f  reset_raw_IBUF_inst/O
                         net (fo=6, routed)           2.559     4.066    ascii_to_sending/reset_raw_IBUF
    SLICE_X20Y158        LUT1 (Prop_lut1_I0_O)        0.124     4.190 r  ascii_to_sending/Rs1E[4]_i_1/O
                         net (fo=622, routed)        13.291    17.481    operand_interpreter/reset
    SLICE_X48Y130        FDRE                                         r  operand_interpreter/imm_reg[24]/R
  -------------------------------------------------------------------    -------------------

                         (clock sys_clk_pin rise edge)
                                                      0.000     0.000 r  <hidden>
    E3                                                0.000     0.000 r  CLK100MHZ
                         net (fo=0)                   0.000     0.000    CLK100MHZ
    E3                   IBUF (Prop_ibuf_I_O)         1.411     1.411 r  CLK100MHZ_IBUF_inst/O
                         net (fo=1, routed)           1.920     3.331    CLK100MHZ_IBUF
    BUFGCTRL_X0Y16       BUFG (Prop_bufg_I_O)         0.091     3.422 r  CLK100MHZ_IBUF_BUFG_inst/O
                         net (fo=1875, routed)        1.486     4.908    operand_interpreter/CLK100MHZ_IBUF_BUFG
    SLICE_X48Y130        FDRE                                         r  operand_interpreter/imm_reg[24]/C

Slack:                    inf
  Source:                 reset_raw
                            (input port)
  Destination:            operand_interpreter/imm_reg[21]/R
                            (rising edge-triggered cell FDRE clocked by sys_clk_pin  {rise@0.000ns fall@5.000ns period=50.000ns})
  Path Group:             (none)
  Path Type:              Setup (Max at Slow Process Corner)
  Data Path Delay:        17.182ns  (logic 1.631ns (9.493%)  route 15.551ns (90.507%))
  Logic Levels:           2  (IBUF=1 LUT1=1)
  Clock Path Skew:        4.907ns (DCD - SCD + CPR)
    Destination Clock Delay (DCD):    4.907ns
    Source Clock Delay      (SCD):    0.000ns
    Clock Pessimism Removal (CPR):    0.000ns
  Clock Uncertainty:      0.025ns  ((TSJ^2 + TIJ^2)^1/2 + DJ) / 2 + PE
    Total System Jitter     (TSJ):    0.050ns
    Total Input Jitter      (TIJ):    0.000ns
    Discrete Jitter          (DJ):    0.000ns
    Phase Error              (PE):    0.000ns

    Location             Delay type                Incr(ns)  Path(ns)    Netlist Resource(s)
  -------------------------------------------------------------------    -------------------
    C12                                               0.000     0.000 f  reset_raw
                         net (fo=0)                   0.000     0.000    reset_raw
    C12                  IBUF (Prop_ibuf_I_O)         1.507     1.507 f  reset_raw_IBUF_inst/O
                         net (fo=6, routed)           2.559     4.066    ascii_to_sending/reset_raw_IBUF
    SLICE_X20Y158        LUT1 (Prop_lut1_I0_O)        0.124     4.190 r  ascii_to_sending/Rs1E[4]_i_1/O
                         net (fo=622, routed)        12.992    17.182    operand_interpreter/reset
    SLICE_X48Y128        FDRE                                         r  operand_interpreter/imm_reg[21]/R
  -------------------------------------------------------------------    -------------------

                         (clock sys_clk_pin rise edge)
                                                      0.000     0.000 r  <hidden>
    E3                                                0.000     0.000 r  CLK100MHZ
                         net (fo=0)                   0.000     0.000    CLK100MHZ
    E3                   IBUF (Prop_ibuf_I_O)         1.411     1.411 r  CLK100MHZ_IBUF_inst/O
                         net (fo=1, routed)           1.920     3.331    CLK100MHZ_IBUF
    BUFGCTRL_X0Y16       BUFG (Prop_bufg_I_O)         0.091     3.422 r  CLK100MHZ_IBUF_BUFG_inst/O
                         net (fo=1875, routed)        1.485     4.907    operand_interpreter/CLK100MHZ_IBUF_BUFG
    SLICE_X48Y128        FDRE                                         r  operand_interpreter/imm_reg[21]/C

Slack:                    inf
  Source:                 reset_raw
                            (input port)
  Destination:            operand_interpreter/imm_reg[20]/R
                            (rising edge-triggered cell FDRE clocked by sys_clk_pin  {rise@0.000ns fall@5.000ns period=50.000ns})
  Path Group:             (none)
  Path Type:              Setup (Max at Slow Process Corner)
  Data Path Delay:        17.034ns  (logic 1.631ns (9.575%)  route 15.403ns (90.425%))
  Logic Levels:           2  (IBUF=1 LUT1=1)
  Clock Path Skew:        4.905ns (DCD - SCD + CPR)
    Destination Clock Delay (DCD):    4.905ns
    Source Clock Delay      (SCD):    0.000ns
    Clock Pessimism Removal (CPR):    0.000ns
  Clock Uncertainty:      0.025ns  ((TSJ^2 + TIJ^2)^1/2 + DJ) / 2 + PE
    Total System Jitter     (TSJ):    0.050ns
    Total Input Jitter      (TIJ):    0.000ns
    Discrete Jitter          (DJ):    0.000ns
    Phase Error              (PE):    0.000ns

    Location             Delay type                Incr(ns)  Path(ns)    Netlist Resource(s)
  -------------------------------------------------------------------    -------------------
    C12                                               0.000     0.000 f  reset_raw
                         net (fo=0)                   0.000     0.000    reset_raw
    C12                  IBUF (Prop_ibuf_I_O)         1.507     1.507 f  reset_raw_IBUF_inst/O
                         net (fo=6, routed)           2.559     4.066    ascii_to_sending/reset_raw_IBUF
    SLICE_X20Y158        LUT1 (Prop_lut1_I0_O)        0.124     4.190 r  ascii_to_sending/Rs1E[4]_i_1/O
                         net (fo=622, routed)        12.843    17.034    operand_interpreter/reset
    SLICE_X48Y127        FDRE                                         r  operand_interpreter/imm_reg[20]/R
  -------------------------------------------------------------------    -------------------

                         (clock sys_clk_pin rise edge)
                                                      0.000     0.000 r  <hidden>
    E3                                                0.000     0.000 r  CLK100MHZ
                         net (fo=0)                   0.000     0.000    CLK100MHZ
    E3                   IBUF (Prop_ibuf_I_O)         1.411     1.411 r  CLK100MHZ_IBUF_inst/O
                         net (fo=1, routed)           1.920     3.331    CLK100MHZ_IBUF
    BUFGCTRL_X0Y16       BUFG (Prop_bufg_I_O)         0.091     3.422 r  CLK100MHZ_IBUF_BUFG_inst/O
                         net (fo=1875, routed)        1.483     4.905    operand_interpreter/CLK100MHZ_IBUF_BUFG
    SLICE_X48Y127        FDRE                                         r  operand_interpreter/imm_reg[20]/C

Slack:                    inf
  Source:                 reset_raw
                            (input port)
  Destination:            tokenizer/token1_end_ptr_reg[28]/R
                            (rising edge-triggered cell FDRE clocked by sys_clk_pin  {rise@0.000ns fall@5.000ns period=50.000ns})
  Path Group:             (none)
  Path Type:              Setup (Max at Slow Process Corner)
  Data Path Delay:        17.001ns  (logic 1.631ns (9.594%)  route 15.370ns (90.406%))
  Logic Levels:           2  (IBUF=1 LUT1=1)
  Clock Path Skew:        5.000ns (DCD - SCD + CPR)
    Destination Clock Delay (DCD):    5.000ns
    Source Clock Delay      (SCD):    0.000ns
    Clock Pessimism Removal (CPR):    0.000ns
  Clock Uncertainty:      0.025ns  ((TSJ^2 + TIJ^2)^1/2 + DJ) / 2 + PE
    Total System Jitter     (TSJ):    0.050ns
    Total Input Jitter      (TIJ):    0.000ns
    Discrete Jitter          (DJ):    0.000ns
    Phase Error              (PE):    0.000ns

    Location             Delay type                Incr(ns)  Path(ns)    Netlist Resource(s)
  -------------------------------------------------------------------    -------------------
    C12                                               0.000     0.000 f  reset_raw
                         net (fo=0)                   0.000     0.000    reset_raw
    C12                  IBUF (Prop_ibuf_I_O)         1.507     1.507 f  reset_raw_IBUF_inst/O
                         net (fo=6, routed)           2.559     4.066    ascii_to_sending/reset_raw_IBUF
    SLICE_X20Y158        LUT1 (Prop_lut1_I0_O)        0.124     4.190 r  ascii_to_sending/Rs1E[4]_i_1/O
                         net (fo=622, routed)        12.810    17.001    tokenizer/reset
    SLICE_X72Y108        FDRE                                         r  tokenizer/token1_end_ptr_reg[28]/R
  -------------------------------------------------------------------    -------------------

                         (clock sys_clk_pin rise edge)
                                                      0.000     0.000 r  <hidden>
    E3                                                0.000     0.000 r  CLK100MHZ
                         net (fo=0)                   0.000     0.000    CLK100MHZ
    E3                   IBUF (Prop_ibuf_I_O)         1.411     1.411 r  CLK100MHZ_IBUF_inst/O
                         net (fo=1, routed)           1.920     3.331    CLK100MHZ_IBUF
    BUFGCTRL_X0Y16       BUFG (Prop_bufg_I_O)         0.091     3.422 r  CLK100MHZ_IBUF_BUFG_inst/O
                         net (fo=1875, routed)        1.578     5.000    tokenizer/clk
    SLICE_X72Y108        FDRE                                         r  tokenizer/token1_end_ptr_reg[28]/C

Slack:                    inf
  Source:                 reset_raw
                            (input port)
  Destination:            tokenizer/token1_end_ptr_reg[30]/R
                            (rising edge-triggered cell FDRE clocked by sys_clk_pin  {rise@0.000ns fall@5.000ns period=50.000ns})
  Path Group:             (none)
  Path Type:              Setup (Max at Slow Process Corner)
  Data Path Delay:        17.001ns  (logic 1.631ns (9.594%)  route 15.370ns (90.406%))
  Logic Levels:           2  (IBUF=1 LUT1=1)
  Clock Path Skew:        5.000ns (DCD - SCD + CPR)
    Destination Clock Delay (DCD):    5.000ns
    Source Clock Delay      (SCD):    0.000ns
    Clock Pessimism Removal (CPR):    0.000ns
  Clock Uncertainty:      0.025ns  ((TSJ^2 + TIJ^2)^1/2 + DJ) / 2 + PE
    Total System Jitter     (TSJ):    0.050ns
    Total Input Jitter      (TIJ):    0.000ns
    Discrete Jitter          (DJ):    0.000ns
    Phase Error              (PE):    0.000ns

    Location             Delay type                Incr(ns)  Path(ns)    Netlist Resource(s)
  -------------------------------------------------------------------    -------------------
    C12                                               0.000     0.000 f  reset_raw
                         net (fo=0)                   0.000     0.000    reset_raw
    C12                  IBUF (Prop_ibuf_I_O)         1.507     1.507 f  reset_raw_IBUF_inst/O
                         net (fo=6, routed)           2.559     4.066    ascii_to_sending/reset_raw_IBUF
    SLICE_X20Y158        LUT1 (Prop_lut1_I0_O)        0.124     4.190 r  ascii_to_sending/Rs1E[4]_i_1/O
                         net (fo=622, routed)        12.810    17.001    tokenizer/reset
    SLICE_X72Y108        FDRE                                         r  tokenizer/token1_end_ptr_reg[30]/R
  -------------------------------------------------------------------    -------------------

                         (clock sys_clk_pin rise edge)
                                                      0.000     0.000 r  <hidden>
    E3                                                0.000     0.000 r  CLK100MHZ
                         net (fo=0)                   0.000     0.000    CLK100MHZ
    E3                   IBUF (Prop_ibuf_I_O)         1.411     1.411 r  CLK100MHZ_IBUF_inst/O
                         net (fo=1, routed)           1.920     3.331    CLK100MHZ_IBUF
    BUFGCTRL_X0Y16       BUFG (Prop_bufg_I_O)         0.091     3.422 r  CLK100MHZ_IBUF_BUFG_inst/O
                         net (fo=1875, routed)        1.578     5.000    tokenizer/clk
    SLICE_X72Y108        FDRE                                         r  tokenizer/token1_end_ptr_reg[30]/C





Min Delay Paths
--------------------------------------------------------------------------------------
Slack:                    inf
  Source:                 reset_raw
                            (input port)
  Destination:            ascii_to_sending/number_started_reg/D
                            (rising edge-triggered cell FDRE clocked by sys_clk_pin  {rise@0.000ns fall@5.000ns period=50.000ns})
  Path Group:             (none)
  Path Type:              Hold (Min at Fast Process Corner)
  Data Path Delay:        1.118ns  (logic 0.320ns (28.595%)  route 0.798ns (71.405%))
  Logic Levels:           2  (IBUF=1 LUT6=1)
  Clock Path Skew:        2.090ns (DCD - SCD - CPR)
    Destination Clock Delay (DCD):    2.090ns
    Source Clock Delay      (SCD):    0.000ns
    Clock Pessimism Removal (CPR):    -0.000ns

    Location             Delay type                Incr(ns)  Path(ns)    Netlist Resource(s)
  -------------------------------------------------------------------    -------------------
    C12                                               0.000     0.000 r  reset_raw
                         net (fo=0)                   0.000     0.000    reset_raw
    C12                  IBUF (Prop_ibuf_I_O)         0.275     0.275 r  reset_raw_IBUF_inst/O
                         net (fo=6, routed)           0.798     1.073    ascii_to_sending/reset_raw_IBUF
    SLICE_X15Y159        LUT6 (Prop_lut6_I2_O)        0.045     1.118 r  ascii_to_sending/number_started_i_1/O
                         net (fo=1, routed)           0.000     1.118    ascii_to_sending/number_started_i_1_n_0
    SLICE_X15Y159        FDRE                                         r  ascii_to_sending/number_started_reg/D
  -------------------------------------------------------------------    -------------------

                         (clock sys_clk_pin rise edge)
                                                      0.000     0.000 r  <hidden>
    E3                                                0.000     0.000 r  CLK100MHZ
                         net (fo=0)                   0.000     0.000    CLK100MHZ
    E3                   IBUF (Prop_ibuf_I_O)         0.438     0.438 r  CLK100MHZ_IBUF_inst/O
                         net (fo=1, routed)           0.699     1.136    CLK100MHZ_IBUF
    BUFGCTRL_X0Y16       BUFG (Prop_bufg_I_O)         0.029     1.165 r  CLK100MHZ_IBUF_BUFG_inst/O
                         net (fo=1875, routed)        0.925     2.090    ascii_to_sending/CLK100MHZ_IBUF_BUFG
    SLICE_X15Y159        FDRE                                         r  ascii_to_sending/number_started_reg/C

Slack:                    inf
  Source:                 rx
                            (input port)
  Destination:            UART_rx/rx_sync1_reg/D
                            (rising edge-triggered cell FDRE clocked by sys_clk_pin  {rise@0.000ns fall@5.000ns period=50.000ns})
  Path Group:             (none)
  Path Type:              Hold (Min at Fast Process Corner)
  Data Path Delay:        1.526ns  (logic 0.257ns (16.874%)  route 1.268ns (83.126%))
  Logic Levels:           1  (IBUF=1)
  Clock Path Skew:        2.006ns (DCD - SCD - CPR)
    Destination Clock Delay (DCD):    2.006ns
    Source Clock Delay      (SCD):    0.000ns
    Clock Pessimism Removal (CPR):    -0.000ns

    Location             Delay type                Incr(ns)  Path(ns)    Netlist Resource(s)
  -------------------------------------------------------------------    -------------------
    C4                                                0.000     0.000 r  rx
                         net (fo=0)                   0.000     0.000    rx
    C4                   IBUF (Prop_ibuf_I_O)         0.257     0.257 r  rx_IBUF_inst/O
                         net (fo=1, routed)           1.268     1.526    UART_rx/rx
    SLICE_X66Y97         FDRE                                         r  UART_rx/rx_sync1_reg/D
  -------------------------------------------------------------------    -------------------

                         (clock sys_clk_pin rise edge)
                                                      0.000     0.000 r  <hidden>
    E3                                                0.000     0.000 r  CLK100MHZ
                         net (fo=0)                   0.000     0.000    CLK100MHZ
    E3                   IBUF (Prop_ibuf_I_O)         0.438     0.438 r  CLK100MHZ_IBUF_inst/O
                         net (fo=1, routed)           0.699     1.136    CLK100MHZ_IBUF
    BUFGCTRL_X0Y16       BUFG (Prop_bufg_I_O)         0.029     1.165 r  CLK100MHZ_IBUF_BUFG_inst/O
                         net (fo=1875, routed)        0.841     2.006    UART_rx/CLK100MHZ_IBUF_BUFG
    SLICE_X66Y97         FDRE                                         r  UART_rx/rx_sync1_reg/C

Slack:                    inf
  Source:                 reset_raw
                            (input port)
  Destination:            ascii_to_sending/i_reg[1]/R
                            (rising edge-triggered cell FDRE clocked by sys_clk_pin  {rise@0.000ns fall@5.000ns period=50.000ns})
  Path Group:             (none)
  Path Type:              Hold (Min at Fast Process Corner)
  Data Path Delay:        1.539ns  (logic 0.320ns (20.761%)  route 1.220ns (79.239%))
  Logic Levels:           2  (IBUF=1 LUT1=1)
  Clock Path Skew:        2.090ns (DCD - SCD - CPR)
    Destination Clock Delay (DCD):    2.090ns
    Source Clock Delay      (SCD):    0.000ns
    Clock Pessimism Removal (CPR):    -0.000ns

    Location             Delay type                Incr(ns)  Path(ns)    Netlist Resource(s)
  -------------------------------------------------------------------    -------------------
    C12                                               0.000     0.000 f  reset_raw
                         net (fo=0)                   0.000     0.000    reset_raw
    C12                  IBUF (Prop_ibuf_I_O)         0.275     0.275 f  reset_raw_IBUF_inst/O
                         net (fo=6, routed)           1.064     1.339    ascii_to_sending/reset_raw_IBUF
    SLICE_X20Y158        LUT1 (Prop_lut1_I0_O)        0.045     1.384 r  ascii_to_sending/Rs1E[4]_i_1/O
                         net (fo=622, routed)         0.155     1.539    ascii_to_sending/reset
    SLICE_X22Y158        FDRE                                         r  ascii_to_sending/i_reg[1]/R
  -------------------------------------------------------------------    -------------------

                         (clock sys_clk_pin rise edge)
                                                      0.000     0.000 r  <hidden>
    E3                                                0.000     0.000 r  CLK100MHZ
                         net (fo=0)                   0.000     0.000    CLK100MHZ
    E3                   IBUF (Prop_ibuf_I_O)         0.438     0.438 r  CLK100MHZ_IBUF_inst/O
                         net (fo=1, routed)           0.699     1.136    CLK100MHZ_IBUF
    BUFGCTRL_X0Y16       BUFG (Prop_bufg_I_O)         0.029     1.165 r  CLK100MHZ_IBUF_BUFG_inst/O
                         net (fo=1875, routed)        0.925     2.090    ascii_to_sending/CLK100MHZ_IBUF_BUFG
    SLICE_X22Y158        FDRE                                         r  ascii_to_sending/i_reg[1]/C

Slack:                    inf
  Source:                 reset_raw
                            (input port)
  Destination:            ascii_to_sending/i_reg[2]/R
                            (rising edge-triggered cell FDRE clocked by sys_clk_pin  {rise@0.000ns fall@5.000ns period=50.000ns})
  Path Group:             (none)
  Path Type:              Hold (Min at Fast Process Corner)
  Data Path Delay:        1.539ns  (logic 0.320ns (20.761%)  route 1.220ns (79.239%))
  Logic Levels:           2  (IBUF=1 LUT1=1)
  Clock Path Skew:        2.090ns (DCD - SCD - CPR)
    Destination Clock Delay (DCD):    2.090ns
    Source Clock Delay      (SCD):    0.000ns
    Clock Pessimism Removal (CPR):    -0.000ns

    Location             Delay type                Incr(ns)  Path(ns)    Netlist Resource(s)
  -------------------------------------------------------------------    -------------------
    C12                                               0.000     0.000 f  reset_raw
                         net (fo=0)                   0.000     0.000    reset_raw
    C12                  IBUF (Prop_ibuf_I_O)         0.275     0.275 f  reset_raw_IBUF_inst/O
                         net (fo=6, routed)           1.064     1.339    ascii_to_sending/reset_raw_IBUF
    SLICE_X20Y158        LUT1 (Prop_lut1_I0_O)        0.045     1.384 r  ascii_to_sending/Rs1E[4]_i_1/O
                         net (fo=622, routed)         0.155     1.539    ascii_to_sending/reset
    SLICE_X22Y158        FDRE                                         r  ascii_to_sending/i_reg[2]/R
  -------------------------------------------------------------------    -------------------

                         (clock sys_clk_pin rise edge)
                                                      0.000     0.000 r  <hidden>
    E3                                                0.000     0.000 r  CLK100MHZ
                         net (fo=0)                   0.000     0.000    CLK100MHZ
    E3                   IBUF (Prop_ibuf_I_O)         0.438     0.438 r  CLK100MHZ_IBUF_inst/O
                         net (fo=1, routed)           0.699     1.136    CLK100MHZ_IBUF
    BUFGCTRL_X0Y16       BUFG (Prop_bufg_I_O)         0.029     1.165 r  CLK100MHZ_IBUF_BUFG_inst/O
                         net (fo=1875, routed)        0.925     2.090    ascii_to_sending/CLK100MHZ_IBUF_BUFG
    SLICE_X22Y158        FDRE                                         r  ascii_to_sending/i_reg[2]/C

Slack:                    inf
  Source:                 reset_raw
                            (input port)
  Destination:            ascii_to_sending/i_reg[4]/R
                            (rising edge-triggered cell FDRE clocked by sys_clk_pin  {rise@0.000ns fall@5.000ns period=50.000ns})
  Path Group:             (none)
  Path Type:              Hold (Min at Fast Process Corner)
  Data Path Delay:        1.539ns  (logic 0.320ns (20.761%)  route 1.220ns (79.239%))
  Logic Levels:           2  (IBUF=1 LUT1=1)
  Clock Path Skew:        2.090ns (DCD - SCD - CPR)
    Destination Clock Delay (DCD):    2.090ns
    Source Clock Delay      (SCD):    0.000ns
    Clock Pessimism Removal (CPR):    -0.000ns

    Location             Delay type                Incr(ns)  Path(ns)    Netlist Resource(s)
  -------------------------------------------------------------------    -------------------
    C12                                               0.000     0.000 f  reset_raw
                         net (fo=0)                   0.000     0.000    reset_raw
    C12                  IBUF (Prop_ibuf_I_O)         0.275     0.275 f  reset_raw_IBUF_inst/O
                         net (fo=6, routed)           1.064     1.339    ascii_to_sending/reset_raw_IBUF
    SLICE_X20Y158        LUT1 (Prop_lut1_I0_O)        0.045     1.384 r  ascii_to_sending/Rs1E[4]_i_1/O
                         net (fo=622, routed)         0.155     1.539    ascii_to_sending/reset
    SLICE_X22Y158        FDRE                                         r  ascii_to_sending/i_reg[4]/R
  -------------------------------------------------------------------    -------------------

                         (clock sys_clk_pin rise edge)
                                                      0.000     0.000 r  <hidden>
    E3                                                0.000     0.000 r  CLK100MHZ
                         net (fo=0)                   0.000     0.000    CLK100MHZ
    E3                   IBUF (Prop_ibuf_I_O)         0.438     0.438 r  CLK100MHZ_IBUF_inst/O
                         net (fo=1, routed)           0.699     1.136    CLK100MHZ_IBUF
    BUFGCTRL_X0Y16       BUFG (Prop_bufg_I_O)         0.029     1.165 r  CLK100MHZ_IBUF_BUFG_inst/O
                         net (fo=1875, routed)        0.925     2.090    ascii_to_sending/CLK100MHZ_IBUF_BUFG
    SLICE_X22Y158        FDRE                                         r  ascii_to_sending/i_reg[4]/C

Slack:                    inf
  Source:                 reset_raw
                            (input port)
  Destination:            ascii_to_sending/i_reg[5]/R
                            (rising edge-triggered cell FDRE clocked by sys_clk_pin  {rise@0.000ns fall@5.000ns period=50.000ns})
  Path Group:             (none)
  Path Type:              Hold (Min at Fast Process Corner)
  Data Path Delay:        1.539ns  (logic 0.320ns (20.761%)  route 1.220ns (79.239%))
  Logic Levels:           2  (IBUF=1 LUT1=1)
  Clock Path Skew:        2.090ns (DCD - SCD - CPR)
    Destination Clock Delay (DCD):    2.090ns
    Source Clock Delay      (SCD):    0.000ns
    Clock Pessimism Removal (CPR):    -0.000ns

    Location             Delay type                Incr(ns)  Path(ns)    Netlist Resource(s)
  -------------------------------------------------------------------    -------------------
    C12                                               0.000     0.000 f  reset_raw
                         net (fo=0)                   0.000     0.000    reset_raw
    C12                  IBUF (Prop_ibuf_I_O)         0.275     0.275 f  reset_raw_IBUF_inst/O
                         net (fo=6, routed)           1.064     1.339    ascii_to_sending/reset_raw_IBUF
    SLICE_X20Y158        LUT1 (Prop_lut1_I0_O)        0.045     1.384 r  ascii_to_sending/Rs1E[4]_i_1/O
                         net (fo=622, routed)         0.155     1.539    ascii_to_sending/reset
    SLICE_X22Y158        FDRE                                         r  ascii_to_sending/i_reg[5]/R
  -------------------------------------------------------------------    -------------------

                         (clock sys_clk_pin rise edge)
                                                      0.000     0.000 r  <hidden>
    E3                                                0.000     0.000 r  CLK100MHZ
                         net (fo=0)                   0.000     0.000    CLK100MHZ
    E3                   IBUF (Prop_ibuf_I_O)         0.438     0.438 r  CLK100MHZ_IBUF_inst/O
                         net (fo=1, routed)           0.699     1.136    CLK100MHZ_IBUF
    BUFGCTRL_X0Y16       BUFG (Prop_bufg_I_O)         0.029     1.165 r  CLK100MHZ_IBUF_BUFG_inst/O
                         net (fo=1875, routed)        0.925     2.090    ascii_to_sending/CLK100MHZ_IBUF_BUFG
    SLICE_X22Y158        FDRE                                         r  ascii_to_sending/i_reg[5]/C

Slack:                    inf
  Source:                 reset_raw
                            (input port)
  Destination:            ascii_to_sending/i_reg[6]/R
                            (rising edge-triggered cell FDRE clocked by sys_clk_pin  {rise@0.000ns fall@5.000ns period=50.000ns})
  Path Group:             (none)
  Path Type:              Hold (Min at Fast Process Corner)
  Data Path Delay:        1.539ns  (logic 0.320ns (20.761%)  route 1.220ns (79.239%))
  Logic Levels:           2  (IBUF=1 LUT1=1)
  Clock Path Skew:        2.090ns (DCD - SCD - CPR)
    Destination Clock Delay (DCD):    2.090ns
    Source Clock Delay      (SCD):    0.000ns
    Clock Pessimism Removal (CPR):    -0.000ns

    Location             Delay type                Incr(ns)  Path(ns)    Netlist Resource(s)
  -------------------------------------------------------------------    -------------------
    C12                                               0.000     0.000 f  reset_raw
                         net (fo=0)                   0.000     0.000    reset_raw
    C12                  IBUF (Prop_ibuf_I_O)         0.275     0.275 f  reset_raw_IBUF_inst/O
                         net (fo=6, routed)           1.064     1.339    ascii_to_sending/reset_raw_IBUF
    SLICE_X20Y158        LUT1 (Prop_lut1_I0_O)        0.045     1.384 r  ascii_to_sending/Rs1E[4]_i_1/O
                         net (fo=622, routed)         0.155     1.539    ascii_to_sending/reset
    SLICE_X22Y158        FDRE                                         r  ascii_to_sending/i_reg[6]/R
  -------------------------------------------------------------------    -------------------

                         (clock sys_clk_pin rise edge)
                                                      0.000     0.000 r  <hidden>
    E3                                                0.000     0.000 r  CLK100MHZ
                         net (fo=0)                   0.000     0.000    CLK100MHZ
    E3                   IBUF (Prop_ibuf_I_O)         0.438     0.438 r  CLK100MHZ_IBUF_inst/O
                         net (fo=1, routed)           0.699     1.136    CLK100MHZ_IBUF
    BUFGCTRL_X0Y16       BUFG (Prop_bufg_I_O)         0.029     1.165 r  CLK100MHZ_IBUF_BUFG_inst/O
                         net (fo=1875, routed)        0.925     2.090    ascii_to_sending/CLK100MHZ_IBUF_BUFG
    SLICE_X22Y158        FDRE                                         r  ascii_to_sending/i_reg[6]/C

Slack:                    inf
  Source:                 reset_raw
                            (input port)
  Destination:            ascii_to_sending/i_reg[7]/R
                            (rising edge-triggered cell FDRE clocked by sys_clk_pin  {rise@0.000ns fall@5.000ns period=50.000ns})
  Path Group:             (none)
  Path Type:              Hold (Min at Fast Process Corner)
  Data Path Delay:        1.539ns  (logic 0.320ns (20.761%)  route 1.220ns (79.239%))
  Logic Levels:           2  (IBUF=1 LUT1=1)
  Clock Path Skew:        2.090ns (DCD - SCD - CPR)
    Destination Clock Delay (DCD):    2.090ns
    Source Clock Delay      (SCD):    0.000ns
    Clock Pessimism Removal (CPR):    -0.000ns

    Location             Delay type                Incr(ns)  Path(ns)    Netlist Resource(s)
  -------------------------------------------------------------------    -------------------
    C12                                               0.000     0.000 f  reset_raw
                         net (fo=0)                   0.000     0.000    reset_raw
    C12                  IBUF (Prop_ibuf_I_O)         0.275     0.275 f  reset_raw_IBUF_inst/O
                         net (fo=6, routed)           1.064     1.339    ascii_to_sending/reset_raw_IBUF
    SLICE_X20Y158        LUT1 (Prop_lut1_I0_O)        0.045     1.384 r  ascii_to_sending/Rs1E[4]_i_1/O
                         net (fo=622, routed)         0.155     1.539    ascii_to_sending/reset
    SLICE_X22Y158        FDRE                                         r  ascii_to_sending/i_reg[7]/R
  -------------------------------------------------------------------    -------------------

                         (clock sys_clk_pin rise edge)
                                                      0.000     0.000 r  <hidden>
    E3                                                0.000     0.000 r  CLK100MHZ
                         net (fo=0)                   0.000     0.000    CLK100MHZ
    E3                   IBUF (Prop_ibuf_I_O)         0.438     0.438 r  CLK100MHZ_IBUF_inst/O
                         net (fo=1, routed)           0.699     1.136    CLK100MHZ_IBUF
    BUFGCTRL_X0Y16       BUFG (Prop_bufg_I_O)         0.029     1.165 r  CLK100MHZ_IBUF_BUFG_inst/O
                         net (fo=1875, routed)        0.925     2.090    ascii_to_sending/CLK100MHZ_IBUF_BUFG
    SLICE_X22Y158        FDRE                                         r  ascii_to_sending/i_reg[7]/C

Slack:                    inf
  Source:                 reset_raw
                            (input port)
  Destination:            ascii_to_sending/i_reg[8]/R
                            (rising edge-triggered cell FDRE clocked by sys_clk_pin  {rise@0.000ns fall@5.000ns period=50.000ns})
  Path Group:             (none)
  Path Type:              Hold (Min at Fast Process Corner)
  Data Path Delay:        1.539ns  (logic 0.320ns (20.761%)  route 1.220ns (79.239%))
  Logic Levels:           2  (IBUF=1 LUT1=1)
  Clock Path Skew:        2.090ns (DCD - SCD - CPR)
    Destination Clock Delay (DCD):    2.090ns
    Source Clock Delay      (SCD):    0.000ns
    Clock Pessimism Removal (CPR):    -0.000ns

    Location             Delay type                Incr(ns)  Path(ns)    Netlist Resource(s)
  -------------------------------------------------------------------    -------------------
    C12                                               0.000     0.000 f  reset_raw
                         net (fo=0)                   0.000     0.000    reset_raw
    C12                  IBUF (Prop_ibuf_I_O)         0.275     0.275 f  reset_raw_IBUF_inst/O
                         net (fo=6, routed)           1.064     1.339    ascii_to_sending/reset_raw_IBUF
    SLICE_X20Y158        LUT1 (Prop_lut1_I0_O)        0.045     1.384 r  ascii_to_sending/Rs1E[4]_i_1/O
                         net (fo=622, routed)         0.155     1.539    ascii_to_sending/reset
    SLICE_X22Y158        FDRE                                         r  ascii_to_sending/i_reg[8]/R
  -------------------------------------------------------------------    -------------------

                         (clock sys_clk_pin rise edge)
                                                      0.000     0.000 r  <hidden>
    E3                                                0.000     0.000 r  CLK100MHZ
                         net (fo=0)                   0.000     0.000    CLK100MHZ
    E3                   IBUF (Prop_ibuf_I_O)         0.438     0.438 r  CLK100MHZ_IBUF_inst/O
                         net (fo=1, routed)           0.699     1.136    CLK100MHZ_IBUF
    BUFGCTRL_X0Y16       BUFG (Prop_bufg_I_O)         0.029     1.165 r  CLK100MHZ_IBUF_BUFG_inst/O
                         net (fo=1875, routed)        0.925     2.090    ascii_to_sending/CLK100MHZ_IBUF_BUFG
    SLICE_X22Y158        FDRE                                         r  ascii_to_sending/i_reg[8]/C

Slack:                    inf
  Source:                 reset_raw
                            (input port)
  Destination:            ascii_to_sending/i_reg[9]/R
                            (rising edge-triggered cell FDRE clocked by sys_clk_pin  {rise@0.000ns fall@5.000ns period=50.000ns})
  Path Group:             (none)
  Path Type:              Hold (Min at Fast Process Corner)
  Data Path Delay:        1.539ns  (logic 0.320ns (20.761%)  route 1.220ns (79.239%))
  Logic Levels:           2  (IBUF=1 LUT1=1)
  Clock Path Skew:        2.090ns (DCD - SCD - CPR)
    Destination Clock Delay (DCD):    2.090ns
    Source Clock Delay      (SCD):    0.000ns
    Clock Pessimism Removal (CPR):    -0.000ns

    Location             Delay type                Incr(ns)  Path(ns)    Netlist Resource(s)
  -------------------------------------------------------------------    -------------------
    C12                                               0.000     0.000 f  reset_raw
                         net (fo=0)                   0.000     0.000    reset_raw
    C12                  IBUF (Prop_ibuf_I_O)         0.275     0.275 f  reset_raw_IBUF_inst/O
                         net (fo=6, routed)           1.064     1.339    ascii_to_sending/reset_raw_IBUF
    SLICE_X20Y158        LUT1 (Prop_lut1_I0_O)        0.045     1.384 r  ascii_to_sending/Rs1E[4]_i_1/O
                         net (fo=622, routed)         0.155     1.539    ascii_to_sending/reset
    SLICE_X22Y158        FDRE                                         r  ascii_to_sending/i_reg[9]/R
  -------------------------------------------------------------------    -------------------

                         (clock sys_clk_pin rise edge)
                                                      0.000     0.000 r  <hidden>
    E3                                                0.000     0.000 r  CLK100MHZ
                         net (fo=0)                   0.000     0.000    CLK100MHZ
    E3                   IBUF (Prop_ibuf_I_O)         0.438     0.438 r  CLK100MHZ_IBUF_inst/O
                         net (fo=1, routed)           0.699     1.136    CLK100MHZ_IBUF
    BUFGCTRL_X0Y16       BUFG (Prop_bufg_I_O)         0.029     1.165 r  CLK100MHZ_IBUF_BUFG_inst/O
                         net (fo=1875, routed)        0.925     2.090    ascii_to_sending/CLK100MHZ_IBUF_BUFG
    SLICE_X22Y158        FDRE                                         r  ascii_to_sending/i_reg[9]/C





