Copyright 1986-2022 Xilinx, Inc. All Rights Reserved. Copyright 2022-2026 Advanced Micro Devices, Inc. All Rights Reserved.
------------------------------------------------------------------------------------------------------------------------------------------------------------------------------------------------------------------------------------------------------------------
| Tool Version : Vivado v.2026.1 (win64) Build 6511674 Tue Jun 16 11:02:23 MDT 2026
| Date         : Sun Aug 16 14:28:18 2026
| Host         : LAPTOP-64BO2FPL running 64-bit major release  (build 9200)
| Command      : report_timing_summary -max_paths 10 -routable_nets -report_unconstrained -file top_unit_pipelined_timing_summary_routed.rpt -pb top_unit_pipelined_timing_summary_routed.pb -rpx top_unit_pipelined_timing_summary_routed.rpx -warn_on_violation
| Design       : top_unit_pipelined
| Device       : 7a100t-csg324
| Speed File   : -1  PRODUCTION 1.23 2018-06-13
| Design State : Routed
------------------------------------------------------------------------------------------------------------------------------------------------------------------------------------------------------------------------------------------------------------------

Timing Summary Report

------------------------------------------------------------------------------------------------
| Timer Settings
| --------------
------------------------------------------------------------------------------------------------

  Enable Multi Corner Analysis               :  Yes
  Enable Pessimism Removal                   :  Yes
  Pessimism Removal Resolution               :  Nearest Common Node
  Enable Input Delay Default Clock           :  No
  Enable Preset / Clear Arcs                 :  No
  Disable Flight Delays                      :  No
  Ignore I/O Paths                           :  No
  Timing Early Launch at Borrowing Latches   :  No
  Borrow Time for Max Delay Exceptions       :  Yes
  Merge Timing Exceptions                    :  Yes
  Inter-SLR Compensation                     :  Conservative

  Corner  Analyze    Analyze    
  Name    Max Paths  Min Paths  
  ------  ---------  ---------  
  Slow    Yes        Yes        
  Fast    Yes        Yes        


------------------------------------------------------------------------------------------------
| Report Methodology
| ------------------
------------------------------------------------------------------------------------------------

Rule       Severity  Description                                                Violations  
---------  --------  ---------------------------------------------------------  ----------  
SYNTH-5    Warning   Mapped onto distributed RAM because of timing constraints  128         
TIMING-18  Warning   Missing input or output delay                              25          
TIMING-20  Warning   Non-clocked latch                                          64          
LATCH-1    Advisory  Existing latches in the design                             1           

Note: This report is based on the most recent report_methodology run and may not be up-to-date. Run report_methodology on the current design for the latest report.



check_timing report

Table of Contents
-----------------
1. checking no_clock (384)
2. checking constant_clock (0)
3. checking pulse_width_clock (0)
4. checking unconstrained_internal_endpoints (64)
5. checking no_input_delay (2)
6. checking no_output_delay (23)
7. checking multiple_clock (0)
8. checking generated_clocks (0)
9. checking loops (0)
10. checking partial_input_delay (0)
11. checking partial_output_delay (0)
12. checking latch_loops (0)

1. checking no_clock (384)
--------------------------
 There are 64 register/latch pins with no clock driven by root clock pin: memory_access/RdW_reg[0]/Q (HIGH)

 There are 64 register/latch pins with no clock driven by root clock pin: memory_access/RdW_reg[1]/Q (HIGH)

 There are 64 register/latch pins with no clock driven by root clock pin: memory_access/RdW_reg[2]/Q (HIGH)

 There are 64 register/latch pins with no clock driven by root clock pin: memory_access/RdW_reg[3]/Q (HIGH)

 There are 64 register/latch pins with no clock driven by root clock pin: memory_access/RdW_reg[4]/Q (HIGH)

 There are 64 register/latch pins with no clock driven by root clock pin: memory_access/RegWriteW_reg/Q (HIGH)


2. checking constant_clock (0)
------------------------------
 There are 0 register/latch pins with constant_clock.


3. checking pulse_width_clock (0)
---------------------------------
 There are 0 register/latch pins which need pulse_width check


4. checking unconstrained_internal_endpoints (64)
-------------------------------------------------
 There are 64 pins that are not constrained for maximum delay. (HIGH)

 There are 0 pins that are not constrained for maximum delay due to constant clock.


5. checking no_input_delay (2)
------------------------------
 There are 2 input ports with no input delay specified. (HIGH)

 There are 0 input ports with no input delay but user has a false path constraint.


6. checking no_output_delay (23)
--------------------------------
 There are 23 ports with no output delay specified. (HIGH)

 There are 0 ports with no output delay but user has a false path constraint

 There are 0 ports with no output delay but with a timing clock defined on it or propagating through it


7. checking multiple_clock (0)
------------------------------
 There are 0 register/latch pins with multiple clocks.


8. checking generated_clocks (0)
--------------------------------
 There are 0 generated clocks that are not connected to a clock source.


9. checking loops (0)
---------------------
 There are 0 combinational loops in the design.


10. checking partial_input_delay (0)
------------------------------------
 There are 0 input ports with partial input delay specified.


11. checking partial_output_delay (0)
-------------------------------------
 There are 0 ports with partial output delay specified.


12. checking latch_loops (0)
----------------------------
 There are 0 combinational latch loops in the design through latch input



------------------------------------------------------------------------------------------------
| Design Timing Summary
| ---------------------
------------------------------------------------------------------------------------------------

    WNS(ns)      TNS(ns)  TNS Failing Endpoints  TNS Total Endpoints      WHS(ns)      THS(ns)  THS Failing Endpoints  THS Total Endpoints     WPWS(ns)     TPWS(ns)  TPWS Failing Endpoints  TPWS Total Endpoints  
    -------      -------  ---------------------  -------------------      -------      -------  ---------------------  -------------------     --------     --------  ----------------------  --------------------  
      5.076        0.000                      0                 8642        0.050        0.000                      0                 8642        3.750        0.000                       0                  2382  


All user specified timing constraints are met.


------------------------------------------------------------------------------------------------
| Clock Summary
| -------------
------------------------------------------------------------------------------------------------

Clock        Waveform(ns)       Period(ns)      Frequency(MHz)
-----        ------------       ----------      --------------
sys_clk_pin  {0.000 5.000}      50.000          20.000          


------------------------------------------------------------------------------------------------
| Intra Clock Table
| -----------------
------------------------------------------------------------------------------------------------

Clock             WNS(ns)      TNS(ns)  TNS Failing Endpoints  TNS Total Endpoints      WHS(ns)      THS(ns)  THS Failing Endpoints  THS Total Endpoints     WPWS(ns)     TPWS(ns)  TPWS Failing Endpoints  TPWS Total Endpoints  
-----             -------      -------  ---------------------  -------------------      -------      -------  ---------------------  -------------------     --------     --------  ----------------------  --------------------  
sys_clk_pin         5.076        0.000                      0                 8642        0.050        0.000                      0                 8642        3.750        0.000                       0                  2382  


------------------------------------------------------------------------------------------------
| Inter Clock Table
| -----------------
------------------------------------------------------------------------------------------------

From Clock    To Clock          WNS(ns)      TNS(ns)  TNS Failing Endpoints  TNS Total Endpoints      WHS(ns)      THS(ns)  THS Failing Endpoints  THS Total Endpoints  
----------    --------          -------      -------  ---------------------  -------------------      -------      -------  ---------------------  -------------------  


------------------------------------------------------------------------------------------------
| Other Path Groups Table
| -----------------------
------------------------------------------------------------------------------------------------

Path Group    From Clock    To Clock          WNS(ns)      TNS(ns)  TNS Failing Endpoints  TNS Total Endpoints      WHS(ns)      THS(ns)  THS Failing Endpoints  THS Total Endpoints  
----------    ----------    --------          -------      -------  ---------------------  -------------------      -------      -------  ---------------------  -------------------  


------------------------------------------------------------------------------------------------
| User Ignored Path Table
| -----------------------
------------------------------------------------------------------------------------------------

Path Group    From Clock    To Clock    
----------    ----------    --------    


------------------------------------------------------------------------------------------------
| Unconstrained Path Table
| ------------------------
------------------------------------------------------------------------------------------------

Path Group    From Clock    To Clock    
----------    ----------    --------    
(none)        sys_clk_pin                 
(none)                      sys_clk_pin   


------------------------------------------------------------------------------------------------
| Timing Details
| --------------
------------------------------------------------------------------------------------------------


---------------------------------------------------------------------------------------------------
From Clock:  sys_clk_pin
  To Clock:  sys_clk_pin

Setup :            0  Failing Endpoints,  Worst Slack        5.076ns,  Total Violation        0.000ns
Hold  :            0  Failing Endpoints,  Worst Slack        0.050ns,  Total Violation        0.000ns
PW    :            0  Failing Endpoints,  Worst Slack        3.750ns,  Total Violation        0.000ns
---------------------------------------------------------------------------------------------------


Max Delay Paths
--------------------------------------------------------------------------------------
Slack (MET) :             5.076ns  (required time - arrival time)
  Source:                 tokenizer/token2_reg[95]/C
                            (rising edge-triggered cell FDRE clocked by sys_clk_pin  {rise@0.000ns fall@5.000ns period=50.000ns})
  Destination:            operand_interpreter/imm_reg[31]/D
                            (rising edge-triggered cell FDRE clocked by sys_clk_pin  {rise@0.000ns fall@5.000ns period=50.000ns})
  Path Group:             sys_clk_pin
  Path Type:              Setup (Max at Slow Process Corner)
  Requirement:            50.000ns  (sys_clk_pin rise@50.000ns - sys_clk_pin rise@0.000ns)
  Data Path Delay:        44.627ns  (logic 20.085ns (45.006%)  route 24.542ns (54.994%))
  Logic Levels:           65  (CARRY4=29 LUT2=14 LUT3=4 LUT4=3 LUT5=4 LUT6=11)
  Clock Path Skew:        -0.292ns (DCD - SCD + CPR)
    Destination Clock Delay (DCD):    4.923ns = ( 54.923 - 50.000 ) 
    Source Clock Delay      (SCD):    5.402ns
    Clock Pessimism Removal (CPR):    0.187ns
  Clock Uncertainty:      0.035ns  ((TSJ^2 + TIJ^2)^1/2 + DJ) / 2 + PE
    Total System Jitter     (TSJ):    0.071ns
    Total Input Jitter      (TIJ):    0.000ns
    Discrete Jitter          (DJ):    0.000ns
    Phase Error              (PE):    0.000ns

    Location             Delay type                Incr(ns)  Path(ns)    Netlist Resource(s)
  -------------------------------------------------------------------    -------------------
                         (clock sys_clk_pin rise edge)
                                                      0.000     0.000 r  <hidden>
    E3                                                0.000     0.000 r  CLK100MHZ
                         net (fo=0)                   0.000     0.000    CLK100MHZ
    E3                   IBUF (Prop_ibuf_I_O)         1.482     1.482 r  CLK100MHZ_IBUF_inst/O
                         net (fo=1, routed)           2.025     3.506    CLK100MHZ_IBUF
    BUFGCTRL_X0Y16       BUFG (Prop_bufg_I_O)         0.096     3.602 r  CLK100MHZ_IBUF_BUFG_inst/O
                         net (fo=2381, routed)        1.799     5.402    tokenizer/clk
    SLICE_X53Y49         FDRE                                         r  tokenizer/token2_reg[95]/C
  -------------------------------------------------------------------    -------------------
    SLICE_X53Y49         FDRE (Prop_fdre_C_Q)         0.456     5.858 r  tokenizer/token2_reg[95]/Q
                         net (fo=15, routed)          1.550     7.407    tokenizer/token2[95]
    SLICE_X33Y44         LUT6 (Prop_lut6_I1_O)        0.124     7.531 r  tokenizer/imm[12]_i_179/O
                         net (fo=1, routed)           0.473     8.004    tokenizer/imm[12]_i_179_n_0
    SLICE_X33Y44         LUT3 (Prop_lut3_I0_O)        0.119     8.123 r  tokenizer/imm[12]_i_73/O
                         net (fo=51, routed)          0.922     9.045    tokenizer/operand_interpreter/imm1__0
    SLICE_X38Y44         LUT3 (Prop_lut3_I2_O)        0.332     9.377 r  tokenizer/imm[6]_i_61/O
                         net (fo=1, routed)           0.000     9.377    tokenizer/imm[6]_i_61_n_0
    SLICE_X38Y44         CARRY4 (Prop_carry4_S[1]_O[2])
                                                      0.578     9.955 r  tokenizer/imm_reg[6]_i_44/O[2]
                         net (fo=2, routed)           0.415    10.371    tokenizer/imm_reg[6]_i_44_n_5
    SLICE_X39Y44         LUT2 (Prop_lut2_I1_O)        0.301    10.672 r  tokenizer/imm[6]_i_45/O
                         net (fo=1, routed)           0.000    10.672    tokenizer/imm[6]_i_45_n_0
    SLICE_X39Y44         CARRY4 (Prop_carry4_S[3]_CO[3])
                                                      0.401    11.073 r  tokenizer/imm_reg[6]_i_23/CO[3]
                         net (fo=1, routed)           0.000    11.073    tokenizer/imm_reg[6]_i_23_n_0
    SLICE_X39Y45         CARRY4 (Prop_carry4_CI_O[0])
                                                      0.222    11.295 r  tokenizer/imm_reg[6]_i_12/O[0]
                         net (fo=3, routed)           0.894    12.189    tokenizer/imm_reg[6]_i_12_n_7
    SLICE_X35Y43         LUT5 (Prop_lut5_I2_O)        0.325    12.514 r  tokenizer/imm[12]_i_325/O
                         net (fo=2, routed)           0.681    13.195    tokenizer/imm[12]_i_325_n_0
    SLICE_X36Y43         CARRY4 (Prop_carry4_DI[0]_O[2])
                                                      0.764    13.959 r  tokenizer/imm_reg[12]_i_167/O[2]
                         net (fo=3, routed)           0.659    14.618    tokenizer/imm_reg[12]_i_167_n_5
    SLICE_X37Y44         LUT3 (Prop_lut3_I2_O)        0.302    14.920 r  tokenizer/imm[6]_i_36/O
                         net (fo=1, routed)           0.000    14.920    tokenizer/imm[6]_i_36_n_0
    SLICE_X37Y44         CARRY4 (Prop_carry4_S[3]_CO[3])
                                                      0.401    15.321 r  tokenizer/imm_reg[6]_i_16/CO[3]
                         net (fo=1, routed)           0.000    15.321    tokenizer/imm_reg[6]_i_16_n_0
    SLICE_X37Y45         CARRY4 (Prop_carry4_CI_O[0])
                                                      0.222    15.543 r  tokenizer/imm_reg[12]_i_70/O[0]
                         net (fo=4, routed)           0.855    16.398    tokenizer/imm_reg[12]_i_70_n_7
    SLICE_X33Y45         LUT5 (Prop_lut5_I4_O)        0.327    16.725 r  tokenizer/imm[12]_i_183/O
                         net (fo=2, routed)           0.696    17.421    tokenizer/imm[12]_i_183_n_0
    SLICE_X35Y47         CARRY4 (Prop_carry4_DI[0]_O[1])
                                                      0.609    18.030 r  tokenizer/imm_reg[12]_i_76/O[1]
                         net (fo=3, routed)           0.549    18.580    tokenizer/imm_reg[12]_i_76_n_6
    SLICE_X34Y47         LUT2 (Prop_lut2_I1_O)        0.303    18.883 r  tokenizer/imm[12]_i_79/O
                         net (fo=1, routed)           0.000    18.883    tokenizer/imm[12]_i_79_n_0
    SLICE_X34Y47         CARRY4 (Prop_carry4_S[2]_O[2])
                                                      0.250    19.133 r  tokenizer/imm_reg[12]_i_26/O[2]
                         net (fo=2, routed)           0.652    19.784    tokenizer/imm_reg[12]_i_26_n_5
    SLICE_X36Y50         LUT6 (Prop_lut6_I1_O)        0.301    20.085 r  tokenizer/imm[16]_i_211/O
                         net (fo=3, routed)           0.603    20.688    tokenizer/imm[16]_i_211_n_0
    SLICE_X40Y50         LUT2 (Prop_lut2_I0_O)        0.124    20.812 r  tokenizer/imm[16]_i_215/O
                         net (fo=1, routed)           0.000    20.812    tokenizer/imm[16]_i_215_n_0
    SLICE_X40Y50         CARRY4 (Prop_carry4_S[2]_O[2])
                                                      0.248    21.060 r  tokenizer/imm_reg[16]_i_106/O[2]
                         net (fo=3, routed)           0.422    21.483    tokenizer/imm_reg[16]_i_106_n_5
    SLICE_X41Y50         LUT2 (Prop_lut2_I1_O)        0.302    21.785 r  tokenizer/imm[16]_i_206/O
                         net (fo=1, routed)           0.000    21.785    tokenizer/imm[16]_i_206_n_0
    SLICE_X41Y50         CARRY4 (Prop_carry4_S[3]_O[3])
                                                      0.248    22.033 r  tokenizer/imm_reg[16]_i_105/O[3]
                         net (fo=1, routed)           0.447    22.480    tokenizer/imm_reg[16]_i_105_n_4
    SLICE_X41Y46         LUT6 (Prop_lut6_I5_O)        0.306    22.786 r  tokenizer/imm[12]_i_22/O
                         net (fo=1, routed)           0.348    23.133    tokenizer/imm[12]_i_22_n_0
    SLICE_X40Y46         LUT6 (Prop_lut6_I0_O)        0.124    23.257 r  tokenizer/imm[12]_i_8/O
                         net (fo=11, routed)          0.852    24.109    tokenizer/imm[12]_i_8_n_0
    SLICE_X42Y51         CARRY4 (Prop_carry4_DI[3]_CO[3])
                                                      0.396    24.505 r  tokenizer/imm_reg[16]_i_98/CO[3]
                         net (fo=1, routed)           0.000    24.505    tokenizer/imm_reg[16]_i_98_n_0
    SLICE_X42Y52         CARRY4 (Prop_carry4_CI_O[0])
                                                      0.219    24.724 r  tokenizer/imm_reg[20]_i_54/O[0]
                         net (fo=3, routed)           0.498    25.222    tokenizer/imm_reg[20]_i_54_n_7
    SLICE_X43Y52         LUT2 (Prop_lut2_I1_O)        0.295    25.517 r  tokenizer/imm[16]_i_101/O
                         net (fo=1, routed)           0.000    25.517    tokenizer/imm[16]_i_101_n_0
    SLICE_X43Y52         CARRY4 (Prop_carry4_S[1]_O[3])
                                                      0.640    26.157 r  tokenizer/imm_reg[16]_i_38/O[3]
                         net (fo=1, routed)           0.572    26.730    tokenizer/imm_reg[16]_i_38_n_4
    SLICE_X37Y52         LUT6 (Prop_lut6_I0_O)        0.306    27.036 r  tokenizer/imm[16]_i_14/O
                         net (fo=12, routed)          0.887    27.922    tokenizer/imm[16]_i_14_n_0
    SLICE_X38Y56         LUT2 (Prop_lut2_I0_O)        0.124    28.046 r  tokenizer/imm[17]_i_117/O
                         net (fo=1, routed)           0.000    28.046    tokenizer/imm[17]_i_117_n_0
    SLICE_X38Y56         CARRY4 (Prop_carry4_S[3]_CO[3])
                                                      0.376    28.422 r  tokenizer/imm_reg[17]_i_66/CO[3]
                         net (fo=1, routed)           0.000    28.422    tokenizer/imm_reg[17]_i_66_n_0
    SLICE_X38Y57         CARRY4 (Prop_carry4_CI_O[0])
                                                      0.219    28.641 r  tokenizer/imm_reg[24]_i_96/O[0]
                         net (fo=3, routed)           0.498    29.139    tokenizer/imm_reg[24]_i_96_n_7
    SLICE_X39Y57         LUT2 (Prop_lut2_I1_O)        0.295    29.434 r  tokenizer/imm[17]_i_69/O
                         net (fo=1, routed)           0.000    29.434    tokenizer/imm[17]_i_69_n_0
    SLICE_X39Y57         CARRY4 (Prop_carry4_S[1]_O[1])
                                                      0.227    29.661 r  tokenizer/imm_reg[17]_i_30/O[1]
                         net (fo=1, routed)           0.499    30.160    tokenizer/imm_reg[17]_i_30_n_6
    SLICE_X42Y57         LUT6 (Prop_lut6_I5_O)        0.303    30.463 r  tokenizer/imm[18]_i_10/O
                         net (fo=1, routed)           0.161    30.624    tokenizer/imm[18]_i_10_n_0
    SLICE_X42Y57         LUT6 (Prop_lut6_I0_O)        0.124    30.748 r  tokenizer/imm[18]_i_7/O
                         net (fo=8, routed)           0.686    31.435    tokenizer/imm[18]_i_7_n_0
    SLICE_X40Y59         LUT4 (Prop_lut4_I0_O)        0.124    31.559 r  tokenizer/imm[22]_i_97/O
                         net (fo=1, routed)           0.000    31.559    tokenizer/imm[22]_i_97_n_0
    SLICE_X40Y59         CARRY4 (Prop_carry4_S[1]_O[1])
                                                      0.227    31.786 r  tokenizer/imm_reg[22]_i_48/O[1]
                         net (fo=3, routed)           0.451    32.236    tokenizer/imm_reg[22]_i_48_n_6
    SLICE_X44Y59         LUT2 (Prop_lut2_I1_O)        0.303    32.539 r  tokenizer/imm[20]_i_61/O
                         net (fo=1, routed)           0.000    32.539    tokenizer/imm[20]_i_61_n_0
    SLICE_X44Y59         CARRY4 (Prop_carry4_S[2]_O[2])
                                                      0.248    32.787 r  tokenizer/imm_reg[20]_i_18/O[2]
                         net (fo=4, routed)           1.246    34.033    tokenizer/imm_reg[20]_i_18_n_5
    SLICE_X36Y65         LUT3 (Prop_lut3_I0_O)        0.328    34.361 r  tokenizer/imm[28]_i_178/O
                         net (fo=2, routed)           0.317    34.678    tokenizer/imm[28]_i_178_n_0
    SLICE_X39Y65         LUT6 (Prop_lut6_I0_O)        0.326    35.004 r  tokenizer/imm[28]_i_182/O
                         net (fo=1, routed)           0.000    35.004    tokenizer/imm[28]_i_182_n_0
    SLICE_X39Y65         CARRY4 (Prop_carry4_S[2]_O[2])
                                                      0.248    35.252 r  tokenizer/imm_reg[28]_i_104/O[2]
                         net (fo=3, routed)           0.520    35.772    tokenizer/imm_reg[28]_i_104_n_5
    SLICE_X38Y65         LUT2 (Prop_lut2_I1_O)        0.302    36.074 r  tokenizer/imm[20]_i_65/O
                         net (fo=1, routed)           0.000    36.074    tokenizer/imm[20]_i_65_n_0
    SLICE_X38Y65         CARRY4 (Prop_carry4_S[3]_O[3])
                                                      0.255    36.329 r  tokenizer/imm_reg[20]_i_19/O[3]
                         net (fo=2, routed)           0.804    37.133    tokenizer/imm_reg[20]_i_19_n_4
    SLICE_X39Y73         LUT5 (Prop_lut5_I1_O)        0.307    37.440 r  tokenizer/imm[28]_i_185/O
                         net (fo=7, routed)           0.647    38.087    tokenizer/imm[28]_i_185_n_0
    SLICE_X40Y67         LUT2 (Prop_lut2_I0_O)        0.124    38.211 r  tokenizer/imm[28]_i_189/O
                         net (fo=1, routed)           0.000    38.211    tokenizer/imm[28]_i_189_n_0
    SLICE_X40Y67         CARRY4 (Prop_carry4_S[3]_CO[3])
                                                      0.401    38.612 r  tokenizer/imm_reg[28]_i_120/CO[3]
                         net (fo=1, routed)           0.000    38.612    tokenizer/imm_reg[28]_i_120_n_0
    SLICE_X40Y68         CARRY4 (Prop_carry4_CI_O[0])
                                                      0.222    38.834 r  tokenizer/imm_reg[28]_i_49/O[0]
                         net (fo=3, routed)           0.592    39.426    tokenizer/imm_reg[28]_i_49_n_7
    SLICE_X41Y68         LUT2 (Prop_lut2_I1_O)        0.299    39.725 r  tokenizer/imm[28]_i_123/O
                         net (fo=1, routed)           0.000    39.725    tokenizer/imm[28]_i_123_n_0
    SLICE_X41Y68         CARRY4 (Prop_carry4_S[1]_O[2])
                                                      0.580    40.305 r  tokenizer/imm_reg[28]_i_48/O[2]
                         net (fo=3, routed)           0.689    40.994    tokenizer/imm_reg[28]_i_48_n_5
    SLICE_X40Y74         LUT5 (Prop_lut5_I1_O)        0.302    41.296 r  tokenizer/imm[29]_i_66/O
                         net (fo=3, routed)           0.615    41.911    tokenizer/imm[29]_i_66_n_0
    SLICE_X45Y71         LUT4 (Prop_lut4_I0_O)        0.124    42.035 r  tokenizer/imm[29]_i_70/O
                         net (fo=1, routed)           0.000    42.035    tokenizer/imm[29]_i_70_n_0
    SLICE_X45Y71         CARRY4 (Prop_carry4_S[2]_CO[3])
                                                      0.398    42.433 r  tokenizer/imm_reg[29]_i_42/CO[3]
                         net (fo=1, routed)           0.000    42.433    tokenizer/imm_reg[29]_i_42_n_0
    SLICE_X45Y72         CARRY4 (Prop_carry4_CI_O[0])
                                                      0.222    42.655 r  tokenizer/imm_reg[29]_i_29/O[0]
                         net (fo=3, routed)           0.602    43.256    tokenizer/imm_reg[29]_i_29_n_7
    SLICE_X44Y72         LUT2 (Prop_lut2_I1_O)        0.299    43.555 r  tokenizer/imm[29]_i_45/O
                         net (fo=1, routed)           0.000    43.555    tokenizer/imm[29]_i_45_n_0
    SLICE_X44Y72         CARRY4 (Prop_carry4_S[1]_O[2])
                                                      0.580    44.135 r  tokenizer/imm_reg[29]_i_28/O[2]
                         net (fo=2, routed)           0.626    44.761    tokenizer/imm_reg[29]_i_28_n_5
    SLICE_X42Y75         LUT6 (Prop_lut6_I4_O)        0.302    45.063 r  tokenizer/imm[28]_i_64/O
                         net (fo=3, routed)           0.623    45.686    tokenizer/imm[28]_i_64_n_0
    SLICE_X42Y72         LUT2 (Prop_lut2_I0_O)        0.124    45.810 r  tokenizer/imm[28]_i_68/O
                         net (fo=1, routed)           0.000    45.810    tokenizer/imm[28]_i_68_n_0
    SLICE_X42Y72         CARRY4 (Prop_carry4_S[2]_CO[3])
                                                      0.380    46.190 r  tokenizer/imm_reg[28]_i_23/CO[3]
                         net (fo=1, routed)           0.000    46.190    tokenizer/imm_reg[28]_i_23_n_0
    SLICE_X42Y73         CARRY4 (Prop_carry4_CI_O[0])
                                                      0.219    46.409 r  tokenizer/imm_reg[30]_i_33/O[0]
                         net (fo=2, routed)           0.493    46.902    tokenizer/imm_reg[30]_i_33_n_7
    SLICE_X43Y73         LUT2 (Prop_lut2_I1_O)        0.295    47.197 r  tokenizer/imm[30]_i_25/O
                         net (fo=1, routed)           0.000    47.197    tokenizer/imm[30]_i_25_n_0
    SLICE_X43Y73         CARRY4 (Prop_carry4_S[1]_O[2])
                                                      0.580    47.777 r  tokenizer/imm_reg[30]_i_8/O[2]
                         net (fo=1, routed)           0.560    48.336    tokenizer/imm_reg[30]_i_8_n_5
    SLICE_X41Y74         LUT4 (Prop_lut4_I3_O)        0.297    48.633 r  tokenizer/imm[31]_i_32/O
                         net (fo=1, routed)           0.354    48.988    tokenizer/imm[31]_i_32_n_0
    SLICE_X40Y74         LUT6 (Prop_lut6_I5_O)        0.332    49.320 r  tokenizer/imm[31]_i_8/O
                         net (fo=1, routed)           0.585    49.905    tokenizer/imm[31]_i_8_n_0
    SLICE_X45Y76         LUT6 (Prop_lut6_I4_O)        0.124    50.029 r  tokenizer/imm[31]_i_2/O
                         net (fo=1, routed)           0.000    50.029    operand_interpreter/imm_reg[31]_2[31]
    SLICE_X45Y76         FDRE                                         r  operand_interpreter/imm_reg[31]/D
  -------------------------------------------------------------------    -------------------

                         (clock sys_clk_pin rise edge)
                                                     50.000    50.000 r  <hidden>
    E3                                                0.000    50.000 r  CLK100MHZ
                         net (fo=0)                   0.000    50.000    CLK100MHZ
    E3                   IBUF (Prop_ibuf_I_O)         1.411    51.411 r  CLK100MHZ_IBUF_inst/O
                         net (fo=1, routed)           1.920    53.331    CLK100MHZ_IBUF
    BUFGCTRL_X0Y16       BUFG (Prop_bufg_I_O)         0.091    53.422 r  CLK100MHZ_IBUF_BUFG_inst/O
                         net (fo=2381, routed)        1.500    54.923    operand_interpreter/CLK100MHZ_IBUF_BUFG
    SLICE_X45Y76         FDRE                                         r  operand_interpreter/imm_reg[31]/C
                         clock pessimism              0.187    55.110    <hidden>
                         clock uncertainty           -0.035    55.074    <hidden>
    SLICE_X45Y76         FDRE (Setup_fdre_C_D)        0.031    55.105    operand_interpreter/imm_reg[31]
  -------------------------------------------------------------------
                         required time                         55.105    <hidden>
                         arrival time                         -50.029    <hidden>
  -------------------------------------------------------------------
                         slack                                  5.076    <hidden>

Slack (MET) :             5.372ns  (required time - arrival time)
  Source:                 tokenizer/token3_reg[89]/C
                            (rising edge-triggered cell FDRE clocked by sys_clk_pin  {rise@0.000ns fall@5.000ns period=50.000ns})
  Destination:            operand_interpreter/imm_reg[29]/D
                            (rising edge-triggered cell FDRE clocked by sys_clk_pin  {rise@0.000ns fall@5.000ns period=50.000ns})
  Path Group:             sys_clk_pin
  Path Type:              Setup (Max at Slow Process Corner)
  Requirement:            50.000ns  (sys_clk_pin rise@50.000ns - sys_clk_pin rise@0.000ns)
  Data Path Delay:        44.329ns  (logic 18.381ns (41.465%)  route 25.948ns (58.535%))
  Logic Levels:           65  (CARRY4=27 LUT2=13 LUT3=2 LUT4=10 LUT5=5 LUT6=8)
  Clock Path Skew:        -0.293ns (DCD - SCD + CPR)
    Destination Clock Delay (DCD):    4.923ns = ( 54.923 - 50.000 ) 
    Source Clock Delay      (SCD):    5.403ns
    Clock Pessimism Removal (CPR):    0.187ns
  Clock Uncertainty:      0.035ns  ((TSJ^2 + TIJ^2)^1/2 + DJ) / 2 + PE
    Total System Jitter     (TSJ):    0.071ns
    Total Input Jitter      (TIJ):    0.000ns
    Discrete Jitter          (DJ):    0.000ns
    Phase Error              (PE):    0.000ns

    Location             Delay type                Incr(ns)  Path(ns)    Netlist Resource(s)
  -------------------------------------------------------------------    -------------------
                         (clock sys_clk_pin rise edge)
                                                      0.000     0.000 r  <hidden>
    E3                                                0.000     0.000 r  CLK100MHZ
                         net (fo=0)                   0.000     0.000    CLK100MHZ
    E3                   IBUF (Prop_ibuf_I_O)         1.482     1.482 r  CLK100MHZ_IBUF_inst/O
                         net (fo=1, routed)           2.025     3.506    CLK100MHZ_IBUF
    BUFGCTRL_X0Y16       BUFG (Prop_bufg_I_O)         0.096     3.602 r  CLK100MHZ_IBUF_BUFG_inst/O
                         net (fo=2381, routed)        1.800     5.403    tokenizer/clk
    SLICE_X56Y48         FDRE                                         r  tokenizer/token3_reg[89]/C
  -------------------------------------------------------------------    -------------------
    SLICE_X56Y48         FDRE (Prop_fdre_C_Q)         0.518     5.921 r  tokenizer/token3_reg[89]/Q
                         net (fo=9, routed)           1.453     7.373    tokenizer/token3[89]
    SLICE_X62Y53         LUT5 (Prop_lut5_I0_O)        0.124     7.497 r  tokenizer/imm[31]_i_34/O
                         net (fo=2, routed)           0.843     8.340    tokenizer/imm[31]_i_34_n_0
    SLICE_X62Y53         LUT4 (Prop_lut4_I2_O)        0.152     8.492 r  tokenizer/imm[12]_i_118/O
                         net (fo=51, routed)          0.520     9.012    tokenizer/operand_interpreter/imm136_out
    SLICE_X64Y53         LUT2 (Prop_lut2_I0_O)        0.348     9.360 r  tokenizer/imm[4]_i_170/O
                         net (fo=1, routed)           0.000     9.360    tokenizer/imm[4]_i_170_n_0
    SLICE_X64Y53         CARRY4 (Prop_carry4_S[0]_O[0])
                                                      0.247     9.607 r  tokenizer/imm_reg[4]_i_138/O[0]
                         net (fo=2, routed)           0.613    10.220    tokenizer/imm_reg[4]_i_138_n_7
    SLICE_X65Y53         LUT2 (Prop_lut2_I0_O)        0.299    10.519 r  tokenizer/imm[4]_i_141/O
                         net (fo=1, routed)           0.000    10.519    tokenizer/imm[4]_i_141_n_0
    SLICE_X65Y53         CARRY4 (Prop_carry4_S[1]_O[1])
                                                      0.227    10.746 r  tokenizer/imm_reg[4]_i_92/O[1]
                         net (fo=5, routed)           0.547    11.292    tokenizer/imm_reg[4]_i_92_n_6
    SLICE_X63Y53         LUT4 (Prop_lut4_I2_O)        0.303    11.595 r  tokenizer/imm[12]_i_524/O
                         net (fo=1, routed)           0.473    12.068    tokenizer/imm[12]_i_524_n_0
    SLICE_X63Y54         CARRY4 (Prop_carry4_DI[1]_O[2])
                                                      0.537    12.605 r  tokenizer/imm_reg[12]_i_405/O[2]
                         net (fo=2, routed)           0.514    13.119    tokenizer/imm_reg[12]_i_405_n_5
    SLICE_X62Y54         LUT2 (Prop_lut2_I1_O)        0.302    13.421 r  tokenizer/imm[8]_i_188/O
                         net (fo=1, routed)           0.000    13.421    tokenizer/imm[8]_i_188_n_0
    SLICE_X62Y54         CARRY4 (Prop_carry4_S[3]_O[3])
                                                      0.255    13.676 r  tokenizer/imm_reg[8]_i_150/O[3]
                         net (fo=2, routed)           0.663    14.339    tokenizer/imm_reg[8]_i_150_n_4
    SLICE_X66Y56         LUT6 (Prop_lut6_I5_O)        0.307    14.646 r  tokenizer/imm[12]_i_424/O
                         net (fo=3, routed)           0.508    15.154    tokenizer/imm[12]_i_424_n_0
    SLICE_X64Y56         LUT2 (Prop_lut2_I0_O)        0.124    15.278 r  tokenizer/imm[12]_i_427/O
                         net (fo=1, routed)           0.000    15.278    tokenizer/imm[12]_i_427_n_0
    SLICE_X64Y56         CARRY4 (Prop_carry4_S[3]_O[3])
                                                      0.248    15.526 r  tokenizer/imm_reg[12]_i_281/O[3]
                         net (fo=2, routed)           0.449    15.974    tokenizer/imm_reg[12]_i_281_n_4
    SLICE_X67Y57         LUT3 (Prop_lut3_I2_O)        0.306    16.280 r  tokenizer/imm[8]_i_93/O
                         net (fo=1, routed)           0.000    16.280    tokenizer/imm[8]_i_93_n_0
    SLICE_X67Y57         CARRY4 (Prop_carry4_S[0]_O[0])
                                                      0.247    16.527 r  tokenizer/imm_reg[8]_i_38/O[0]
                         net (fo=8, routed)           0.743    17.270    tokenizer/imm_reg[8]_i_38_n_7
    SLICE_X69Y60         LUT4 (Prop_lut4_I2_O)        0.299    17.569 r  tokenizer/imm[16]_i_271/O
                         net (fo=1, routed)           0.000    17.569    tokenizer/imm[16]_i_271_n_0
    SLICE_X69Y60         CARRY4 (Prop_carry4_S[0]_O[0])
                                                      0.247    17.816 r  tokenizer/imm_reg[16]_i_176/O[0]
                         net (fo=4, routed)           0.566    18.382    tokenizer/imm_reg[16]_i_176_n_7
    SLICE_X65Y60         LUT4 (Prop_lut4_I1_O)        0.299    18.681 r  tokenizer/imm[8]_i_170/O
                         net (fo=1, routed)           0.000    18.681    tokenizer/imm[8]_i_170_n_0
    SLICE_X65Y60         CARRY4 (Prop_carry4_S[1]_O[1])
                                                      0.227    18.908 r  tokenizer/imm_reg[8]_i_85/O[1]
                         net (fo=2, routed)           0.465    19.374    tokenizer/imm_reg[8]_i_85_n_6
    SLICE_X68Y59         LUT5 (Prop_lut5_I4_O)        0.303    19.677 r  tokenizer/imm[12]_i_312/O
                         net (fo=7, routed)           0.741    20.417    tokenizer/imm[12]_i_312_n_0
    SLICE_X67Y65         LUT4 (Prop_lut4_I0_O)        0.124    20.541 r  tokenizer/imm[12]_i_316/O
                         net (fo=1, routed)           0.000    20.541    tokenizer/imm[12]_i_316_n_0
    SLICE_X67Y65         CARRY4 (Prop_carry4_S[1]_O[1])
                                                      0.227    20.768 r  tokenizer/imm_reg[12]_i_142/O[1]
                         net (fo=3, routed)           0.596    21.364    tokenizer/imm_reg[12]_i_142_n_6
    SLICE_X68Y65         LUT4 (Prop_lut4_I3_O)        0.303    21.667 r  tokenizer/imm[8]_i_119/O
                         net (fo=1, routed)           0.000    21.667    tokenizer/imm[8]_i_119_n_0
    SLICE_X68Y65         CARRY4 (Prop_carry4_S[2]_O[2])
                                                      0.248    21.915 r  tokenizer/imm_reg[8]_i_42/O[2]
                         net (fo=2, routed)           0.628    22.543    tokenizer/imm_reg[8]_i_42_n_5
    SLICE_X64Y62         LUT4 (Prop_lut4_I3_O)        0.302    22.845 r  tokenizer/imm[12]_i_431/O
                         net (fo=1, routed)           0.488    23.333    tokenizer/imm[12]_i_431_n_0
    SLICE_X64Y62         LUT6 (Prop_lut6_I1_O)        0.124    23.457 r  tokenizer/imm[12]_i_289/O
                         net (fo=3, routed)           0.636    24.094    tokenizer/imm[12]_i_289_n_0
    SLICE_X65Y67         LUT2 (Prop_lut2_I0_O)        0.124    24.218 r  tokenizer/imm[12]_i_293/O
                         net (fo=1, routed)           0.000    24.218    tokenizer/imm[12]_i_293_n_0
    SLICE_X65Y67         CARRY4 (Prop_carry4_S[2]_O[2])
                                                      0.248    24.466 r  tokenizer/imm_reg[12]_i_127/O[2]
                         net (fo=3, routed)           0.634    25.100    tokenizer/imm_reg[12]_i_127_n_5
    SLICE_X64Y67         LUT3 (Prop_lut3_I2_O)        0.302    25.402 r  tokenizer/imm[8]_i_97/O
                         net (fo=1, routed)           0.000    25.402    tokenizer/imm[8]_i_97_n_0
    SLICE_X64Y67         CARRY4 (Prop_carry4_S[3]_O[3])
                                                      0.248    25.650 r  tokenizer/imm_reg[8]_i_39/O[3]
                         net (fo=4, routed)           0.488    26.138    tokenizer/imm_reg[8]_i_39_n_4
    SLICE_X62Y69         LUT5 (Prop_lut5_I1_O)        0.306    26.444 r  tokenizer/imm[12]_i_296/O
                         net (fo=2, routed)           0.715    27.159    tokenizer/imm[12]_i_296_n_0
    SLICE_X61Y70         CARRY4 (Prop_carry4_DI[3]_CO[3])
                                                      0.385    27.544 r  tokenizer/imm_reg[12]_i_132/CO[3]
                         net (fo=1, routed)           0.000    27.544    tokenizer/imm_reg[12]_i_132_n_0
    SLICE_X61Y71         CARRY4 (Prop_carry4_CI_O[0])
                                                      0.222    27.766 r  tokenizer/imm_reg[20]_i_79/O[0]
                         net (fo=3, routed)           0.401    28.166    tokenizer/imm_reg[20]_i_79_n_7
    SLICE_X63Y71         LUT2 (Prop_lut2_I1_O)        0.299    28.465 r  tokenizer/imm[12]_i_135/O
                         net (fo=1, routed)           0.000    28.465    tokenizer/imm[12]_i_135_n_0
    SLICE_X63Y71         CARRY4 (Prop_carry4_S[1]_O[1])
                                                      0.227    28.692 r  tokenizer/imm_reg[12]_i_52/O[1]
                         net (fo=2, routed)           0.879    29.571    tokenizer/imm_reg[12]_i_52_n_6
    SLICE_X57Y67         LUT4 (Prop_lut4_I3_O)        0.303    29.874 r  tokenizer/imm[24]_i_149/O
                         net (fo=1, routed)           0.570    30.444    tokenizer/imm[24]_i_149_n_0
    SLICE_X59Y67         LUT6 (Prop_lut6_I1_O)        0.124    30.568 r  tokenizer/imm[24]_i_107/O
                         net (fo=3, routed)           0.780    31.348    tokenizer/imm[24]_i_107_n_0
    SLICE_X60Y72         LUT2 (Prop_lut2_I0_O)        0.124    31.472 r  tokenizer/imm[24]_i_111/O
                         net (fo=1, routed)           0.000    31.472    tokenizer/imm[24]_i_111_n_0
    SLICE_X60Y72         CARRY4 (Prop_carry4_S[1]_O[2])
                                                      0.578    32.050 r  tokenizer/imm_reg[24]_i_63/O[2]
                         net (fo=3, routed)           0.708    32.757    tokenizer/imm_reg[24]_i_63_n_5
    SLICE_X62Y72         LUT2 (Prop_lut2_I1_O)        0.301    33.058 r  tokenizer/imm[12]_i_138/O
                         net (fo=1, routed)           0.000    33.058    tokenizer/imm[12]_i_138_n_0
    SLICE_X62Y72         CARRY4 (Prop_carry4_S[3]_O[3])
                                                      0.255    33.313 r  tokenizer/imm_reg[12]_i_53/O[3]
                         net (fo=1, routed)           0.879    34.192    tokenizer/imm_reg[12]_i_53_n_4
    SLICE_X57Y66         LUT4 (Prop_lut4_I0_O)        0.307    34.499 r  tokenizer/imm[12]_i_18/O
                         net (fo=1, routed)           0.520    35.019    tokenizer/imm[12]_i_18_n_0
    SLICE_X56Y66         LUT6 (Prop_lut6_I5_O)        0.124    35.143 r  tokenizer/imm[12]_i_4/O
                         net (fo=10, routed)          0.787    35.930    tokenizer/imm[12]_i_4_n_0
    SLICE_X53Y72         LUT2 (Prop_lut2_I0_O)        0.124    36.054 r  tokenizer/imm[12]_i_106/O
                         net (fo=1, routed)           0.000    36.054    tokenizer/imm[12]_i_106_n_0
    SLICE_X53Y72         CARRY4 (Prop_carry4_S[3]_CO[3])
                                                      0.401    36.455 r  tokenizer/imm_reg[12]_i_39/CO[3]
                         net (fo=1, routed)           0.000    36.455    tokenizer/imm_reg[12]_i_39_n_0
    SLICE_X53Y73         CARRY4 (Prop_carry4_CI_O[1])
                                                      0.334    36.789 r  tokenizer/imm_reg[24]_i_40/O[1]
                         net (fo=3, routed)           0.510    37.300    tokenizer/imm_reg[24]_i_40_n_6
    SLICE_X52Y72         LUT2 (Prop_lut2_I1_O)        0.303    37.603 r  tokenizer/imm[24]_i_77/O
                         net (fo=1, routed)           0.000    37.603    tokenizer/imm[24]_i_77_n_0
    SLICE_X52Y72         CARRY4 (Prop_carry4_S[2]_O[3])
                                                      0.352    37.955 r  tokenizer/imm_reg[24]_i_39/O[3]
                         net (fo=1, routed)           0.629    38.584    tokenizer/imm_reg[24]_i_39_n_4
    SLICE_X51Y76         LUT5 (Prop_lut5_I4_O)        0.306    38.890 r  tokenizer/imm[16]_i_8/O
                         net (fo=3, routed)           0.427    39.317    tokenizer/imm[16]_i_8_n_0
    SLICE_X51Y76         LUT6 (Prop_lut6_I5_O)        0.124    39.441 r  tokenizer/imm[20]_i_98/O
                         net (fo=4, routed)           0.944    40.386    tokenizer/imm[20]_i_98_n_0
    SLICE_X50Y69         LUT2 (Prop_lut2_I0_O)        0.124    40.510 r  tokenizer/imm[20]_i_102/O
                         net (fo=1, routed)           0.000    40.510    tokenizer/imm[20]_i_102_n_0
    SLICE_X50Y69         CARRY4 (Prop_carry4_S[3]_CO[3])
                                                      0.376    40.886 r  tokenizer/imm_reg[20]_i_38/CO[3]
                         net (fo=1, routed)           0.000    40.886    tokenizer/imm_reg[20]_i_38_n_0
    SLICE_X50Y70         CARRY4 (Prop_carry4_CI_O[1])
                                                      0.323    41.209 r  tokenizer/imm_reg[22]_i_32/O[1]
                         net (fo=3, routed)           0.462    41.670    tokenizer/imm_reg[22]_i_32_n_6
    SLICE_X48Y70         LUT2 (Prop_lut2_I1_O)        0.306    41.976 r  tokenizer/imm[20]_i_40/O
                         net (fo=1, routed)           0.000    41.976    tokenizer/imm[20]_i_40_n_0
    SLICE_X48Y70         CARRY4 (Prop_carry4_S[2]_CO[3])
                                                      0.398    42.374 r  tokenizer/imm_reg[20]_i_13/CO[3]
                         net (fo=1, routed)           0.000    42.374    tokenizer/imm_reg[20]_i_13_n_0
    SLICE_X48Y71         CARRY4 (Prop_carry4_CI_O[1])
                                                      0.334    42.708 r  tokenizer/imm_reg[22]_i_15/O[1]
                         net (fo=4, routed)           0.711    43.419    tokenizer/imm_reg[22]_i_15_n_6
    SLICE_X51Y75         LUT4 (Prop_lut4_I0_O)        0.303    43.722 r  tokenizer/imm[28]_i_173/O
                         net (fo=1, routed)           0.441    44.163    tokenizer/imm[28]_i_173_n_0
    SLICE_X54Y75         LUT6 (Prop_lut6_I0_O)        0.124    44.287 r  tokenizer/imm[28]_i_98/O
                         net (fo=1, routed)           0.690    44.977    tokenizer/imm[28]_i_98_n_0
    SLICE_X49Y72         CARRY4 (Prop_carry4_DI[1]_O[3])
                                                      0.596    45.573 r  tokenizer/imm_reg[28]_i_36/O[3]
                         net (fo=3, routed)           0.594    46.167    tokenizer/imm_reg[28]_i_36_n_4
    SLICE_X46Y73         LUT2 (Prop_lut2_I0_O)        0.306    46.473 r  tokenizer/imm[28]_i_39/O
                         net (fo=1, routed)           0.000    46.473    tokenizer/imm[28]_i_39_n_0
    SLICE_X46Y73         CARRY4 (Prop_carry4_S[1]_CO[3])
                                                      0.533    47.006 r  tokenizer/imm_reg[28]_i_15/CO[3]
                         net (fo=1, routed)           0.000    47.006    tokenizer/imm_reg[28]_i_15_n_0
    SLICE_X46Y74         CARRY4 (Prop_carry4_CI_O[0])
                                                      0.219    47.225 r  tokenizer/imm_reg[31]_i_11/O[0]
                         net (fo=1, routed)           0.625    47.850    tokenizer/imm_reg[31]_i_11_n_7
    SLICE_X47Y74         LUT5 (Prop_lut5_I3_O)        0.321    48.171 r  tokenizer/imm[29]_i_19/O
                         net (fo=1, routed)           0.485    48.656    tokenizer/imm[29]_i_19_n_0
    SLICE_X50Y76         LUT6 (Prop_lut6_I0_O)        0.326    48.982 r  tokenizer/imm[29]_i_6/O
                         net (fo=1, routed)           0.626    49.608    tokenizer/imm[29]_i_6_n_0
    SLICE_X43Y76         LUT6 (Prop_lut6_I5_O)        0.124    49.732 r  tokenizer/imm[29]_i_1/O
                         net (fo=1, routed)           0.000    49.732    operand_interpreter/imm_reg[31]_2[29]
    SLICE_X43Y76         FDRE                                         r  operand_interpreter/imm_reg[29]/D
  -------------------------------------------------------------------    -------------------

                         (clock sys_clk_pin rise edge)
                                                     50.000    50.000 r  <hidden>
    E3                                                0.000    50.000 r  CLK100MHZ
                         net (fo=0)                   0.000    50.000    CLK100MHZ
    E3                   IBUF (Prop_ibuf_I_O)         1.411    51.411 r  CLK100MHZ_IBUF_inst/O
                         net (fo=1, routed)           1.920    53.331    CLK100MHZ_IBUF
    BUFGCTRL_X0Y16       BUFG (Prop_bufg_I_O)         0.091    53.422 r  CLK100MHZ_IBUF_BUFG_inst/O
                         net (fo=2381, routed)        1.500    54.923    operand_interpreter/CLK100MHZ_IBUF_BUFG
    SLICE_X43Y76         FDRE                                         r  operand_interpreter/imm_reg[29]/C
                         clock pessimism              0.187    55.110    <hidden>
                         clock uncertainty           -0.035    55.074    <hidden>
    SLICE_X43Y76         FDRE (Setup_fdre_C_D)        0.029    55.103    operand_interpreter/imm_reg[29]
  -------------------------------------------------------------------
                         required time                         55.103    <hidden>
                         arrival time                         -49.732    <hidden>
  -------------------------------------------------------------------
                         slack                                  5.372    <hidden>

Slack (MET) :             6.034ns  (required time - arrival time)
  Source:                 tokenizer/token3_reg[89]/C
                            (rising edge-triggered cell FDRE clocked by sys_clk_pin  {rise@0.000ns fall@5.000ns period=50.000ns})
  Destination:            operand_interpreter/imm_reg[26]/D
                            (rising edge-triggered cell FDRE clocked by sys_clk_pin  {rise@0.000ns fall@5.000ns period=50.000ns})
  Path Group:             sys_clk_pin
  Path Type:              Setup (Max at Slow Process Corner)
  Requirement:            50.000ns  (sys_clk_pin rise@50.000ns - sys_clk_pin rise@0.000ns)
  Data Path Delay:        43.665ns  (logic 18.048ns (41.333%)  route 25.616ns (58.667%))
  Logic Levels:           65  (CARRY4=27 LUT2=13 LUT3=2 LUT4=10 LUT5=5 LUT6=8)
  Clock Path Skew:        -0.295ns (DCD - SCD + CPR)
    Destination Clock Delay (DCD):    4.921ns = ( 54.921 - 50.000 ) 
    Source Clock Delay      (SCD):    5.403ns
    Clock Pessimism Removal (CPR):    0.187ns
  Clock Uncertainty:      0.035ns  ((TSJ^2 + TIJ^2)^1/2 + DJ) / 2 + PE
    Total System Jitter     (TSJ):    0.071ns
    Total Input Jitter      (TIJ):    0.000ns
    Discrete Jitter          (DJ):    0.000ns
    Phase Error              (PE):    0.000ns

    Location             Delay type                Incr(ns)  Path(ns)    Netlist Resource(s)
  -------------------------------------------------------------------    -------------------
                         (clock sys_clk_pin rise edge)
                                                      0.000     0.000 r  <hidden>
    E3                                                0.000     0.000 r  CLK100MHZ
                         net (fo=0)                   0.000     0.000    CLK100MHZ
    E3                   IBUF (Prop_ibuf_I_O)         1.482     1.482 r  CLK100MHZ_IBUF_inst/O
                         net (fo=1, routed)           2.025     3.506    CLK100MHZ_IBUF
    BUFGCTRL_X0Y16       BUFG (Prop_bufg_I_O)         0.096     3.602 r  CLK100MHZ_IBUF_BUFG_inst/O
                         net (fo=2381, routed)        1.800     5.403    tokenizer/clk
    SLICE_X56Y48         FDRE                                         r  tokenizer/token3_reg[89]/C
  -------------------------------------------------------------------    -------------------
    SLICE_X56Y48         FDRE (Prop_fdre_C_Q)         0.518     5.921 r  tokenizer/token3_reg[89]/Q
                         net (fo=9, routed)           1.453     7.373    tokenizer/token3[89]
    SLICE_X62Y53         LUT5 (Prop_lut5_I0_O)        0.124     7.497 r  tokenizer/imm[31]_i_34/O
                         net (fo=2, routed)           0.843     8.340    tokenizer/imm[31]_i_34_n_0
    SLICE_X62Y53         LUT4 (Prop_lut4_I2_O)        0.152     8.492 r  tokenizer/imm[12]_i_118/O
                         net (fo=51, routed)          0.520     9.012    tokenizer/operand_interpreter/imm136_out
    SLICE_X64Y53         LUT2 (Prop_lut2_I0_O)        0.348     9.360 r  tokenizer/imm[4]_i_170/O
                         net (fo=1, routed)           0.000     9.360    tokenizer/imm[4]_i_170_n_0
    SLICE_X64Y53         CARRY4 (Prop_carry4_S[0]_O[0])
                                                      0.247     9.607 r  tokenizer/imm_reg[4]_i_138/O[0]
                         net (fo=2, routed)           0.613    10.220    tokenizer/imm_reg[4]_i_138_n_7
    SLICE_X65Y53         LUT2 (Prop_lut2_I0_O)        0.299    10.519 r  tokenizer/imm[4]_i_141/O
                         net (fo=1, routed)           0.000    10.519    tokenizer/imm[4]_i_141_n_0
    SLICE_X65Y53         CARRY4 (Prop_carry4_S[1]_O[1])
                                                      0.227    10.746 r  tokenizer/imm_reg[4]_i_92/O[1]
                         net (fo=5, routed)           0.547    11.292    tokenizer/imm_reg[4]_i_92_n_6
    SLICE_X63Y53         LUT4 (Prop_lut4_I2_O)        0.303    11.595 r  tokenizer/imm[12]_i_524/O
                         net (fo=1, routed)           0.473    12.068    tokenizer/imm[12]_i_524_n_0
    SLICE_X63Y54         CARRY4 (Prop_carry4_DI[1]_O[2])
                                                      0.537    12.605 r  tokenizer/imm_reg[12]_i_405/O[2]
                         net (fo=2, routed)           0.514    13.119    tokenizer/imm_reg[12]_i_405_n_5
    SLICE_X62Y54         LUT2 (Prop_lut2_I1_O)        0.302    13.421 r  tokenizer/imm[8]_i_188/O
                         net (fo=1, routed)           0.000    13.421    tokenizer/imm[8]_i_188_n_0
    SLICE_X62Y54         CARRY4 (Prop_carry4_S[3]_O[3])
                                                      0.255    13.676 r  tokenizer/imm_reg[8]_i_150/O[3]
                         net (fo=2, routed)           0.663    14.339    tokenizer/imm_reg[8]_i_150_n_4
    SLICE_X66Y56         LUT6 (Prop_lut6_I5_O)        0.307    14.646 r  tokenizer/imm[12]_i_424/O
                         net (fo=3, routed)           0.508    15.154    tokenizer/imm[12]_i_424_n_0
    SLICE_X64Y56         LUT2 (Prop_lut2_I0_O)        0.124    15.278 r  tokenizer/imm[12]_i_427/O
                         net (fo=1, routed)           0.000    15.278    tokenizer/imm[12]_i_427_n_0
    SLICE_X64Y56         CARRY4 (Prop_carry4_S[3]_O[3])
                                                      0.248    15.526 r  tokenizer/imm_reg[12]_i_281/O[3]
                         net (fo=2, routed)           0.449    15.974    tokenizer/imm_reg[12]_i_281_n_4
    SLICE_X67Y57         LUT3 (Prop_lut3_I2_O)        0.306    16.280 r  tokenizer/imm[8]_i_93/O
                         net (fo=1, routed)           0.000    16.280    tokenizer/imm[8]_i_93_n_0
    SLICE_X67Y57         CARRY4 (Prop_carry4_S[0]_O[0])
                                                      0.247    16.527 r  tokenizer/imm_reg[8]_i_38/O[0]
                         net (fo=8, routed)           0.743    17.270    tokenizer/imm_reg[8]_i_38_n_7
    SLICE_X69Y60         LUT4 (Prop_lut4_I2_O)        0.299    17.569 r  tokenizer/imm[16]_i_271/O
                         net (fo=1, routed)           0.000    17.569    tokenizer/imm[16]_i_271_n_0
    SLICE_X69Y60         CARRY4 (Prop_carry4_S[0]_O[0])
                                                      0.247    17.816 r  tokenizer/imm_reg[16]_i_176/O[0]
                         net (fo=4, routed)           0.566    18.382    tokenizer/imm_reg[16]_i_176_n_7
    SLICE_X65Y60         LUT4 (Prop_lut4_I1_O)        0.299    18.681 r  tokenizer/imm[8]_i_170/O
                         net (fo=1, routed)           0.000    18.681    tokenizer/imm[8]_i_170_n_0
    SLICE_X65Y60         CARRY4 (Prop_carry4_S[1]_O[1])
                                                      0.227    18.908 r  tokenizer/imm_reg[8]_i_85/O[1]
                         net (fo=2, routed)           0.465    19.374    tokenizer/imm_reg[8]_i_85_n_6
    SLICE_X68Y59         LUT5 (Prop_lut5_I4_O)        0.303    19.677 r  tokenizer/imm[12]_i_312/O
                         net (fo=7, routed)           0.741    20.417    tokenizer/imm[12]_i_312_n_0
    SLICE_X67Y65         LUT4 (Prop_lut4_I0_O)        0.124    20.541 r  tokenizer/imm[12]_i_316/O
                         net (fo=1, routed)           0.000    20.541    tokenizer/imm[12]_i_316_n_0
    SLICE_X67Y65         CARRY4 (Prop_carry4_S[1]_O[1])
                                                      0.227    20.768 r  tokenizer/imm_reg[12]_i_142/O[1]
                         net (fo=3, routed)           0.596    21.364    tokenizer/imm_reg[12]_i_142_n_6
    SLICE_X68Y65         LUT4 (Prop_lut4_I3_O)        0.303    21.667 r  tokenizer/imm[8]_i_119/O
                         net (fo=1, routed)           0.000    21.667    tokenizer/imm[8]_i_119_n_0
    SLICE_X68Y65         CARRY4 (Prop_carry4_S[2]_O[2])
                                                      0.248    21.915 r  tokenizer/imm_reg[8]_i_42/O[2]
                         net (fo=2, routed)           0.628    22.543    tokenizer/imm_reg[8]_i_42_n_5
    SLICE_X64Y62         LUT4 (Prop_lut4_I3_O)        0.302    22.845 r  tokenizer/imm[12]_i_431/O
                         net (fo=1, routed)           0.488    23.333    tokenizer/imm[12]_i_431_n_0
    SLICE_X64Y62         LUT6 (Prop_lut6_I1_O)        0.124    23.457 r  tokenizer/imm[12]_i_289/O
                         net (fo=3, routed)           0.636    24.094    tokenizer/imm[12]_i_289_n_0
    SLICE_X65Y67         LUT2 (Prop_lut2_I0_O)        0.124    24.218 r  tokenizer/imm[12]_i_293/O
                         net (fo=1, routed)           0.000    24.218    tokenizer/imm[12]_i_293_n_0
    SLICE_X65Y67         CARRY4 (Prop_carry4_S[2]_O[2])
                                                      0.248    24.466 r  tokenizer/imm_reg[12]_i_127/O[2]
                         net (fo=3, routed)           0.634    25.100    tokenizer/imm_reg[12]_i_127_n_5
    SLICE_X64Y67         LUT3 (Prop_lut3_I2_O)        0.302    25.402 r  tokenizer/imm[8]_i_97/O
                         net (fo=1, routed)           0.000    25.402    tokenizer/imm[8]_i_97_n_0
    SLICE_X64Y67         CARRY4 (Prop_carry4_S[3]_O[3])
                                                      0.248    25.650 r  tokenizer/imm_reg[8]_i_39/O[3]
                         net (fo=4, routed)           0.488    26.138    tokenizer/imm_reg[8]_i_39_n_4
    SLICE_X62Y69         LUT5 (Prop_lut5_I1_O)        0.306    26.444 r  tokenizer/imm[12]_i_296/O
                         net (fo=2, routed)           0.715    27.159    tokenizer/imm[12]_i_296_n_0
    SLICE_X61Y70         CARRY4 (Prop_carry4_DI[3]_CO[3])
                                                      0.385    27.544 r  tokenizer/imm_reg[12]_i_132/CO[3]
                         net (fo=1, routed)           0.000    27.544    tokenizer/imm_reg[12]_i_132_n_0
    SLICE_X61Y71         CARRY4 (Prop_carry4_CI_O[0])
                                                      0.222    27.766 r  tokenizer/imm_reg[20]_i_79/O[0]
                         net (fo=3, routed)           0.401    28.166    tokenizer/imm_reg[20]_i_79_n_7
    SLICE_X63Y71         LUT2 (Prop_lut2_I1_O)        0.299    28.465 r  tokenizer/imm[12]_i_135/O
                         net (fo=1, routed)           0.000    28.465    tokenizer/imm[12]_i_135_n_0
    SLICE_X63Y71         CARRY4 (Prop_carry4_S[1]_O[1])
                                                      0.227    28.692 r  tokenizer/imm_reg[12]_i_52/O[1]
                         net (fo=2, routed)           0.879    29.571    tokenizer/imm_reg[12]_i_52_n_6
    SLICE_X57Y67         LUT4 (Prop_lut4_I3_O)        0.303    29.874 r  tokenizer/imm[24]_i_149/O
                         net (fo=1, routed)           0.570    30.444    tokenizer/imm[24]_i_149_n_0
    SLICE_X59Y67         LUT6 (Prop_lut6_I1_O)        0.124    30.568 r  tokenizer/imm[24]_i_107/O
                         net (fo=3, routed)           0.780    31.348    tokenizer/imm[24]_i_107_n_0
    SLICE_X60Y72         LUT2 (Prop_lut2_I0_O)        0.124    31.472 r  tokenizer/imm[24]_i_111/O
                         net (fo=1, routed)           0.000    31.472    tokenizer/imm[24]_i_111_n_0
    SLICE_X60Y72         CARRY4 (Prop_carry4_S[1]_O[2])
                                                      0.578    32.050 r  tokenizer/imm_reg[24]_i_63/O[2]
                         net (fo=3, routed)           0.708    32.757    tokenizer/imm_reg[24]_i_63_n_5
    SLICE_X62Y72         LUT2 (Prop_lut2_I1_O)        0.301    33.058 r  tokenizer/imm[12]_i_138/O
                         net (fo=1, routed)           0.000    33.058    tokenizer/imm[12]_i_138_n_0
    SLICE_X62Y72         CARRY4 (Prop_carry4_S[3]_O[3])
                                                      0.255    33.313 r  tokenizer/imm_reg[12]_i_53/O[3]
                         net (fo=1, routed)           0.879    34.192    tokenizer/imm_reg[12]_i_53_n_4
    SLICE_X57Y66         LUT4 (Prop_lut4_I0_O)        0.307    34.499 r  tokenizer/imm[12]_i_18/O
                         net (fo=1, routed)           0.520    35.019    tokenizer/imm[12]_i_18_n_0
    SLICE_X56Y66         LUT6 (Prop_lut6_I5_O)        0.124    35.143 r  tokenizer/imm[12]_i_4/O
                         net (fo=10, routed)          0.787    35.930    tokenizer/imm[12]_i_4_n_0
    SLICE_X53Y72         LUT2 (Prop_lut2_I0_O)        0.124    36.054 r  tokenizer/imm[12]_i_106/O
                         net (fo=1, routed)           0.000    36.054    tokenizer/imm[12]_i_106_n_0
    SLICE_X53Y72         CARRY4 (Prop_carry4_S[3]_CO[3])
                                                      0.401    36.455 r  tokenizer/imm_reg[12]_i_39/CO[3]
                         net (fo=1, routed)           0.000    36.455    tokenizer/imm_reg[12]_i_39_n_0
    SLICE_X53Y73         CARRY4 (Prop_carry4_CI_O[1])
                                                      0.334    36.789 r  tokenizer/imm_reg[24]_i_40/O[1]
                         net (fo=3, routed)           0.510    37.300    tokenizer/imm_reg[24]_i_40_n_6
    SLICE_X52Y72         LUT2 (Prop_lut2_I1_O)        0.303    37.603 r  tokenizer/imm[24]_i_77/O
                         net (fo=1, routed)           0.000    37.603    tokenizer/imm[24]_i_77_n_0
    SLICE_X52Y72         CARRY4 (Prop_carry4_S[2]_O[3])
                                                      0.352    37.955 r  tokenizer/imm_reg[24]_i_39/O[3]
                         net (fo=1, routed)           0.629    38.584    tokenizer/imm_reg[24]_i_39_n_4
    SLICE_X51Y76         LUT5 (Prop_lut5_I4_O)        0.306    38.890 r  tokenizer/imm[16]_i_8/O
                         net (fo=3, routed)           0.427    39.317    tokenizer/imm[16]_i_8_n_0
    SLICE_X51Y76         LUT6 (Prop_lut6_I5_O)        0.124    39.441 r  tokenizer/imm[20]_i_98/O
                         net (fo=4, routed)           0.944    40.386    tokenizer/imm[20]_i_98_n_0
    SLICE_X50Y69         LUT2 (Prop_lut2_I0_O)        0.124    40.510 r  tokenizer/imm[20]_i_102/O
                         net (fo=1, routed)           0.000    40.510    tokenizer/imm[20]_i_102_n_0
    SLICE_X50Y69         CARRY4 (Prop_carry4_S[3]_CO[3])
                                                      0.376    40.886 r  tokenizer/imm_reg[20]_i_38/CO[3]
                         net (fo=1, routed)           0.000    40.886    tokenizer/imm_reg[20]_i_38_n_0
    SLICE_X50Y70         CARRY4 (Prop_carry4_CI_O[1])
                                                      0.323    41.209 r  tokenizer/imm_reg[22]_i_32/O[1]
                         net (fo=3, routed)           0.462    41.670    tokenizer/imm_reg[22]_i_32_n_6
    SLICE_X48Y70         LUT2 (Prop_lut2_I1_O)        0.306    41.976 r  tokenizer/imm[20]_i_40/O
                         net (fo=1, routed)           0.000    41.976    tokenizer/imm[20]_i_40_n_0
    SLICE_X48Y70         CARRY4 (Prop_carry4_S[2]_CO[3])
                                                      0.398    42.374 r  tokenizer/imm_reg[20]_i_13/CO[3]
                         net (fo=1, routed)           0.000    42.374    tokenizer/imm_reg[20]_i_13_n_0
    SLICE_X48Y71         CARRY4 (Prop_carry4_CI_O[1])
                                                      0.334    42.708 r  tokenizer/imm_reg[22]_i_15/O[1]
                         net (fo=4, routed)           0.711    43.419    tokenizer/imm_reg[22]_i_15_n_6
    SLICE_X51Y75         LUT4 (Prop_lut4_I0_O)        0.303    43.722 r  tokenizer/imm[28]_i_173/O
                         net (fo=1, routed)           0.441    44.163    tokenizer/imm[28]_i_173_n_0
    SLICE_X54Y75         LUT6 (Prop_lut6_I0_O)        0.124    44.287 r  tokenizer/imm[28]_i_98/O
                         net (fo=1, routed)           0.690    44.977    tokenizer/imm[28]_i_98_n_0
    SLICE_X49Y72         CARRY4 (Prop_carry4_DI[1]_O[2])
                                                      0.537    45.514 r  tokenizer/imm_reg[28]_i_36/O[2]
                         net (fo=3, routed)           0.508    46.022    tokenizer/imm_reg[28]_i_36_n_5
    SLICE_X46Y72         LUT2 (Prop_lut2_I1_O)        0.302    46.324 r  tokenizer/imm[22]_i_38/O
                         net (fo=1, routed)           0.000    46.324    tokenizer/imm[22]_i_38_n_0
    SLICE_X46Y72         CARRY4 (Prop_carry4_S[3]_CO[3])
                                                      0.376    46.700 r  tokenizer/imm_reg[22]_i_16/CO[3]
                         net (fo=1, routed)           0.000    46.700    tokenizer/imm_reg[22]_i_16_n_0
    SLICE_X46Y73         CARRY4 (Prop_carry4_CI_O[1])
                                                      0.323    47.023 r  tokenizer/imm_reg[28]_i_15/O[1]
                         net (fo=1, routed)           0.727    47.750    tokenizer/imm_reg[28]_i_15_n_6
    SLICE_X45Y75         LUT5 (Prop_lut5_I2_O)        0.306    48.056 r  tokenizer/imm[26]_i_5/O
                         net (fo=1, routed)           0.287    48.343    tokenizer/imm[26]_i_5_n_0
    SLICE_X43Y75         LUT6 (Prop_lut6_I0_O)        0.124    48.467 r  tokenizer/imm[26]_i_3/O
                         net (fo=1, routed)           0.477    48.943    tokenizer/imm[26]_i_3_n_0
    SLICE_X45Y75         LUT6 (Prop_lut6_I5_O)        0.124    49.067 r  tokenizer/imm[26]_i_1/O
                         net (fo=1, routed)           0.000    49.067    operand_interpreter/imm_reg[31]_2[26]
    SLICE_X45Y75         FDRE                                         r  operand_interpreter/imm_reg[26]/D
  -------------------------------------------------------------------    -------------------

                         (clock sys_clk_pin rise edge)
                                                     50.000    50.000 r  <hidden>
    E3                                                0.000    50.000 r  CLK100MHZ
                         net (fo=0)                   0.000    50.000    CLK100MHZ
    E3                   IBUF (Prop_ibuf_I_O)         1.411    51.411 r  CLK100MHZ_IBUF_inst/O
                         net (fo=1, routed)           1.920    53.331    CLK100MHZ_IBUF
    BUFGCTRL_X0Y16       BUFG (Prop_bufg_I_O)         0.091    53.422 r  CLK100MHZ_IBUF_BUFG_inst/O
                         net (fo=2381, routed)        1.498    54.921    operand_interpreter/CLK100MHZ_IBUF_BUFG
    SLICE_X45Y75         FDRE                                         r  operand_interpreter/imm_reg[26]/C
                         clock pessimism              0.187    55.108    <hidden>
                         clock uncertainty           -0.035    55.072    <hidden>
    SLICE_X45Y75         FDRE (Setup_fdre_C_D)        0.029    55.101    operand_interpreter/imm_reg[26]
  -------------------------------------------------------------------
                         required time                         55.101    <hidden>
                         arrival time                         -49.067    <hidden>
  -------------------------------------------------------------------
                         slack                                  6.034    <hidden>

Slack (MET) :             6.107ns  (required time - arrival time)
  Source:                 tokenizer/token2_reg[95]/C
                            (rising edge-triggered cell FDRE clocked by sys_clk_pin  {rise@0.000ns fall@5.000ns period=50.000ns})
  Destination:            operand_interpreter/imm_reg[27]/D
                            (rising edge-triggered cell FDRE clocked by sys_clk_pin  {rise@0.000ns fall@5.000ns period=50.000ns})
  Path Group:             sys_clk_pin
  Path Type:              Setup (Max at Slow Process Corner)
  Requirement:            50.000ns  (sys_clk_pin rise@50.000ns - sys_clk_pin rise@0.000ns)
  Data Path Delay:        43.595ns  (logic 19.077ns (43.760%)  route 24.518ns (56.240%))
  Logic Levels:           63  (CARRY4=28 LUT2=13 LUT3=4 LUT4=2 LUT5=5 LUT6=11)
  Clock Path Skew:        -0.292ns (DCD - SCD + CPR)
    Destination Clock Delay (DCD):    4.923ns = ( 54.923 - 50.000 ) 
    Source Clock Delay      (SCD):    5.402ns
    Clock Pessimism Removal (CPR):    0.187ns
  Clock Uncertainty:      0.035ns  ((TSJ^2 + TIJ^2)^1/2 + DJ) / 2 + PE
    Total System Jitter     (TSJ):    0.071ns
    Total Input Jitter      (TIJ):    0.000ns
    Discrete Jitter          (DJ):    0.000ns
    Phase Error              (PE):    0.000ns

    Location             Delay type                Incr(ns)  Path(ns)    Netlist Resource(s)
  -------------------------------------------------------------------    -------------------
                         (clock sys_clk_pin rise edge)
                                                      0.000     0.000 r  <hidden>
    E3                                                0.000     0.000 r  CLK100MHZ
                         net (fo=0)                   0.000     0.000    CLK100MHZ
    E3                   IBUF (Prop_ibuf_I_O)         1.482     1.482 r  CLK100MHZ_IBUF_inst/O
                         net (fo=1, routed)           2.025     3.506    CLK100MHZ_IBUF
    BUFGCTRL_X0Y16       BUFG (Prop_bufg_I_O)         0.096     3.602 r  CLK100MHZ_IBUF_BUFG_inst/O
                         net (fo=2381, routed)        1.799     5.402    tokenizer/clk
    SLICE_X53Y49         FDRE                                         r  tokenizer/token2_reg[95]/C
  -------------------------------------------------------------------    -------------------
    SLICE_X53Y49         FDRE (Prop_fdre_C_Q)         0.456     5.858 r  tokenizer/token2_reg[95]/Q
                         net (fo=15, routed)          1.550     7.407    tokenizer/token2[95]
    SLICE_X33Y44         LUT6 (Prop_lut6_I1_O)        0.124     7.531 r  tokenizer/imm[12]_i_179/O
                         net (fo=1, routed)           0.473     8.004    tokenizer/imm[12]_i_179_n_0
    SLICE_X33Y44         LUT3 (Prop_lut3_I0_O)        0.119     8.123 r  tokenizer/imm[12]_i_73/O
                         net (fo=51, routed)          0.922     9.045    tokenizer/operand_interpreter/imm1__0
    SLICE_X38Y44         LUT3 (Prop_lut3_I2_O)        0.332     9.377 r  tokenizer/imm[6]_i_61/O
                         net (fo=1, routed)           0.000     9.377    tokenizer/imm[6]_i_61_n_0
    SLICE_X38Y44         CARRY4 (Prop_carry4_S[1]_O[2])
                                                      0.578     9.955 r  tokenizer/imm_reg[6]_i_44/O[2]
                         net (fo=2, routed)           0.415    10.371    tokenizer/imm_reg[6]_i_44_n_5
    SLICE_X39Y44         LUT2 (Prop_lut2_I1_O)        0.301    10.672 r  tokenizer/imm[6]_i_45/O
                         net (fo=1, routed)           0.000    10.672    tokenizer/imm[6]_i_45_n_0
    SLICE_X39Y44         CARRY4 (Prop_carry4_S[3]_CO[3])
                                                      0.401    11.073 r  tokenizer/imm_reg[6]_i_23/CO[3]
                         net (fo=1, routed)           0.000    11.073    tokenizer/imm_reg[6]_i_23_n_0
    SLICE_X39Y45         CARRY4 (Prop_carry4_CI_O[0])
                                                      0.222    11.295 r  tokenizer/imm_reg[6]_i_12/O[0]
                         net (fo=3, routed)           0.894    12.189    tokenizer/imm_reg[6]_i_12_n_7
    SLICE_X35Y43         LUT5 (Prop_lut5_I2_O)        0.325    12.514 r  tokenizer/imm[12]_i_325/O
                         net (fo=2, routed)           0.681    13.195    tokenizer/imm[12]_i_325_n_0
    SLICE_X36Y43         CARRY4 (Prop_carry4_DI[0]_O[2])
                                                      0.764    13.959 r  tokenizer/imm_reg[12]_i_167/O[2]
                         net (fo=3, routed)           0.659    14.618    tokenizer/imm_reg[12]_i_167_n_5
    SLICE_X37Y44         LUT3 (Prop_lut3_I2_O)        0.302    14.920 r  tokenizer/imm[6]_i_36/O
                         net (fo=1, routed)           0.000    14.920    tokenizer/imm[6]_i_36_n_0
    SLICE_X37Y44         CARRY4 (Prop_carry4_S[3]_CO[3])
                                                      0.401    15.321 r  tokenizer/imm_reg[6]_i_16/CO[3]
                         net (fo=1, routed)           0.000    15.321    tokenizer/imm_reg[6]_i_16_n_0
    SLICE_X37Y45         CARRY4 (Prop_carry4_CI_O[0])
                                                      0.222    15.543 r  tokenizer/imm_reg[12]_i_70/O[0]
                         net (fo=4, routed)           0.855    16.398    tokenizer/imm_reg[12]_i_70_n_7
    SLICE_X33Y45         LUT5 (Prop_lut5_I4_O)        0.327    16.725 r  tokenizer/imm[12]_i_183/O
                         net (fo=2, routed)           0.696    17.421    tokenizer/imm[12]_i_183_n_0
    SLICE_X35Y47         CARRY4 (Prop_carry4_DI[0]_O[1])
                                                      0.609    18.030 r  tokenizer/imm_reg[12]_i_76/O[1]
                         net (fo=3, routed)           0.549    18.580    tokenizer/imm_reg[12]_i_76_n_6
    SLICE_X34Y47         LUT2 (Prop_lut2_I1_O)        0.303    18.883 r  tokenizer/imm[12]_i_79/O
                         net (fo=1, routed)           0.000    18.883    tokenizer/imm[12]_i_79_n_0
    SLICE_X34Y47         CARRY4 (Prop_carry4_S[2]_O[2])
                                                      0.250    19.133 r  tokenizer/imm_reg[12]_i_26/O[2]
                         net (fo=2, routed)           0.652    19.784    tokenizer/imm_reg[12]_i_26_n_5
    SLICE_X36Y50         LUT6 (Prop_lut6_I1_O)        0.301    20.085 r  tokenizer/imm[16]_i_211/O
                         net (fo=3, routed)           0.603    20.688    tokenizer/imm[16]_i_211_n_0
    SLICE_X40Y50         LUT2 (Prop_lut2_I0_O)        0.124    20.812 r  tokenizer/imm[16]_i_215/O
                         net (fo=1, routed)           0.000    20.812    tokenizer/imm[16]_i_215_n_0
    SLICE_X40Y50         CARRY4 (Prop_carry4_S[2]_O[2])
                                                      0.248    21.060 r  tokenizer/imm_reg[16]_i_106/O[2]
                         net (fo=3, routed)           0.422    21.483    tokenizer/imm_reg[16]_i_106_n_5
    SLICE_X41Y50         LUT2 (Prop_lut2_I1_O)        0.302    21.785 r  tokenizer/imm[16]_i_206/O
                         net (fo=1, routed)           0.000    21.785    tokenizer/imm[16]_i_206_n_0
    SLICE_X41Y50         CARRY4 (Prop_carry4_S[3]_O[3])
                                                      0.248    22.033 r  tokenizer/imm_reg[16]_i_105/O[3]
                         net (fo=1, routed)           0.447    22.480    tokenizer/imm_reg[16]_i_105_n_4
    SLICE_X41Y46         LUT6 (Prop_lut6_I5_O)        0.306    22.786 r  tokenizer/imm[12]_i_22/O
                         net (fo=1, routed)           0.348    23.133    tokenizer/imm[12]_i_22_n_0
    SLICE_X40Y46         LUT6 (Prop_lut6_I0_O)        0.124    23.257 r  tokenizer/imm[12]_i_8/O
                         net (fo=11, routed)          0.852    24.109    tokenizer/imm[12]_i_8_n_0
    SLICE_X42Y51         CARRY4 (Prop_carry4_DI[3]_CO[3])
                                                      0.396    24.505 r  tokenizer/imm_reg[16]_i_98/CO[3]
                         net (fo=1, routed)           0.000    24.505    tokenizer/imm_reg[16]_i_98_n_0
    SLICE_X42Y52         CARRY4 (Prop_carry4_CI_O[0])
                                                      0.219    24.724 r  tokenizer/imm_reg[20]_i_54/O[0]
                         net (fo=3, routed)           0.498    25.222    tokenizer/imm_reg[20]_i_54_n_7
    SLICE_X43Y52         LUT2 (Prop_lut2_I1_O)        0.295    25.517 r  tokenizer/imm[16]_i_101/O
                         net (fo=1, routed)           0.000    25.517    tokenizer/imm[16]_i_101_n_0
    SLICE_X43Y52         CARRY4 (Prop_carry4_S[1]_O[3])
                                                      0.640    26.157 r  tokenizer/imm_reg[16]_i_38/O[3]
                         net (fo=1, routed)           0.572    26.730    tokenizer/imm_reg[16]_i_38_n_4
    SLICE_X37Y52         LUT6 (Prop_lut6_I0_O)        0.306    27.036 r  tokenizer/imm[16]_i_14/O
                         net (fo=12, routed)          0.887    27.922    tokenizer/imm[16]_i_14_n_0
    SLICE_X38Y56         LUT2 (Prop_lut2_I0_O)        0.124    28.046 r  tokenizer/imm[17]_i_117/O
                         net (fo=1, routed)           0.000    28.046    tokenizer/imm[17]_i_117_n_0
    SLICE_X38Y56         CARRY4 (Prop_carry4_S[3]_CO[3])
                                                      0.376    28.422 r  tokenizer/imm_reg[17]_i_66/CO[3]
                         net (fo=1, routed)           0.000    28.422    tokenizer/imm_reg[17]_i_66_n_0
    SLICE_X38Y57         CARRY4 (Prop_carry4_CI_O[0])
                                                      0.219    28.641 r  tokenizer/imm_reg[24]_i_96/O[0]
                         net (fo=3, routed)           0.498    29.139    tokenizer/imm_reg[24]_i_96_n_7
    SLICE_X39Y57         LUT2 (Prop_lut2_I1_O)        0.295    29.434 r  tokenizer/imm[17]_i_69/O
                         net (fo=1, routed)           0.000    29.434    tokenizer/imm[17]_i_69_n_0
    SLICE_X39Y57         CARRY4 (Prop_carry4_S[1]_O[1])
                                                      0.227    29.661 r  tokenizer/imm_reg[17]_i_30/O[1]
                         net (fo=1, routed)           0.499    30.160    tokenizer/imm_reg[17]_i_30_n_6
    SLICE_X42Y57         LUT6 (Prop_lut6_I5_O)        0.303    30.463 r  tokenizer/imm[18]_i_10/O
                         net (fo=1, routed)           0.161    30.624    tokenizer/imm[18]_i_10_n_0
    SLICE_X42Y57         LUT6 (Prop_lut6_I0_O)        0.124    30.748 r  tokenizer/imm[18]_i_7/O
                         net (fo=8, routed)           0.686    31.435    tokenizer/imm[18]_i_7_n_0
    SLICE_X40Y59         LUT4 (Prop_lut4_I0_O)        0.124    31.559 r  tokenizer/imm[22]_i_97/O
                         net (fo=1, routed)           0.000    31.559    tokenizer/imm[22]_i_97_n_0
    SLICE_X40Y59         CARRY4 (Prop_carry4_S[1]_O[1])
                                                      0.227    31.786 r  tokenizer/imm_reg[22]_i_48/O[1]
                         net (fo=3, routed)           0.451    32.236    tokenizer/imm_reg[22]_i_48_n_6
    SLICE_X44Y59         LUT2 (Prop_lut2_I1_O)        0.303    32.539 r  tokenizer/imm[20]_i_61/O
                         net (fo=1, routed)           0.000    32.539    tokenizer/imm[20]_i_61_n_0
    SLICE_X44Y59         CARRY4 (Prop_carry4_S[2]_O[2])
                                                      0.248    32.787 r  tokenizer/imm_reg[20]_i_18/O[2]
                         net (fo=4, routed)           1.246    34.033    tokenizer/imm_reg[20]_i_18_n_5
    SLICE_X36Y65         LUT3 (Prop_lut3_I0_O)        0.328    34.361 r  tokenizer/imm[28]_i_178/O
                         net (fo=2, routed)           0.317    34.678    tokenizer/imm[28]_i_178_n_0
    SLICE_X39Y65         LUT6 (Prop_lut6_I0_O)        0.326    35.004 r  tokenizer/imm[28]_i_182/O
                         net (fo=1, routed)           0.000    35.004    tokenizer/imm[28]_i_182_n_0
    SLICE_X39Y65         CARRY4 (Prop_carry4_S[2]_O[2])
                                                      0.248    35.252 r  tokenizer/imm_reg[28]_i_104/O[2]
                         net (fo=3, routed)           0.520    35.772    tokenizer/imm_reg[28]_i_104_n_5
    SLICE_X38Y65         LUT2 (Prop_lut2_I1_O)        0.302    36.074 r  tokenizer/imm[20]_i_65/O
                         net (fo=1, routed)           0.000    36.074    tokenizer/imm[20]_i_65_n_0
    SLICE_X38Y65         CARRY4 (Prop_carry4_S[3]_O[3])
                                                      0.255    36.329 r  tokenizer/imm_reg[20]_i_19/O[3]
                         net (fo=2, routed)           0.804    37.133    tokenizer/imm_reg[20]_i_19_n_4
    SLICE_X39Y73         LUT5 (Prop_lut5_I1_O)        0.307    37.440 r  tokenizer/imm[28]_i_185/O
                         net (fo=7, routed)           0.647    38.087    tokenizer/imm[28]_i_185_n_0
    SLICE_X40Y67         LUT2 (Prop_lut2_I0_O)        0.124    38.211 r  tokenizer/imm[28]_i_189/O
                         net (fo=1, routed)           0.000    38.211    tokenizer/imm[28]_i_189_n_0
    SLICE_X40Y67         CARRY4 (Prop_carry4_S[3]_CO[3])
                                                      0.401    38.612 r  tokenizer/imm_reg[28]_i_120/CO[3]
                         net (fo=1, routed)           0.000    38.612    tokenizer/imm_reg[28]_i_120_n_0
    SLICE_X40Y68         CARRY4 (Prop_carry4_CI_O[0])
                                                      0.222    38.834 r  tokenizer/imm_reg[28]_i_49/O[0]
                         net (fo=3, routed)           0.592    39.426    tokenizer/imm_reg[28]_i_49_n_7
    SLICE_X41Y68         LUT2 (Prop_lut2_I1_O)        0.299    39.725 r  tokenizer/imm[28]_i_123/O
                         net (fo=1, routed)           0.000    39.725    tokenizer/imm[28]_i_123_n_0
    SLICE_X41Y68         CARRY4 (Prop_carry4_S[1]_O[2])
                                                      0.580    40.305 r  tokenizer/imm_reg[28]_i_48/O[2]
                         net (fo=3, routed)           0.689    40.994    tokenizer/imm_reg[28]_i_48_n_5
    SLICE_X40Y74         LUT5 (Prop_lut5_I1_O)        0.302    41.296 r  tokenizer/imm[29]_i_66/O
                         net (fo=3, routed)           0.615    41.911    tokenizer/imm[29]_i_66_n_0
    SLICE_X45Y71         LUT4 (Prop_lut4_I0_O)        0.124    42.035 r  tokenizer/imm[29]_i_70/O
                         net (fo=1, routed)           0.000    42.035    tokenizer/imm[29]_i_70_n_0
    SLICE_X45Y71         CARRY4 (Prop_carry4_S[2]_O[2])
                                                      0.248    42.283 r  tokenizer/imm_reg[29]_i_42/O[2]
                         net (fo=3, routed)           0.521    42.803    tokenizer/imm_reg[29]_i_42_n_5
    SLICE_X44Y71         LUT2 (Prop_lut2_I1_O)        0.302    43.105 r  tokenizer/imm[24]_i_101/O
                         net (fo=1, routed)           0.000    43.105    tokenizer/imm[24]_i_101_n_0
    SLICE_X44Y71         CARRY4 (Prop_carry4_S[3]_O[3])
                                                      0.248    43.353 r  tokenizer/imm_reg[24]_i_62/O[3]
                         net (fo=2, routed)           0.705    44.058    tokenizer/imm_reg[24]_i_62_n_4
    SLICE_X38Y74         LUT6 (Prop_lut6_I4_O)        0.306    44.364 r  tokenizer/imm[28]_i_71/O
                         net (fo=3, routed)           0.696    45.060    tokenizer/imm[28]_i_71_n_0
    SLICE_X42Y71         CARRY4 (Prop_carry4_DI[3]_CO[3])
                                                      0.396    45.456 r  tokenizer/imm_reg[28]_i_24/CO[3]
                         net (fo=1, routed)           0.000    45.456    tokenizer/imm_reg[28]_i_24_n_0
    SLICE_X42Y72         CARRY4 (Prop_carry4_CI_O[0])
                                                      0.219    45.675 r  tokenizer/imm_reg[28]_i_23/O[0]
                         net (fo=3, routed)           0.592    46.266    tokenizer/imm_reg[28]_i_23_n_7
    SLICE_X43Y72         LUT2 (Prop_lut2_I1_O)        0.295    46.561 r  tokenizer/imm[28]_i_27/O
                         net (fo=1, routed)           0.000    46.561    tokenizer/imm[28]_i_27_n_0
    SLICE_X43Y72         CARRY4 (Prop_carry4_S[1]_O[2])
                                                      0.580    47.141 r  tokenizer/imm_reg[28]_i_7/O[2]
                         net (fo=1, routed)           0.590    47.731    tokenizer/imm_reg[28]_i_7_n_5
    SLICE_X42Y75         LUT5 (Prop_lut5_I4_O)        0.302    48.033 r  tokenizer/imm[27]_i_28/O
                         net (fo=1, routed)           0.420    48.454    tokenizer/imm[27]_i_28_n_0
    SLICE_X44Y76         LUT6 (Prop_lut6_I4_O)        0.124    48.578 r  tokenizer/imm[27]_i_7/O
                         net (fo=1, routed)           0.294    48.872    tokenizer/imm[27]_i_7_n_0
    SLICE_X45Y76         LUT6 (Prop_lut6_I5_O)        0.124    48.996 r  tokenizer/imm[27]_i_1/O
                         net (fo=1, routed)           0.000    48.996    operand_interpreter/imm_reg[31]_2[27]
    SLICE_X45Y76         FDRE                                         r  operand_interpreter/imm_reg[27]/D
  -------------------------------------------------------------------    -------------------

                         (clock sys_clk_pin rise edge)
                                                     50.000    50.000 r  <hidden>
    E3                                                0.000    50.000 r  CLK100MHZ
                         net (fo=0)                   0.000    50.000    CLK100MHZ
    E3                   IBUF (Prop_ibuf_I_O)         1.411    51.411 r  CLK100MHZ_IBUF_inst/O
                         net (fo=1, routed)           1.920    53.331    CLK100MHZ_IBUF
    BUFGCTRL_X0Y16       BUFG (Prop_bufg_I_O)         0.091    53.422 r  CLK100MHZ_IBUF_BUFG_inst/O
                         net (fo=2381, routed)        1.500    54.923    operand_interpreter/CLK100MHZ_IBUF_BUFG
    SLICE_X45Y76         FDRE                                         r  operand_interpreter/imm_reg[27]/C
                         clock pessimism              0.187    55.110    <hidden>
                         clock uncertainty           -0.035    55.074    <hidden>
    SLICE_X45Y76         FDRE (Setup_fdre_C_D)        0.029    55.103    operand_interpreter/imm_reg[27]
  -------------------------------------------------------------------
                         required time                         55.103    <hidden>
                         arrival time                         -48.996    <hidden>
  -------------------------------------------------------------------
                         slack                                  6.107    <hidden>

Slack (MET) :             6.199ns  (required time - arrival time)
  Source:                 tokenizer/token3_reg[89]/C
                            (rising edge-triggered cell FDRE clocked by sys_clk_pin  {rise@0.000ns fall@5.000ns period=50.000ns})
  Destination:            operand_interpreter/imm_reg[25]/D
                            (rising edge-triggered cell FDRE clocked by sys_clk_pin  {rise@0.000ns fall@5.000ns period=50.000ns})
  Path Group:             sys_clk_pin
  Path Type:              Setup (Max at Slow Process Corner)
  Requirement:            50.000ns  (sys_clk_pin rise@50.000ns - sys_clk_pin rise@0.000ns)
  Data Path Delay:        43.551ns  (logic 17.933ns (41.177%)  route 25.618ns (58.823%))
  Logic Levels:           65  (CARRY4=27 LUT2=13 LUT3=2 LUT4=10 LUT5=5 LUT6=8)
  Clock Path Skew:        -0.295ns (DCD - SCD + CPR)
    Destination Clock Delay (DCD):    4.921ns = ( 54.921 - 50.000 ) 
    Source Clock Delay      (SCD):    5.403ns
    Clock Pessimism Removal (CPR):    0.187ns
  Clock Uncertainty:      0.035ns  ((TSJ^2 + TIJ^2)^1/2 + DJ) / 2 + PE
    Total System Jitter     (TSJ):    0.071ns
    Total Input Jitter      (TIJ):    0.000ns
    Discrete Jitter          (DJ):    0.000ns
    Phase Error              (PE):    0.000ns

    Location             Delay type                Incr(ns)  Path(ns)    Netlist Resource(s)
  -------------------------------------------------------------------    -------------------
                         (clock sys_clk_pin rise edge)
                                                      0.000     0.000 r  <hidden>
    E3                                                0.000     0.000 r  CLK100MHZ
                         net (fo=0)                   0.000     0.000    CLK100MHZ
    E3                   IBUF (Prop_ibuf_I_O)         1.482     1.482 r  CLK100MHZ_IBUF_inst/O
                         net (fo=1, routed)           2.025     3.506    CLK100MHZ_IBUF
    BUFGCTRL_X0Y16       BUFG (Prop_bufg_I_O)         0.096     3.602 r  CLK100MHZ_IBUF_BUFG_inst/O
                         net (fo=2381, routed)        1.800     5.403    tokenizer/clk
    SLICE_X56Y48         FDRE                                         r  tokenizer/token3_reg[89]/C
  -------------------------------------------------------------------    -------------------
    SLICE_X56Y48         FDRE (Prop_fdre_C_Q)         0.518     5.921 r  tokenizer/token3_reg[89]/Q
                         net (fo=9, routed)           1.453     7.373    tokenizer/token3[89]
    SLICE_X62Y53         LUT5 (Prop_lut5_I0_O)        0.124     7.497 r  tokenizer/imm[31]_i_34/O
                         net (fo=2, routed)           0.843     8.340    tokenizer/imm[31]_i_34_n_0
    SLICE_X62Y53         LUT4 (Prop_lut4_I2_O)        0.152     8.492 r  tokenizer/imm[12]_i_118/O
                         net (fo=51, routed)          0.520     9.012    tokenizer/operand_interpreter/imm136_out
    SLICE_X64Y53         LUT2 (Prop_lut2_I0_O)        0.348     9.360 r  tokenizer/imm[4]_i_170/O
                         net (fo=1, routed)           0.000     9.360    tokenizer/imm[4]_i_170_n_0
    SLICE_X64Y53         CARRY4 (Prop_carry4_S[0]_O[0])
                                                      0.247     9.607 r  tokenizer/imm_reg[4]_i_138/O[0]
                         net (fo=2, routed)           0.613    10.220    tokenizer/imm_reg[4]_i_138_n_7
    SLICE_X65Y53         LUT2 (Prop_lut2_I0_O)        0.299    10.519 r  tokenizer/imm[4]_i_141/O
                         net (fo=1, routed)           0.000    10.519    tokenizer/imm[4]_i_141_n_0
    SLICE_X65Y53         CARRY4 (Prop_carry4_S[1]_O[1])
                                                      0.227    10.746 r  tokenizer/imm_reg[4]_i_92/O[1]
                         net (fo=5, routed)           0.547    11.292    tokenizer/imm_reg[4]_i_92_n_6
    SLICE_X63Y53         LUT4 (Prop_lut4_I2_O)        0.303    11.595 r  tokenizer/imm[12]_i_524/O
                         net (fo=1, routed)           0.473    12.068    tokenizer/imm[12]_i_524_n_0
    SLICE_X63Y54         CARRY4 (Prop_carry4_DI[1]_O[2])
                                                      0.537    12.605 r  tokenizer/imm_reg[12]_i_405/O[2]
                         net (fo=2, routed)           0.514    13.119    tokenizer/imm_reg[12]_i_405_n_5
    SLICE_X62Y54         LUT2 (Prop_lut2_I1_O)        0.302    13.421 r  tokenizer/imm[8]_i_188/O
                         net (fo=1, routed)           0.000    13.421    tokenizer/imm[8]_i_188_n_0
    SLICE_X62Y54         CARRY4 (Prop_carry4_S[3]_O[3])
                                                      0.255    13.676 r  tokenizer/imm_reg[8]_i_150/O[3]
                         net (fo=2, routed)           0.663    14.339    tokenizer/imm_reg[8]_i_150_n_4
    SLICE_X66Y56         LUT6 (Prop_lut6_I5_O)        0.307    14.646 r  tokenizer/imm[12]_i_424/O
                         net (fo=3, routed)           0.508    15.154    tokenizer/imm[12]_i_424_n_0
    SLICE_X64Y56         LUT2 (Prop_lut2_I0_O)        0.124    15.278 r  tokenizer/imm[12]_i_427/O
                         net (fo=1, routed)           0.000    15.278    tokenizer/imm[12]_i_427_n_0
    SLICE_X64Y56         CARRY4 (Prop_carry4_S[3]_O[3])
                                                      0.248    15.526 r  tokenizer/imm_reg[12]_i_281/O[3]
                         net (fo=2, routed)           0.449    15.974    tokenizer/imm_reg[12]_i_281_n_4
    SLICE_X67Y57         LUT3 (Prop_lut3_I2_O)        0.306    16.280 r  tokenizer/imm[8]_i_93/O
                         net (fo=1, routed)           0.000    16.280    tokenizer/imm[8]_i_93_n_0
    SLICE_X67Y57         CARRY4 (Prop_carry4_S[0]_O[0])
                                                      0.247    16.527 r  tokenizer/imm_reg[8]_i_38/O[0]
                         net (fo=8, routed)           0.743    17.270    tokenizer/imm_reg[8]_i_38_n_7
    SLICE_X69Y60         LUT4 (Prop_lut4_I2_O)        0.299    17.569 r  tokenizer/imm[16]_i_271/O
                         net (fo=1, routed)           0.000    17.569    tokenizer/imm[16]_i_271_n_0
    SLICE_X69Y60         CARRY4 (Prop_carry4_S[0]_O[0])
                                                      0.247    17.816 r  tokenizer/imm_reg[16]_i_176/O[0]
                         net (fo=4, routed)           0.566    18.382    tokenizer/imm_reg[16]_i_176_n_7
    SLICE_X65Y60         LUT4 (Prop_lut4_I1_O)        0.299    18.681 r  tokenizer/imm[8]_i_170/O
                         net (fo=1, routed)           0.000    18.681    tokenizer/imm[8]_i_170_n_0
    SLICE_X65Y60         CARRY4 (Prop_carry4_S[1]_O[1])
                                                      0.227    18.908 r  tokenizer/imm_reg[8]_i_85/O[1]
                         net (fo=2, routed)           0.465    19.374    tokenizer/imm_reg[8]_i_85_n_6
    SLICE_X68Y59         LUT5 (Prop_lut5_I4_O)        0.303    19.677 r  tokenizer/imm[12]_i_312/O
                         net (fo=7, routed)           0.741    20.417    tokenizer/imm[12]_i_312_n_0
    SLICE_X67Y65         LUT4 (Prop_lut4_I0_O)        0.124    20.541 r  tokenizer/imm[12]_i_316/O
                         net (fo=1, routed)           0.000    20.541    tokenizer/imm[12]_i_316_n_0
    SLICE_X67Y65         CARRY4 (Prop_carry4_S[1]_O[1])
                                                      0.227    20.768 r  tokenizer/imm_reg[12]_i_142/O[1]
                         net (fo=3, routed)           0.596    21.364    tokenizer/imm_reg[12]_i_142_n_6
    SLICE_X68Y65         LUT4 (Prop_lut4_I3_O)        0.303    21.667 r  tokenizer/imm[8]_i_119/O
                         net (fo=1, routed)           0.000    21.667    tokenizer/imm[8]_i_119_n_0
    SLICE_X68Y65         CARRY4 (Prop_carry4_S[2]_O[2])
                                                      0.248    21.915 r  tokenizer/imm_reg[8]_i_42/O[2]
                         net (fo=2, routed)           0.628    22.543    tokenizer/imm_reg[8]_i_42_n_5
    SLICE_X64Y62         LUT4 (Prop_lut4_I3_O)        0.302    22.845 r  tokenizer/imm[12]_i_431/O
                         net (fo=1, routed)           0.488    23.333    tokenizer/imm[12]_i_431_n_0
    SLICE_X64Y62         LUT6 (Prop_lut6_I1_O)        0.124    23.457 r  tokenizer/imm[12]_i_289/O
                         net (fo=3, routed)           0.636    24.094    tokenizer/imm[12]_i_289_n_0
    SLICE_X65Y67         LUT2 (Prop_lut2_I0_O)        0.124    24.218 r  tokenizer/imm[12]_i_293/O
                         net (fo=1, routed)           0.000    24.218    tokenizer/imm[12]_i_293_n_0
    SLICE_X65Y67         CARRY4 (Prop_carry4_S[2]_O[2])
                                                      0.248    24.466 r  tokenizer/imm_reg[12]_i_127/O[2]
                         net (fo=3, routed)           0.634    25.100    tokenizer/imm_reg[12]_i_127_n_5
    SLICE_X64Y67         LUT3 (Prop_lut3_I2_O)        0.302    25.402 r  tokenizer/imm[8]_i_97/O
                         net (fo=1, routed)           0.000    25.402    tokenizer/imm[8]_i_97_n_0
    SLICE_X64Y67         CARRY4 (Prop_carry4_S[3]_O[3])
                                                      0.248    25.650 r  tokenizer/imm_reg[8]_i_39/O[3]
                         net (fo=4, routed)           0.488    26.138    tokenizer/imm_reg[8]_i_39_n_4
    SLICE_X62Y69         LUT5 (Prop_lut5_I1_O)        0.306    26.444 r  tokenizer/imm[12]_i_296/O
                         net (fo=2, routed)           0.715    27.159    tokenizer/imm[12]_i_296_n_0
    SLICE_X61Y70         CARRY4 (Prop_carry4_DI[3]_CO[3])
                                                      0.385    27.544 r  tokenizer/imm_reg[12]_i_132/CO[3]
                         net (fo=1, routed)           0.000    27.544    tokenizer/imm_reg[12]_i_132_n_0
    SLICE_X61Y71         CARRY4 (Prop_carry4_CI_O[0])
                                                      0.222    27.766 r  tokenizer/imm_reg[20]_i_79/O[0]
                         net (fo=3, routed)           0.401    28.166    tokenizer/imm_reg[20]_i_79_n_7
    SLICE_X63Y71         LUT2 (Prop_lut2_I1_O)        0.299    28.465 r  tokenizer/imm[12]_i_135/O
                         net (fo=1, routed)           0.000    28.465    tokenizer/imm[12]_i_135_n_0
    SLICE_X63Y71         CARRY4 (Prop_carry4_S[1]_O[1])
                                                      0.227    28.692 r  tokenizer/imm_reg[12]_i_52/O[1]
                         net (fo=2, routed)           0.879    29.571    tokenizer/imm_reg[12]_i_52_n_6
    SLICE_X57Y67         LUT4 (Prop_lut4_I3_O)        0.303    29.874 r  tokenizer/imm[24]_i_149/O
                         net (fo=1, routed)           0.570    30.444    tokenizer/imm[24]_i_149_n_0
    SLICE_X59Y67         LUT6 (Prop_lut6_I1_O)        0.124    30.568 r  tokenizer/imm[24]_i_107/O
                         net (fo=3, routed)           0.780    31.348    tokenizer/imm[24]_i_107_n_0
    SLICE_X60Y72         LUT2 (Prop_lut2_I0_O)        0.124    31.472 r  tokenizer/imm[24]_i_111/O
                         net (fo=1, routed)           0.000    31.472    tokenizer/imm[24]_i_111_n_0
    SLICE_X60Y72         CARRY4 (Prop_carry4_S[1]_O[2])
                                                      0.578    32.050 r  tokenizer/imm_reg[24]_i_63/O[2]
                         net (fo=3, routed)           0.708    32.757    tokenizer/imm_reg[24]_i_63_n_5
    SLICE_X62Y72         LUT2 (Prop_lut2_I1_O)        0.301    33.058 r  tokenizer/imm[12]_i_138/O
                         net (fo=1, routed)           0.000    33.058    tokenizer/imm[12]_i_138_n_0
    SLICE_X62Y72         CARRY4 (Prop_carry4_S[3]_O[3])
                                                      0.255    33.313 r  tokenizer/imm_reg[12]_i_53/O[3]
                         net (fo=1, routed)           0.879    34.192    tokenizer/imm_reg[12]_i_53_n_4
    SLICE_X57Y66         LUT4 (Prop_lut4_I0_O)        0.307    34.499 r  tokenizer/imm[12]_i_18/O
                         net (fo=1, routed)           0.520    35.019    tokenizer/imm[12]_i_18_n_0
    SLICE_X56Y66         LUT6 (Prop_lut6_I5_O)        0.124    35.143 r  tokenizer/imm[12]_i_4/O
                         net (fo=10, routed)          0.787    35.930    tokenizer/imm[12]_i_4_n_0
    SLICE_X53Y72         LUT2 (Prop_lut2_I0_O)        0.124    36.054 r  tokenizer/imm[12]_i_106/O
                         net (fo=1, routed)           0.000    36.054    tokenizer/imm[12]_i_106_n_0
    SLICE_X53Y72         CARRY4 (Prop_carry4_S[3]_CO[3])
                                                      0.401    36.455 r  tokenizer/imm_reg[12]_i_39/CO[3]
                         net (fo=1, routed)           0.000    36.455    tokenizer/imm_reg[12]_i_39_n_0
    SLICE_X53Y73         CARRY4 (Prop_carry4_CI_O[1])
                                                      0.334    36.789 r  tokenizer/imm_reg[24]_i_40/O[1]
                         net (fo=3, routed)           0.510    37.300    tokenizer/imm_reg[24]_i_40_n_6
    SLICE_X52Y72         LUT2 (Prop_lut2_I1_O)        0.303    37.603 r  tokenizer/imm[24]_i_77/O
                         net (fo=1, routed)           0.000    37.603    tokenizer/imm[24]_i_77_n_0
    SLICE_X52Y72         CARRY4 (Prop_carry4_S[2]_O[3])
                                                      0.352    37.955 r  tokenizer/imm_reg[24]_i_39/O[3]
                         net (fo=1, routed)           0.629    38.584    tokenizer/imm_reg[24]_i_39_n_4
    SLICE_X51Y76         LUT5 (Prop_lut5_I4_O)        0.306    38.890 r  tokenizer/imm[16]_i_8/O
                         net (fo=3, routed)           0.427    39.317    tokenizer/imm[16]_i_8_n_0
    SLICE_X51Y76         LUT6 (Prop_lut6_I5_O)        0.124    39.441 r  tokenizer/imm[20]_i_98/O
                         net (fo=4, routed)           0.944    40.386    tokenizer/imm[20]_i_98_n_0
    SLICE_X50Y69         LUT2 (Prop_lut2_I0_O)        0.124    40.510 r  tokenizer/imm[20]_i_102/O
                         net (fo=1, routed)           0.000    40.510    tokenizer/imm[20]_i_102_n_0
    SLICE_X50Y69         CARRY4 (Prop_carry4_S[3]_CO[3])
                                                      0.376    40.886 r  tokenizer/imm_reg[20]_i_38/CO[3]
                         net (fo=1, routed)           0.000    40.886    tokenizer/imm_reg[20]_i_38_n_0
    SLICE_X50Y70         CARRY4 (Prop_carry4_CI_O[1])
                                                      0.323    41.209 r  tokenizer/imm_reg[22]_i_32/O[1]
                         net (fo=3, routed)           0.462    41.670    tokenizer/imm_reg[22]_i_32_n_6
    SLICE_X48Y70         LUT2 (Prop_lut2_I1_O)        0.306    41.976 r  tokenizer/imm[20]_i_40/O
                         net (fo=1, routed)           0.000    41.976    tokenizer/imm[20]_i_40_n_0
    SLICE_X48Y70         CARRY4 (Prop_carry4_S[2]_CO[3])
                                                      0.398    42.374 r  tokenizer/imm_reg[20]_i_13/CO[3]
                         net (fo=1, routed)           0.000    42.374    tokenizer/imm_reg[20]_i_13_n_0
    SLICE_X48Y71         CARRY4 (Prop_carry4_CI_O[1])
                                                      0.334    42.708 r  tokenizer/imm_reg[22]_i_15/O[1]
                         net (fo=4, routed)           0.711    43.419    tokenizer/imm_reg[22]_i_15_n_6
    SLICE_X51Y75         LUT4 (Prop_lut4_I0_O)        0.303    43.722 r  tokenizer/imm[28]_i_173/O
                         net (fo=1, routed)           0.441    44.163    tokenizer/imm[28]_i_173_n_0
    SLICE_X54Y75         LUT6 (Prop_lut6_I0_O)        0.124    44.287 r  tokenizer/imm[28]_i_98/O
                         net (fo=1, routed)           0.690    44.977    tokenizer/imm[28]_i_98_n_0
    SLICE_X49Y72         CARRY4 (Prop_carry4_DI[1]_O[2])
                                                      0.537    45.514 r  tokenizer/imm_reg[28]_i_36/O[2]
                         net (fo=3, routed)           0.508    46.022    tokenizer/imm_reg[28]_i_36_n_5
    SLICE_X46Y72         LUT2 (Prop_lut2_I1_O)        0.302    46.324 r  tokenizer/imm[22]_i_38/O
                         net (fo=1, routed)           0.000    46.324    tokenizer/imm[22]_i_38_n_0
    SLICE_X46Y72         CARRY4 (Prop_carry4_S[3]_CO[3])
                                                      0.376    46.700 r  tokenizer/imm_reg[22]_i_16/CO[3]
                         net (fo=1, routed)           0.000    46.700    tokenizer/imm_reg[22]_i_16_n_0
    SLICE_X46Y73         CARRY4 (Prop_carry4_CI_O[0])
                                                      0.219    46.919 r  tokenizer/imm_reg[28]_i_15/O[0]
                         net (fo=1, routed)           0.488    47.407    tokenizer/imm_reg[28]_i_15_n_7
    SLICE_X46Y76         LUT5 (Prop_lut5_I2_O)        0.295    47.702 r  tokenizer/imm[25]_i_5/O
                         net (fo=1, routed)           0.559    48.261    tokenizer/imm[25]_i_5_n_0
    SLICE_X43Y76         LUT6 (Prop_lut6_I0_O)        0.124    48.385 r  tokenizer/imm[25]_i_3/O
                         net (fo=1, routed)           0.445    48.830    tokenizer/imm[25]_i_3_n_0
    SLICE_X46Y76         LUT6 (Prop_lut6_I5_O)        0.124    48.954 r  tokenizer/imm[25]_i_1/O
                         net (fo=1, routed)           0.000    48.954    operand_interpreter/imm_reg[31]_2[25]
    SLICE_X46Y76         FDRE                                         r  operand_interpreter/imm_reg[25]/D
  -------------------------------------------------------------------    -------------------

                         (clock sys_clk_pin rise edge)
                                                     50.000    50.000 r  <hidden>
    E3                                                0.000    50.000 r  CLK100MHZ
                         net (fo=0)                   0.000    50.000    CLK100MHZ
    E3                   IBUF (Prop_ibuf_I_O)         1.411    51.411 r  CLK100MHZ_IBUF_inst/O
                         net (fo=1, routed)           1.920    53.331    CLK100MHZ_IBUF
    BUFGCTRL_X0Y16       BUFG (Prop_bufg_I_O)         0.091    53.422 r  CLK100MHZ_IBUF_BUFG_inst/O
                         net (fo=2381, routed)        1.498    54.921    operand_interpreter/CLK100MHZ_IBUF_BUFG
    SLICE_X46Y76         FDRE                                         r  operand_interpreter/imm_reg[25]/C
                         clock pessimism              0.187    55.108    <hidden>
                         clock uncertainty           -0.035    55.072    <hidden>
    SLICE_X46Y76         FDRE (Setup_fdre_C_D)        0.081    55.153    operand_interpreter/imm_reg[25]
  -------------------------------------------------------------------
                         required time                         55.153    <hidden>
                         arrival time                         -48.954    <hidden>
  -------------------------------------------------------------------
                         slack                                  6.199    <hidden>

Slack (MET) :             6.297ns  (required time - arrival time)
  Source:                 tokenizer/token3_reg[87]/C
                            (rising edge-triggered cell FDRE clocked by sys_clk_pin  {rise@0.000ns fall@5.000ns period=50.000ns})
  Destination:            operand_interpreter/imm_reg[30]/D
                            (rising edge-triggered cell FDRE clocked by sys_clk_pin  {rise@0.000ns fall@5.000ns period=50.000ns})
  Path Group:             sys_clk_pin
  Path Type:              Setup (Max at Slow Process Corner)
  Requirement:            50.000ns  (sys_clk_pin rise@50.000ns - sys_clk_pin rise@0.000ns)
  Data Path Delay:        43.402ns  (logic 19.383ns (44.659%)  route 24.019ns (55.341%))
  Logic Levels:           65  (CARRY4=29 LUT1=1 LUT2=11 LUT3=3 LUT4=6 LUT5=7 LUT6=8)
  Clock Path Skew:        -0.294ns (DCD - SCD + CPR)
    Destination Clock Delay (DCD):    4.921ns = ( 54.921 - 50.000 ) 
    Source Clock Delay      (SCD):    5.402ns
    Clock Pessimism Removal (CPR):    0.187ns
  Clock Uncertainty:      0.035ns  ((TSJ^2 + TIJ^2)^1/2 + DJ) / 2 + PE
    Total System Jitter     (TSJ):    0.071ns
    Total Input Jitter      (TIJ):    0.000ns
    Discrete Jitter          (DJ):    0.000ns
    Phase Error              (PE):    0.000ns

    Location             Delay type                Incr(ns)  Path(ns)    Netlist Resource(s)
  -------------------------------------------------------------------    -------------------
                         (clock sys_clk_pin rise edge)
                                                      0.000     0.000 r  <hidden>
    E3                                                0.000     0.000 r  CLK100MHZ
                         net (fo=0)                   0.000     0.000    CLK100MHZ
    E3                   IBUF (Prop_ibuf_I_O)         1.482     1.482 r  CLK100MHZ_IBUF_inst/O
                         net (fo=1, routed)           2.025     3.506    CLK100MHZ_IBUF
    BUFGCTRL_X0Y16       BUFG (Prop_bufg_I_O)         0.096     3.602 r  CLK100MHZ_IBUF_BUFG_inst/O
                         net (fo=2381, routed)        1.799     5.402    tokenizer/clk
    SLICE_X52Y49         FDRE                                         r  tokenizer/token3_reg[87]/C
  -------------------------------------------------------------------    -------------------
    SLICE_X52Y49         FDRE (Prop_fdre_C_Q)         0.456     5.858 r  tokenizer/token3_reg[87]/Q
                         net (fo=18, routed)          1.357     7.215    tokenizer/token3[87]
    SLICE_X62Y52         LUT6 (Prop_lut6_I2_O)        0.124     7.339 r  tokenizer/imm[12]_i_272/O
                         net (fo=1, routed)           0.171     7.510    tokenizer/imm[12]_i_272_n_0
    SLICE_X62Y52         LUT3 (Prop_lut3_I1_O)        0.124     7.634 r  tokenizer/imm[12]_i_117/O
                         net (fo=97, routed)          0.603     8.236    tokenizer/operand_interpreter/imm139_out
    SLICE_X60Y53         LUT2 (Prop_lut2_I0_O)        0.124     8.360 r  tokenizer/imm[0]_i_313/O
                         net (fo=1, routed)           0.000     8.360    tokenizer/imm[0]_i_313_n_0
    SLICE_X60Y53         CARRY4 (Prop_carry4_S[0]_O[0])
                                                      0.252     8.612 r  tokenizer/imm_reg[0]_i_229/O[0]
                         net (fo=2, routed)           0.592     9.204    tokenizer/imm_reg[0]_i_229_n_7
    SLICE_X61Y53         LUT2 (Prop_lut2_I0_O)        0.295     9.499 r  tokenizer/imm[0]_i_232/O
                         net (fo=1, routed)           0.000     9.499    tokenizer/imm[0]_i_232_n_0
    SLICE_X61Y53         CARRY4 (Prop_carry4_S[1]_O[1])
                                                      0.227     9.726 r  tokenizer/imm_reg[0]_i_141/O[1]
                         net (fo=5, routed)           0.445    10.171    tokenizer/imm_reg[0]_i_141_n_6
    SLICE_X59Y52         LUT4 (Prop_lut4_I0_O)        0.303    10.474 r  tokenizer/imm[0]_i_316/O
                         net (fo=1, routed)           0.546    11.020    tokenizer/imm[0]_i_316_n_0
    SLICE_X58Y53         CARRY4 (Prop_carry4_DI[1]_O[2])
                                                      0.547    11.567 r  tokenizer/imm_reg[0]_i_234/O[2]
                         net (fo=2, routed)           0.422    11.990    tokenizer/imm_reg[0]_i_234_n_5
    SLICE_X59Y53         LUT2 (Prop_lut2_I1_O)        0.301    12.291 r  tokenizer/imm[0]_i_235/O
                         net (fo=1, routed)           0.000    12.291    tokenizer/imm[0]_i_235_n_0
    SLICE_X59Y53         CARRY4 (Prop_carry4_S[3]_O[3])
                                                      0.248    12.539 r  tokenizer/imm_reg[0]_i_142/O[3]
                         net (fo=2, routed)           0.657    13.195    tokenizer/imm_reg[0]_i_142_n_4
    SLICE_X60Y56         LUT6 (Prop_lut6_I2_O)        0.306    13.501 r  tokenizer/imm[0]_i_222/O
                         net (fo=3, routed)           0.582    14.084    tokenizer/imm[0]_i_222_n_0
    SLICE_X58Y57         LUT2 (Prop_lut2_I0_O)        0.124    14.208 r  tokenizer/imm[0]_i_225/O
                         net (fo=1, routed)           0.000    14.208    tokenizer/imm[0]_i_225_n_0
    SLICE_X58Y57         CARRY4 (Prop_carry4_S[3]_CO[3])
                                                      0.376    14.584 r  tokenizer/imm_reg[0]_i_136/CO[3]
                         net (fo=1, routed)           0.000    14.584    tokenizer/imm_reg[0]_i_136_n_0
    SLICE_X58Y58         CARRY4 (Prop_carry4_CI_O[0])
                                                      0.219    14.803 r  tokenizer/imm_reg[12]_i_623/O[0]
                         net (fo=4, routed)           0.773    15.575    tokenizer/imm_reg[12]_i_623_n_7
    SLICE_X54Y58         LUT4 (Prop_lut4_I1_O)        0.295    15.870 r  tokenizer/imm[12]_i_660/O
                         net (fo=1, routed)           0.000    15.870    tokenizer/imm[12]_i_660_n_0
    SLICE_X54Y58         CARRY4 (Prop_carry4_S[1]_O[1])
                                                      0.230    16.100 r  tokenizer/imm_reg[12]_i_561/O[1]
                         net (fo=2, routed)           0.568    16.668    tokenizer/imm_reg[12]_i_561_n_6
    SLICE_X55Y56         LUT5 (Prop_lut5_I0_O)        0.306    16.974 r  tokenizer/imm[12]_i_804/O
                         net (fo=3, routed)           0.344    17.318    tokenizer/imm[12]_i_804_n_0
    SLICE_X56Y56         LUT5 (Prop_lut5_I0_O)        0.124    17.442 r  tokenizer/imm[12]_i_745/O
                         net (fo=1, routed)           0.474    17.916    tokenizer/imm[12]_i_745_n_0
    SLICE_X57Y59         CARRY4 (Prop_carry4_DI[1]_O[2])
                                                      0.537    18.453 r  tokenizer/imm_reg[12]_i_617/O[2]
                         net (fo=3, routed)           0.639    19.092    tokenizer/imm_reg[12]_i_617_n_5
    SLICE_X56Y59         LUT3 (Prop_lut3_I2_O)        0.302    19.394 r  tokenizer/imm[8]_i_245/O
                         net (fo=1, routed)           0.000    19.394    tokenizer/imm[8]_i_245_n_0
    SLICE_X56Y59         CARRY4 (Prop_carry4_S[3]_CO[3])
                                                      0.376    19.770 r  tokenizer/imm_reg[8]_i_222/CO[3]
                         net (fo=1, routed)           0.000    19.770    tokenizer/imm_reg[8]_i_222_n_0
    SLICE_X56Y60         CARRY4 (Prop_carry4_CI_O[1])
                                                      0.323    20.093 r  tokenizer/imm_reg[12]_i_543/O[1]
                         net (fo=1, routed)           0.446    20.538    tokenizer/imm_reg[12]_i_543_n_6
    SLICE_X55Y58         LUT6 (Prop_lut6_I0_O)        0.306    20.844 r  tokenizer/imm[12]_i_548/O
                         net (fo=10, routed)          0.813    21.658    tokenizer/imm[12]_i_548_n_0
    SLICE_X61Y61         LUT2 (Prop_lut2_I0_O)        0.124    21.782 r  tokenizer/imm[12]_i_638/O
                         net (fo=1, routed)           0.000    21.782    tokenizer/imm[12]_i_638_n_0
    SLICE_X61Y61         CARRY4 (Prop_carry4_S[1]_O[2])
                                                      0.580    22.362 r  tokenizer/imm_reg[12]_i_550/O[2]
                         net (fo=3, routed)           0.663    23.024    tokenizer/imm_reg[12]_i_550_n_5
    SLICE_X63Y61         LUT2 (Prop_lut2_I1_O)        0.302    23.326 r  tokenizer/imm[12]_i_552/O
                         net (fo=1, routed)           0.000    23.326    tokenizer/imm[12]_i_552_n_0
    SLICE_X63Y61         CARRY4 (Prop_carry4_S[3]_CO[3])
                                                      0.401    23.727 r  tokenizer/imm_reg[12]_i_460/CO[3]
                         net (fo=1, routed)           0.000    23.727    tokenizer/imm_reg[12]_i_460_n_0
    SLICE_X63Y62         CARRY4 (Prop_carry4_CI_O[0])
                                                      0.222    23.949 r  tokenizer/imm_reg[24]_i_378/O[0]
                         net (fo=1, routed)           0.733    24.682    tokenizer/imm_reg[24]_i_378_n_7
    SLICE_X60Y58         LUT6 (Prop_lut6_I5_O)        0.299    24.981 r  tokenizer/imm[12]_i_531/O
                         net (fo=1, routed)           0.452    25.433    tokenizer/imm[12]_i_531_n_0
    SLICE_X60Y58         LUT6 (Prop_lut6_I0_O)        0.124    25.557 r  tokenizer/imm[12]_i_438/O
                         net (fo=6, routed)           0.836    26.393    tokenizer/imm[12]_i_438_n_0
    SLICE_X60Y63         LUT4 (Prop_lut4_I0_O)        0.124    26.517 r  tokenizer/imm[20]_i_342/O
                         net (fo=1, routed)           0.000    26.517    tokenizer/imm[20]_i_342_n_0
    SLICE_X60Y63         CARRY4 (Prop_carry4_S[0]_O[0])
                                                      0.252    26.769 r  tokenizer/imm_reg[20]_i_271/O[0]
                         net (fo=3, routed)           0.555    27.324    tokenizer/imm_reg[20]_i_271_n_7
    SLICE_X66Y63         LUT2 (Prop_lut2_I1_O)        0.295    27.619 r  tokenizer/imm[20]_i_297/O
                         net (fo=1, routed)           0.000    27.619    tokenizer/imm[20]_i_297_n_0
    SLICE_X66Y63         CARRY4 (Prop_carry4_S[1]_O[1])
                                                      0.230    27.849 r  tokenizer/imm_reg[20]_i_254/O[1]
                         net (fo=3, routed)           1.142    28.992    tokenizer/imm_reg[20]_i_254_n_6
    SLICE_X58Y62         LUT3 (Prop_lut3_I0_O)        0.330    29.322 r  tokenizer/imm[24]_i_372/O
                         net (fo=2, routed)           0.702    30.023    tokenizer/imm[24]_i_372_n_0
    SLICE_X59Y62         LUT6 (Prop_lut6_I0_O)        0.328    30.351 r  tokenizer/imm[24]_i_376/O
                         net (fo=1, routed)           0.000    30.351    tokenizer/imm[24]_i_376_n_0
    SLICE_X59Y62         CARRY4 (Prop_carry4_S[1]_O[2])
                                                      0.580    30.931 r  tokenizer/imm_reg[24]_i_299/O[2]
                         net (fo=3, routed)           0.714    31.645    tokenizer/imm_reg[24]_i_299_n_5
    SLICE_X62Y63         LUT2 (Prop_lut2_I1_O)        0.302    31.947 r  tokenizer/imm[20]_i_301/O
                         net (fo=1, routed)           0.000    31.947    tokenizer/imm[20]_i_301_n_0
    SLICE_X62Y63         CARRY4 (Prop_carry4_S[3]_CO[3])
                                                      0.376    32.323 r  tokenizer/imm_reg[20]_i_255/CO[3]
                         net (fo=1, routed)           0.000    32.323    tokenizer/imm_reg[20]_i_255_n_0
    SLICE_X62Y64         CARRY4 (Prop_carry4_CI_O[0])
                                                      0.219    32.542 r  tokenizer/imm_reg[24]_i_219/O[0]
                         net (fo=1, routed)           0.821    33.364    tokenizer/imm_reg[24]_i_219_n_7
    SLICE_X58Y64         LUT5 (Prop_lut5_I1_O)        0.321    33.685 r  tokenizer/imm[20]_i_207/O
                         net (fo=10, routed)          0.920    34.604    tokenizer/imm[20]_i_207_n_0
    SLICE_X58Y70         CARRY4 (Prop_carry4_DI[0]_O[2])
                                                      0.783    35.387 r  tokenizer/imm_reg[27]_i_114/O[2]
                         net (fo=3, routed)           0.596    35.984    tokenizer/imm_reg[27]_i_114_n_5
    SLICE_X59Y72         LUT2 (Prop_lut2_I1_O)        0.301    36.285 r  tokenizer/imm[20]_i_242/O
                         net (fo=1, routed)           0.000    36.285    tokenizer/imm[20]_i_242_n_0
    SLICE_X59Y72         CARRY4 (Prop_carry4_S[3]_CO[3])
                                                      0.401    36.686 r  tokenizer/imm_reg[20]_i_205/CO[3]
                         net (fo=1, routed)           0.000    36.686    tokenizer/imm_reg[20]_i_205_n_0
    SLICE_X59Y73         CARRY4 (Prop_carry4_CI_O[1])
                                                      0.334    37.020 r  tokenizer/imm_reg[27]_i_91/O[1]
                         net (fo=1, routed)           0.446    37.466    tokenizer/imm_reg[27]_i_91_n_6
    SLICE_X57Y74         LUT5 (Prop_lut5_I1_O)        0.303    37.769 r  tokenizer/imm[24]_i_153/O
                         net (fo=9, routed)           0.545    38.314    tokenizer/imm[24]_i_153_n_0
    SLICE_X56Y72         LUT2 (Prop_lut2_I0_O)        0.124    38.438 r  tokenizer/imm[24]_i_264/O
                         net (fo=1, routed)           0.000    38.438    tokenizer/imm[24]_i_264_n_0
    SLICE_X56Y72         CARRY4 (Prop_carry4_S[1]_O[2])
                                                      0.578    39.016 r  tokenizer/imm_reg[24]_i_187/O[2]
                         net (fo=3, routed)           0.620    39.635    tokenizer/imm_reg[24]_i_187_n_5
    SLICE_X55Y71         LUT2 (Prop_lut2_I1_O)        0.301    39.936 r  tokenizer/imm[24]_i_189/O
                         net (fo=1, routed)           0.000    39.936    tokenizer/imm[24]_i_189_n_0
    SLICE_X55Y71         CARRY4 (Prop_carry4_S[3]_O[3])
                                                      0.248    40.184 r  tokenizer/imm_reg[24]_i_151/O[3]
                         net (fo=3, routed)           0.581    40.765    tokenizer/operand_interpreter/imm0_dspDelayedAccum[24]
    SLICE_X54Y73         LUT5 (Prop_lut5_I1_O)        0.306    41.071 r  tokenizer/imm[24]_i_193/O
                         net (fo=3, routed)           0.475    41.547    tokenizer/imm[24]_i_193_n_0
    SLICE_X54Y70         LUT4 (Prop_lut4_I0_O)        0.124    41.671 r  tokenizer/imm[24]_i_197/O
                         net (fo=1, routed)           0.000    41.671    tokenizer/imm[24]_i_197_n_0
    SLICE_X54Y70         CARRY4 (Prop_carry4_S[3]_CO[3])
                                                      0.376    42.047 r  tokenizer/imm_reg[24]_i_152/CO[3]
                         net (fo=1, routed)           0.000    42.047    tokenizer/imm_reg[24]_i_152_n_0
    SLICE_X54Y71         CARRY4 (Prop_carry4_CI_O[0])
                                                      0.219    42.266 r  tokenizer/imm_reg[31]_i_300/O[0]
                         net (fo=2, routed)           0.569    42.835    tokenizer/operand_interpreter/imm1[26]
    SLICE_X57Y73         LUT4 (Prop_lut4_I3_O)        0.295    43.130 r  tokenizer/imm[27]_i_87/O
                         net (fo=1, routed)           0.402    43.532    tokenizer/imm[27]_i_87_n_0
    SLICE_X57Y73         LUT5 (Prop_lut5_I1_O)        0.124    43.656 r  tokenizer/imm[27]_i_71/O
                         net (fo=2, routed)           0.719    44.375    tokenizer/operand_interpreter/p_1_in[26]
    SLICE_X51Y71         LUT6 (Prop_lut6_I0_O)        0.124    44.499 r  tokenizer/imm[27]_i_75/O
                         net (fo=1, routed)           0.000    44.499    tokenizer/imm[27]_i_75_n_0
    SLICE_X51Y71         CARRY4 (Prop_carry4_S[3]_CO[3])
                                                      0.401    44.900 r  tokenizer/imm_reg[27]_i_67/CO[3]
                         net (fo=1, routed)           0.000    44.900    tokenizer/imm_reg[27]_i_67_n_0
    SLICE_X51Y72         CARRY4 (Prop_carry4_CI_O[0])
                                                      0.222    45.122 f  tokenizer/imm_reg[31]_i_130/O[0]
                         net (fo=1, routed)           0.561    45.682    tokenizer/operand_interpreter/lDadR4dsP_dspDelayedAccum[28]
    SLICE_X47Y71         LUT1 (Prop_lut1_I0_O)        0.299    45.981 r  tokenizer/imm[27]_i_55/O
                         net (fo=1, routed)           0.000    45.981    tokenizer/imm[27]_i_55_n_0
    SLICE_X47Y71         CARRY4 (Prop_carry4_S[3]_CO[3])
                                                      0.401    46.382 r  tokenizer/imm_reg[27]_i_22/CO[3]
                         net (fo=1, routed)           0.000    46.382    tokenizer/imm_reg[27]_i_22_n_0
    SLICE_X47Y72         CARRY4 (Prop_carry4_CI_O[1])
                                                      0.334    46.716 r  tokenizer/imm_reg[31]_i_25/O[1]
                         net (fo=1, routed)           0.621    47.337    tokenizer/operand_interpreter/data0[30]
    SLICE_X40Y74         LUT4 (Prop_lut4_I3_O)        0.303    47.640 r  tokenizer/imm[30]_i_10/O
                         net (fo=1, routed)           0.575    48.215    tokenizer/imm[30]_i_10_n_0
    SLICE_X43Y74         LUT5 (Prop_lut5_I4_O)        0.124    48.339 r  tokenizer/imm[30]_i_2/O
                         net (fo=1, routed)           0.341    48.680    tokenizer/imm[30]_i_2_n_0
    SLICE_X44Y75         LUT6 (Prop_lut6_I0_O)        0.124    48.804 r  tokenizer/imm[30]_i_1/O
                         net (fo=1, routed)           0.000    48.804    operand_interpreter/imm_reg[31]_2[30]
    SLICE_X44Y75         FDRE                                         r  operand_interpreter/imm_reg[30]/D
  -------------------------------------------------------------------    -------------------

                         (clock sys_clk_pin rise edge)
                                                     50.000    50.000 r  <hidden>
    E3                                                0.000    50.000 r  CLK100MHZ
                         net (fo=0)                   0.000    50.000    CLK100MHZ
    E3                   IBUF (Prop_ibuf_I_O)         1.411    51.411 r  CLK100MHZ_IBUF_inst/O
                         net (fo=1, routed)           1.920    53.331    CLK100MHZ_IBUF
    BUFGCTRL_X0Y16       BUFG (Prop_bufg_I_O)         0.091    53.422 r  CLK100MHZ_IBUF_BUFG_inst/O
                         net (fo=2381, routed)        1.498    54.921    operand_interpreter/CLK100MHZ_IBUF_BUFG
    SLICE_X44Y75         FDRE                                         r  operand_interpreter/imm_reg[30]/C
                         clock pessimism              0.187    55.108    <hidden>
                         clock uncertainty           -0.035    55.072    <hidden>
    SLICE_X44Y75         FDRE (Setup_fdre_C_D)        0.029    55.101    operand_interpreter/imm_reg[30]
  -------------------------------------------------------------------
                         required time                         55.101    <hidden>
                         arrival time                         -48.804    <hidden>
  -------------------------------------------------------------------
                         slack                                  6.297    <hidden>

Slack (MET) :             6.475ns  (required time - arrival time)
  Source:                 tokenizer/token3_reg[89]/C
                            (rising edge-triggered cell FDRE clocked by sys_clk_pin  {rise@0.000ns fall@5.000ns period=50.000ns})
  Destination:            operand_interpreter/imm_reg[24]/D
                            (rising edge-triggered cell FDRE clocked by sys_clk_pin  {rise@0.000ns fall@5.000ns period=50.000ns})
  Path Group:             sys_clk_pin
  Path Type:              Setup (Max at Slow Process Corner)
  Requirement:            50.000ns  (sys_clk_pin rise@50.000ns - sys_clk_pin rise@0.000ns)
  Data Path Delay:        43.223ns  (logic 17.605ns (40.730%)  route 25.618ns (59.270%))
  Logic Levels:           64  (CARRY4=26 LUT2=13 LUT3=2 LUT4=10 LUT5=5 LUT6=8)
  Clock Path Skew:        -0.297ns (DCD - SCD + CPR)
    Destination Clock Delay (DCD):    4.919ns = ( 54.919 - 50.000 ) 
    Source Clock Delay      (SCD):    5.403ns
    Clock Pessimism Removal (CPR):    0.187ns
  Clock Uncertainty:      0.035ns  ((TSJ^2 + TIJ^2)^1/2 + DJ) / 2 + PE
    Total System Jitter     (TSJ):    0.071ns
    Total Input Jitter      (TIJ):    0.000ns
    Discrete Jitter          (DJ):    0.000ns
    Phase Error              (PE):    0.000ns

    Location             Delay type                Incr(ns)  Path(ns)    Netlist Resource(s)
  -------------------------------------------------------------------    -------------------
                         (clock sys_clk_pin rise edge)
                                                      0.000     0.000 r  <hidden>
    E3                                                0.000     0.000 r  CLK100MHZ
                         net (fo=0)                   0.000     0.000    CLK100MHZ
    E3                   IBUF (Prop_ibuf_I_O)         1.482     1.482 r  CLK100MHZ_IBUF_inst/O
                         net (fo=1, routed)           2.025     3.506    CLK100MHZ_IBUF
    BUFGCTRL_X0Y16       BUFG (Prop_bufg_I_O)         0.096     3.602 r  CLK100MHZ_IBUF_BUFG_inst/O
                         net (fo=2381, routed)        1.800     5.403    tokenizer/clk
    SLICE_X56Y48         FDRE                                         r  tokenizer/token3_reg[89]/C
  -------------------------------------------------------------------    -------------------
    SLICE_X56Y48         FDRE (Prop_fdre_C_Q)         0.518     5.921 r  tokenizer/token3_reg[89]/Q
                         net (fo=9, routed)           1.453     7.373    tokenizer/token3[89]
    SLICE_X62Y53         LUT5 (Prop_lut5_I0_O)        0.124     7.497 r  tokenizer/imm[31]_i_34/O
                         net (fo=2, routed)           0.843     8.340    tokenizer/imm[31]_i_34_n_0
    SLICE_X62Y53         LUT4 (Prop_lut4_I2_O)        0.152     8.492 r  tokenizer/imm[12]_i_118/O
                         net (fo=51, routed)          0.520     9.012    tokenizer/operand_interpreter/imm136_out
    SLICE_X64Y53         LUT2 (Prop_lut2_I0_O)        0.348     9.360 r  tokenizer/imm[4]_i_170/O
                         net (fo=1, routed)           0.000     9.360    tokenizer/imm[4]_i_170_n_0
    SLICE_X64Y53         CARRY4 (Prop_carry4_S[0]_O[0])
                                                      0.247     9.607 r  tokenizer/imm_reg[4]_i_138/O[0]
                         net (fo=2, routed)           0.613    10.220    tokenizer/imm_reg[4]_i_138_n_7
    SLICE_X65Y53         LUT2 (Prop_lut2_I0_O)        0.299    10.519 r  tokenizer/imm[4]_i_141/O
                         net (fo=1, routed)           0.000    10.519    tokenizer/imm[4]_i_141_n_0
    SLICE_X65Y53         CARRY4 (Prop_carry4_S[1]_O[1])
                                                      0.227    10.746 r  tokenizer/imm_reg[4]_i_92/O[1]
                         net (fo=5, routed)           0.547    11.292    tokenizer/imm_reg[4]_i_92_n_6
    SLICE_X63Y53         LUT4 (Prop_lut4_I2_O)        0.303    11.595 r  tokenizer/imm[12]_i_524/O
                         net (fo=1, routed)           0.473    12.068    tokenizer/imm[12]_i_524_n_0
    SLICE_X63Y54         CARRY4 (Prop_carry4_DI[1]_O[2])
                                                      0.537    12.605 r  tokenizer/imm_reg[12]_i_405/O[2]
                         net (fo=2, routed)           0.514    13.119    tokenizer/imm_reg[12]_i_405_n_5
    SLICE_X62Y54         LUT2 (Prop_lut2_I1_O)        0.302    13.421 r  tokenizer/imm[8]_i_188/O
                         net (fo=1, routed)           0.000    13.421    tokenizer/imm[8]_i_188_n_0
    SLICE_X62Y54         CARRY4 (Prop_carry4_S[3]_O[3])
                                                      0.255    13.676 r  tokenizer/imm_reg[8]_i_150/O[3]
                         net (fo=2, routed)           0.663    14.339    tokenizer/imm_reg[8]_i_150_n_4
    SLICE_X66Y56         LUT6 (Prop_lut6_I5_O)        0.307    14.646 r  tokenizer/imm[12]_i_424/O
                         net (fo=3, routed)           0.508    15.154    tokenizer/imm[12]_i_424_n_0
    SLICE_X64Y56         LUT2 (Prop_lut2_I0_O)        0.124    15.278 r  tokenizer/imm[12]_i_427/O
                         net (fo=1, routed)           0.000    15.278    tokenizer/imm[12]_i_427_n_0
    SLICE_X64Y56         CARRY4 (Prop_carry4_S[3]_O[3])
                                                      0.248    15.526 r  tokenizer/imm_reg[12]_i_281/O[3]
                         net (fo=2, routed)           0.449    15.974    tokenizer/imm_reg[12]_i_281_n_4
    SLICE_X67Y57         LUT3 (Prop_lut3_I2_O)        0.306    16.280 r  tokenizer/imm[8]_i_93/O
                         net (fo=1, routed)           0.000    16.280    tokenizer/imm[8]_i_93_n_0
    SLICE_X67Y57         CARRY4 (Prop_carry4_S[0]_O[0])
                                                      0.247    16.527 r  tokenizer/imm_reg[8]_i_38/O[0]
                         net (fo=8, routed)           0.743    17.270    tokenizer/imm_reg[8]_i_38_n_7
    SLICE_X69Y60         LUT4 (Prop_lut4_I2_O)        0.299    17.569 r  tokenizer/imm[16]_i_271/O
                         net (fo=1, routed)           0.000    17.569    tokenizer/imm[16]_i_271_n_0
    SLICE_X69Y60         CARRY4 (Prop_carry4_S[0]_O[0])
                                                      0.247    17.816 r  tokenizer/imm_reg[16]_i_176/O[0]
                         net (fo=4, routed)           0.566    18.382    tokenizer/imm_reg[16]_i_176_n_7
    SLICE_X65Y60         LUT4 (Prop_lut4_I1_O)        0.299    18.681 r  tokenizer/imm[8]_i_170/O
                         net (fo=1, routed)           0.000    18.681    tokenizer/imm[8]_i_170_n_0
    SLICE_X65Y60         CARRY4 (Prop_carry4_S[1]_O[1])
                                                      0.227    18.908 r  tokenizer/imm_reg[8]_i_85/O[1]
                         net (fo=2, routed)           0.465    19.374    tokenizer/imm_reg[8]_i_85_n_6
    SLICE_X68Y59         LUT5 (Prop_lut5_I4_O)        0.303    19.677 r  tokenizer/imm[12]_i_312/O
                         net (fo=7, routed)           0.741    20.417    tokenizer/imm[12]_i_312_n_0
    SLICE_X67Y65         LUT4 (Prop_lut4_I0_O)        0.124    20.541 r  tokenizer/imm[12]_i_316/O
                         net (fo=1, routed)           0.000    20.541    tokenizer/imm[12]_i_316_n_0
    SLICE_X67Y65         CARRY4 (Prop_carry4_S[1]_O[1])
                                                      0.227    20.768 r  tokenizer/imm_reg[12]_i_142/O[1]
                         net (fo=3, routed)           0.596    21.364    tokenizer/imm_reg[12]_i_142_n_6
    SLICE_X68Y65         LUT4 (Prop_lut4_I3_O)        0.303    21.667 r  tokenizer/imm[8]_i_119/O
                         net (fo=1, routed)           0.000    21.667    tokenizer/imm[8]_i_119_n_0
    SLICE_X68Y65         CARRY4 (Prop_carry4_S[2]_O[2])
                                                      0.248    21.915 r  tokenizer/imm_reg[8]_i_42/O[2]
                         net (fo=2, routed)           0.628    22.543    tokenizer/imm_reg[8]_i_42_n_5
    SLICE_X64Y62         LUT4 (Prop_lut4_I3_O)        0.302    22.845 r  tokenizer/imm[12]_i_431/O
                         net (fo=1, routed)           0.488    23.333    tokenizer/imm[12]_i_431_n_0
    SLICE_X64Y62         LUT6 (Prop_lut6_I1_O)        0.124    23.457 r  tokenizer/imm[12]_i_289/O
                         net (fo=3, routed)           0.636    24.094    tokenizer/imm[12]_i_289_n_0
    SLICE_X65Y67         LUT2 (Prop_lut2_I0_O)        0.124    24.218 r  tokenizer/imm[12]_i_293/O
                         net (fo=1, routed)           0.000    24.218    tokenizer/imm[12]_i_293_n_0
    SLICE_X65Y67         CARRY4 (Prop_carry4_S[2]_O[2])
                                                      0.248    24.466 r  tokenizer/imm_reg[12]_i_127/O[2]
                         net (fo=3, routed)           0.634    25.100    tokenizer/imm_reg[12]_i_127_n_5
    SLICE_X64Y67         LUT3 (Prop_lut3_I2_O)        0.302    25.402 r  tokenizer/imm[8]_i_97/O
                         net (fo=1, routed)           0.000    25.402    tokenizer/imm[8]_i_97_n_0
    SLICE_X64Y67         CARRY4 (Prop_carry4_S[3]_O[3])
                                                      0.248    25.650 r  tokenizer/imm_reg[8]_i_39/O[3]
                         net (fo=4, routed)           0.488    26.138    tokenizer/imm_reg[8]_i_39_n_4
    SLICE_X62Y69         LUT5 (Prop_lut5_I1_O)        0.306    26.444 r  tokenizer/imm[12]_i_296/O
                         net (fo=2, routed)           0.715    27.159    tokenizer/imm[12]_i_296_n_0
    SLICE_X61Y70         CARRY4 (Prop_carry4_DI[3]_CO[3])
                                                      0.385    27.544 r  tokenizer/imm_reg[12]_i_132/CO[3]
                         net (fo=1, routed)           0.000    27.544    tokenizer/imm_reg[12]_i_132_n_0
    SLICE_X61Y71         CARRY4 (Prop_carry4_CI_O[0])
                                                      0.222    27.766 r  tokenizer/imm_reg[20]_i_79/O[0]
                         net (fo=3, routed)           0.401    28.166    tokenizer/imm_reg[20]_i_79_n_7
    SLICE_X63Y71         LUT2 (Prop_lut2_I1_O)        0.299    28.465 r  tokenizer/imm[12]_i_135/O
                         net (fo=1, routed)           0.000    28.465    tokenizer/imm[12]_i_135_n_0
    SLICE_X63Y71         CARRY4 (Prop_carry4_S[1]_O[1])
                                                      0.227    28.692 r  tokenizer/imm_reg[12]_i_52/O[1]
                         net (fo=2, routed)           0.879    29.571    tokenizer/imm_reg[12]_i_52_n_6
    SLICE_X57Y67         LUT4 (Prop_lut4_I3_O)        0.303    29.874 r  tokenizer/imm[24]_i_149/O
                         net (fo=1, routed)           0.570    30.444    tokenizer/imm[24]_i_149_n_0
    SLICE_X59Y67         LUT6 (Prop_lut6_I1_O)        0.124    30.568 r  tokenizer/imm[24]_i_107/O
                         net (fo=3, routed)           0.780    31.348    tokenizer/imm[24]_i_107_n_0
    SLICE_X60Y72         LUT2 (Prop_lut2_I0_O)        0.124    31.472 r  tokenizer/imm[24]_i_111/O
                         net (fo=1, routed)           0.000    31.472    tokenizer/imm[24]_i_111_n_0
    SLICE_X60Y72         CARRY4 (Prop_carry4_S[1]_O[2])
                                                      0.578    32.050 r  tokenizer/imm_reg[24]_i_63/O[2]
                         net (fo=3, routed)           0.708    32.757    tokenizer/imm_reg[24]_i_63_n_5
    SLICE_X62Y72         LUT2 (Prop_lut2_I1_O)        0.301    33.058 r  tokenizer/imm[12]_i_138/O
                         net (fo=1, routed)           0.000    33.058    tokenizer/imm[12]_i_138_n_0
    SLICE_X62Y72         CARRY4 (Prop_carry4_S[3]_O[3])
                                                      0.255    33.313 r  tokenizer/imm_reg[12]_i_53/O[3]
                         net (fo=1, routed)           0.879    34.192    tokenizer/imm_reg[12]_i_53_n_4
    SLICE_X57Y66         LUT4 (Prop_lut4_I0_O)        0.307    34.499 r  tokenizer/imm[12]_i_18/O
                         net (fo=1, routed)           0.520    35.019    tokenizer/imm[12]_i_18_n_0
    SLICE_X56Y66         LUT6 (Prop_lut6_I5_O)        0.124    35.143 r  tokenizer/imm[12]_i_4/O
                         net (fo=10, routed)          0.787    35.930    tokenizer/imm[12]_i_4_n_0
    SLICE_X53Y72         LUT2 (Prop_lut2_I0_O)        0.124    36.054 r  tokenizer/imm[12]_i_106/O
                         net (fo=1, routed)           0.000    36.054    tokenizer/imm[12]_i_106_n_0
    SLICE_X53Y72         CARRY4 (Prop_carry4_S[3]_CO[3])
                                                      0.401    36.455 r  tokenizer/imm_reg[12]_i_39/CO[3]
                         net (fo=1, routed)           0.000    36.455    tokenizer/imm_reg[12]_i_39_n_0
    SLICE_X53Y73         CARRY4 (Prop_carry4_CI_O[1])
                                                      0.334    36.789 r  tokenizer/imm_reg[24]_i_40/O[1]
                         net (fo=3, routed)           0.510    37.300    tokenizer/imm_reg[24]_i_40_n_6
    SLICE_X52Y72         LUT2 (Prop_lut2_I1_O)        0.303    37.603 r  tokenizer/imm[24]_i_77/O
                         net (fo=1, routed)           0.000    37.603    tokenizer/imm[24]_i_77_n_0
    SLICE_X52Y72         CARRY4 (Prop_carry4_S[2]_O[3])
                                                      0.352    37.955 r  tokenizer/imm_reg[24]_i_39/O[3]
                         net (fo=1, routed)           0.629    38.584    tokenizer/imm_reg[24]_i_39_n_4
    SLICE_X51Y76         LUT5 (Prop_lut5_I4_O)        0.306    38.890 r  tokenizer/imm[16]_i_8/O
                         net (fo=3, routed)           0.427    39.317    tokenizer/imm[16]_i_8_n_0
    SLICE_X51Y76         LUT6 (Prop_lut6_I5_O)        0.124    39.441 r  tokenizer/imm[20]_i_98/O
                         net (fo=4, routed)           0.944    40.386    tokenizer/imm[20]_i_98_n_0
    SLICE_X50Y69         LUT2 (Prop_lut2_I0_O)        0.124    40.510 r  tokenizer/imm[20]_i_102/O
                         net (fo=1, routed)           0.000    40.510    tokenizer/imm[20]_i_102_n_0
    SLICE_X50Y69         CARRY4 (Prop_carry4_S[3]_CO[3])
                                                      0.376    40.886 r  tokenizer/imm_reg[20]_i_38/CO[3]
                         net (fo=1, routed)           0.000    40.886    tokenizer/imm_reg[20]_i_38_n_0
    SLICE_X50Y70         CARRY4 (Prop_carry4_CI_O[1])
                                                      0.323    41.209 r  tokenizer/imm_reg[22]_i_32/O[1]
                         net (fo=3, routed)           0.462    41.670    tokenizer/imm_reg[22]_i_32_n_6
    SLICE_X48Y70         LUT2 (Prop_lut2_I1_O)        0.306    41.976 r  tokenizer/imm[20]_i_40/O
                         net (fo=1, routed)           0.000    41.976    tokenizer/imm[20]_i_40_n_0
    SLICE_X48Y70         CARRY4 (Prop_carry4_S[2]_CO[3])
                                                      0.398    42.374 r  tokenizer/imm_reg[20]_i_13/CO[3]
                         net (fo=1, routed)           0.000    42.374    tokenizer/imm_reg[20]_i_13_n_0
    SLICE_X48Y71         CARRY4 (Prop_carry4_CI_O[1])
                                                      0.334    42.708 r  tokenizer/imm_reg[22]_i_15/O[1]
                         net (fo=4, routed)           0.711    43.419    tokenizer/imm_reg[22]_i_15_n_6
    SLICE_X51Y75         LUT4 (Prop_lut4_I0_O)        0.303    43.722 r  tokenizer/imm[28]_i_173/O
                         net (fo=1, routed)           0.441    44.163    tokenizer/imm[28]_i_173_n_0
    SLICE_X54Y75         LUT6 (Prop_lut6_I0_O)        0.124    44.287 r  tokenizer/imm[28]_i_98/O
                         net (fo=1, routed)           0.690    44.977    tokenizer/imm[28]_i_98_n_0
    SLICE_X49Y72         CARRY4 (Prop_carry4_DI[1]_O[2])
                                                      0.537    45.514 r  tokenizer/imm_reg[28]_i_36/O[2]
                         net (fo=3, routed)           0.508    46.022    tokenizer/imm_reg[28]_i_36_n_5
    SLICE_X46Y72         LUT2 (Prop_lut2_I1_O)        0.302    46.324 r  tokenizer/imm[22]_i_38/O
                         net (fo=1, routed)           0.000    46.324    tokenizer/imm[22]_i_38_n_0
    SLICE_X46Y72         CARRY4 (Prop_carry4_S[3]_O[3])
                                                      0.255    46.579 r  tokenizer/imm_reg[22]_i_16/O[3]
                         net (fo=1, routed)           0.295    46.874    tokenizer/imm_reg[22]_i_16_n_4
    SLICE_X47Y73         LUT5 (Prop_lut5_I2_O)        0.307    47.181 r  tokenizer/imm[24]_i_21/O
                         net (fo=1, routed)           0.463    47.644    tokenizer/imm[24]_i_21_n_0
    SLICE_X40Y73         LUT6 (Prop_lut6_I0_O)        0.124    47.768 r  tokenizer/imm[24]_i_5/O
                         net (fo=1, routed)           0.734    48.502    tokenizer/imm[24]_i_5_n_0
    SLICE_X47Y75         LUT6 (Prop_lut6_I5_O)        0.124    48.626 r  tokenizer/imm[24]_i_1/O
                         net (fo=1, routed)           0.000    48.626    operand_interpreter/imm_reg[31]_2[24]
    SLICE_X47Y75         FDRE                                         r  operand_interpreter/imm_reg[24]/D
  -------------------------------------------------------------------    -------------------

                         (clock sys_clk_pin rise edge)
                                                     50.000    50.000 r  <hidden>
    E3                                                0.000    50.000 r  CLK100MHZ
                         net (fo=0)                   0.000    50.000    CLK100MHZ
    E3                   IBUF (Prop_ibuf_I_O)         1.411    51.411 r  CLK100MHZ_IBUF_inst/O
                         net (fo=1, routed)           1.920    53.331    CLK100MHZ_IBUF
    BUFGCTRL_X0Y16       BUFG (Prop_bufg_I_O)         0.091    53.422 r  CLK100MHZ_IBUF_BUFG_inst/O
                         net (fo=2381, routed)        1.496    54.919    operand_interpreter/CLK100MHZ_IBUF_BUFG
    SLICE_X47Y75         FDRE                                         r  operand_interpreter/imm_reg[24]/C
                         clock pessimism              0.187    55.106    <hidden>
                         clock uncertainty           -0.035    55.070    <hidden>
    SLICE_X47Y75         FDRE (Setup_fdre_C_D)        0.031    55.101    operand_interpreter/imm_reg[24]
  -------------------------------------------------------------------
                         required time                         55.101    <hidden>
                         arrival time                         -48.626    <hidden>
  -------------------------------------------------------------------
                         slack                                  6.475    <hidden>

Slack (MET) :             6.546ns  (required time - arrival time)
  Source:                 tokenizer/token3_reg[89]/C
                            (rising edge-triggered cell FDRE clocked by sys_clk_pin  {rise@0.000ns fall@5.000ns period=50.000ns})
  Destination:            operand_interpreter/imm_reg[23]/D
                            (rising edge-triggered cell FDRE clocked by sys_clk_pin  {rise@0.000ns fall@5.000ns period=50.000ns})
  Path Group:             sys_clk_pin
  Path Type:              Setup (Max at Slow Process Corner)
  Requirement:            50.000ns  (sys_clk_pin rise@50.000ns - sys_clk_pin rise@0.000ns)
  Data Path Delay:        43.151ns  (logic 17.618ns (40.829%)  route 25.533ns (59.171%))
  Logic Levels:           63  (CARRY4=25 LUT2=12 LUT3=2 LUT4=11 LUT5=5 LUT6=8)
  Clock Path Skew:        -0.297ns (DCD - SCD + CPR)
    Destination Clock Delay (DCD):    4.919ns = ( 54.919 - 50.000 ) 
    Source Clock Delay      (SCD):    5.403ns
    Clock Pessimism Removal (CPR):    0.187ns
  Clock Uncertainty:      0.035ns  ((TSJ^2 + TIJ^2)^1/2 + DJ) / 2 + PE
    Total System Jitter     (TSJ):    0.071ns
    Total Input Jitter      (TIJ):    0.000ns
    Discrete Jitter          (DJ):    0.000ns
    Phase Error              (PE):    0.000ns

    Location             Delay type                Incr(ns)  Path(ns)    Netlist Resource(s)
  -------------------------------------------------------------------    -------------------
                         (clock sys_clk_pin rise edge)
                                                      0.000     0.000 r  <hidden>
    E3                                                0.000     0.000 r  CLK100MHZ
                         net (fo=0)                   0.000     0.000    CLK100MHZ
    E3                   IBUF (Prop_ibuf_I_O)         1.482     1.482 r  CLK100MHZ_IBUF_inst/O
                         net (fo=1, routed)           2.025     3.506    CLK100MHZ_IBUF
    BUFGCTRL_X0Y16       BUFG (Prop_bufg_I_O)         0.096     3.602 r  CLK100MHZ_IBUF_BUFG_inst/O
                         net (fo=2381, routed)        1.800     5.403    tokenizer/clk
    SLICE_X56Y48         FDRE                                         r  tokenizer/token3_reg[89]/C
  -------------------------------------------------------------------    -------------------
    SLICE_X56Y48         FDRE (Prop_fdre_C_Q)         0.518     5.921 r  tokenizer/token3_reg[89]/Q
                         net (fo=9, routed)           1.453     7.373    tokenizer/token3[89]
    SLICE_X62Y53         LUT5 (Prop_lut5_I0_O)        0.124     7.497 r  tokenizer/imm[31]_i_34/O
                         net (fo=2, routed)           0.843     8.340    tokenizer/imm[31]_i_34_n_0
    SLICE_X62Y53         LUT4 (Prop_lut4_I2_O)        0.152     8.492 r  tokenizer/imm[12]_i_118/O
                         net (fo=51, routed)          0.520     9.012    tokenizer/operand_interpreter/imm136_out
    SLICE_X64Y53         LUT2 (Prop_lut2_I0_O)        0.348     9.360 r  tokenizer/imm[4]_i_170/O
                         net (fo=1, routed)           0.000     9.360    tokenizer/imm[4]_i_170_n_0
    SLICE_X64Y53         CARRY4 (Prop_carry4_S[0]_O[0])
                                                      0.247     9.607 r  tokenizer/imm_reg[4]_i_138/O[0]
                         net (fo=2, routed)           0.613    10.220    tokenizer/imm_reg[4]_i_138_n_7
    SLICE_X65Y53         LUT2 (Prop_lut2_I0_O)        0.299    10.519 r  tokenizer/imm[4]_i_141/O
                         net (fo=1, routed)           0.000    10.519    tokenizer/imm[4]_i_141_n_0
    SLICE_X65Y53         CARRY4 (Prop_carry4_S[1]_O[1])
                                                      0.227    10.746 r  tokenizer/imm_reg[4]_i_92/O[1]
                         net (fo=5, routed)           0.547    11.292    tokenizer/imm_reg[4]_i_92_n_6
    SLICE_X63Y53         LUT4 (Prop_lut4_I2_O)        0.303    11.595 r  tokenizer/imm[12]_i_524/O
                         net (fo=1, routed)           0.473    12.068    tokenizer/imm[12]_i_524_n_0
    SLICE_X63Y54         CARRY4 (Prop_carry4_DI[1]_O[2])
                                                      0.537    12.605 r  tokenizer/imm_reg[12]_i_405/O[2]
                         net (fo=2, routed)           0.514    13.119    tokenizer/imm_reg[12]_i_405_n_5
    SLICE_X62Y54         LUT2 (Prop_lut2_I1_O)        0.302    13.421 r  tokenizer/imm[8]_i_188/O
                         net (fo=1, routed)           0.000    13.421    tokenizer/imm[8]_i_188_n_0
    SLICE_X62Y54         CARRY4 (Prop_carry4_S[3]_O[3])
                                                      0.255    13.676 r  tokenizer/imm_reg[8]_i_150/O[3]
                         net (fo=2, routed)           0.663    14.339    tokenizer/imm_reg[8]_i_150_n_4
    SLICE_X66Y56         LUT6 (Prop_lut6_I5_O)        0.307    14.646 r  tokenizer/imm[12]_i_424/O
                         net (fo=3, routed)           0.508    15.154    tokenizer/imm[12]_i_424_n_0
    SLICE_X64Y56         LUT2 (Prop_lut2_I0_O)        0.124    15.278 r  tokenizer/imm[12]_i_427/O
                         net (fo=1, routed)           0.000    15.278    tokenizer/imm[12]_i_427_n_0
    SLICE_X64Y56         CARRY4 (Prop_carry4_S[3]_O[3])
                                                      0.248    15.526 r  tokenizer/imm_reg[12]_i_281/O[3]
                         net (fo=2, routed)           0.449    15.974    tokenizer/imm_reg[12]_i_281_n_4
    SLICE_X67Y57         LUT3 (Prop_lut3_I2_O)        0.306    16.280 r  tokenizer/imm[8]_i_93/O
                         net (fo=1, routed)           0.000    16.280    tokenizer/imm[8]_i_93_n_0
    SLICE_X67Y57         CARRY4 (Prop_carry4_S[0]_O[0])
                                                      0.247    16.527 r  tokenizer/imm_reg[8]_i_38/O[0]
                         net (fo=8, routed)           0.743    17.270    tokenizer/imm_reg[8]_i_38_n_7
    SLICE_X69Y60         LUT4 (Prop_lut4_I2_O)        0.299    17.569 r  tokenizer/imm[16]_i_271/O
                         net (fo=1, routed)           0.000    17.569    tokenizer/imm[16]_i_271_n_0
    SLICE_X69Y60         CARRY4 (Prop_carry4_S[0]_O[0])
                                                      0.247    17.816 r  tokenizer/imm_reg[16]_i_176/O[0]
                         net (fo=4, routed)           0.566    18.382    tokenizer/imm_reg[16]_i_176_n_7
    SLICE_X65Y60         LUT4 (Prop_lut4_I1_O)        0.299    18.681 r  tokenizer/imm[8]_i_170/O
                         net (fo=1, routed)           0.000    18.681    tokenizer/imm[8]_i_170_n_0
    SLICE_X65Y60         CARRY4 (Prop_carry4_S[1]_O[1])
                                                      0.227    18.908 r  tokenizer/imm_reg[8]_i_85/O[1]
                         net (fo=2, routed)           0.465    19.374    tokenizer/imm_reg[8]_i_85_n_6
    SLICE_X68Y59         LUT5 (Prop_lut5_I4_O)        0.303    19.677 r  tokenizer/imm[12]_i_312/O
                         net (fo=7, routed)           0.741    20.417    tokenizer/imm[12]_i_312_n_0
    SLICE_X67Y65         LUT4 (Prop_lut4_I0_O)        0.124    20.541 r  tokenizer/imm[12]_i_316/O
                         net (fo=1, routed)           0.000    20.541    tokenizer/imm[12]_i_316_n_0
    SLICE_X67Y65         CARRY4 (Prop_carry4_S[1]_O[1])
                                                      0.227    20.768 r  tokenizer/imm_reg[12]_i_142/O[1]
                         net (fo=3, routed)           0.596    21.364    tokenizer/imm_reg[12]_i_142_n_6
    SLICE_X68Y65         LUT4 (Prop_lut4_I3_O)        0.303    21.667 r  tokenizer/imm[8]_i_119/O
                         net (fo=1, routed)           0.000    21.667    tokenizer/imm[8]_i_119_n_0
    SLICE_X68Y65         CARRY4 (Prop_carry4_S[2]_O[2])
                                                      0.248    21.915 r  tokenizer/imm_reg[8]_i_42/O[2]
                         net (fo=2, routed)           0.628    22.543    tokenizer/imm_reg[8]_i_42_n_5
    SLICE_X64Y62         LUT4 (Prop_lut4_I3_O)        0.302    22.845 r  tokenizer/imm[12]_i_431/O
                         net (fo=1, routed)           0.488    23.333    tokenizer/imm[12]_i_431_n_0
    SLICE_X64Y62         LUT6 (Prop_lut6_I1_O)        0.124    23.457 r  tokenizer/imm[12]_i_289/O
                         net (fo=3, routed)           0.636    24.094    tokenizer/imm[12]_i_289_n_0
    SLICE_X65Y67         LUT2 (Prop_lut2_I0_O)        0.124    24.218 r  tokenizer/imm[12]_i_293/O
                         net (fo=1, routed)           0.000    24.218    tokenizer/imm[12]_i_293_n_0
    SLICE_X65Y67         CARRY4 (Prop_carry4_S[2]_O[2])
                                                      0.248    24.466 r  tokenizer/imm_reg[12]_i_127/O[2]
                         net (fo=3, routed)           0.634    25.100    tokenizer/imm_reg[12]_i_127_n_5
    SLICE_X64Y67         LUT3 (Prop_lut3_I2_O)        0.302    25.402 r  tokenizer/imm[8]_i_97/O
                         net (fo=1, routed)           0.000    25.402    tokenizer/imm[8]_i_97_n_0
    SLICE_X64Y67         CARRY4 (Prop_carry4_S[3]_O[3])
                                                      0.248    25.650 r  tokenizer/imm_reg[8]_i_39/O[3]
                         net (fo=4, routed)           0.488    26.138    tokenizer/imm_reg[8]_i_39_n_4
    SLICE_X62Y69         LUT5 (Prop_lut5_I1_O)        0.306    26.444 r  tokenizer/imm[12]_i_296/O
                         net (fo=2, routed)           0.715    27.159    tokenizer/imm[12]_i_296_n_0
    SLICE_X61Y70         CARRY4 (Prop_carry4_DI[3]_CO[3])
                                                      0.385    27.544 r  tokenizer/imm_reg[12]_i_132/CO[3]
                         net (fo=1, routed)           0.000    27.544    tokenizer/imm_reg[12]_i_132_n_0
    SLICE_X61Y71         CARRY4 (Prop_carry4_CI_O[0])
                                                      0.222    27.766 r  tokenizer/imm_reg[20]_i_79/O[0]
                         net (fo=3, routed)           0.401    28.166    tokenizer/imm_reg[20]_i_79_n_7
    SLICE_X63Y71         LUT2 (Prop_lut2_I1_O)        0.299    28.465 r  tokenizer/imm[12]_i_135/O
                         net (fo=1, routed)           0.000    28.465    tokenizer/imm[12]_i_135_n_0
    SLICE_X63Y71         CARRY4 (Prop_carry4_S[1]_O[1])
                                                      0.227    28.692 r  tokenizer/imm_reg[12]_i_52/O[1]
                         net (fo=2, routed)           0.879    29.571    tokenizer/imm_reg[12]_i_52_n_6
    SLICE_X57Y67         LUT4 (Prop_lut4_I3_O)        0.303    29.874 r  tokenizer/imm[24]_i_149/O
                         net (fo=1, routed)           0.570    30.444    tokenizer/imm[24]_i_149_n_0
    SLICE_X59Y67         LUT6 (Prop_lut6_I1_O)        0.124    30.568 r  tokenizer/imm[24]_i_107/O
                         net (fo=3, routed)           0.780    31.348    tokenizer/imm[24]_i_107_n_0
    SLICE_X60Y72         LUT2 (Prop_lut2_I0_O)        0.124    31.472 r  tokenizer/imm[24]_i_111/O
                         net (fo=1, routed)           0.000    31.472    tokenizer/imm[24]_i_111_n_0
    SLICE_X60Y72         CARRY4 (Prop_carry4_S[1]_O[2])
                                                      0.578    32.050 r  tokenizer/imm_reg[24]_i_63/O[2]
                         net (fo=3, routed)           0.708    32.757    tokenizer/imm_reg[24]_i_63_n_5
    SLICE_X62Y72         LUT2 (Prop_lut2_I1_O)        0.301    33.058 r  tokenizer/imm[12]_i_138/O
                         net (fo=1, routed)           0.000    33.058    tokenizer/imm[12]_i_138_n_0
    SLICE_X62Y72         CARRY4 (Prop_carry4_S[3]_O[3])
                                                      0.255    33.313 r  tokenizer/imm_reg[12]_i_53/O[3]
                         net (fo=1, routed)           0.879    34.192    tokenizer/imm_reg[12]_i_53_n_4
    SLICE_X57Y66         LUT4 (Prop_lut4_I0_O)        0.307    34.499 r  tokenizer/imm[12]_i_18/O
                         net (fo=1, routed)           0.520    35.019    tokenizer/imm[12]_i_18_n_0
    SLICE_X56Y66         LUT6 (Prop_lut6_I5_O)        0.124    35.143 r  tokenizer/imm[12]_i_4/O
                         net (fo=10, routed)          0.787    35.930    tokenizer/imm[12]_i_4_n_0
    SLICE_X53Y72         LUT2 (Prop_lut2_I0_O)        0.124    36.054 r  tokenizer/imm[12]_i_106/O
                         net (fo=1, routed)           0.000    36.054    tokenizer/imm[12]_i_106_n_0
    SLICE_X53Y72         CARRY4 (Prop_carry4_S[3]_CO[3])
                                                      0.401    36.455 r  tokenizer/imm_reg[12]_i_39/CO[3]
                         net (fo=1, routed)           0.000    36.455    tokenizer/imm_reg[12]_i_39_n_0
    SLICE_X53Y73         CARRY4 (Prop_carry4_CI_O[0])
                                                      0.222    36.677 r  tokenizer/imm_reg[24]_i_40/O[0]
                         net (fo=3, routed)           0.328    37.005    tokenizer/imm_reg[24]_i_40_n_7
    SLICE_X52Y72         LUT2 (Prop_lut2_I1_O)        0.299    37.304 r  tokenizer/imm[24]_i_78/O
                         net (fo=1, routed)           0.000    37.304    tokenizer/imm[24]_i_78_n_0
    SLICE_X52Y72         CARRY4 (Prop_carry4_S[1]_O[1])
                                                      0.227    37.531 r  tokenizer/imm_reg[24]_i_39/O[1]
                         net (fo=1, routed)           0.707    38.238    tokenizer/imm_reg[24]_i_39_n_6
    SLICE_X52Y66         LUT5 (Prop_lut5_I4_O)        0.303    38.541 r  tokenizer/imm[14]_i_7/O
                         net (fo=3, routed)           0.619    39.160    tokenizer/imm[14]_i_7_n_0
    SLICE_X49Y64         LUT6 (Prop_lut6_I5_O)        0.124    39.284 r  tokenizer/imm[20]_i_100/O
                         net (fo=4, routed)           0.665    39.949    tokenizer/imm[20]_i_100_n_0
    SLICE_X50Y69         LUT4 (Prop_lut4_I0_O)        0.124    40.073 r  tokenizer/imm[20]_i_104/O
                         net (fo=1, routed)           0.000    40.073    tokenizer/imm[20]_i_104_n_0
    SLICE_X50Y69         CARRY4 (Prop_carry4_S[1]_O[2])
                                                      0.578    40.651 r  tokenizer/imm_reg[20]_i_38/O[2]
                         net (fo=3, routed)           0.545    41.196    tokenizer/imm_reg[20]_i_38_n_5
    SLICE_X48Y69         LUT2 (Prop_lut2_I1_O)        0.301    41.497 r  tokenizer/imm[16]_i_29/O
                         net (fo=1, routed)           0.000    41.497    tokenizer/imm[16]_i_29_n_0
    SLICE_X48Y69         CARRY4 (Prop_carry4_S[3]_CO[3])
                                                      0.401    41.898 r  tokenizer/imm_reg[16]_i_11/CO[3]
                         net (fo=1, routed)           0.000    41.898    tokenizer/imm_reg[16]_i_11_n_0
    SLICE_X48Y70         CARRY4 (Prop_carry4_CI_O[1])
                                                      0.334    42.232 r  tokenizer/imm_reg[20]_i_13/O[1]
                         net (fo=3, routed)           0.698    42.930    tokenizer/imm_reg[20]_i_13_n_6
    SLICE_X50Y74         LUT4 (Prop_lut4_I0_O)        0.303    43.233 r  tokenizer/imm[22]_i_113/O
                         net (fo=1, routed)           0.333    43.567    tokenizer/imm[22]_i_113_n_0
    SLICE_X50Y75         LUT6 (Prop_lut6_I0_O)        0.124    43.691 r  tokenizer/imm[22]_i_80/O
                         net (fo=2, routed)           0.558    44.248    tokenizer/imm[22]_i_80_n_0
    SLICE_X49Y71         CARRY4 (Prop_carry4_DI[1]_O[3])
                                                      0.596    44.844 r  tokenizer/imm_reg[22]_i_37/O[3]
                         net (fo=3, routed)           0.651    45.495    tokenizer/imm_reg[22]_i_37_n_4
    SLICE_X46Y72         LUT2 (Prop_lut2_I0_O)        0.306    45.801 r  tokenizer/imm[22]_i_40/O
                         net (fo=1, routed)           0.000    45.801    tokenizer/imm[22]_i_40_n_0
    SLICE_X46Y72         CARRY4 (Prop_carry4_S[1]_O[2])
                                                      0.578    46.379 r  tokenizer/imm_reg[22]_i_16/O[2]
                         net (fo=1, routed)           0.621    47.000    tokenizer/imm_reg[22]_i_16_n_5
    SLICE_X45Y75         LUT5 (Prop_lut5_I2_O)        0.301    47.301 r  tokenizer/imm[23]_i_5/O
                         net (fo=1, routed)           0.560    47.861    tokenizer/imm[23]_i_5_n_0
    SLICE_X41Y75         LUT6 (Prop_lut6_I0_O)        0.124    47.985 r  tokenizer/imm[23]_i_3/O
                         net (fo=1, routed)           0.445    48.430    tokenizer/imm[23]_i_3_n_0
    SLICE_X47Y75         LUT6 (Prop_lut6_I5_O)        0.124    48.554 r  tokenizer/imm[23]_i_1/O
                         net (fo=1, routed)           0.000    48.554    operand_interpreter/imm_reg[31]_2[23]
    SLICE_X47Y75         FDRE                                         r  operand_interpreter/imm_reg[23]/D
  -------------------------------------------------------------------    -------------------

                         (clock sys_clk_pin rise edge)
                                                     50.000    50.000 r  <hidden>
    E3                                                0.000    50.000 r  CLK100MHZ
                         net (fo=0)                   0.000    50.000    CLK100MHZ
    E3                   IBUF (Prop_ibuf_I_O)         1.411    51.411 r  CLK100MHZ_IBUF_inst/O
                         net (fo=1, routed)           1.920    53.331    CLK100MHZ_IBUF
    BUFGCTRL_X0Y16       BUFG (Prop_bufg_I_O)         0.091    53.422 r  CLK100MHZ_IBUF_BUFG_inst/O
                         net (fo=2381, routed)        1.496    54.919    operand_interpreter/CLK100MHZ_IBUF_BUFG
    SLICE_X47Y75         FDRE                                         r  operand_interpreter/imm_reg[23]/C
                         clock pessimism              0.187    55.106    <hidden>
                         clock uncertainty           -0.035    55.070    <hidden>
    SLICE_X47Y75         FDRE (Setup_fdre_C_D)        0.029    55.099    operand_interpreter/imm_reg[23]
  -------------------------------------------------------------------
                         required time                         55.099    <hidden>
                         arrival time                         -48.554    <hidden>
  -------------------------------------------------------------------
                         slack                                  6.546    <hidden>

Slack (MET) :             6.822ns  (required time - arrival time)
  Source:                 tokenizer/token3_reg[89]/C
                            (rising edge-triggered cell FDRE clocked by sys_clk_pin  {rise@0.000ns fall@5.000ns period=50.000ns})
  Destination:            operand_interpreter/imm_reg[28]/D
                            (rising edge-triggered cell FDRE clocked by sys_clk_pin  {rise@0.000ns fall@5.000ns period=50.000ns})
  Path Group:             sys_clk_pin
  Path Type:              Setup (Max at Slow Process Corner)
  Requirement:            50.000ns  (sys_clk_pin rise@50.000ns - sys_clk_pin rise@0.000ns)
  Data Path Delay:        42.879ns  (logic 17.932ns (41.820%)  route 24.947ns (58.180%))
  Logic Levels:           63  (CARRY4=26 LUT2=13 LUT3=2 LUT4=10 LUT5=5 LUT6=7)
  Clock Path Skew:        -0.295ns (DCD - SCD + CPR)
    Destination Clock Delay (DCD):    4.921ns = ( 54.921 - 50.000 ) 
    Source Clock Delay      (SCD):    5.403ns
    Clock Pessimism Removal (CPR):    0.187ns
  Clock Uncertainty:      0.035ns  ((TSJ^2 + TIJ^2)^1/2 + DJ) / 2 + PE
    Total System Jitter     (TSJ):    0.071ns
    Total Input Jitter      (TIJ):    0.000ns
    Discrete Jitter          (DJ):    0.000ns
    Phase Error              (PE):    0.000ns

    Location             Delay type                Incr(ns)  Path(ns)    Netlist Resource(s)
  -------------------------------------------------------------------    -------------------
                         (clock sys_clk_pin rise edge)
                                                      0.000     0.000 r  <hidden>
    E3                                                0.000     0.000 r  CLK100MHZ
                         net (fo=0)                   0.000     0.000    CLK100MHZ
    E3                   IBUF (Prop_ibuf_I_O)         1.482     1.482 r  CLK100MHZ_IBUF_inst/O
                         net (fo=1, routed)           2.025     3.506    CLK100MHZ_IBUF
    BUFGCTRL_X0Y16       BUFG (Prop_bufg_I_O)         0.096     3.602 r  CLK100MHZ_IBUF_BUFG_inst/O
                         net (fo=2381, routed)        1.800     5.403    tokenizer/clk
    SLICE_X56Y48         FDRE                                         r  tokenizer/token3_reg[89]/C
  -------------------------------------------------------------------    -------------------
    SLICE_X56Y48         FDRE (Prop_fdre_C_Q)         0.518     5.921 r  tokenizer/token3_reg[89]/Q
                         net (fo=9, routed)           1.453     7.373    tokenizer/token3[89]
    SLICE_X62Y53         LUT5 (Prop_lut5_I0_O)        0.124     7.497 r  tokenizer/imm[31]_i_34/O
                         net (fo=2, routed)           0.843     8.340    tokenizer/imm[31]_i_34_n_0
    SLICE_X62Y53         LUT4 (Prop_lut4_I2_O)        0.152     8.492 r  tokenizer/imm[12]_i_118/O
                         net (fo=51, routed)          0.520     9.012    tokenizer/operand_interpreter/imm136_out
    SLICE_X64Y53         LUT2 (Prop_lut2_I0_O)        0.348     9.360 r  tokenizer/imm[4]_i_170/O
                         net (fo=1, routed)           0.000     9.360    tokenizer/imm[4]_i_170_n_0
    SLICE_X64Y53         CARRY4 (Prop_carry4_S[0]_O[0])
                                                      0.247     9.607 r  tokenizer/imm_reg[4]_i_138/O[0]
                         net (fo=2, routed)           0.613    10.220    tokenizer/imm_reg[4]_i_138_n_7
    SLICE_X65Y53         LUT2 (Prop_lut2_I0_O)        0.299    10.519 r  tokenizer/imm[4]_i_141/O
                         net (fo=1, routed)           0.000    10.519    tokenizer/imm[4]_i_141_n_0
    SLICE_X65Y53         CARRY4 (Prop_carry4_S[1]_O[1])
                                                      0.227    10.746 r  tokenizer/imm_reg[4]_i_92/O[1]
                         net (fo=5, routed)           0.547    11.292    tokenizer/imm_reg[4]_i_92_n_6
    SLICE_X63Y53         LUT4 (Prop_lut4_I2_O)        0.303    11.595 r  tokenizer/imm[12]_i_524/O
                         net (fo=1, routed)           0.473    12.068    tokenizer/imm[12]_i_524_n_0
    SLICE_X63Y54         CARRY4 (Prop_carry4_DI[1]_O[2])
                                                      0.537    12.605 r  tokenizer/imm_reg[12]_i_405/O[2]
                         net (fo=2, routed)           0.514    13.119    tokenizer/imm_reg[12]_i_405_n_5
    SLICE_X62Y54         LUT2 (Prop_lut2_I1_O)        0.302    13.421 r  tokenizer/imm[8]_i_188/O
                         net (fo=1, routed)           0.000    13.421    tokenizer/imm[8]_i_188_n_0
    SLICE_X62Y54         CARRY4 (Prop_carry4_S[3]_O[3])
                                                      0.255    13.676 r  tokenizer/imm_reg[8]_i_150/O[3]
                         net (fo=2, routed)           0.663    14.339    tokenizer/imm_reg[8]_i_150_n_4
    SLICE_X66Y56         LUT6 (Prop_lut6_I5_O)        0.307    14.646 r  tokenizer/imm[12]_i_424/O
                         net (fo=3, routed)           0.508    15.154    tokenizer/imm[12]_i_424_n_0
    SLICE_X64Y56         LUT2 (Prop_lut2_I0_O)        0.124    15.278 r  tokenizer/imm[12]_i_427/O
                         net (fo=1, routed)           0.000    15.278    tokenizer/imm[12]_i_427_n_0
    SLICE_X64Y56         CARRY4 (Prop_carry4_S[3]_O[3])
                                                      0.248    15.526 r  tokenizer/imm_reg[12]_i_281/O[3]
                         net (fo=2, routed)           0.449    15.974    tokenizer/imm_reg[12]_i_281_n_4
    SLICE_X67Y57         LUT3 (Prop_lut3_I2_O)        0.306    16.280 r  tokenizer/imm[8]_i_93/O
                         net (fo=1, routed)           0.000    16.280    tokenizer/imm[8]_i_93_n_0
    SLICE_X67Y57         CARRY4 (Prop_carry4_S[0]_O[0])
                                                      0.247    16.527 r  tokenizer/imm_reg[8]_i_38/O[0]
                         net (fo=8, routed)           0.743    17.270    tokenizer/imm_reg[8]_i_38_n_7
    SLICE_X69Y60         LUT4 (Prop_lut4_I2_O)        0.299    17.569 r  tokenizer/imm[16]_i_271/O
                         net (fo=1, routed)           0.000    17.569    tokenizer/imm[16]_i_271_n_0
    SLICE_X69Y60         CARRY4 (Prop_carry4_S[0]_O[0])
                                                      0.247    17.816 r  tokenizer/imm_reg[16]_i_176/O[0]
                         net (fo=4, routed)           0.566    18.382    tokenizer/imm_reg[16]_i_176_n_7
    SLICE_X65Y60         LUT4 (Prop_lut4_I1_O)        0.299    18.681 r  tokenizer/imm[8]_i_170/O
                         net (fo=1, routed)           0.000    18.681    tokenizer/imm[8]_i_170_n_0
    SLICE_X65Y60         CARRY4 (Prop_carry4_S[1]_O[1])
                                                      0.227    18.908 r  tokenizer/imm_reg[8]_i_85/O[1]
                         net (fo=2, routed)           0.465    19.374    tokenizer/imm_reg[8]_i_85_n_6
    SLICE_X68Y59         LUT5 (Prop_lut5_I4_O)        0.303    19.677 r  tokenizer/imm[12]_i_312/O
                         net (fo=7, routed)           0.741    20.417    tokenizer/imm[12]_i_312_n_0
    SLICE_X67Y65         LUT4 (Prop_lut4_I0_O)        0.124    20.541 r  tokenizer/imm[12]_i_316/O
                         net (fo=1, routed)           0.000    20.541    tokenizer/imm[12]_i_316_n_0
    SLICE_X67Y65         CARRY4 (Prop_carry4_S[1]_O[1])
                                                      0.227    20.768 r  tokenizer/imm_reg[12]_i_142/O[1]
                         net (fo=3, routed)           0.596    21.364    tokenizer/imm_reg[12]_i_142_n_6
    SLICE_X68Y65         LUT4 (Prop_lut4_I3_O)        0.303    21.667 r  tokenizer/imm[8]_i_119/O
                         net (fo=1, routed)           0.000    21.667    tokenizer/imm[8]_i_119_n_0
    SLICE_X68Y65         CARRY4 (Prop_carry4_S[2]_O[2])
                                                      0.248    21.915 r  tokenizer/imm_reg[8]_i_42/O[2]
                         net (fo=2, routed)           0.628    22.543    tokenizer/imm_reg[8]_i_42_n_5
    SLICE_X64Y62         LUT4 (Prop_lut4_I3_O)        0.302    22.845 r  tokenizer/imm[12]_i_431/O
                         net (fo=1, routed)           0.488    23.333    tokenizer/imm[12]_i_431_n_0
    SLICE_X64Y62         LUT6 (Prop_lut6_I1_O)        0.124    23.457 r  tokenizer/imm[12]_i_289/O
                         net (fo=3, routed)           0.636    24.094    tokenizer/imm[12]_i_289_n_0
    SLICE_X65Y67         LUT2 (Prop_lut2_I0_O)        0.124    24.218 r  tokenizer/imm[12]_i_293/O
                         net (fo=1, routed)           0.000    24.218    tokenizer/imm[12]_i_293_n_0
    SLICE_X65Y67         CARRY4 (Prop_carry4_S[2]_O[2])
                                                      0.248    24.466 r  tokenizer/imm_reg[12]_i_127/O[2]
                         net (fo=3, routed)           0.634    25.100    tokenizer/imm_reg[12]_i_127_n_5
    SLICE_X64Y67         LUT3 (Prop_lut3_I2_O)        0.302    25.402 r  tokenizer/imm[8]_i_97/O
                         net (fo=1, routed)           0.000    25.402    tokenizer/imm[8]_i_97_n_0
    SLICE_X64Y67         CARRY4 (Prop_carry4_S[3]_O[3])
                                                      0.248    25.650 r  tokenizer/imm_reg[8]_i_39/O[3]
                         net (fo=4, routed)           0.488    26.138    tokenizer/imm_reg[8]_i_39_n_4
    SLICE_X62Y69         LUT5 (Prop_lut5_I1_O)        0.306    26.444 r  tokenizer/imm[12]_i_296/O
                         net (fo=2, routed)           0.715    27.159    tokenizer/imm[12]_i_296_n_0
    SLICE_X61Y70         CARRY4 (Prop_carry4_DI[3]_CO[3])
                                                      0.385    27.544 r  tokenizer/imm_reg[12]_i_132/CO[3]
                         net (fo=1, routed)           0.000    27.544    tokenizer/imm_reg[12]_i_132_n_0
    SLICE_X61Y71         CARRY4 (Prop_carry4_CI_O[0])
                                                      0.222    27.766 r  tokenizer/imm_reg[20]_i_79/O[0]
                         net (fo=3, routed)           0.401    28.166    tokenizer/imm_reg[20]_i_79_n_7
    SLICE_X63Y71         LUT2 (Prop_lut2_I1_O)        0.299    28.465 r  tokenizer/imm[12]_i_135/O
                         net (fo=1, routed)           0.000    28.465    tokenizer/imm[12]_i_135_n_0
    SLICE_X63Y71         CARRY4 (Prop_carry4_S[1]_O[1])
                                                      0.227    28.692 r  tokenizer/imm_reg[12]_i_52/O[1]
                         net (fo=2, routed)           0.879    29.571    tokenizer/imm_reg[12]_i_52_n_6
    SLICE_X57Y67         LUT4 (Prop_lut4_I3_O)        0.303    29.874 r  tokenizer/imm[24]_i_149/O
                         net (fo=1, routed)           0.570    30.444    tokenizer/imm[24]_i_149_n_0
    SLICE_X59Y67         LUT6 (Prop_lut6_I1_O)        0.124    30.568 r  tokenizer/imm[24]_i_107/O
                         net (fo=3, routed)           0.780    31.348    tokenizer/imm[24]_i_107_n_0
    SLICE_X60Y72         LUT2 (Prop_lut2_I0_O)        0.124    31.472 r  tokenizer/imm[24]_i_111/O
                         net (fo=1, routed)           0.000    31.472    tokenizer/imm[24]_i_111_n_0
    SLICE_X60Y72         CARRY4 (Prop_carry4_S[1]_O[2])
                                                      0.578    32.050 r  tokenizer/imm_reg[24]_i_63/O[2]
                         net (fo=3, routed)           0.708    32.757    tokenizer/imm_reg[24]_i_63_n_5
    SLICE_X62Y72         LUT2 (Prop_lut2_I1_O)        0.301    33.058 r  tokenizer/imm[12]_i_138/O
                         net (fo=1, routed)           0.000    33.058    tokenizer/imm[12]_i_138_n_0
    SLICE_X62Y72         CARRY4 (Prop_carry4_S[3]_O[3])
                                                      0.255    33.313 r  tokenizer/imm_reg[12]_i_53/O[3]
                         net (fo=1, routed)           0.879    34.192    tokenizer/imm_reg[12]_i_53_n_4
    SLICE_X57Y66         LUT4 (Prop_lut4_I0_O)        0.307    34.499 r  tokenizer/imm[12]_i_18/O
                         net (fo=1, routed)           0.520    35.019    tokenizer/imm[12]_i_18_n_0
    SLICE_X56Y66         LUT6 (Prop_lut6_I5_O)        0.124    35.143 r  tokenizer/imm[12]_i_4/O
                         net (fo=10, routed)          0.787    35.930    tokenizer/imm[12]_i_4_n_0
    SLICE_X53Y72         LUT2 (Prop_lut2_I0_O)        0.124    36.054 r  tokenizer/imm[12]_i_106/O
                         net (fo=1, routed)           0.000    36.054    tokenizer/imm[12]_i_106_n_0
    SLICE_X53Y72         CARRY4 (Prop_carry4_S[3]_CO[3])
                                                      0.401    36.455 r  tokenizer/imm_reg[12]_i_39/CO[3]
                         net (fo=1, routed)           0.000    36.455    tokenizer/imm_reg[12]_i_39_n_0
    SLICE_X53Y73         CARRY4 (Prop_carry4_CI_O[1])
                                                      0.334    36.789 r  tokenizer/imm_reg[24]_i_40/O[1]
                         net (fo=3, routed)           0.510    37.300    tokenizer/imm_reg[24]_i_40_n_6
    SLICE_X52Y72         LUT2 (Prop_lut2_I1_O)        0.303    37.603 r  tokenizer/imm[24]_i_77/O
                         net (fo=1, routed)           0.000    37.603    tokenizer/imm[24]_i_77_n_0
    SLICE_X52Y72         CARRY4 (Prop_carry4_S[2]_O[3])
                                                      0.352    37.955 r  tokenizer/imm_reg[24]_i_39/O[3]
                         net (fo=1, routed)           0.629    38.584    tokenizer/imm_reg[24]_i_39_n_4
    SLICE_X51Y76         LUT5 (Prop_lut5_I4_O)        0.306    38.890 r  tokenizer/imm[16]_i_8/O
                         net (fo=3, routed)           0.427    39.317    tokenizer/imm[16]_i_8_n_0
    SLICE_X51Y76         LUT6 (Prop_lut6_I5_O)        0.124    39.441 r  tokenizer/imm[20]_i_98/O
                         net (fo=4, routed)           0.944    40.386    tokenizer/imm[20]_i_98_n_0
    SLICE_X50Y69         LUT2 (Prop_lut2_I0_O)        0.124    40.510 r  tokenizer/imm[20]_i_102/O
                         net (fo=1, routed)           0.000    40.510    tokenizer/imm[20]_i_102_n_0
    SLICE_X50Y69         CARRY4 (Prop_carry4_S[3]_CO[3])
                                                      0.376    40.886 r  tokenizer/imm_reg[20]_i_38/CO[3]
                         net (fo=1, routed)           0.000    40.886    tokenizer/imm_reg[20]_i_38_n_0
    SLICE_X50Y70         CARRY4 (Prop_carry4_CI_O[1])
                                                      0.323    41.209 r  tokenizer/imm_reg[22]_i_32/O[1]
                         net (fo=3, routed)           0.462    41.670    tokenizer/imm_reg[22]_i_32_n_6
    SLICE_X48Y70         LUT2 (Prop_lut2_I1_O)        0.306    41.976 r  tokenizer/imm[20]_i_40/O
                         net (fo=1, routed)           0.000    41.976    tokenizer/imm[20]_i_40_n_0
    SLICE_X48Y70         CARRY4 (Prop_carry4_S[2]_CO[3])
                                                      0.398    42.374 r  tokenizer/imm_reg[20]_i_13/CO[3]
                         net (fo=1, routed)           0.000    42.374    tokenizer/imm_reg[20]_i_13_n_0
    SLICE_X48Y71         CARRY4 (Prop_carry4_CI_O[1])
                                                      0.334    42.708 r  tokenizer/imm_reg[22]_i_15/O[1]
                         net (fo=4, routed)           0.711    43.419    tokenizer/imm_reg[22]_i_15_n_6
    SLICE_X51Y75         LUT4 (Prop_lut4_I0_O)        0.303    43.722 r  tokenizer/imm[28]_i_173/O
                         net (fo=1, routed)           0.441    44.163    tokenizer/imm[28]_i_173_n_0
    SLICE_X54Y75         LUT6 (Prop_lut6_I0_O)        0.124    44.287 r  tokenizer/imm[28]_i_98/O
                         net (fo=1, routed)           0.690    44.977    tokenizer/imm[28]_i_98_n_0
    SLICE_X49Y72         CARRY4 (Prop_carry4_DI[1]_O[3])
                                                      0.596    45.573 r  tokenizer/imm_reg[28]_i_36/O[3]
                         net (fo=3, routed)           0.594    46.167    tokenizer/imm_reg[28]_i_36_n_4
    SLICE_X46Y73         LUT2 (Prop_lut2_I0_O)        0.306    46.473 r  tokenizer/imm[28]_i_39/O
                         net (fo=1, routed)           0.000    46.473    tokenizer/imm[28]_i_39_n_0
    SLICE_X46Y73         CARRY4 (Prop_carry4_S[1]_O[3])
                                                      0.643    47.116 r  tokenizer/imm_reg[28]_i_15/O[3]
                         net (fo=1, routed)           0.456    47.571    tokenizer/imm_reg[28]_i_15_n_4
    SLICE_X44Y74         LUT5 (Prop_lut5_I3_O)        0.307    47.878 r  tokenizer/imm[28]_i_3/O
                         net (fo=1, routed)           0.280    48.158    tokenizer/imm[28]_i_3_n_0
    SLICE_X44Y74         LUT6 (Prop_lut6_I1_O)        0.124    48.282 r  tokenizer/imm[28]_i_1/O
                         net (fo=1, routed)           0.000    48.282    operand_interpreter/imm_reg[31]_2[28]
    SLICE_X44Y74         FDRE                                         r  operand_interpreter/imm_reg[28]/D
  -------------------------------------------------------------------    -------------------

                         (clock sys_clk_pin rise edge)
                                                     50.000    50.000 r  <hidden>
    E3                                                0.000    50.000 r  CLK100MHZ
                         net (fo=0)                   0.000    50.000    CLK100MHZ
    E3                   IBUF (Prop_ibuf_I_O)         1.411    51.411 r  CLK100MHZ_IBUF_inst/O
                         net (fo=1, routed)           1.920    53.331    CLK100MHZ_IBUF
    BUFGCTRL_X0Y16       BUFG (Prop_bufg_I_O)         0.091    53.422 r  CLK100MHZ_IBUF_BUFG_inst/O
                         net (fo=2381, routed)        1.498    54.921    operand_interpreter/CLK100MHZ_IBUF_BUFG
    SLICE_X44Y74         FDRE                                         r  operand_interpreter/imm_reg[28]/C
                         clock pessimism              0.187    55.108    <hidden>
                         clock uncertainty           -0.035    55.072    <hidden>
    SLICE_X44Y74         FDRE (Setup_fdre_C_D)        0.031    55.103    operand_interpreter/imm_reg[28]
  -------------------------------------------------------------------
                         required time                         55.103    <hidden>
                         arrival time                         -48.282    <hidden>
  -------------------------------------------------------------------
                         slack                                  6.822    <hidden>

Slack (MET) :             7.541ns  (required time - arrival time)
  Source:                 tokenizer/token3_reg[89]/C
                            (rising edge-triggered cell FDRE clocked by sys_clk_pin  {rise@0.000ns fall@5.000ns period=50.000ns})
  Destination:            operand_interpreter/imm_reg[21]/D
                            (rising edge-triggered cell FDRE clocked by sys_clk_pin  {rise@0.000ns fall@5.000ns period=50.000ns})
  Path Group:             sys_clk_pin
  Path Type:              Setup (Max at Slow Process Corner)
  Requirement:            50.000ns  (sys_clk_pin rise@50.000ns - sys_clk_pin rise@0.000ns)
  Data Path Delay:        42.205ns  (logic 17.442ns (41.326%)  route 24.763ns (58.674%))
  Logic Levels:           63  (CARRY4=26 LUT2=12 LUT3=2 LUT4=12 LUT5=4 LUT6=7)
  Clock Path Skew:        -0.295ns (DCD - SCD + CPR)
    Destination Clock Delay (DCD):    4.921ns = ( 54.921 - 50.000 ) 
    Source Clock Delay      (SCD):    5.403ns
    Clock Pessimism Removal (CPR):    0.187ns
  Clock Uncertainty:      0.035ns  ((TSJ^2 + TIJ^2)^1/2 + DJ) / 2 + PE
    Total System Jitter     (TSJ):    0.071ns
    Total Input Jitter      (TIJ):    0.000ns
    Discrete Jitter          (DJ):    0.000ns
    Phase Error              (PE):    0.000ns

    Location             Delay type                Incr(ns)  Path(ns)    Netlist Resource(s)
  -------------------------------------------------------------------    -------------------
                         (clock sys_clk_pin rise edge)
                                                      0.000     0.000 r  <hidden>
    E3                                                0.000     0.000 r  CLK100MHZ
                         net (fo=0)                   0.000     0.000    CLK100MHZ
    E3                   IBUF (Prop_ibuf_I_O)         1.482     1.482 r  CLK100MHZ_IBUF_inst/O
                         net (fo=1, routed)           2.025     3.506    CLK100MHZ_IBUF
    BUFGCTRL_X0Y16       BUFG (Prop_bufg_I_O)         0.096     3.602 r  CLK100MHZ_IBUF_BUFG_inst/O
                         net (fo=2381, routed)        1.800     5.403    tokenizer/clk
    SLICE_X56Y48         FDRE                                         r  tokenizer/token3_reg[89]/C
  -------------------------------------------------------------------    -------------------
    SLICE_X56Y48         FDRE (Prop_fdre_C_Q)         0.518     5.921 r  tokenizer/token3_reg[89]/Q
                         net (fo=9, routed)           1.453     7.373    tokenizer/token3[89]
    SLICE_X62Y53         LUT5 (Prop_lut5_I0_O)        0.124     7.497 r  tokenizer/imm[31]_i_34/O
                         net (fo=2, routed)           0.843     8.340    tokenizer/imm[31]_i_34_n_0
    SLICE_X62Y53         LUT4 (Prop_lut4_I2_O)        0.152     8.492 r  tokenizer/imm[12]_i_118/O
                         net (fo=51, routed)          0.520     9.012    tokenizer/operand_interpreter/imm136_out
    SLICE_X64Y53         LUT2 (Prop_lut2_I0_O)        0.348     9.360 r  tokenizer/imm[4]_i_170/O
                         net (fo=1, routed)           0.000     9.360    tokenizer/imm[4]_i_170_n_0
    SLICE_X64Y53         CARRY4 (Prop_carry4_S[0]_O[0])
                                                      0.247     9.607 r  tokenizer/imm_reg[4]_i_138/O[0]
                         net (fo=2, routed)           0.613    10.220    tokenizer/imm_reg[4]_i_138_n_7
    SLICE_X65Y53         LUT2 (Prop_lut2_I0_O)        0.299    10.519 r  tokenizer/imm[4]_i_141/O
                         net (fo=1, routed)           0.000    10.519    tokenizer/imm[4]_i_141_n_0
    SLICE_X65Y53         CARRY4 (Prop_carry4_S[1]_O[1])
                                                      0.227    10.746 r  tokenizer/imm_reg[4]_i_92/O[1]
                         net (fo=5, routed)           0.547    11.292    tokenizer/imm_reg[4]_i_92_n_6
    SLICE_X63Y53         LUT4 (Prop_lut4_I2_O)        0.303    11.595 r  tokenizer/imm[12]_i_524/O
                         net (fo=1, routed)           0.473    12.068    tokenizer/imm[12]_i_524_n_0
    SLICE_X63Y54         CARRY4 (Prop_carry4_DI[1]_O[2])
                                                      0.537    12.605 r  tokenizer/imm_reg[12]_i_405/O[2]
                         net (fo=2, routed)           0.514    13.119    tokenizer/imm_reg[12]_i_405_n_5
    SLICE_X62Y54         LUT2 (Prop_lut2_I1_O)        0.302    13.421 r  tokenizer/imm[8]_i_188/O
                         net (fo=1, routed)           0.000    13.421    tokenizer/imm[8]_i_188_n_0
    SLICE_X62Y54         CARRY4 (Prop_carry4_S[3]_O[3])
                                                      0.255    13.676 r  tokenizer/imm_reg[8]_i_150/O[3]
                         net (fo=2, routed)           0.663    14.339    tokenizer/imm_reg[8]_i_150_n_4
    SLICE_X66Y56         LUT6 (Prop_lut6_I5_O)        0.307    14.646 r  tokenizer/imm[12]_i_424/O
                         net (fo=3, routed)           0.508    15.154    tokenizer/imm[12]_i_424_n_0
    SLICE_X64Y56         LUT2 (Prop_lut2_I0_O)        0.124    15.278 r  tokenizer/imm[12]_i_427/O
                         net (fo=1, routed)           0.000    15.278    tokenizer/imm[12]_i_427_n_0
    SLICE_X64Y56         CARRY4 (Prop_carry4_S[3]_O[3])
                                                      0.248    15.526 r  tokenizer/imm_reg[12]_i_281/O[3]
                         net (fo=2, routed)           0.449    15.974    tokenizer/imm_reg[12]_i_281_n_4
    SLICE_X67Y57         LUT3 (Prop_lut3_I2_O)        0.306    16.280 r  tokenizer/imm[8]_i_93/O
                         net (fo=1, routed)           0.000    16.280    tokenizer/imm[8]_i_93_n_0
    SLICE_X67Y57         CARRY4 (Prop_carry4_S[0]_O[0])
                                                      0.247    16.527 r  tokenizer/imm_reg[8]_i_38/O[0]
                         net (fo=8, routed)           0.743    17.270    tokenizer/imm_reg[8]_i_38_n_7
    SLICE_X69Y60         LUT4 (Prop_lut4_I2_O)        0.299    17.569 r  tokenizer/imm[16]_i_271/O
                         net (fo=1, routed)           0.000    17.569    tokenizer/imm[16]_i_271_n_0
    SLICE_X69Y60         CARRY4 (Prop_carry4_S[0]_O[0])
                                                      0.247    17.816 r  tokenizer/imm_reg[16]_i_176/O[0]
                         net (fo=4, routed)           0.566    18.382    tokenizer/imm_reg[16]_i_176_n_7
    SLICE_X65Y60         LUT4 (Prop_lut4_I1_O)        0.299    18.681 r  tokenizer/imm[8]_i_170/O
                         net (fo=1, routed)           0.000    18.681    tokenizer/imm[8]_i_170_n_0
    SLICE_X65Y60         CARRY4 (Prop_carry4_S[1]_O[1])
                                                      0.227    18.908 r  tokenizer/imm_reg[8]_i_85/O[1]
                         net (fo=2, routed)           0.465    19.374    tokenizer/imm_reg[8]_i_85_n_6
    SLICE_X68Y59         LUT5 (Prop_lut5_I4_O)        0.303    19.677 r  tokenizer/imm[12]_i_312/O
                         net (fo=7, routed)           0.741    20.417    tokenizer/imm[12]_i_312_n_0
    SLICE_X67Y65         LUT4 (Prop_lut4_I0_O)        0.124    20.541 r  tokenizer/imm[12]_i_316/O
                         net (fo=1, routed)           0.000    20.541    tokenizer/imm[12]_i_316_n_0
    SLICE_X67Y65         CARRY4 (Prop_carry4_S[1]_O[1])
                                                      0.227    20.768 r  tokenizer/imm_reg[12]_i_142/O[1]
                         net (fo=3, routed)           0.596    21.364    tokenizer/imm_reg[12]_i_142_n_6
    SLICE_X68Y65         LUT4 (Prop_lut4_I3_O)        0.303    21.667 r  tokenizer/imm[8]_i_119/O
                         net (fo=1, routed)           0.000    21.667    tokenizer/imm[8]_i_119_n_0
    SLICE_X68Y65         CARRY4 (Prop_carry4_S[2]_O[2])
                                                      0.248    21.915 r  tokenizer/imm_reg[8]_i_42/O[2]
                         net (fo=2, routed)           0.628    22.543    tokenizer/imm_reg[8]_i_42_n_5
    SLICE_X64Y62         LUT4 (Prop_lut4_I3_O)        0.302    22.845 r  tokenizer/imm[12]_i_431/O
                         net (fo=1, routed)           0.488    23.333    tokenizer/imm[12]_i_431_n_0
    SLICE_X64Y62         LUT6 (Prop_lut6_I1_O)        0.124    23.457 r  tokenizer/imm[12]_i_289/O
                         net (fo=3, routed)           0.636    24.094    tokenizer/imm[12]_i_289_n_0
    SLICE_X65Y67         LUT2 (Prop_lut2_I0_O)        0.124    24.218 r  tokenizer/imm[12]_i_293/O
                         net (fo=1, routed)           0.000    24.218    tokenizer/imm[12]_i_293_n_0
    SLICE_X65Y67         CARRY4 (Prop_carry4_S[2]_O[2])
                                                      0.248    24.466 r  tokenizer/imm_reg[12]_i_127/O[2]
                         net (fo=3, routed)           0.634    25.100    tokenizer/imm_reg[12]_i_127_n_5
    SLICE_X64Y67         LUT3 (Prop_lut3_I2_O)        0.302    25.402 r  tokenizer/imm[8]_i_97/O
                         net (fo=1, routed)           0.000    25.402    tokenizer/imm[8]_i_97_n_0
    SLICE_X64Y67         CARRY4 (Prop_carry4_S[3]_O[3])
                                                      0.248    25.650 r  tokenizer/imm_reg[8]_i_39/O[3]
                         net (fo=4, routed)           0.488    26.138    tokenizer/imm_reg[8]_i_39_n_4
    SLICE_X62Y69         LUT5 (Prop_lut5_I1_O)        0.306    26.444 r  tokenizer/imm[12]_i_296/O
                         net (fo=2, routed)           0.715    27.159    tokenizer/imm[12]_i_296_n_0
    SLICE_X61Y70         CARRY4 (Prop_carry4_DI[3]_CO[3])
                                                      0.385    27.544 r  tokenizer/imm_reg[12]_i_132/CO[3]
                         net (fo=1, routed)           0.000    27.544    tokenizer/imm_reg[12]_i_132_n_0
    SLICE_X61Y71         CARRY4 (Prop_carry4_CI_O[0])
                                                      0.222    27.766 r  tokenizer/imm_reg[20]_i_79/O[0]
                         net (fo=3, routed)           0.401    28.166    tokenizer/imm_reg[20]_i_79_n_7
    SLICE_X63Y71         LUT2 (Prop_lut2_I1_O)        0.299    28.465 r  tokenizer/imm[12]_i_135/O
                         net (fo=1, routed)           0.000    28.465    tokenizer/imm[12]_i_135_n_0
    SLICE_X63Y71         CARRY4 (Prop_carry4_S[1]_O[1])
                                                      0.227    28.692 r  tokenizer/imm_reg[12]_i_52/O[1]
                         net (fo=2, routed)           0.879    29.571    tokenizer/imm_reg[12]_i_52_n_6
    SLICE_X57Y67         LUT4 (Prop_lut4_I3_O)        0.303    29.874 r  tokenizer/imm[24]_i_149/O
                         net (fo=1, routed)           0.570    30.444    tokenizer/imm[24]_i_149_n_0
    SLICE_X59Y67         LUT6 (Prop_lut6_I1_O)        0.124    30.568 r  tokenizer/imm[24]_i_107/O
                         net (fo=3, routed)           0.780    31.348    tokenizer/imm[24]_i_107_n_0
    SLICE_X60Y72         LUT2 (Prop_lut2_I0_O)        0.124    31.472 r  tokenizer/imm[24]_i_111/O
                         net (fo=1, routed)           0.000    31.472    tokenizer/imm[24]_i_111_n_0
    SLICE_X60Y72         CARRY4 (Prop_carry4_S[1]_O[2])
                                                      0.578    32.050 r  tokenizer/imm_reg[24]_i_63/O[2]
                         net (fo=3, routed)           0.708    32.757    tokenizer/imm_reg[24]_i_63_n_5
    SLICE_X62Y72         LUT2 (Prop_lut2_I1_O)        0.301    33.058 r  tokenizer/imm[12]_i_138/O
                         net (fo=1, routed)           0.000    33.058    tokenizer/imm[12]_i_138_n_0
    SLICE_X62Y72         CARRY4 (Prop_carry4_S[3]_O[3])
                                                      0.255    33.313 r  tokenizer/imm_reg[12]_i_53/O[3]
                         net (fo=1, routed)           0.879    34.192    tokenizer/imm_reg[12]_i_53_n_4
    SLICE_X57Y66         LUT4 (Prop_lut4_I0_O)        0.307    34.499 r  tokenizer/imm[12]_i_18/O
                         net (fo=1, routed)           0.520    35.019    tokenizer/imm[12]_i_18_n_0
    SLICE_X56Y66         LUT6 (Prop_lut6_I5_O)        0.124    35.143 r  tokenizer/imm[12]_i_4/O
                         net (fo=10, routed)          0.787    35.930    tokenizer/imm[12]_i_4_n_0
    SLICE_X53Y72         LUT2 (Prop_lut2_I0_O)        0.124    36.054 r  tokenizer/imm[12]_i_106/O
                         net (fo=1, routed)           0.000    36.054    tokenizer/imm[12]_i_106_n_0
    SLICE_X53Y72         CARRY4 (Prop_carry4_S[3]_CO[3])
                                                      0.401    36.455 r  tokenizer/imm_reg[12]_i_39/CO[3]
                         net (fo=1, routed)           0.000    36.455    tokenizer/imm_reg[12]_i_39_n_0
    SLICE_X53Y73         CARRY4 (Prop_carry4_CI_O[0])
                                                      0.222    36.677 r  tokenizer/imm_reg[24]_i_40/O[0]
                         net (fo=3, routed)           0.328    37.005    tokenizer/imm_reg[24]_i_40_n_7
    SLICE_X52Y72         LUT2 (Prop_lut2_I1_O)        0.299    37.304 r  tokenizer/imm[24]_i_78/O
                         net (fo=1, routed)           0.000    37.304    tokenizer/imm[24]_i_78_n_0
    SLICE_X52Y72         CARRY4 (Prop_carry4_S[1]_O[1])
                                                      0.227    37.531 r  tokenizer/imm_reg[24]_i_39/O[1]
                         net (fo=1, routed)           0.707    38.238    tokenizer/imm_reg[24]_i_39_n_6
    SLICE_X52Y66         LUT5 (Prop_lut5_I4_O)        0.303    38.541 r  tokenizer/imm[14]_i_7/O
                         net (fo=3, routed)           0.619    39.160    tokenizer/imm[14]_i_7_n_0
    SLICE_X49Y64         LUT6 (Prop_lut6_I5_O)        0.124    39.284 r  tokenizer/imm[20]_i_100/O
                         net (fo=4, routed)           0.665    39.949    tokenizer/imm[20]_i_100_n_0
    SLICE_X50Y69         LUT4 (Prop_lut4_I0_O)        0.124    40.073 r  tokenizer/imm[20]_i_104/O
                         net (fo=1, routed)           0.000    40.073    tokenizer/imm[20]_i_104_n_0
    SLICE_X50Y69         CARRY4 (Prop_carry4_S[1]_O[2])
                                                      0.578    40.651 r  tokenizer/imm_reg[20]_i_38/O[2]
                         net (fo=3, routed)           0.545    41.196    tokenizer/imm_reg[20]_i_38_n_5
    SLICE_X48Y69         LUT2 (Prop_lut2_I1_O)        0.301    41.497 r  tokenizer/imm[16]_i_29/O
                         net (fo=1, routed)           0.000    41.497    tokenizer/imm[16]_i_29_n_0
    SLICE_X48Y69         CARRY4 (Prop_carry4_S[3]_CO[3])
                                                      0.401    41.898 r  tokenizer/imm_reg[16]_i_11/CO[3]
                         net (fo=1, routed)           0.000    41.898    tokenizer/imm_reg[16]_i_11_n_0
    SLICE_X48Y70         CARRY4 (Prop_carry4_CI_O[1])
                                                      0.334    42.232 r  tokenizer/imm_reg[20]_i_13/O[1]
                         net (fo=3, routed)           0.698    42.930    tokenizer/imm_reg[20]_i_13_n_6
    SLICE_X50Y74         LUT4 (Prop_lut4_I0_O)        0.303    43.233 r  tokenizer/imm[22]_i_113/O
                         net (fo=1, routed)           0.333    43.567    tokenizer/imm[22]_i_113_n_0
    SLICE_X50Y75         LUT6 (Prop_lut6_I0_O)        0.124    43.691 r  tokenizer/imm[22]_i_80/O
                         net (fo=2, routed)           0.558    44.248    tokenizer/imm[22]_i_80_n_0
    SLICE_X49Y71         CARRY4 (Prop_carry4_DI[1]_O[2])
                                                      0.537    44.785 r  tokenizer/imm_reg[22]_i_37/O[2]
                         net (fo=3, routed)           0.508    45.293    tokenizer/imm_reg[22]_i_37_n_5
    SLICE_X46Y71         LUT2 (Prop_lut2_I1_O)        0.302    45.595 r  tokenizer/imm[20]_i_44/O
                         net (fo=1, routed)           0.000    45.595    tokenizer/imm[20]_i_44_n_0
    SLICE_X46Y71         CARRY4 (Prop_carry4_S[3]_CO[3])
                                                      0.376    45.971 r  tokenizer/imm_reg[20]_i_14/CO[3]
                         net (fo=1, routed)           0.000    45.971    tokenizer/imm_reg[20]_i_14_n_0
    SLICE_X46Y72         CARRY4 (Prop_carry4_CI_O[0])
                                                      0.219    46.190 r  tokenizer/imm_reg[22]_i_16/O[0]
                         net (fo=1, routed)           0.693    46.883    tokenizer/imm_reg[22]_i_16_n_7
    SLICE_X46Y75         LUT4 (Prop_lut4_I2_O)        0.295    47.178 r  tokenizer/imm[21]_i_5/O
                         net (fo=1, routed)           0.306    47.484    tokenizer/imm[21]_i_5_n_0
    SLICE_X46Y76         LUT6 (Prop_lut6_I5_O)        0.124    47.608 r  tokenizer/imm[21]_i_1/O
                         net (fo=1, routed)           0.000    47.608    operand_interpreter/imm_reg[31]_2[21]
    SLICE_X46Y76         FDRE                                         r  operand_interpreter/imm_reg[21]/D
  -------------------------------------------------------------------    -------------------

                         (clock sys_clk_pin rise edge)
                                                     50.000    50.000 r  <hidden>
    E3                                                0.000    50.000 r  CLK100MHZ
                         net (fo=0)                   0.000    50.000    CLK100MHZ
    E3                   IBUF (Prop_ibuf_I_O)         1.411    51.411 r  CLK100MHZ_IBUF_inst/O
                         net (fo=1, routed)           1.920    53.331    CLK100MHZ_IBUF
    BUFGCTRL_X0Y16       BUFG (Prop_bufg_I_O)         0.091    53.422 r  CLK100MHZ_IBUF_BUFG_inst/O
                         net (fo=2381, routed)        1.498    54.921    operand_interpreter/CLK100MHZ_IBUF_BUFG
    SLICE_X46Y76         FDRE                                         r  operand_interpreter/imm_reg[21]/C
                         clock pessimism              0.187    55.108    <hidden>
                         clock uncertainty           -0.035    55.072    <hidden>
    SLICE_X46Y76         FDRE (Setup_fdre_C_D)        0.077    55.149    operand_interpreter/imm_reg[21]
  -------------------------------------------------------------------
                         required time                         55.149    <hidden>
                         arrival time                         -47.608    <hidden>
  -------------------------------------------------------------------
                         slack                                  7.541    <hidden>





Min Delay Paths
--------------------------------------------------------------------------------------
Slack (MET) :             0.050ns  (arrival time - required time)
  Source:                 fetch/InstrD_reg[5]/C
                            (rising edge-triggered cell FDRE clocked by sys_clk_pin  {rise@0.000ns fall@5.000ns period=50.000ns})
  Destination:            decode/BranchE_reg/D
                            (rising edge-triggered cell FDRE clocked by sys_clk_pin  {rise@0.000ns fall@5.000ns period=50.000ns})
  Path Group:             sys_clk_pin
  Path Type:              Hold (Min at Fast Process Corner)
  Requirement:            0.000ns  (sys_clk_pin rise@0.000ns - sys_clk_pin rise@0.000ns)
  Data Path Delay:        0.405ns  (logic 0.186ns (45.934%)  route 0.219ns (54.066%))
  Logic Levels:           1  (LUT6=1)
  Clock Path Skew:        0.264ns (DCD - SCD - CPR)
    Destination Clock Delay (DCD):    1.998ns
    Source Clock Delay      (SCD):    1.483ns
    Clock Pessimism Removal (CPR):    0.250ns

    Location             Delay type                Incr(ns)  Path(ns)    Netlist Resource(s)
  -------------------------------------------------------------------    -------------------
                         (clock sys_clk_pin rise edge)
                                                      0.000     0.000 r  <hidden>
    E3                                                0.000     0.000 r  CLK100MHZ
                         net (fo=0)                   0.000     0.000    CLK100MHZ
    E3                   IBUF (Prop_ibuf_I_O)         0.250     0.250 r  CLK100MHZ_IBUF_inst/O
                         net (fo=1, routed)           0.644     0.894    CLK100MHZ_IBUF
    BUFGCTRL_X0Y16       BUFG (Prop_bufg_I_O)         0.026     0.920 r  CLK100MHZ_IBUF_BUFG_inst/O
                         net (fo=2381, routed)        0.564     1.483    fetch/CLK100MHZ_IBUF_BUFG
    SLICE_X48Y88         FDRE                                         r  fetch/InstrD_reg[5]/C
  -------------------------------------------------------------------    -------------------
    SLICE_X48Y88         FDRE (Prop_fdre_C_Q)         0.141     1.624 r  fetch/InstrD_reg[5]/Q
                         net (fo=14, routed)          0.219     1.843    fetch/Q[4]
    SLICE_X55Y92         LUT6 (Prop_lut6_I4_O)        0.045     1.888 r  fetch/BranchE_i_1/O
                         net (fo=1, routed)           0.000     1.888    decode/Branch
    SLICE_X55Y92         FDRE                                         r  decode/BranchE_reg/D
  -------------------------------------------------------------------    -------------------

                         (clock sys_clk_pin rise edge)
                                                      0.000     0.000 r  <hidden>
    E3                                                0.000     0.000 r  CLK100MHZ
                         net (fo=0)                   0.000     0.000    CLK100MHZ
    E3                   IBUF (Prop_ibuf_I_O)         0.438     0.438 r  CLK100MHZ_IBUF_inst/O
                         net (fo=1, routed)           0.699     1.136    CLK100MHZ_IBUF
    BUFGCTRL_X0Y16       BUFG (Prop_bufg_I_O)         0.029     1.165 r  CLK100MHZ_IBUF_BUFG_inst/O
                         net (fo=2381, routed)        0.833     1.998    decode/CLK100MHZ_IBUF_BUFG
    SLICE_X55Y92         FDRE                                         r  decode/BranchE_reg/C
                         clock pessimism             -0.250     1.747    <hidden>
    SLICE_X55Y92         FDRE (Hold_fdre_C_D)         0.091     1.838    decode/BranchE_reg
  -------------------------------------------------------------------
                         required time                         -1.838    <hidden>
                         arrival time                           1.888    <hidden>
  -------------------------------------------------------------------
                         slack                                  0.050    <hidden>

Slack (MET) :             0.069ns  (arrival time - required time)
  Source:                 fetch/InstrD_reg[13]/C
                            (rising edge-triggered cell FDRE clocked by sys_clk_pin  {rise@0.000ns fall@5.000ns period=50.000ns})
  Destination:            decode/InstrE_reg[13]/D
                            (rising edge-triggered cell FDRE clocked by sys_clk_pin  {rise@0.000ns fall@5.000ns period=50.000ns})
  Path Group:             sys_clk_pin
  Path Type:              Hold (Min at Fast Process Corner)
  Requirement:            0.000ns  (sys_clk_pin rise@0.000ns - sys_clk_pin rise@0.000ns)
  Data Path Delay:        0.408ns  (logic 0.141ns (34.524%)  route 0.267ns (65.476%))
  Logic Levels:           0  
  Clock Path Skew:        0.264ns (DCD - SCD - CPR)
    Destination Clock Delay (DCD):    1.998ns
    Source Clock Delay      (SCD):    1.483ns
    Clock Pessimism Removal (CPR):    0.250ns

    Location             Delay type                Incr(ns)  Path(ns)    Netlist Resource(s)
  -------------------------------------------------------------------    -------------------
                         (clock sys_clk_pin rise edge)
                                                      0.000     0.000 r  <hidden>
    E3                                                0.000     0.000 r  CLK100MHZ
                         net (fo=0)                   0.000     0.000    CLK100MHZ
    E3                   IBUF (Prop_ibuf_I_O)         0.250     0.250 r  CLK100MHZ_IBUF_inst/O
                         net (fo=1, routed)           0.644     0.894    CLK100MHZ_IBUF
    BUFGCTRL_X0Y16       BUFG (Prop_bufg_I_O)         0.026     0.920 r  CLK100MHZ_IBUF_BUFG_inst/O
                         net (fo=2381, routed)        0.564     1.483    fetch/CLK100MHZ_IBUF_BUFG
    SLICE_X48Y89         FDRE                                         r  fetch/InstrD_reg[13]/C
  -------------------------------------------------------------------    -------------------
    SLICE_X48Y89         FDRE (Prop_fdre_C_Q)         0.141     1.624 r  fetch/InstrD_reg[13]/Q
                         net (fo=5, routed)           0.267     1.892    decode/Q[12]
    SLICE_X55Y92         FDRE                                         r  decode/InstrE_reg[13]/D
  -------------------------------------------------------------------    -------------------

                         (clock sys_clk_pin rise edge)
                                                      0.000     0.000 r  <hidden>
    E3                                                0.000     0.000 r  CLK100MHZ
                         net (fo=0)                   0.000     0.000    CLK100MHZ
    E3                   IBUF (Prop_ibuf_I_O)         0.438     0.438 r  CLK100MHZ_IBUF_inst/O
                         net (fo=1, routed)           0.699     1.136    CLK100MHZ_IBUF
    BUFGCTRL_X0Y16       BUFG (Prop_bufg_I_O)         0.029     1.165 r  CLK100MHZ_IBUF_BUFG_inst/O
                         net (fo=2381, routed)        0.833     1.998    decode/CLK100MHZ_IBUF_BUFG
    SLICE_X55Y92         FDRE                                         r  decode/InstrE_reg[13]/C
                         clock pessimism             -0.250     1.747    <hidden>
    SLICE_X55Y92         FDRE (Hold_fdre_C_D)         0.075     1.822    decode/InstrE_reg[13]
  -------------------------------------------------------------------
                         required time                         -1.822    <hidden>
                         arrival time                           1.892    <hidden>
  -------------------------------------------------------------------
                         slack                                  0.069    <hidden>

Slack (MET) :             0.076ns  (arrival time - required time)
  Source:                 fetch/InstrD_reg[7]/C
                            (rising edge-triggered cell FDRE clocked by sys_clk_pin  {rise@0.000ns fall@5.000ns period=50.000ns})
  Destination:            decode/RdE_reg[0]/D
                            (rising edge-triggered cell FDRE clocked by sys_clk_pin  {rise@0.000ns fall@5.000ns period=50.000ns})
  Path Group:             sys_clk_pin
  Path Type:              Hold (Min at Fast Process Corner)
  Requirement:            0.000ns  (sys_clk_pin rise@0.000ns - sys_clk_pin rise@0.000ns)
  Data Path Delay:        0.386ns  (logic 0.141ns (36.546%)  route 0.245ns (63.454%))
  Logic Levels:           0  
  Clock Path Skew:        0.264ns (DCD - SCD - CPR)
    Destination Clock Delay (DCD):    1.998ns
    Source Clock Delay      (SCD):    1.483ns
    Clock Pessimism Removal (CPR):    0.250ns

    Location             Delay type                Incr(ns)  Path(ns)    Netlist Resource(s)
  -------------------------------------------------------------------    -------------------
                         (clock sys_clk_pin rise edge)
                                                      0.000     0.000 r  <hidden>
    E3                                                0.000     0.000 r  CLK100MHZ
                         net (fo=0)                   0.000     0.000    CLK100MHZ
    E3                   IBUF (Prop_ibuf_I_O)         0.250     0.250 r  CLK100MHZ_IBUF_inst/O
                         net (fo=1, routed)           0.644     0.894    CLK100MHZ_IBUF
    BUFGCTRL_X0Y16       BUFG (Prop_bufg_I_O)         0.026     0.920 r  CLK100MHZ_IBUF_BUFG_inst/O
                         net (fo=2381, routed)        0.564     1.483    fetch/CLK100MHZ_IBUF_BUFG
    SLICE_X48Y89         FDRE                                         r  fetch/InstrD_reg[7]/C
  -------------------------------------------------------------------    -------------------
    SLICE_X48Y89         FDRE (Prop_fdre_C_Q)         0.141     1.624 r  fetch/InstrD_reg[7]/Q
                         net (fo=3, routed)           0.245     1.869    decode/Q[6]
    SLICE_X53Y91         FDRE                                         r  decode/RdE_reg[0]/D
  -------------------------------------------------------------------    -------------------

                         (clock sys_clk_pin rise edge)
                                                      0.000     0.000 r  <hidden>
    E3                                                0.000     0.000 r  CLK100MHZ
                         net (fo=0)                   0.000     0.000    CLK100MHZ
    E3                   IBUF (Prop_ibuf_I_O)         0.438     0.438 r  CLK100MHZ_IBUF_inst/O
                         net (fo=1, routed)           0.699     1.136    CLK100MHZ_IBUF
    BUFGCTRL_X0Y16       BUFG (Prop_bufg_I_O)         0.029     1.165 r  CLK100MHZ_IBUF_BUFG_inst/O
                         net (fo=2381, routed)        0.833     1.998    decode/CLK100MHZ_IBUF_BUFG
    SLICE_X53Y91         FDRE                                         r  decode/RdE_reg[0]/C
                         clock pessimism             -0.250     1.747    <hidden>
    SLICE_X53Y91         FDRE (Hold_fdre_C_D)         0.046     1.793    decode/RdE_reg[0]
  -------------------------------------------------------------------
                         required time                         -1.793    <hidden>
                         arrival time                           1.869    <hidden>
  -------------------------------------------------------------------
                         slack                                  0.076    <hidden>

Slack (MET) :             0.076ns  (arrival time - required time)
  Source:                 fetch/InstrD_reg[25]/C
                            (rising edge-triggered cell FDRE clocked by sys_clk_pin  {rise@0.000ns fall@5.000ns period=50.000ns})
  Destination:            decode/InstrE_reg[25]/D
                            (rising edge-triggered cell FDRE clocked by sys_clk_pin  {rise@0.000ns fall@5.000ns period=50.000ns})
  Path Group:             sys_clk_pin
  Path Type:              Hold (Min at Fast Process Corner)
  Requirement:            0.000ns  (sys_clk_pin rise@0.000ns - sys_clk_pin rise@0.000ns)
  Data Path Delay:        0.410ns  (logic 0.141ns (34.372%)  route 0.269ns (65.628%))
  Logic Levels:           0  
  Clock Path Skew:        0.264ns (DCD - SCD - CPR)
    Destination Clock Delay (DCD):    1.998ns
    Source Clock Delay      (SCD):    1.483ns
    Clock Pessimism Removal (CPR):    0.250ns

    Location             Delay type                Incr(ns)  Path(ns)    Netlist Resource(s)
  -------------------------------------------------------------------    -------------------
                         (clock sys_clk_pin rise edge)
                                                      0.000     0.000 r  <hidden>
    E3                                                0.000     0.000 r  CLK100MHZ
                         net (fo=0)                   0.000     0.000    CLK100MHZ
    E3                   IBUF (Prop_ibuf_I_O)         0.250     0.250 r  CLK100MHZ_IBUF_inst/O
                         net (fo=1, routed)           0.644     0.894    CLK100MHZ_IBUF
    BUFGCTRL_X0Y16       BUFG (Prop_bufg_I_O)         0.026     0.920 r  CLK100MHZ_IBUF_BUFG_inst/O
                         net (fo=2381, routed)        0.564     1.483    fetch/CLK100MHZ_IBUF_BUFG
    SLICE_X48Y88         FDRE                                         r  fetch/InstrD_reg[25]/C
  -------------------------------------------------------------------    -------------------
    SLICE_X48Y88         FDRE (Prop_fdre_C_Q)         0.141     1.624 r  fetch/InstrD_reg[25]/Q
                         net (fo=3, routed)           0.269     1.894    decode/Q[24]
    SLICE_X53Y92         FDRE                                         r  decode/InstrE_reg[25]/D
  -------------------------------------------------------------------    -------------------

                         (clock sys_clk_pin rise edge)
                                                      0.000     0.000 r  <hidden>
    E3                                                0.000     0.000 r  CLK100MHZ
                         net (fo=0)                   0.000     0.000    CLK100MHZ
    E3                   IBUF (Prop_ibuf_I_O)         0.438     0.438 r  CLK100MHZ_IBUF_inst/O
                         net (fo=1, routed)           0.699     1.136    CLK100MHZ_IBUF
    BUFGCTRL_X0Y16       BUFG (Prop_bufg_I_O)         0.029     1.165 r  CLK100MHZ_IBUF_BUFG_inst/O
                         net (fo=2381, routed)        0.833     1.998    decode/CLK100MHZ_IBUF_BUFG
    SLICE_X53Y92         FDRE                                         r  decode/InstrE_reg[25]/C
                         clock pessimism             -0.250     1.747    <hidden>
    SLICE_X53Y92         FDRE (Hold_fdre_C_D)         0.070     1.817    decode/InstrE_reg[25]
  -------------------------------------------------------------------
                         required time                         -1.817    <hidden>
                         arrival time                           1.894    <hidden>
  -------------------------------------------------------------------
                         slack                                  0.076    <hidden>

Slack (MET) :             0.085ns  (arrival time - required time)
  Source:                 fetch/InstrD_reg[31]/C
                            (rising edge-triggered cell FDRE clocked by sys_clk_pin  {rise@0.000ns fall@5.000ns period=50.000ns})
  Destination:            decode/InstrE_reg[31]/D
                            (rising edge-triggered cell FDRE clocked by sys_clk_pin  {rise@0.000ns fall@5.000ns period=50.000ns})
  Path Group:             sys_clk_pin
  Path Type:              Hold (Min at Fast Process Corner)
  Requirement:            0.000ns  (sys_clk_pin rise@0.000ns - sys_clk_pin rise@0.000ns)
  Data Path Delay:        0.423ns  (logic 0.164ns (38.760%)  route 0.259ns (61.240%))
  Logic Levels:           0  
  Clock Path Skew:        0.266ns (DCD - SCD - CPR)
    Destination Clock Delay (DCD):    1.998ns
    Source Clock Delay      (SCD):    1.481ns
    Clock Pessimism Removal (CPR):    0.250ns

    Location             Delay type                Incr(ns)  Path(ns)    Netlist Resource(s)
  -------------------------------------------------------------------    -------------------
                         (clock sys_clk_pin rise edge)
                                                      0.000     0.000 r  <hidden>
    E3                                                0.000     0.000 r  CLK100MHZ
                         net (fo=0)                   0.000     0.000    CLK100MHZ
    E3                   IBUF (Prop_ibuf_I_O)         0.250     0.250 r  CLK100MHZ_IBUF_inst/O
                         net (fo=1, routed)           0.644     0.894    CLK100MHZ_IBUF
    BUFGCTRL_X0Y16       BUFG (Prop_bufg_I_O)         0.026     0.920 r  CLK100MHZ_IBUF_BUFG_inst/O
                         net (fo=2381, routed)        0.562     1.481    fetch/CLK100MHZ_IBUF_BUFG
    SLICE_X50Y87         FDRE                                         r  fetch/InstrD_reg[31]/C
  -------------------------------------------------------------------    -------------------
    SLICE_X50Y87         FDRE (Prop_fdre_C_Q)         0.164     1.645 r  fetch/InstrD_reg[31]/Q
                         net (fo=22, routed)          0.259     1.904    decode/Q[30]
    SLICE_X52Y92         FDRE                                         r  decode/InstrE_reg[31]/D
  -------------------------------------------------------------------    -------------------

                         (clock sys_clk_pin rise edge)
                                                      0.000     0.000 r  <hidden>
    E3                                                0.000     0.000 r  CLK100MHZ
                         net (fo=0)                   0.000     0.000    CLK100MHZ
    E3                   IBUF (Prop_ibuf_I_O)         0.438     0.438 r  CLK100MHZ_IBUF_inst/O
                         net (fo=1, routed)           0.699     1.136    CLK100MHZ_IBUF
    BUFGCTRL_X0Y16       BUFG (Prop_bufg_I_O)         0.029     1.165 r  CLK100MHZ_IBUF_BUFG_inst/O
                         net (fo=2381, routed)        0.833     1.998    decode/CLK100MHZ_IBUF_BUFG
    SLICE_X52Y92         FDRE                                         r  decode/InstrE_reg[31]/C
                         clock pessimism             -0.250     1.747    <hidden>
    SLICE_X52Y92         FDRE (Hold_fdre_C_D)         0.072     1.819    decode/InstrE_reg[31]
  -------------------------------------------------------------------
                         required time                         -1.819    <hidden>
                         arrival time                           1.904    <hidden>
  -------------------------------------------------------------------
                         slack                                  0.085    <hidden>

Slack (MET) :             0.088ns  (arrival time - required time)
  Source:                 fetch/InstrD_reg[5]/C
                            (rising edge-triggered cell FDRE clocked by sys_clk_pin  {rise@0.000ns fall@5.000ns period=50.000ns})
  Destination:            decode/InstrE_reg[5]/D
                            (rising edge-triggered cell FDRE clocked by sys_clk_pin  {rise@0.000ns fall@5.000ns period=50.000ns})
  Path Group:             sys_clk_pin
  Path Type:              Hold (Min at Fast Process Corner)
  Requirement:            0.000ns  (sys_clk_pin rise@0.000ns - sys_clk_pin rise@0.000ns)
  Data Path Delay:        0.425ns  (logic 0.141ns (33.205%)  route 0.284ns (66.795%))
  Logic Levels:           0  
  Clock Path Skew:        0.265ns (DCD - SCD - CPR)
    Destination Clock Delay (DCD):    1.999ns
    Source Clock Delay      (SCD):    1.483ns
    Clock Pessimism Removal (CPR):    0.250ns

    Location             Delay type                Incr(ns)  Path(ns)    Netlist Resource(s)
  -------------------------------------------------------------------    -------------------
                         (clock sys_clk_pin rise edge)
                                                      0.000     0.000 r  <hidden>
    E3                                                0.000     0.000 r  CLK100MHZ
                         net (fo=0)                   0.000     0.000    CLK100MHZ
    E3                   IBUF (Prop_ibuf_I_O)         0.250     0.250 r  CLK100MHZ_IBUF_inst/O
                         net (fo=1, routed)           0.644     0.894    CLK100MHZ_IBUF
    BUFGCTRL_X0Y16       BUFG (Prop_bufg_I_O)         0.026     0.920 r  CLK100MHZ_IBUF_BUFG_inst/O
                         net (fo=2381, routed)        0.564     1.483    fetch/CLK100MHZ_IBUF_BUFG
    SLICE_X48Y88         FDRE                                         r  fetch/InstrD_reg[5]/C
  -------------------------------------------------------------------    -------------------
    SLICE_X48Y88         FDRE (Prop_fdre_C_Q)         0.141     1.624 r  fetch/InstrD_reg[5]/Q
                         net (fo=14, routed)          0.284     1.908    decode/Q[4]
    SLICE_X57Y92         FDRE                                         r  decode/InstrE_reg[5]/D
  -------------------------------------------------------------------    -------------------

                         (clock sys_clk_pin rise edge)
                                                      0.000     0.000 r  <hidden>
    E3                                                0.000     0.000 r  CLK100MHZ
                         net (fo=0)                   0.000     0.000    CLK100MHZ
    E3                   IBUF (Prop_ibuf_I_O)         0.438     0.438 r  CLK100MHZ_IBUF_inst/O
                         net (fo=1, routed)           0.699     1.136    CLK100MHZ_IBUF
    BUFGCTRL_X0Y16       BUFG (Prop_bufg_I_O)         0.029     1.165 r  CLK100MHZ_IBUF_BUFG_inst/O
                         net (fo=2381, routed)        0.834     1.999    decode/CLK100MHZ_IBUF_BUFG
    SLICE_X57Y92         FDRE                                         r  decode/InstrE_reg[5]/C
                         clock pessimism             -0.250     1.748    <hidden>
    SLICE_X57Y92         FDRE (Hold_fdre_C_D)         0.072     1.820    decode/InstrE_reg[5]
  -------------------------------------------------------------------
                         required time                         -1.820    <hidden>
                         arrival time                           1.908    <hidden>
  -------------------------------------------------------------------
                         slack                                  0.088    <hidden>

Slack (MET) :             0.098ns  (arrival time - required time)
  Source:                 fetch/InstrD_reg[30]/C
                            (rising edge-triggered cell FDRE clocked by sys_clk_pin  {rise@0.000ns fall@5.000ns period=50.000ns})
  Destination:            decode/InstrE_reg[30]/D
                            (rising edge-triggered cell FDRE clocked by sys_clk_pin  {rise@0.000ns fall@5.000ns period=50.000ns})
  Path Group:             sys_clk_pin
  Path Type:              Hold (Min at Fast Process Corner)
  Requirement:            0.000ns  (sys_clk_pin rise@0.000ns - sys_clk_pin rise@0.000ns)
  Data Path Delay:        0.379ns  (logic 0.128ns (33.737%)  route 0.251ns (66.263%))
  Logic Levels:           0  
  Clock Path Skew:        0.264ns (DCD - SCD - CPR)
    Destination Clock Delay (DCD):    1.998ns
    Source Clock Delay      (SCD):    1.483ns
    Clock Pessimism Removal (CPR):    0.250ns

    Location             Delay type                Incr(ns)  Path(ns)    Netlist Resource(s)
  -------------------------------------------------------------------    -------------------
                         (clock sys_clk_pin rise edge)
                                                      0.000     0.000 r  <hidden>
    E3                                                0.000     0.000 r  CLK100MHZ
                         net (fo=0)                   0.000     0.000    CLK100MHZ
    E3                   IBUF (Prop_ibuf_I_O)         0.250     0.250 r  CLK100MHZ_IBUF_inst/O
                         net (fo=1, routed)           0.644     0.894    CLK100MHZ_IBUF
    BUFGCTRL_X0Y16       BUFG (Prop_bufg_I_O)         0.026     0.920 r  CLK100MHZ_IBUF_BUFG_inst/O
                         net (fo=2381, routed)        0.564     1.483    fetch/CLK100MHZ_IBUF_BUFG
    SLICE_X48Y89         FDRE                                         r  fetch/InstrD_reg[30]/C
  -------------------------------------------------------------------    -------------------
    SLICE_X48Y89         FDRE (Prop_fdre_C_Q)         0.128     1.611 r  fetch/InstrD_reg[30]/Q
                         net (fo=4, routed)           0.251     1.863    decode/Q[29]
    SLICE_X52Y92         FDRE                                         r  decode/InstrE_reg[30]/D
  -------------------------------------------------------------------    -------------------

                         (clock sys_clk_pin rise edge)
                                                      0.000     0.000 r  <hidden>
    E3                                                0.000     0.000 r  CLK100MHZ
                         net (fo=0)                   0.000     0.000    CLK100MHZ
    E3                   IBUF (Prop_ibuf_I_O)         0.438     0.438 r  CLK100MHZ_IBUF_inst/O
                         net (fo=1, routed)           0.699     1.136    CLK100MHZ_IBUF
    BUFGCTRL_X0Y16       BUFG (Prop_bufg_I_O)         0.029     1.165 r  CLK100MHZ_IBUF_BUFG_inst/O
                         net (fo=2381, routed)        0.833     1.998    decode/CLK100MHZ_IBUF_BUFG
    SLICE_X52Y92         FDRE                                         r  decode/InstrE_reg[30]/C
                         clock pessimism             -0.250     1.747    <hidden>
    SLICE_X52Y92         FDRE (Hold_fdre_C_D)         0.017     1.764    decode/InstrE_reg[30]
  -------------------------------------------------------------------
                         required time                         -1.764    <hidden>
                         arrival time                           1.863    <hidden>
  -------------------------------------------------------------------
                         slack                                  0.098    <hidden>

Slack (MET) :             0.099ns  (arrival time - required time)
  Source:                 fetch/InstrD_reg[8]/C
                            (rising edge-triggered cell FDRE clocked by sys_clk_pin  {rise@0.000ns fall@5.000ns period=50.000ns})
  Destination:            decode/RdE_reg[1]/D
                            (rising edge-triggered cell FDRE clocked by sys_clk_pin  {rise@0.000ns fall@5.000ns period=50.000ns})
  Path Group:             sys_clk_pin
  Path Type:              Hold (Min at Fast Process Corner)
  Requirement:            0.000ns  (sys_clk_pin rise@0.000ns - sys_clk_pin rise@0.000ns)
  Data Path Delay:        0.376ns  (logic 0.128ns (34.028%)  route 0.248ns (65.972%))
  Logic Levels:           0  
  Clock Path Skew:        0.264ns (DCD - SCD - CPR)
    Destination Clock Delay (DCD):    1.998ns
    Source Clock Delay      (SCD):    1.483ns
    Clock Pessimism Removal (CPR):    0.250ns

    Location             Delay type                Incr(ns)  Path(ns)    Netlist Resource(s)
  -------------------------------------------------------------------    -------------------
                         (clock sys_clk_pin rise edge)
                                                      0.000     0.000 r  <hidden>
    E3                                                0.000     0.000 r  CLK100MHZ
                         net (fo=0)                   0.000     0.000    CLK100MHZ
    E3                   IBUF (Prop_ibuf_I_O)         0.250     0.250 r  CLK100MHZ_IBUF_inst/O
                         net (fo=1, routed)           0.644     0.894    CLK100MHZ_IBUF
    BUFGCTRL_X0Y16       BUFG (Prop_bufg_I_O)         0.026     0.920 r  CLK100MHZ_IBUF_BUFG_inst/O
                         net (fo=2381, routed)        0.564     1.483    fetch/CLK100MHZ_IBUF_BUFG
    SLICE_X48Y89         FDRE                                         r  fetch/InstrD_reg[8]/C
  -------------------------------------------------------------------    -------------------
    SLICE_X48Y89         FDRE (Prop_fdre_C_Q)         0.128     1.611 r  fetch/InstrD_reg[8]/Q
                         net (fo=2, routed)           0.248     1.859    decode/Q[7]
    SLICE_X53Y91         FDRE                                         r  decode/RdE_reg[1]/D
  -------------------------------------------------------------------    -------------------

                         (clock sys_clk_pin rise edge)
                                                      0.000     0.000 r  <hidden>
    E3                                                0.000     0.000 r  CLK100MHZ
                         net (fo=0)                   0.000     0.000    CLK100MHZ
    E3                   IBUF (Prop_ibuf_I_O)         0.438     0.438 r  CLK100MHZ_IBUF_inst/O
                         net (fo=1, routed)           0.699     1.136    CLK100MHZ_IBUF
    BUFGCTRL_X0Y16       BUFG (Prop_bufg_I_O)         0.029     1.165 r  CLK100MHZ_IBUF_BUFG_inst/O
                         net (fo=2381, routed)        0.833     1.998    decode/CLK100MHZ_IBUF_BUFG
    SLICE_X53Y91         FDRE                                         r  decode/RdE_reg[1]/C
                         clock pessimism             -0.250     1.747    <hidden>
    SLICE_X53Y91         FDRE (Hold_fdre_C_D)         0.013     1.760    decode/RdE_reg[1]
  -------------------------------------------------------------------
                         required time                         -1.760    <hidden>
                         arrival time                           1.859    <hidden>
  -------------------------------------------------------------------
                         slack                                  0.099    <hidden>

Slack (MET) :             0.108ns  (arrival time - required time)
  Source:                 fetch/InstrD_reg[11]/C
                            (rising edge-triggered cell FDRE clocked by sys_clk_pin  {rise@0.000ns fall@5.000ns period=50.000ns})
  Destination:            decode/RdE_reg[4]/D
                            (rising edge-triggered cell FDRE clocked by sys_clk_pin  {rise@0.000ns fall@5.000ns period=50.000ns})
  Path Group:             sys_clk_pin
  Path Type:              Hold (Min at Fast Process Corner)
  Requirement:            0.000ns  (sys_clk_pin rise@0.000ns - sys_clk_pin rise@0.000ns)
  Data Path Delay:        0.449ns  (logic 0.164ns (36.508%)  route 0.285ns (63.492%))
  Logic Levels:           0  
  Clock Path Skew:        0.266ns (DCD - SCD - CPR)
    Destination Clock Delay (DCD):    1.998ns
    Source Clock Delay      (SCD):    1.481ns
    Clock Pessimism Removal (CPR):    0.250ns

    Location             Delay type                Incr(ns)  Path(ns)    Netlist Resource(s)
  -------------------------------------------------------------------    -------------------
                         (clock sys_clk_pin rise edge)
                                                      0.000     0.000 r  <hidden>
    E3                                                0.000     0.000 r  CLK100MHZ
                         net (fo=0)                   0.000     0.000    CLK100MHZ
    E3                   IBUF (Prop_ibuf_I_O)         0.250     0.250 r  CLK100MHZ_IBUF_inst/O
                         net (fo=1, routed)           0.644     0.894    CLK100MHZ_IBUF
    BUFGCTRL_X0Y16       BUFG (Prop_bufg_I_O)         0.026     0.920 r  CLK100MHZ_IBUF_BUFG_inst/O
                         net (fo=2381, routed)        0.562     1.481    fetch/CLK100MHZ_IBUF_BUFG
    SLICE_X50Y87         FDRE                                         r  fetch/InstrD_reg[11]/C
  -------------------------------------------------------------------    -------------------
    SLICE_X50Y87         FDRE (Prop_fdre_C_Q)         0.164     1.645 r  fetch/InstrD_reg[11]/Q
                         net (fo=2, routed)           0.285     1.931    decode/Q[10]
    SLICE_X53Y91         FDRE                                         r  decode/RdE_reg[4]/D
  -------------------------------------------------------------------    -------------------

                         (clock sys_clk_pin rise edge)
                                                      0.000     0.000 r  <hidden>
    E3                                                0.000     0.000 r  CLK100MHZ
                         net (fo=0)                   0.000     0.000    CLK100MHZ
    E3                   IBUF (Prop_ibuf_I_O)         0.438     0.438 r  CLK100MHZ_IBUF_inst/O
                         net (fo=1, routed)           0.699     1.136    CLK100MHZ_IBUF
    BUFGCTRL_X0Y16       BUFG (Prop_bufg_I_O)         0.029     1.165 r  CLK100MHZ_IBUF_BUFG_inst/O
                         net (fo=2381, routed)        0.833     1.998    decode/CLK100MHZ_IBUF_BUFG
    SLICE_X53Y91         FDRE                                         r  decode/RdE_reg[4]/C
                         clock pessimism             -0.250     1.747    <hidden>
    SLICE_X53Y91         FDRE (Hold_fdre_C_D)         0.075     1.822    decode/RdE_reg[4]
  -------------------------------------------------------------------
                         required time                         -1.822    <hidden>
                         arrival time                           1.931    <hidden>
  -------------------------------------------------------------------
                         slack                                  0.108    <hidden>

Slack (MET) :             0.110ns  (arrival time - required time)
  Source:                 fetch/InstrD_reg[1]/C
                            (rising edge-triggered cell FDRE clocked by sys_clk_pin  {rise@0.000ns fall@5.000ns period=50.000ns})
  Destination:            decode/RegWriteE_reg/D
                            (rising edge-triggered cell FDRE clocked by sys_clk_pin  {rise@0.000ns fall@5.000ns period=50.000ns})
  Path Group:             sys_clk_pin
  Path Type:              Hold (Min at Fast Process Corner)
  Requirement:            0.000ns  (sys_clk_pin rise@0.000ns - sys_clk_pin rise@0.000ns)
  Data Path Delay:        0.495ns  (logic 0.186ns (37.614%)  route 0.309ns (62.386%))
  Logic Levels:           1  (LUT6=1)
  Clock Path Skew:        0.265ns (DCD - SCD - CPR)
    Destination Clock Delay (DCD):    1.998ns
    Source Clock Delay      (SCD):    1.482ns
    Clock Pessimism Removal (CPR):    0.250ns

    Location             Delay type                Incr(ns)  Path(ns)    Netlist Resource(s)
  -------------------------------------------------------------------    -------------------
                         (clock sys_clk_pin rise edge)
                                                      0.000     0.000 r  <hidden>
    E3                                                0.000     0.000 r  CLK100MHZ
                         net (fo=0)                   0.000     0.000    CLK100MHZ
    E3                   IBUF (Prop_ibuf_I_O)         0.250     0.250 r  CLK100MHZ_IBUF_inst/O
                         net (fo=1, routed)           0.644     0.894    CLK100MHZ_IBUF
    BUFGCTRL_X0Y16       BUFG (Prop_bufg_I_O)         0.026     0.920 r  CLK100MHZ_IBUF_BUFG_inst/O
                         net (fo=2381, routed)        0.563     1.482    fetch/CLK100MHZ_IBUF_BUFG
    SLICE_X48Y87         FDRE                                         r  fetch/InstrD_reg[1]/C
  -------------------------------------------------------------------    -------------------
    SLICE_X48Y87         FDRE (Prop_fdre_C_Q)         0.141     1.623 r  fetch/InstrD_reg[1]/Q
                         net (fo=14, routed)          0.309     1.932    fetch/Q[0]
    SLICE_X54Y92         LUT6 (Prop_lut6_I0_O)        0.045     1.977 r  fetch/RegWriteE_i_1/O
                         net (fo=1, routed)           0.000     1.977    decode/RegWrite
    SLICE_X54Y92         FDRE                                         r  decode/RegWriteE_reg/D
  -------------------------------------------------------------------    -------------------

                         (clock sys_clk_pin rise edge)
                                                      0.000     0.000 r  <hidden>
    E3                                                0.000     0.000 r  CLK100MHZ
                         net (fo=0)                   0.000     0.000    CLK100MHZ
    E3                   IBUF (Prop_ibuf_I_O)         0.438     0.438 r  CLK100MHZ_IBUF_inst/O
                         net (fo=1, routed)           0.699     1.136    CLK100MHZ_IBUF
    BUFGCTRL_X0Y16       BUFG (Prop_bufg_I_O)         0.029     1.165 r  CLK100MHZ_IBUF_BUFG_inst/O
                         net (fo=2381, routed)        0.833     1.998    decode/CLK100MHZ_IBUF_BUFG
    SLICE_X54Y92         FDRE                                         r  decode/RegWriteE_reg/C
                         clock pessimism             -0.250     1.747    <hidden>
    SLICE_X54Y92         FDRE (Hold_fdre_C_D)         0.120     1.867    decode/RegWriteE_reg
  -------------------------------------------------------------------
                         required time                         -1.867    <hidden>
                         arrival time                           1.977    <hidden>
  -------------------------------------------------------------------
                         slack                                  0.110    <hidden>





Pulse Width Checks
--------------------------------------------------------------------------------------
Clock Name:         sys_clk_pin
Waveform(ns):       { 0.000 5.000 }
Period(ns):         50.000
Sources:            { CLK100MHZ }

Check Type        Corner  Lib Pin      Reference Pin  Required(ns)  Actual(ns)  Slack(ns)  Location        Pin
Min Period        n/a     BUFG/I       n/a            2.155         50.000      47.845     BUFGCTRL_X0Y16  CLK100MHZ_IBUF_BUFG_inst/I
Min Period        n/a     FDRE/C       n/a            1.000         50.000      49.000     SLICE_X63Y93    LED_reg[0]/C
Min Period        n/a     FDRE/C       n/a            1.000         50.000      49.000     SLICE_X63Y93    LED_reg[1]/C
Min Period        n/a     FDRE/C       n/a            1.000         50.000      49.000     SLICE_X63Y93    LED_reg[2]/C
Min Period        n/a     FDRE/C       n/a            1.000         50.000      49.000     SLICE_X63Y86    LED_reg[3]/C
Min Period        n/a     FDRE/C       n/a            1.000         50.000      49.000     SLICE_X63Y86    LED_reg[4]/C
Min Period        n/a     FDRE/C       n/a            1.000         50.000      49.000     SLICE_X64Y86    LED_reg[5]/C
Min Period        n/a     FDRE/C       n/a            1.000         50.000      49.000     SLICE_X64Y86    LED_reg[6]/C
Min Period        n/a     FDRE/C       n/a            1.000         50.000      49.000     SLICE_X63Y86    LED_reg[7]/C
Min Period        n/a     FDRE/C       n/a            1.000         50.000      49.000     SLICE_X71Y62    UART_rx/bit_counter_reg[0]/C
Low Pulse Width   Slow    RAMS64E/CLK  n/a            1.250         45.000      43.750     SLICE_X58Y80    memory_access/data_memory/regs_reg_0_255_0_0/RAMS64E_A/CLK
Low Pulse Width   Fast    RAMS64E/CLK  n/a            1.250         45.000      43.750     SLICE_X58Y80    memory_access/data_memory/regs_reg_0_255_0_0/RAMS64E_A/CLK
Low Pulse Width   Slow    RAMS64E/CLK  n/a            1.250         45.000      43.750     SLICE_X58Y80    memory_access/data_memory/regs_reg_0_255_0_0/RAMS64E_B/CLK
Low Pulse Width   Fast    RAMS64E/CLK  n/a            1.250         45.000      43.750     SLICE_X58Y80    memory_access/data_memory/regs_reg_0_255_0_0/RAMS64E_B/CLK
Low Pulse Width   Slow    RAMS64E/CLK  n/a            1.250         45.000      43.750     SLICE_X58Y80    memory_access/data_memory/regs_reg_0_255_0_0/RAMS64E_C/CLK
Low Pulse Width   Fast    RAMS64E/CLK  n/a            1.250         45.000      43.750     SLICE_X58Y80    memory_access/data_memory/regs_reg_0_255_0_0/RAMS64E_C/CLK
Low Pulse Width   Slow    RAMS64E/CLK  n/a            1.250         45.000      43.750     SLICE_X58Y80    memory_access/data_memory/regs_reg_0_255_0_0/RAMS64E_D/CLK
Low Pulse Width   Fast    RAMS64E/CLK  n/a            1.250         45.000      43.750     SLICE_X58Y80    memory_access/data_memory/regs_reg_0_255_0_0/RAMS64E_D/CLK
Low Pulse Width   Slow    RAMS64E/CLK  n/a            1.250         45.000      43.750     SLICE_X58Y85    memory_access/data_memory/regs_reg_0_255_10_10/RAMS64E_A/CLK
Low Pulse Width   Fast    RAMS64E/CLK  n/a            1.250         45.000      43.750     SLICE_X58Y85    memory_access/data_memory/regs_reg_0_255_10_10/RAMS64E_A/CLK
High Pulse Width  Slow    RAMS64E/CLK  n/a            1.250         5.000       3.750      SLICE_X58Y80    memory_access/data_memory/regs_reg_0_255_0_0/RAMS64E_A/CLK
High Pulse Width  Fast    RAMS64E/CLK  n/a            1.250         5.000       3.750      SLICE_X58Y80    memory_access/data_memory/regs_reg_0_255_0_0/RAMS64E_A/CLK
High Pulse Width  Slow    RAMS64E/CLK  n/a            1.250         5.000       3.750      SLICE_X58Y80    memory_access/data_memory/regs_reg_0_255_0_0/RAMS64E_B/CLK
High Pulse Width  Fast    RAMS64E/CLK  n/a            1.250         5.000       3.750      SLICE_X58Y80    memory_access/data_memory/regs_reg_0_255_0_0/RAMS64E_B/CLK
High Pulse Width  Slow    RAMS64E/CLK  n/a            1.250         5.000       3.750      SLICE_X58Y80    memory_access/data_memory/regs_reg_0_255_0_0/RAMS64E_C/CLK
High Pulse Width  Fast    RAMS64E/CLK  n/a            1.250         5.000       3.750      SLICE_X58Y80    memory_access/data_memory/regs_reg_0_255_0_0/RAMS64E_C/CLK
High Pulse Width  Slow    RAMS64E/CLK  n/a            1.250         5.000       3.750      SLICE_X58Y80    memory_access/data_memory/regs_reg_0_255_0_0/RAMS64E_D/CLK
High Pulse Width  Fast    RAMS64E/CLK  n/a            1.250         5.000       3.750      SLICE_X58Y80    memory_access/data_memory/regs_reg_0_255_0_0/RAMS64E_D/CLK
High Pulse Width  Slow    RAMS64E/CLK  n/a            1.250         5.000       3.750      SLICE_X58Y85    memory_access/data_memory/regs_reg_0_255_10_10/RAMS64E_A/CLK
High Pulse Width  Fast    RAMS64E/CLK  n/a            1.250         5.000       3.750      SLICE_X58Y85    memory_access/data_memory/regs_reg_0_255_10_10/RAMS64E_A/CLK



--------------------------------------------------------------------------------------
Path Group:  (none)
From Clock:  sys_clk_pin
  To Clock:  

Max Delay            87 Endpoints
Min Delay            87 Endpoints
--------------------------------------------------------------------------------------


Max Delay Paths
--------------------------------------------------------------------------------------
Slack:                    inf
  Source:                 fetch/InstrD_reg[20]/C
                            (rising edge-triggered cell FDRE clocked by sys_clk_pin  {rise@0.000ns fall@5.000ns period=50.000ns})
  Destination:            decode/register_file/rs2_data_reg[1]/D
  Path Group:             (none)
  Path Type:              Max at Slow Process Corner
  Data Path Delay:        11.949ns  (logic 1.116ns (9.340%)  route 10.833ns (90.660%))
  Logic Levels:           3  (LUT6=2 MUXF7=1)
  Clock Uncertainty:      0.025ns  ((TSJ^2 + TIJ^2)^1/2 + DJ) / 2 + PE
    Total System Jitter     (TSJ):    0.050ns
    Total Input Jitter      (TIJ):    0.000ns
    Discrete Jitter          (DJ):    0.000ns
    Phase Error              (PE):    0.000ns

    Location             Delay type                Incr(ns)  Path(ns)    Netlist Resource(s)
  -------------------------------------------------------------------    -------------------
                         (clock sys_clk_pin rise edge)
                                                      0.000     0.000 r  <hidden>
    E3                                                0.000     0.000 r  CLK100MHZ
                         net (fo=0)                   0.000     0.000    CLK100MHZ
    E3                   IBUF (Prop_ibuf_I_O)         1.482     1.482 r  CLK100MHZ_IBUF_inst/O
                         net (fo=1, routed)           2.025     3.506    CLK100MHZ_IBUF
    BUFGCTRL_X0Y16       BUFG (Prop_bufg_I_O)         0.096     3.602 r  CLK100MHZ_IBUF_BUFG_inst/O
                         net (fo=2381, routed)        1.629     5.232    fetch/CLK100MHZ_IBUF_BUFG
    SLICE_X49Y86         FDRE                                         r  fetch/InstrD_reg[20]/C
  -------------------------------------------------------------------    -------------------
    SLICE_X49Y86         FDRE (Prop_fdre_C_Q)         0.456     5.688 r  fetch/InstrD_reg[20]/Q
                         net (fo=261, routed)         9.675    15.363    decode/register_file/Q[5]
    SLICE_X75Y84         LUT6 (Prop_lut6_I4_O)        0.124    15.487 r  decode/register_file/rs2_data_reg[1]_i_10/O
                         net (fo=1, routed)           0.000    15.487    decode/register_file/rs2_data_reg[1]_i_10_n_0
    SLICE_X75Y84         MUXF7 (Prop_muxf7_I0_O)      0.238    15.725 r  decode/register_file/rs2_data_reg[1]_i_4/O
                         net (fo=1, routed)           0.639    16.363    decode/register_file/rs2_data_reg[1]_i_4_n_0
    SLICE_X75Y86         LUT6 (Prop_lut6_I3_O)        0.298    16.661 r  decode/register_file/rs2_data_reg[1]_i_1/O
                         net (fo=1, routed)           0.519    17.181    decode/register_file/rs2_data_reg[1]_i_1_n_0
    SLICE_X75Y86         LDCE                                         r  decode/register_file/rs2_data_reg[1]/D
  -------------------------------------------------------------------    -------------------

Slack:                    inf
  Source:                 fetch/InstrD_reg[20]/C
                            (rising edge-triggered cell FDRE clocked by sys_clk_pin  {rise@0.000ns fall@5.000ns period=50.000ns})
  Destination:            decode/register_file/rs2_data_reg[0]/D
  Path Group:             (none)
  Path Type:              Max at Slow Process Corner
  Data Path Delay:        11.621ns  (logic 1.116ns (9.603%)  route 10.505ns (90.397%))
  Logic Levels:           3  (LUT6=2 MUXF7=1)
  Clock Uncertainty:      0.025ns  ((TSJ^2 + TIJ^2)^1/2 + DJ) / 2 + PE
    Total System Jitter     (TSJ):    0.050ns
    Total Input Jitter      (TIJ):    0.000ns
    Discrete Jitter          (DJ):    0.000ns
    Phase Error              (PE):    0.000ns

    Location             Delay type                Incr(ns)  Path(ns)    Netlist Resource(s)
  -------------------------------------------------------------------    -------------------
                         (clock sys_clk_pin rise edge)
                                                      0.000     0.000 r  <hidden>
    E3                                                0.000     0.000 r  CLK100MHZ
                         net (fo=0)                   0.000     0.000    CLK100MHZ
    E3                   IBUF (Prop_ibuf_I_O)         1.482     1.482 r  CLK100MHZ_IBUF_inst/O
                         net (fo=1, routed)           2.025     3.506    CLK100MHZ_IBUF
    BUFGCTRL_X0Y16       BUFG (Prop_bufg_I_O)         0.096     3.602 r  CLK100MHZ_IBUF_BUFG_inst/O
                         net (fo=2381, routed)        1.629     5.232    fetch/CLK100MHZ_IBUF_BUFG
    SLICE_X49Y86         FDRE                                         r  fetch/InstrD_reg[20]/C
  -------------------------------------------------------------------    -------------------
    SLICE_X49Y86         FDRE (Prop_fdre_C_Q)         0.456     5.688 r  fetch/InstrD_reg[20]/Q
                         net (fo=261, routed)         8.948    14.636    decode/register_file/Q[5]
    SLICE_X83Y84         LUT6 (Prop_lut6_I4_O)        0.124    14.760 r  decode/register_file/rs2_data_reg[0]_i_6/O
                         net (fo=1, routed)           0.000    14.760    decode/register_file/rs2_data_reg[0]_i_6_n_0
    SLICE_X83Y84         MUXF7 (Prop_muxf7_I0_O)      0.238    14.998 r  decode/register_file/rs2_data_reg[0]_i_2/O
                         net (fo=1, routed)           0.667    15.665    decode/register_file/rs2_data_reg[0]_i_2_n_0
    SLICE_X84Y85         LUT6 (Prop_lut6_I0_O)        0.298    15.963 r  decode/register_file/rs2_data_reg[0]_i_1/O
                         net (fo=1, routed)           0.890    16.853    decode/register_file/rs2_data_reg[0]_i_1_n_0
    SLICE_X77Y86         LDCE                                         r  decode/register_file/rs2_data_reg[0]/D
  -------------------------------------------------------------------    -------------------

Slack:                    inf
  Source:                 fetch/InstrD_reg[20]/C
                            (rising edge-triggered cell FDRE clocked by sys_clk_pin  {rise@0.000ns fall@5.000ns period=50.000ns})
  Destination:            decode/register_file/rs2_data_reg[4]/D
  Path Group:             (none)
  Path Type:              Max at Slow Process Corner
  Data Path Delay:        11.560ns  (logic 1.119ns (9.680%)  route 10.441ns (90.320%))
  Logic Levels:           3  (LUT6=2 MUXF7=1)
  Clock Uncertainty:      0.025ns  ((TSJ^2 + TIJ^2)^1/2 + DJ) / 2 + PE
    Total System Jitter     (TSJ):    0.050ns
    Total Input Jitter      (TIJ):    0.000ns
    Discrete Jitter          (DJ):    0.000ns
    Phase Error              (PE):    0.000ns

    Location             Delay type                Incr(ns)  Path(ns)    Netlist Resource(s)
  -------------------------------------------------------------------    -------------------
                         (clock sys_clk_pin rise edge)
                                                      0.000     0.000 r  <hidden>
    E3                                                0.000     0.000 r  CLK100MHZ
                         net (fo=0)                   0.000     0.000    CLK100MHZ
    E3                   IBUF (Prop_ibuf_I_O)         1.482     1.482 r  CLK100MHZ_IBUF_inst/O
                         net (fo=1, routed)           2.025     3.506    CLK100MHZ_IBUF
    BUFGCTRL_X0Y16       BUFG (Prop_bufg_I_O)         0.096     3.602 r  CLK100MHZ_IBUF_BUFG_inst/O
                         net (fo=2381, routed)        1.629     5.232    fetch/CLK100MHZ_IBUF_BUFG
    SLICE_X49Y86         FDRE                                         r  fetch/InstrD_reg[20]/C
  -------------------------------------------------------------------    -------------------
    SLICE_X49Y86         FDRE (Prop_fdre_C_Q)         0.456     5.688 r  fetch/InstrD_reg[20]/Q
                         net (fo=261, routed)         9.554    15.242    decode/register_file/Q[5]
    SLICE_X76Y87         LUT6 (Prop_lut6_I4_O)        0.124    15.366 r  decode/register_file/rs2_data_reg[4]_i_8/O
                         net (fo=1, routed)           0.000    15.366    decode/register_file/rs2_data_reg[4]_i_8_n_0
    SLICE_X76Y87         MUXF7 (Prop_muxf7_I0_O)      0.241    15.607 r  decode/register_file/rs2_data_reg[4]_i_3/O
                         net (fo=1, routed)           0.413    16.020    decode/register_file/rs2_data_reg[4]_i_3_n_0
    SLICE_X77Y85         LUT6 (Prop_lut6_I1_O)        0.298    16.318 r  decode/register_file/rs2_data_reg[4]_i_1/O
                         net (fo=1, routed)           0.474    16.791    decode/register_file/rs2_data_reg[4]_i_1_n_0
    SLICE_X77Y86         LDCE                                         r  decode/register_file/rs2_data_reg[4]/D
  -------------------------------------------------------------------    -------------------

Slack:                    inf
  Source:                 fetch/InstrD_reg[20]/C
                            (rising edge-triggered cell FDRE clocked by sys_clk_pin  {rise@0.000ns fall@5.000ns period=50.000ns})
  Destination:            decode/register_file/rs2_data_reg[9]/D
  Path Group:             (none)
  Path Type:              Max at Slow Process Corner
  Data Path Delay:        11.345ns  (logic 1.119ns (9.863%)  route 10.226ns (90.137%))
  Logic Levels:           3  (LUT6=2 MUXF7=1)
  Clock Uncertainty:      0.025ns  ((TSJ^2 + TIJ^2)^1/2 + DJ) / 2 + PE
    Total System Jitter     (TSJ):    0.050ns
    Total Input Jitter      (TIJ):    0.000ns
    Discrete Jitter          (DJ):    0.000ns
    Phase Error              (PE):    0.000ns

    Location             Delay type                Incr(ns)  Path(ns)    Netlist Resource(s)
  -------------------------------------------------------------------    -------------------
                         (clock sys_clk_pin rise edge)
                                                      0.000     0.000 r  <hidden>
    E3                                                0.000     0.000 r  CLK100MHZ
                         net (fo=0)                   0.000     0.000    CLK100MHZ
    E3                   IBUF (Prop_ibuf_I_O)         1.482     1.482 r  CLK100MHZ_IBUF_inst/O
                         net (fo=1, routed)           2.025     3.506    CLK100MHZ_IBUF
    BUFGCTRL_X0Y16       BUFG (Prop_bufg_I_O)         0.096     3.602 r  CLK100MHZ_IBUF_BUFG_inst/O
                         net (fo=2381, routed)        1.629     5.232    fetch/CLK100MHZ_IBUF_BUFG
    SLICE_X49Y86         FDRE                                         r  fetch/InstrD_reg[20]/C
  -------------------------------------------------------------------    -------------------
    SLICE_X49Y86         FDRE (Prop_fdre_C_Q)         0.456     5.688 r  fetch/InstrD_reg[20]/Q
                         net (fo=261, routed)         9.021    14.709    decode/register_file/Q[5]
    SLICE_X80Y84         LUT6 (Prop_lut6_I4_O)        0.124    14.833 r  decode/register_file/rs2_data_reg[9]_i_10/O
                         net (fo=1, routed)           0.000    14.833    decode/register_file/rs2_data_reg[9]_i_10_n_0
    SLICE_X80Y84         MUXF7 (Prop_muxf7_I0_O)      0.241    15.074 r  decode/register_file/rs2_data_reg[9]_i_4/O
                         net (fo=1, routed)           0.658    15.731    decode/register_file/rs2_data_reg[9]_i_4_n_0
    SLICE_X82Y85         LUT6 (Prop_lut6_I3_O)        0.298    16.029 r  decode/register_file/rs2_data_reg[9]_i_1/O
                         net (fo=1, routed)           0.547    16.577    decode/register_file/rs2_data_reg[9]_i_1_n_0
    SLICE_X83Y86         LDCE                                         r  decode/register_file/rs2_data_reg[9]/D
  -------------------------------------------------------------------    -------------------

Slack:                    inf
  Source:                 fetch/InstrD_reg[20]/C
                            (rising edge-triggered cell FDRE clocked by sys_clk_pin  {rise@0.000ns fall@5.000ns period=50.000ns})
  Destination:            decode/register_file/rs2_data_reg[3]/D
  Path Group:             (none)
  Path Type:              Max at Slow Process Corner
  Data Path Delay:        10.960ns  (logic 1.125ns (10.265%)  route 9.835ns (89.735%))
  Logic Levels:           3  (LUT6=2 MUXF7=1)
  Clock Uncertainty:      0.025ns  ((TSJ^2 + TIJ^2)^1/2 + DJ) / 2 + PE
    Total System Jitter     (TSJ):    0.050ns
    Total Input Jitter      (TIJ):    0.000ns
    Discrete Jitter          (DJ):    0.000ns
    Phase Error              (PE):    0.000ns

    Location             Delay type                Incr(ns)  Path(ns)    Netlist Resource(s)
  -------------------------------------------------------------------    -------------------
                         (clock sys_clk_pin rise edge)
                                                      0.000     0.000 r  <hidden>
    E3                                                0.000     0.000 r  CLK100MHZ
                         net (fo=0)                   0.000     0.000    CLK100MHZ
    E3                   IBUF (Prop_ibuf_I_O)         1.482     1.482 r  CLK100MHZ_IBUF_inst/O
                         net (fo=1, routed)           2.025     3.506    CLK100MHZ_IBUF
    BUFGCTRL_X0Y16       BUFG (Prop_bufg_I_O)         0.096     3.602 r  CLK100MHZ_IBUF_BUFG_inst/O
                         net (fo=2381, routed)        1.629     5.232    fetch/CLK100MHZ_IBUF_BUFG
    SLICE_X49Y86         FDRE                                         r  fetch/InstrD_reg[20]/C
  -------------------------------------------------------------------    -------------------
    SLICE_X49Y86         FDRE (Prop_fdre_C_Q)         0.456     5.688 r  fetch/InstrD_reg[20]/Q
                         net (fo=261, routed)         8.584    14.272    decode/register_file/Q[5]
    SLICE_X78Y89         LUT6 (Prop_lut6_I4_O)        0.124    14.396 r  decode/register_file/rs2_data_reg[3]_i_11/O
                         net (fo=1, routed)           0.000    14.396    decode/register_file/rs2_data_reg[3]_i_11_n_0
    SLICE_X78Y89         MUXF7 (Prop_muxf7_I1_O)      0.247    14.643 r  decode/register_file/rs2_data_reg[3]_i_4/O
                         net (fo=1, routed)           0.682    15.325    decode/register_file/rs2_data_reg[3]_i_4_n_0
    SLICE_X80Y90         LUT6 (Prop_lut6_I3_O)        0.298    15.623 r  decode/register_file/rs2_data_reg[3]_i_1/O
                         net (fo=1, routed)           0.569    16.191    decode/register_file/rs2_data_reg[3]_i_1_n_0
    SLICE_X74Y90         LDCE                                         r  decode/register_file/rs2_data_reg[3]/D
  -------------------------------------------------------------------    -------------------

Slack:                    inf
  Source:                 fetch/InstrD_reg[20]/C
                            (rising edge-triggered cell FDRE clocked by sys_clk_pin  {rise@0.000ns fall@5.000ns period=50.000ns})
  Destination:            decode/register_file/rs2_data_reg[2]/D
  Path Group:             (none)
  Path Type:              Max at Slow Process Corner
  Data Path Delay:        10.941ns  (logic 1.123ns (10.264%)  route 9.818ns (89.736%))
  Logic Levels:           3  (LUT6=2 MUXF7=1)
  Clock Uncertainty:      0.025ns  ((TSJ^2 + TIJ^2)^1/2 + DJ) / 2 + PE
    Total System Jitter     (TSJ):    0.050ns
    Total Input Jitter      (TIJ):    0.000ns
    Discrete Jitter          (DJ):    0.000ns
    Phase Error              (PE):    0.000ns

    Location             Delay type                Incr(ns)  Path(ns)    Netlist Resource(s)
  -------------------------------------------------------------------    -------------------
                         (clock sys_clk_pin rise edge)
                                                      0.000     0.000 r  <hidden>
    E3                                                0.000     0.000 r  CLK100MHZ
                         net (fo=0)                   0.000     0.000    CLK100MHZ
    E3                   IBUF (Prop_ibuf_I_O)         1.482     1.482 r  CLK100MHZ_IBUF_inst/O
                         net (fo=1, routed)           2.025     3.506    CLK100MHZ_IBUF
    BUFGCTRL_X0Y16       BUFG (Prop_bufg_I_O)         0.096     3.602 r  CLK100MHZ_IBUF_BUFG_inst/O
                         net (fo=2381, routed)        1.629     5.232    fetch/CLK100MHZ_IBUF_BUFG
    SLICE_X49Y86         FDRE                                         r  fetch/InstrD_reg[20]/C
  -------------------------------------------------------------------    -------------------
    SLICE_X49Y86         FDRE (Prop_fdre_C_Q)         0.456     5.688 r  fetch/InstrD_reg[20]/Q
                         net (fo=261, routed)         8.578    14.266    decode/register_file/Q[5]
    SLICE_X82Y86         LUT6 (Prop_lut6_I4_O)        0.124    14.390 r  decode/register_file/rs2_data_reg[2]_i_13/O
                         net (fo=1, routed)           0.000    14.390    decode/register_file/rs2_data_reg[2]_i_13_n_0
    SLICE_X82Y86         MUXF7 (Prop_muxf7_I1_O)      0.245    14.635 r  decode/register_file/rs2_data_reg[2]_i_5/O
                         net (fo=1, routed)           0.720    15.354    decode/register_file/rs2_data_reg[2]_i_5_n_0
    SLICE_X83Y88         LUT6 (Prop_lut6_I5_O)        0.298    15.652 r  decode/register_file/rs2_data_reg[2]_i_1/O
                         net (fo=1, routed)           0.520    16.173    decode/register_file/rs2_data_reg[2]_i_1_n_0
    SLICE_X83Y86         LDCE                                         r  decode/register_file/rs2_data_reg[2]/D
  -------------------------------------------------------------------    -------------------

Slack:                    inf
  Source:                 fetch/InstrD_reg[20]/C
                            (rising edge-triggered cell FDRE clocked by sys_clk_pin  {rise@0.000ns fall@5.000ns period=50.000ns})
  Destination:            decode/register_file/rs2_data_reg[11]/D
  Path Group:             (none)
  Path Type:              Max at Slow Process Corner
  Data Path Delay:        10.750ns  (logic 1.123ns (10.446%)  route 9.627ns (89.554%))
  Logic Levels:           3  (LUT6=2 MUXF7=1)
  Clock Uncertainty:      0.025ns  ((TSJ^2 + TIJ^2)^1/2 + DJ) / 2 + PE
    Total System Jitter     (TSJ):    0.050ns
    Total Input Jitter      (TIJ):    0.000ns
    Discrete Jitter          (DJ):    0.000ns
    Phase Error              (PE):    0.000ns

    Location             Delay type                Incr(ns)  Path(ns)    Netlist Resource(s)
  -------------------------------------------------------------------    -------------------
                         (clock sys_clk_pin rise edge)
                                                      0.000     0.000 r  <hidden>
    E3                                                0.000     0.000 r  CLK100MHZ
                         net (fo=0)                   0.000     0.000    CLK100MHZ
    E3                   IBUF (Prop_ibuf_I_O)         1.482     1.482 r  CLK100MHZ_IBUF_inst/O
                         net (fo=1, routed)           2.025     3.506    CLK100MHZ_IBUF
    BUFGCTRL_X0Y16       BUFG (Prop_bufg_I_O)         0.096     3.602 r  CLK100MHZ_IBUF_BUFG_inst/O
                         net (fo=2381, routed)        1.629     5.232    fetch/CLK100MHZ_IBUF_BUFG
    SLICE_X49Y86         FDRE                                         r  fetch/InstrD_reg[20]/C
  -------------------------------------------------------------------    -------------------
    SLICE_X49Y86         FDRE (Prop_fdre_C_Q)         0.456     5.688 r  fetch/InstrD_reg[20]/Q
                         net (fo=261, routed)         7.930    13.618    decode/register_file/Q[5]
    SLICE_X86Y91         LUT6 (Prop_lut6_I4_O)        0.124    13.742 r  decode/register_file/rs2_data_reg[11]_i_9/O
                         net (fo=1, routed)           0.000    13.742    decode/register_file/rs2_data_reg[11]_i_9_n_0
    SLICE_X86Y91         MUXF7 (Prop_muxf7_I1_O)      0.245    13.987 r  decode/register_file/rs2_data_reg[11]_i_3/O
                         net (fo=1, routed)           0.806    14.793    decode/register_file/rs2_data_reg[11]_i_3_n_0
    SLICE_X84Y91         LUT6 (Prop_lut6_I1_O)        0.298    15.091 r  decode/register_file/rs2_data_reg[11]_i_1/O
                         net (fo=1, routed)           0.891    15.982    decode/register_file/rs2_data_reg[11]_i_1_n_0
    SLICE_X79Y88         LDCE                                         r  decode/register_file/rs2_data_reg[11]/D
  -------------------------------------------------------------------    -------------------

Slack:                    inf
  Source:                 fetch/InstrD_reg[15]/C
                            (rising edge-triggered cell FDRE clocked by sys_clk_pin  {rise@0.000ns fall@5.000ns period=50.000ns})
  Destination:            decode/register_file/rs1_data_reg[4]/D
  Path Group:             (none)
  Path Type:              Max at Slow Process Corner
  Data Path Delay:        10.590ns  (logic 1.091ns (10.303%)  route 9.499ns (89.697%))
  Logic Levels:           3  (LUT6=2 MUXF7=1)
  Clock Uncertainty:      0.025ns  ((TSJ^2 + TIJ^2)^1/2 + DJ) / 2 + PE
    Total System Jitter     (TSJ):    0.050ns
    Total Input Jitter      (TIJ):    0.000ns
    Discrete Jitter          (DJ):    0.000ns
    Phase Error              (PE):    0.000ns

    Location             Delay type                Incr(ns)  Path(ns)    Netlist Resource(s)
  -------------------------------------------------------------------    -------------------
                         (clock sys_clk_pin rise edge)
                                                      0.000     0.000 r  <hidden>
    E3                                                0.000     0.000 r  CLK100MHZ
                         net (fo=0)                   0.000     0.000    CLK100MHZ
    E3                   IBUF (Prop_ibuf_I_O)         1.482     1.482 r  CLK100MHZ_IBUF_inst/O
                         net (fo=1, routed)           2.025     3.506    CLK100MHZ_IBUF
    BUFGCTRL_X0Y16       BUFG (Prop_bufg_I_O)         0.096     3.602 r  CLK100MHZ_IBUF_BUFG_inst/O
                         net (fo=2381, routed)        1.630     5.233    fetch/CLK100MHZ_IBUF_BUFG
    SLICE_X48Y87         FDRE                                         r  fetch/InstrD_reg[15]/C
  -------------------------------------------------------------------    -------------------
    SLICE_X48Y87         FDRE (Prop_fdre_C_Q)         0.456     5.689 r  fetch/InstrD_reg[15]/Q
                         net (fo=259, routed)         8.305    13.993    decode/register_file/Q[0]
    SLICE_X76Y85         LUT6 (Prop_lut6_I4_O)        0.124    14.117 r  decode/register_file/rs1_data_reg[4]_i_13/O
                         net (fo=1, routed)           0.000    14.117    decode/register_file/rs1_data_reg[4]_i_13_n_0
    SLICE_X76Y85         MUXF7 (Prop_muxf7_I1_O)      0.214    14.331 r  decode/register_file/rs1_data_reg[4]_i_5/O
                         net (fo=1, routed)           0.857    15.189    decode/register_file/rs1_data_reg[4]_i_5_n_0
    SLICE_X77Y85         LUT6 (Prop_lut6_I5_O)        0.297    15.486 r  decode/register_file/rs1_data_reg[4]_i_1/O
                         net (fo=1, routed)           0.336    15.822    decode/register_file/regs[4]
    SLICE_X75Y86         LDCE                                         r  decode/register_file/rs1_data_reg[4]/D
  -------------------------------------------------------------------    -------------------

Slack:                    inf
  Source:                 fetch/InstrD_reg[16]/C
                            (rising edge-triggered cell FDRE clocked by sys_clk_pin  {rise@0.000ns fall@5.000ns period=50.000ns})
  Destination:            decode/register_file/rs1_data_reg[0]/D
  Path Group:             (none)
  Path Type:              Max at Slow Process Corner
  Data Path Delay:        10.554ns  (logic 1.091ns (10.337%)  route 9.463ns (89.663%))
  Logic Levels:           3  (LUT6=2 MUXF7=1)
  Clock Uncertainty:      0.025ns  ((TSJ^2 + TIJ^2)^1/2 + DJ) / 2 + PE
    Total System Jitter     (TSJ):    0.050ns
    Total Input Jitter      (TIJ):    0.000ns
    Discrete Jitter          (DJ):    0.000ns
    Phase Error              (PE):    0.000ns

    Location             Delay type                Incr(ns)  Path(ns)    Netlist Resource(s)
  -------------------------------------------------------------------    -------------------
                         (clock sys_clk_pin rise edge)
                                                      0.000     0.000 r  <hidden>
    E3                                                0.000     0.000 r  CLK100MHZ
                         net (fo=0)                   0.000     0.000    CLK100MHZ
    E3                   IBUF (Prop_ibuf_I_O)         1.482     1.482 r  CLK100MHZ_IBUF_inst/O
                         net (fo=1, routed)           2.025     3.506    CLK100MHZ_IBUF
    BUFGCTRL_X0Y16       BUFG (Prop_bufg_I_O)         0.096     3.602 r  CLK100MHZ_IBUF_BUFG_inst/O
                         net (fo=2381, routed)        1.630     5.233    fetch/CLK100MHZ_IBUF_BUFG
    SLICE_X48Y87         FDRE                                         r  fetch/InstrD_reg[16]/C
  -------------------------------------------------------------------    -------------------
    SLICE_X48Y87         FDRE (Prop_fdre_C_Q)         0.456     5.689 r  fetch/InstrD_reg[16]/Q
                         net (fo=259, routed)         8.145    13.833    decode/register_file/Q[1]
    SLICE_X85Y84         LUT6 (Prop_lut6_I2_O)        0.124    13.957 r  decode/register_file/rs1_data_reg[0]_i_10/O
                         net (fo=1, routed)           0.000    13.957    decode/register_file/rs1_data_reg[0]_i_10_n_0
    SLICE_X85Y84         MUXF7 (Prop_muxf7_I0_O)      0.212    14.169 r  decode/register_file/rs1_data_reg[0]_i_4/O
                         net (fo=1, routed)           0.805    14.974    decode/register_file/rs1_data_reg[0]_i_4_n_0
    SLICE_X84Y85         LUT6 (Prop_lut6_I3_O)        0.299    15.273 r  decode/register_file/rs1_data_reg[0]_i_1/O
                         net (fo=1, routed)           0.514    15.787    decode/register_file/regs[0]
    SLICE_X83Y84         LDCE                                         r  decode/register_file/rs1_data_reg[0]/D
  -------------------------------------------------------------------    -------------------

Slack:                    inf
  Source:                 fetch/InstrD_reg[20]/C
                            (rising edge-triggered cell FDRE clocked by sys_clk_pin  {rise@0.000ns fall@5.000ns period=50.000ns})
  Destination:            decode/register_file/rs2_data_reg[5]/D
  Path Group:             (none)
  Path Type:              Max at Slow Process Corner
  Data Path Delay:        10.527ns  (logic 1.119ns (10.630%)  route 9.408ns (89.370%))
  Logic Levels:           3  (LUT5=1 LUT6=1 MUXF7=1)
  Clock Uncertainty:      0.025ns  ((TSJ^2 + TIJ^2)^1/2 + DJ) / 2 + PE
    Total System Jitter     (TSJ):    0.050ns
    Total Input Jitter      (TIJ):    0.000ns
    Discrete Jitter          (DJ):    0.000ns
    Phase Error              (PE):    0.000ns

    Location             Delay type                Incr(ns)  Path(ns)    Netlist Resource(s)
  -------------------------------------------------------------------    -------------------
                         (clock sys_clk_pin rise edge)
                                                      0.000     0.000 r  <hidden>
    E3                                                0.000     0.000 r  CLK100MHZ
                         net (fo=0)                   0.000     0.000    CLK100MHZ
    E3                   IBUF (Prop_ibuf_I_O)         1.482     1.482 r  CLK100MHZ_IBUF_inst/O
                         net (fo=1, routed)           2.025     3.506    CLK100MHZ_IBUF
    BUFGCTRL_X0Y16       BUFG (Prop_bufg_I_O)         0.096     3.602 r  CLK100MHZ_IBUF_BUFG_inst/O
                         net (fo=2381, routed)        1.629     5.232    fetch/CLK100MHZ_IBUF_BUFG
    SLICE_X49Y86         FDRE                                         r  fetch/InstrD_reg[20]/C
  -------------------------------------------------------------------    -------------------
    SLICE_X49Y86         FDRE (Prop_fdre_C_Q)         0.456     5.688 r  fetch/InstrD_reg[20]/Q
                         net (fo=261, routed)         8.191    13.879    decode/register_file/Q[5]
    SLICE_X84Y87         LUT5 (Prop_lut5_I4_O)        0.124    14.003 r  decode/register_file/rs2_data_reg[5]_i_12/O
                         net (fo=1, routed)           0.000    14.003    decode/register_file/rs2_data_reg[5]_i_12_n_0
    SLICE_X84Y87         MUXF7 (Prop_muxf7_I0_O)      0.241    14.244 r  decode/register_file/rs2_data_reg[5]_i_5/O
                         net (fo=1, routed)           0.751    14.996    decode/register_file/rs2_data_reg[5]_i_5_n_0
    SLICE_X84Y88         LUT6 (Prop_lut6_I5_O)        0.298    15.294 r  decode/register_file/rs2_data_reg[5]_i_1/O
                         net (fo=1, routed)           0.465    15.759    decode/register_file/rs2_data_reg[5]_i_1_n_0
    SLICE_X83Y86         LDCE                                         r  decode/register_file/rs2_data_reg[5]/D
  -------------------------------------------------------------------    -------------------





Min Delay Paths
--------------------------------------------------------------------------------------
Slack:                    inf
  Source:                 decode/register_file/regs_reg[23][10]/C
                            (rising edge-triggered cell FDRE clocked by sys_clk_pin  {rise@0.000ns fall@5.000ns period=50.000ns})
  Destination:            decode/register_file/rs2_data_reg[10]/D
  Path Group:             (none)
  Path Type:              Min at Fast Process Corner
  Data Path Delay:        0.582ns  (logic 0.369ns (63.368%)  route 0.213ns (36.632%))
  Logic Levels:           3  (LUT6=2 MUXF7=1)
  Clock Uncertainty:      0.025ns  ((TSJ^2 + TIJ^2)^1/2 + DJ) / 2 + PE
    Total System Jitter     (TSJ):    0.050ns
    Total Input Jitter      (TIJ):    0.000ns
    Discrete Jitter          (DJ):    0.000ns
    Phase Error              (PE):    0.000ns

    Location             Delay type                Incr(ns)  Path(ns)    Netlist Resource(s)
  -------------------------------------------------------------------    -------------------
                         (clock sys_clk_pin rise edge)
                                                      0.000     0.000 r  <hidden>
    E3                                                0.000     0.000 r  CLK100MHZ
                         net (fo=0)                   0.000     0.000    CLK100MHZ
    E3                   IBUF (Prop_ibuf_I_O)         0.250     0.250 r  CLK100MHZ_IBUF_inst/O
                         net (fo=1, routed)           0.644     0.894    CLK100MHZ_IBUF
    BUFGCTRL_X0Y16       BUFG (Prop_bufg_I_O)         0.026     0.920 r  CLK100MHZ_IBUF_BUFG_inst/O
                         net (fo=2381, routed)        0.560     1.479    decode/register_file/CLK100MHZ_IBUF_BUFG
    SLICE_X51Y100        FDRE                                         r  decode/register_file/regs_reg[23][10]/C
  -------------------------------------------------------------------    -------------------
    SLICE_X51Y100        FDRE (Prop_fdre_C_Q)         0.141     1.620 r  decode/register_file/regs_reg[23][10]/Q
                         net (fo=2, routed)           0.065     1.686    decode/register_file/regs_reg[23]_22[10]
    SLICE_X50Y100        LUT6 (Prop_lut6_I0_O)        0.045     1.731 r  decode/register_file/rs2_data_reg[10]_i_9/O
                         net (fo=1, routed)           0.000     1.731    decode/register_file/rs2_data_reg[10]_i_9_n_0
    SLICE_X50Y100        MUXF7 (Prop_muxf7_I1_O)      0.075     1.806 r  decode/register_file/rs2_data_reg[10]_i_3/O
                         net (fo=1, routed)           0.148     1.954    decode/register_file/rs2_data_reg[10]_i_3_n_0
    SLICE_X51Y98         LUT6 (Prop_lut6_I1_O)        0.108     2.062 r  decode/register_file/rs2_data_reg[10]_i_1/O
                         net (fo=1, routed)           0.000     2.062    decode/register_file/rs2_data_reg[10]_i_1_n_0
    SLICE_X51Y98         LDCE                                         r  decode/register_file/rs2_data_reg[10]/D
  -------------------------------------------------------------------    -------------------

Slack:                    inf
  Source:                 decode/register_file/regs_reg[27][11]/C
                            (rising edge-triggered cell FDRE clocked by sys_clk_pin  {rise@0.000ns fall@5.000ns period=50.000ns})
  Destination:            decode/register_file/rs1_data_reg[11]/D
  Path Group:             (none)
  Path Type:              Min at Fast Process Corner
  Data Path Delay:        0.558ns  (logic 0.356ns (63.819%)  route 0.202ns (36.181%))
  Logic Levels:           3  (LUT6=2 MUXF7=1)
  Clock Uncertainty:      0.025ns  ((TSJ^2 + TIJ^2)^1/2 + DJ) / 2 + PE
    Total System Jitter     (TSJ):    0.050ns
    Total Input Jitter      (TIJ):    0.000ns
    Discrete Jitter          (DJ):    0.000ns
    Phase Error              (PE):    0.000ns

    Location             Delay type                Incr(ns)  Path(ns)    Netlist Resource(s)
  -------------------------------------------------------------------    -------------------
                         (clock sys_clk_pin rise edge)
                                                      0.000     0.000 r  <hidden>
    E3                                                0.000     0.000 r  CLK100MHZ
                         net (fo=0)                   0.000     0.000    CLK100MHZ
    E3                   IBUF (Prop_ibuf_I_O)         0.250     0.250 r  CLK100MHZ_IBUF_inst/O
                         net (fo=1, routed)           0.644     0.894    CLK100MHZ_IBUF
    BUFGCTRL_X0Y16       BUFG (Prop_bufg_I_O)         0.026     0.920 r  CLK100MHZ_IBUF_BUFG_inst/O
                         net (fo=2381, routed)        0.605     1.524    decode/register_file/CLK100MHZ_IBUF_BUFG
    SLICE_X82Y92         FDRE                                         r  decode/register_file/regs_reg[27][11]/C
  -------------------------------------------------------------------    -------------------
    SLICE_X82Y92         FDRE (Prop_fdre_C_Q)         0.141     1.665 r  decode/register_file/regs_reg[27][11]/Q
                         net (fo=2, routed)           0.098     1.763    decode/register_file/regs_reg[27]_26[11]
    SLICE_X83Y92         LUT6 (Prop_lut6_I0_O)        0.045     1.808 r  decode/register_file/rs1_data_reg[11]_i_6/O
                         net (fo=1, routed)           0.000     1.808    decode/register_file/rs1_data_reg[11]_i_6_n_0
    SLICE_X83Y92         MUXF7 (Prop_muxf7_I0_O)      0.062     1.870 r  decode/register_file/rs1_data_reg[11]_i_2/O
                         net (fo=1, routed)           0.104     1.974    decode/register_file/rs1_data_reg[11]_i_2_n_0
    SLICE_X84Y91         LUT6 (Prop_lut6_I0_O)        0.108     2.082 r  decode/register_file/rs1_data_reg[11]_i_1/O
                         net (fo=1, routed)           0.000     2.082    decode/register_file/regs[11]
    SLICE_X84Y91         LDCE                                         r  decode/register_file/rs1_data_reg[11]/D
  -------------------------------------------------------------------    -------------------

Slack:                    inf
  Source:                 decode/register_file/regs_reg[29][12]/C
                            (rising edge-triggered cell FDRE clocked by sys_clk_pin  {rise@0.000ns fall@5.000ns period=50.000ns})
  Destination:            decode/register_file/rs1_data_reg[12]/D
  Path Group:             (none)
  Path Type:              Min at Fast Process Corner
  Data Path Delay:        0.629ns  (logic 0.358ns (56.918%)  route 0.271ns (43.082%))
  Logic Levels:           3  (LUT6=2 MUXF7=1)
  Clock Uncertainty:      0.025ns  ((TSJ^2 + TIJ^2)^1/2 + DJ) / 2 + PE
    Total System Jitter     (TSJ):    0.050ns
    Total Input Jitter      (TIJ):    0.000ns
    Discrete Jitter          (DJ):    0.000ns
    Phase Error              (PE):    0.000ns

    Location             Delay type                Incr(ns)  Path(ns)    Netlist Resource(s)
  -------------------------------------------------------------------    -------------------
                         (clock sys_clk_pin rise edge)
                                                      0.000     0.000 r  <hidden>
    E3                                                0.000     0.000 r  CLK100MHZ
                         net (fo=0)                   0.000     0.000    CLK100MHZ
    E3                   IBUF (Prop_ibuf_I_O)         0.250     0.250 r  CLK100MHZ_IBUF_inst/O
                         net (fo=1, routed)           0.644     0.894    CLK100MHZ_IBUF
    BUFGCTRL_X0Y16       BUFG (Prop_bufg_I_O)         0.026     0.920 r  CLK100MHZ_IBUF_BUFG_inst/O
                         net (fo=2381, routed)        0.560     1.479    decode/register_file/CLK100MHZ_IBUF_BUFG
    SLICE_X61Y106        FDRE                                         r  decode/register_file/regs_reg[29][12]/C
  -------------------------------------------------------------------    -------------------
    SLICE_X61Y106        FDRE (Prop_fdre_C_Q)         0.141     1.620 r  decode/register_file/regs_reg[29][12]/Q
                         net (fo=2, routed)           0.098     1.719    decode/register_file/regs_reg[29]_28[12]
    SLICE_X60Y106        LUT6 (Prop_lut6_I3_O)        0.045     1.764 r  decode/register_file/rs1_data_reg[12]_i_7/O
                         net (fo=1, routed)           0.000     1.764    decode/register_file/rs1_data_reg[12]_i_7_n_0
    SLICE_X60Y106        MUXF7 (Prop_muxf7_I1_O)      0.064     1.828 r  decode/register_file/rs1_data_reg[12]_i_2/O
                         net (fo=1, routed)           0.173     2.000    decode/register_file/rs1_data_reg[12]_i_2_n_0
    SLICE_X60Y103        LUT6 (Prop_lut6_I0_O)        0.108     2.108 r  decode/register_file/rs1_data_reg[12]_i_1/O
                         net (fo=1, routed)           0.000     2.108    decode/register_file/regs[12]
    SLICE_X60Y103        LDCE                                         r  decode/register_file/rs1_data_reg[12]/D
  -------------------------------------------------------------------    -------------------

Slack:                    inf
  Source:                 decode/register_file/regs_reg[4][18]/C
                            (rising edge-triggered cell FDRE clocked by sys_clk_pin  {rise@0.000ns fall@5.000ns period=50.000ns})
  Destination:            decode/register_file/rs1_data_reg[18]/D
  Path Group:             (none)
  Path Type:              Min at Fast Process Corner
  Data Path Delay:        0.648ns  (logic 0.359ns (55.372%)  route 0.289ns (44.628%))
  Logic Levels:           3  (LUT6=2 MUXF7=1)
  Clock Uncertainty:      0.025ns  ((TSJ^2 + TIJ^2)^1/2 + DJ) / 2 + PE
    Total System Jitter     (TSJ):    0.050ns
    Total Input Jitter      (TIJ):    0.000ns
    Discrete Jitter          (DJ):    0.000ns
    Phase Error              (PE):    0.000ns

    Location             Delay type                Incr(ns)  Path(ns)    Netlist Resource(s)
  -------------------------------------------------------------------    -------------------
                         (clock sys_clk_pin rise edge)
                                                      0.000     0.000 r  <hidden>
    E3                                                0.000     0.000 r  CLK100MHZ
                         net (fo=0)                   0.000     0.000    CLK100MHZ
    E3                   IBUF (Prop_ibuf_I_O)         0.250     0.250 r  CLK100MHZ_IBUF_inst/O
                         net (fo=1, routed)           0.644     0.894    CLK100MHZ_IBUF
    BUFGCTRL_X0Y16       BUFG (Prop_bufg_I_O)         0.026     0.920 r  CLK100MHZ_IBUF_BUFG_inst/O
                         net (fo=2381, routed)        0.562     1.481    decode/register_file/CLK100MHZ_IBUF_BUFG
    SLICE_X64Y103        FDRE                                         r  decode/register_file/regs_reg[4][18]/C
  -------------------------------------------------------------------    -------------------
    SLICE_X64Y103        FDRE (Prop_fdre_C_Q)         0.141     1.622 r  decode/register_file/regs_reg[4][18]/Q
                         net (fo=2, routed)           0.125     1.748    decode/register_file/regs_reg[4]_3[18]
    SLICE_X63Y102        LUT6 (Prop_lut6_I5_O)        0.045     1.793 r  decode/register_file/rs1_data_reg[18]_i_13/O
                         net (fo=1, routed)           0.000     1.793    decode/register_file/rs1_data_reg[18]_i_13_n_0
    SLICE_X63Y102        MUXF7 (Prop_muxf7_I1_O)      0.065     1.858 r  decode/register_file/rs1_data_reg[18]_i_5/O
                         net (fo=1, routed)           0.109     1.967    decode/register_file/rs1_data_reg[18]_i_5_n_0
    SLICE_X63Y101        LUT6 (Prop_lut6_I5_O)        0.108     2.075 r  decode/register_file/rs1_data_reg[18]_i_1/O
                         net (fo=1, routed)           0.055     2.130    decode/register_file/regs[18]
    SLICE_X62Y101        LDCE                                         r  decode/register_file/rs1_data_reg[18]/D
  -------------------------------------------------------------------    -------------------

Slack:                    inf
  Source:                 decode/register_file/regs_reg[17][1]/C
                            (rising edge-triggered cell FDRE clocked by sys_clk_pin  {rise@0.000ns fall@5.000ns period=50.000ns})
  Destination:            decode/register_file/rs1_data_reg[1]/D
  Path Group:             (none)
  Path Type:              Min at Fast Process Corner
  Data Path Delay:        0.634ns  (logic 0.379ns (59.780%)  route 0.255ns (40.220%))
  Logic Levels:           3  (LUT6=2 MUXF7=1)
  Clock Uncertainty:      0.025ns  ((TSJ^2 + TIJ^2)^1/2 + DJ) / 2 + PE
    Total System Jitter     (TSJ):    0.050ns
    Total Input Jitter      (TIJ):    0.000ns
    Discrete Jitter          (DJ):    0.000ns
    Phase Error              (PE):    0.000ns

    Location             Delay type                Incr(ns)  Path(ns)    Netlist Resource(s)
  -------------------------------------------------------------------    -------------------
                         (clock sys_clk_pin rise edge)
                                                      0.000     0.000 r  <hidden>
    E3                                                0.000     0.000 r  CLK100MHZ
                         net (fo=0)                   0.000     0.000    CLK100MHZ
    E3                   IBUF (Prop_ibuf_I_O)         0.250     0.250 r  CLK100MHZ_IBUF_inst/O
                         net (fo=1, routed)           0.644     0.894    CLK100MHZ_IBUF
    BUFGCTRL_X0Y16       BUFG (Prop_bufg_I_O)         0.026     0.920 r  CLK100MHZ_IBUF_BUFG_inst/O
                         net (fo=2381, routed)        0.594     1.513    decode/register_file/CLK100MHZ_IBUF_BUFG
    SLICE_X76Y87         FDRE                                         r  decode/register_file/regs_reg[17][1]/C
  -------------------------------------------------------------------    -------------------
    SLICE_X76Y87         FDRE (Prop_fdre_C_Q)         0.164     1.677 r  decode/register_file/regs_reg[17][1]/Q
                         net (fo=2, routed)           0.146     1.824    decode/register_file/regs_reg[17]_16[1]
    SLICE_X77Y87         LUT6 (Prop_lut6_I3_O)        0.045     1.869 r  decode/register_file/rs1_data_reg[1]_i_8/O
                         net (fo=1, routed)           0.000     1.869    decode/register_file/rs1_data_reg[1]_i_8_n_0
    SLICE_X77Y87         MUXF7 (Prop_muxf7_I0_O)      0.062     1.931 r  decode/register_file/rs1_data_reg[1]_i_3/O
                         net (fo=1, routed)           0.109     2.039    decode/register_file/rs1_data_reg[1]_i_3_n_0
    SLICE_X77Y86         LUT6 (Prop_lut6_I1_O)        0.108     2.147 r  decode/register_file/rs1_data_reg[1]_i_1/O
                         net (fo=1, routed)           0.000     2.147    decode/register_file/regs[1]
    SLICE_X77Y86         LDCE                                         r  decode/register_file/rs1_data_reg[1]/D
  -------------------------------------------------------------------    -------------------

Slack:                    inf
  Source:                 decode/register_file/regs_reg[2][9]/C
                            (rising edge-triggered cell FDRE clocked by sys_clk_pin  {rise@0.000ns fall@5.000ns period=50.000ns})
  Destination:            decode/register_file/rs1_data_reg[9]/D
  Path Group:             (none)
  Path Type:              Min at Fast Process Corner
  Data Path Delay:        0.689ns  (logic 0.356ns (51.688%)  route 0.333ns (48.312%))
  Logic Levels:           3  (LUT5=1 LUT6=1 MUXF7=1)
  Clock Uncertainty:      0.025ns  ((TSJ^2 + TIJ^2)^1/2 + DJ) / 2 + PE
    Total System Jitter     (TSJ):    0.050ns
    Total Input Jitter      (TIJ):    0.000ns
    Discrete Jitter          (DJ):    0.000ns
    Phase Error              (PE):    0.000ns

    Location             Delay type                Incr(ns)  Path(ns)    Netlist Resource(s)
  -------------------------------------------------------------------    -------------------
                         (clock sys_clk_pin rise edge)
                                                      0.000     0.000 r  <hidden>
    E3                                                0.000     0.000 r  CLK100MHZ
                         net (fo=0)                   0.000     0.000    CLK100MHZ
    E3                   IBUF (Prop_ibuf_I_O)         0.250     0.250 r  CLK100MHZ_IBUF_inst/O
                         net (fo=1, routed)           0.644     0.894    CLK100MHZ_IBUF
    BUFGCTRL_X0Y16       BUFG (Prop_bufg_I_O)         0.026     0.920 r  CLK100MHZ_IBUF_BUFG_inst/O
                         net (fo=2381, routed)        0.602     1.521    decode/register_file/CLK100MHZ_IBUF_BUFG
    SLICE_X82Y85         FDRE                                         r  decode/register_file/regs_reg[2][9]/C
  -------------------------------------------------------------------    -------------------
    SLICE_X82Y85         FDRE (Prop_fdre_C_Q)         0.141     1.662 r  decode/register_file/regs_reg[2][9]/Q
                         net (fo=2, routed)           0.064     1.726    decode/register_file/regs_reg[2]_1[9]
    SLICE_X83Y85         LUT5 (Prop_lut5_I1_O)        0.045     1.771 r  decode/register_file/rs1_data_reg[9]_i_12/O
                         net (fo=1, routed)           0.000     1.771    decode/register_file/rs1_data_reg[9]_i_12_n_0
    SLICE_X83Y85         MUXF7 (Prop_muxf7_I0_O)      0.062     1.833 r  decode/register_file/rs1_data_reg[9]_i_5/O
                         net (fo=1, routed)           0.158     1.991    decode/register_file/rs1_data_reg[9]_i_5_n_0
    SLICE_X82Y85         LUT6 (Prop_lut6_I5_O)        0.108     2.099 r  decode/register_file/rs1_data_reg[9]_i_1/O
                         net (fo=1, routed)           0.111     2.210    decode/register_file/regs[9]
    SLICE_X83Y86         LDCE                                         r  decode/register_file/rs1_data_reg[9]/D
  -------------------------------------------------------------------    -------------------

Slack:                    inf
  Source:                 decode/register_file/regs_reg[1][10]/C
                            (rising edge-triggered cell FDRE clocked by sys_clk_pin  {rise@0.000ns fall@5.000ns period=50.000ns})
  Destination:            decode/register_file/rs1_data_reg[10]/D
  Path Group:             (none)
  Path Type:              Min at Fast Process Corner
  Data Path Delay:        0.737ns  (logic 0.356ns (48.293%)  route 0.381ns (51.707%))
  Logic Levels:           3  (LUT5=1 LUT6=1 MUXF7=1)
  Clock Uncertainty:      0.025ns  ((TSJ^2 + TIJ^2)^1/2 + DJ) / 2 + PE
    Total System Jitter     (TSJ):    0.050ns
    Total Input Jitter      (TIJ):    0.000ns
    Discrete Jitter          (DJ):    0.000ns
    Phase Error              (PE):    0.000ns

    Location             Delay type                Incr(ns)  Path(ns)    Netlist Resource(s)
  -------------------------------------------------------------------    -------------------
                         (clock sys_clk_pin rise edge)
                                                      0.000     0.000 r  <hidden>
    E3                                                0.000     0.000 r  CLK100MHZ
                         net (fo=0)                   0.000     0.000    CLK100MHZ
    E3                   IBUF (Prop_ibuf_I_O)         0.250     0.250 r  CLK100MHZ_IBUF_inst/O
                         net (fo=1, routed)           0.644     0.894    CLK100MHZ_IBUF
    BUFGCTRL_X0Y16       BUFG (Prop_bufg_I_O)         0.026     0.920 r  CLK100MHZ_IBUF_BUFG_inst/O
                         net (fo=2381, routed)        0.567     1.486    decode/register_file/CLK100MHZ_IBUF_BUFG
    SLICE_X49Y97         FDRE                                         r  decode/register_file/regs_reg[1][10]/C
  -------------------------------------------------------------------    -------------------
    SLICE_X49Y97         FDRE (Prop_fdre_C_Q)         0.141     1.627 r  decode/register_file/regs_reg[1][10]/Q
                         net (fo=2, routed)           0.109     1.736    decode/register_file/regs_reg[1]_0[10]
    SLICE_X48Y97         LUT5 (Prop_lut5_I3_O)        0.045     1.781 r  decode/register_file/rs1_data_reg[10]_i_12/O
                         net (fo=1, routed)           0.000     1.781    decode/register_file/rs1_data_reg[10]_i_12_n_0
    SLICE_X48Y97         MUXF7 (Prop_muxf7_I0_O)      0.062     1.843 r  decode/register_file/rs1_data_reg[10]_i_5/O
                         net (fo=1, routed)           0.116     1.959    decode/register_file/rs1_data_reg[10]_i_5_n_0
    SLICE_X51Y98         LUT6 (Prop_lut6_I5_O)        0.108     2.067 r  decode/register_file/rs1_data_reg[10]_i_1/O
                         net (fo=1, routed)           0.156     2.224    decode/register_file/regs[10]
    SLICE_X52Y96         LDCE                                         r  decode/register_file/rs1_data_reg[10]/D
  -------------------------------------------------------------------    -------------------

Slack:                    inf
  Source:                 decode/register_file/regs_reg[2][28]/C
                            (rising edge-triggered cell FDRE clocked by sys_clk_pin  {rise@0.000ns fall@5.000ns period=50.000ns})
  Destination:            decode/register_file/rs1_data_reg[28]/D
  Path Group:             (none)
  Path Type:              Min at Fast Process Corner
  Data Path Delay:        0.748ns  (logic 0.379ns (50.665%)  route 0.369ns (49.335%))
  Logic Levels:           3  (LUT5=1 LUT6=1 MUXF7=1)
  Clock Uncertainty:      0.025ns  ((TSJ^2 + TIJ^2)^1/2 + DJ) / 2 + PE
    Total System Jitter     (TSJ):    0.050ns
    Total Input Jitter      (TIJ):    0.000ns
    Discrete Jitter          (DJ):    0.000ns
    Phase Error              (PE):    0.000ns

    Location             Delay type                Incr(ns)  Path(ns)    Netlist Resource(s)
  -------------------------------------------------------------------    -------------------
                         (clock sys_clk_pin rise edge)
                                                      0.000     0.000 r  <hidden>
    E3                                                0.000     0.000 r  CLK100MHZ
                         net (fo=0)                   0.000     0.000    CLK100MHZ
    E3                   IBUF (Prop_ibuf_I_O)         0.250     0.250 r  CLK100MHZ_IBUF_inst/O
                         net (fo=1, routed)           0.644     0.894    CLK100MHZ_IBUF
    BUFGCTRL_X0Y16       BUFG (Prop_bufg_I_O)         0.026     0.920 r  CLK100MHZ_IBUF_BUFG_inst/O
                         net (fo=2381, routed)        0.558     1.477    decode/register_file/CLK100MHZ_IBUF_BUFG
    SLICE_X54Y105        FDRE                                         r  decode/register_file/regs_reg[2][28]/C
  -------------------------------------------------------------------    -------------------
    SLICE_X54Y105        FDRE (Prop_fdre_C_Q)         0.164     1.641 r  decode/register_file/regs_reg[2][28]/Q
                         net (fo=2, routed)           0.094     1.736    decode/register_file/regs_reg[2]_1[28]
    SLICE_X55Y105        LUT5 (Prop_lut5_I1_O)        0.045     1.781 r  decode/register_file/rs1_data_reg[28]_i_12/O
                         net (fo=1, routed)           0.000     1.781    decode/register_file/rs1_data_reg[28]_i_12_n_0
    SLICE_X55Y105        MUXF7 (Prop_muxf7_I0_O)      0.062     1.843 r  decode/register_file/rs1_data_reg[28]_i_5/O
                         net (fo=1, routed)           0.109     1.951    decode/register_file/rs1_data_reg[28]_i_5_n_0
    SLICE_X55Y104        LUT6 (Prop_lut6_I5_O)        0.108     2.059 r  decode/register_file/rs1_data_reg[28]_i_1/O
                         net (fo=1, routed)           0.166     2.225    decode/register_file/regs[28]
    SLICE_X57Y102        LDCE                                         r  decode/register_file/rs1_data_reg[28]/D
  -------------------------------------------------------------------    -------------------

Slack:                    inf
  Source:                 decode/register_file/regs_reg[11][22]/C
                            (rising edge-triggered cell FDRE clocked by sys_clk_pin  {rise@0.000ns fall@5.000ns period=50.000ns})
  Destination:            decode/register_file/rs2_data_reg[22]/D
  Path Group:             (none)
  Path Type:              Min at Fast Process Corner
  Data Path Delay:        0.747ns  (logic 0.365ns (48.867%)  route 0.382ns (51.133%))
  Logic Levels:           3  (LUT6=2 MUXF7=1)
  Clock Uncertainty:      0.025ns  ((TSJ^2 + TIJ^2)^1/2 + DJ) / 2 + PE
    Total System Jitter     (TSJ):    0.050ns
    Total Input Jitter      (TIJ):    0.000ns
    Discrete Jitter          (DJ):    0.000ns
    Phase Error              (PE):    0.000ns

    Location             Delay type                Incr(ns)  Path(ns)    Netlist Resource(s)
  -------------------------------------------------------------------    -------------------
                         (clock sys_clk_pin rise edge)
                                                      0.000     0.000 r  <hidden>
    E3                                                0.000     0.000 r  CLK100MHZ
                         net (fo=0)                   0.000     0.000    CLK100MHZ
    E3                   IBUF (Prop_ibuf_I_O)         0.250     0.250 r  CLK100MHZ_IBUF_inst/O
                         net (fo=1, routed)           0.644     0.894    CLK100MHZ_IBUF
    BUFGCTRL_X0Y16       BUFG (Prop_bufg_I_O)         0.026     0.920 r  CLK100MHZ_IBUF_BUFG_inst/O
                         net (fo=2381, routed)        0.563     1.482    decode/register_file/CLK100MHZ_IBUF_BUFG
    SLICE_X68Y101        FDRE                                         r  decode/register_file/regs_reg[11][22]/C
  -------------------------------------------------------------------    -------------------
    SLICE_X68Y101        FDRE (Prop_fdre_C_Q)         0.141     1.623 r  decode/register_file/regs_reg[11][22]/Q
                         net (fo=2, routed)           0.065     1.688    decode/register_file/regs_reg[11]_10[22]
    SLICE_X69Y101        LUT6 (Prop_lut6_I0_O)        0.045     1.733 r  decode/register_file/rs2_data_reg[22]_i_10/O
                         net (fo=1, routed)           0.000     1.733    decode/register_file/rs2_data_reg[22]_i_10_n_0
    SLICE_X69Y101        MUXF7 (Prop_muxf7_I0_O)      0.071     1.804 r  decode/register_file/rs2_data_reg[22]_i_4/O
                         net (fo=1, routed)           0.161     1.966    decode/register_file/rs2_data_reg[22]_i_4_n_0
    SLICE_X68Y101        LUT6 (Prop_lut6_I3_O)        0.108     2.074 r  decode/register_file/rs2_data_reg[22]_i_1/O
                         net (fo=1, routed)           0.156     2.229    decode/register_file/rs2_data_reg[22]_i_1_n_0
    SLICE_X70Y100        LDCE                                         r  decode/register_file/rs2_data_reg[22]/D
  -------------------------------------------------------------------    -------------------

Slack:                    inf
  Source:                 decode/register_file/regs_reg[18][15]/C
                            (rising edge-triggered cell FDRE clocked by sys_clk_pin  {rise@0.000ns fall@5.000ns period=50.000ns})
  Destination:            decode/register_file/rs2_data_reg[15]/D
  Path Group:             (none)
  Path Type:              Min at Fast Process Corner
  Data Path Delay:        0.712ns  (logic 0.365ns (51.295%)  route 0.347ns (48.705%))
  Logic Levels:           3  (LUT6=2 MUXF7=1)
  Clock Uncertainty:      0.025ns  ((TSJ^2 + TIJ^2)^1/2 + DJ) / 2 + PE
    Total System Jitter     (TSJ):    0.050ns
    Total Input Jitter      (TIJ):    0.000ns
    Discrete Jitter          (DJ):    0.000ns
    Phase Error              (PE):    0.000ns

    Location             Delay type                Incr(ns)  Path(ns)    Netlist Resource(s)
  -------------------------------------------------------------------    -------------------
                         (clock sys_clk_pin rise edge)
                                                      0.000     0.000 r  <hidden>
    E3                                                0.000     0.000 r  CLK100MHZ
                         net (fo=0)                   0.000     0.000    CLK100MHZ
    E3                   IBUF (Prop_ibuf_I_O)         0.250     0.250 r  CLK100MHZ_IBUF_inst/O
                         net (fo=1, routed)           0.644     0.894    CLK100MHZ_IBUF
    BUFGCTRL_X0Y16       BUFG (Prop_bufg_I_O)         0.026     0.920 r  CLK100MHZ_IBUF_BUFG_inst/O
                         net (fo=2381, routed)        0.607     1.526    decode/register_file/CLK100MHZ_IBUF_BUFG
    SLICE_X86Y94         FDRE                                         r  decode/register_file/regs_reg[18][15]/C
  -------------------------------------------------------------------    -------------------
    SLICE_X86Y94         FDRE (Prop_fdre_C_Q)         0.141     1.667 r  decode/register_file/regs_reg[18][15]/Q
                         net (fo=2, routed)           0.065     1.732    decode/register_file/regs_reg[18]_17[15]
    SLICE_X87Y94         LUT6 (Prop_lut6_I1_O)        0.045     1.777 r  decode/register_file/rs2_data_reg[15]_i_8/O
                         net (fo=1, routed)           0.000     1.777    decode/register_file/rs2_data_reg[15]_i_8_n_0
    SLICE_X87Y94         MUXF7 (Prop_muxf7_I0_O)      0.071     1.848 r  decode/register_file/rs2_data_reg[15]_i_3/O
                         net (fo=1, routed)           0.118     1.966    decode/register_file/rs2_data_reg[15]_i_3_n_0
    SLICE_X83Y94         LUT6 (Prop_lut6_I1_O)        0.108     2.074 r  decode/register_file/rs2_data_reg[15]_i_1/O
                         net (fo=1, routed)           0.164     2.238    decode/register_file/rs2_data_reg[15]_i_1_n_0
    SLICE_X82Y96         LDCE                                         r  decode/register_file/rs2_data_reg[15]/D
  -------------------------------------------------------------------    -------------------





--------------------------------------------------------------------------------------
Path Group:  (none)
From Clock:  
  To Clock:  sys_clk_pin

Max Delay          1872 Endpoints
Min Delay          1872 Endpoints
--------------------------------------------------------------------------------------


Max Delay Paths
--------------------------------------------------------------------------------------
Slack:                    inf
  Source:                 reset_raw
                            (input port)
  Destination:            decode/register_file/regs_reg[29][28]/R
                            (rising edge-triggered cell FDRE clocked by sys_clk_pin  {rise@0.000ns fall@5.000ns period=50.000ns})
  Path Group:             (none)
  Path Type:              Setup (Max at Slow Process Corner)
  Data Path Delay:        17.506ns  (logic 1.631ns (9.317%)  route 15.875ns (90.683%))
  Logic Levels:           2  (IBUF=1 LUT1=1)
  Clock Path Skew:        4.909ns (DCD - SCD + CPR)
    Destination Clock Delay (DCD):    4.909ns
    Source Clock Delay      (SCD):    0.000ns
    Clock Pessimism Removal (CPR):    0.000ns
  Clock Uncertainty:      0.025ns  ((TSJ^2 + TIJ^2)^1/2 + DJ) / 2 + PE
    Total System Jitter     (TSJ):    0.050ns
    Total Input Jitter      (TIJ):    0.000ns
    Discrete Jitter          (DJ):    0.000ns
    Phase Error              (PE):    0.000ns

    Location             Delay type                Incr(ns)  Path(ns)    Netlist Resource(s)
  -------------------------------------------------------------------    -------------------
    C12                                               0.000     0.000 f  reset_raw
                         net (fo=0)                   0.000     0.000    reset_raw
    C12                  IBUF (Prop_ibuf_I_O)         1.507     1.507 f  reset_raw_IBUF_inst/O
                         net (fo=4, routed)           4.386     5.893    decode/register_file/reset_raw_IBUF
    SLICE_X64Y83         LUT1 (Prop_lut1_I0_O)        0.124     6.017 r  decode/register_file/regs[1][31]_i_1/O
                         net (fo=1380, routed)       11.489    17.506    decode/register_file/SR[0]
    SLICE_X54Y107        FDRE                                         r  decode/register_file/regs_reg[29][28]/R
  -------------------------------------------------------------------    -------------------

                         (clock sys_clk_pin rise edge)
                                                      0.000     0.000 r  <hidden>
    E3                                                0.000     0.000 r  CLK100MHZ
                         net (fo=0)                   0.000     0.000    CLK100MHZ
    E3                   IBUF (Prop_ibuf_I_O)         1.411     1.411 r  CLK100MHZ_IBUF_inst/O
                         net (fo=1, routed)           1.920     3.331    CLK100MHZ_IBUF
    BUFGCTRL_X0Y16       BUFG (Prop_bufg_I_O)         0.091     3.422 r  CLK100MHZ_IBUF_BUFG_inst/O
                         net (fo=2381, routed)        1.487     4.909    decode/register_file/CLK100MHZ_IBUF_BUFG
    SLICE_X54Y107        FDRE                                         r  decode/register_file/regs_reg[29][28]/C

Slack:                    inf
  Source:                 reset_raw
                            (input port)
  Destination:            decode/register_file/regs_reg[3][28]/R
                            (rising edge-triggered cell FDRE clocked by sys_clk_pin  {rise@0.000ns fall@5.000ns period=50.000ns})
  Path Group:             (none)
  Path Type:              Setup (Max at Slow Process Corner)
  Data Path Delay:        17.506ns  (logic 1.631ns (9.317%)  route 15.875ns (90.683%))
  Logic Levels:           2  (IBUF=1 LUT1=1)
  Clock Path Skew:        4.909ns (DCD - SCD + CPR)
    Destination Clock Delay (DCD):    4.909ns
    Source Clock Delay      (SCD):    0.000ns
    Clock Pessimism Removal (CPR):    0.000ns
  Clock Uncertainty:      0.025ns  ((TSJ^2 + TIJ^2)^1/2 + DJ) / 2 + PE
    Total System Jitter     (TSJ):    0.050ns
    Total Input Jitter      (TIJ):    0.000ns
    Discrete Jitter          (DJ):    0.000ns
    Phase Error              (PE):    0.000ns

    Location             Delay type                Incr(ns)  Path(ns)    Netlist Resource(s)
  -------------------------------------------------------------------    -------------------
    C12                                               0.000     0.000 f  reset_raw
                         net (fo=0)                   0.000     0.000    reset_raw
    C12                  IBUF (Prop_ibuf_I_O)         1.507     1.507 f  reset_raw_IBUF_inst/O
                         net (fo=4, routed)           4.386     5.893    decode/register_file/reset_raw_IBUF
    SLICE_X64Y83         LUT1 (Prop_lut1_I0_O)        0.124     6.017 r  decode/register_file/regs[1][31]_i_1/O
                         net (fo=1380, routed)       11.489    17.506    decode/register_file/SR[0]
    SLICE_X55Y107        FDRE                                         r  decode/register_file/regs_reg[3][28]/R
  -------------------------------------------------------------------    -------------------

                         (clock sys_clk_pin rise edge)
                                                      0.000     0.000 r  <hidden>
    E3                                                0.000     0.000 r  CLK100MHZ
                         net (fo=0)                   0.000     0.000    CLK100MHZ
    E3                   IBUF (Prop_ibuf_I_O)         1.411     1.411 r  CLK100MHZ_IBUF_inst/O
                         net (fo=1, routed)           1.920     3.331    CLK100MHZ_IBUF
    BUFGCTRL_X0Y16       BUFG (Prop_bufg_I_O)         0.091     3.422 r  CLK100MHZ_IBUF_BUFG_inst/O
                         net (fo=2381, routed)        1.487     4.909    decode/register_file/CLK100MHZ_IBUF_BUFG
    SLICE_X55Y107        FDRE                                         r  decode/register_file/regs_reg[3][28]/C

Slack:                    inf
  Source:                 reset_raw
                            (input port)
  Destination:            decode/register_file/regs_reg[21][28]/R
                            (rising edge-triggered cell FDRE clocked by sys_clk_pin  {rise@0.000ns fall@5.000ns period=50.000ns})
  Path Group:             (none)
  Path Type:              Setup (Max at Slow Process Corner)
  Data Path Delay:        17.446ns  (logic 1.631ns (9.349%)  route 15.815ns (90.651%))
  Logic Levels:           2  (IBUF=1 LUT1=1)
  Clock Path Skew:        4.909ns (DCD - SCD + CPR)
    Destination Clock Delay (DCD):    4.909ns
    Source Clock Delay      (SCD):    0.000ns
    Clock Pessimism Removal (CPR):    0.000ns
  Clock Uncertainty:      0.025ns  ((TSJ^2 + TIJ^2)^1/2 + DJ) / 2 + PE
    Total System Jitter     (TSJ):    0.050ns
    Total Input Jitter      (TIJ):    0.000ns
    Discrete Jitter          (DJ):    0.000ns
    Phase Error              (PE):    0.000ns

    Location             Delay type                Incr(ns)  Path(ns)    Netlist Resource(s)
  -------------------------------------------------------------------    -------------------
    C12                                               0.000     0.000 f  reset_raw
                         net (fo=0)                   0.000     0.000    reset_raw
    C12                  IBUF (Prop_ibuf_I_O)         1.507     1.507 f  reset_raw_IBUF_inst/O
                         net (fo=4, routed)           4.386     5.893    decode/register_file/reset_raw_IBUF
    SLICE_X64Y83         LUT1 (Prop_lut1_I0_O)        0.124     6.017 r  decode/register_file/regs[1][31]_i_1/O
                         net (fo=1380, routed)       11.429    17.446    decode/register_file/SR[0]
    SLICE_X53Y107        FDRE                                         r  decode/register_file/regs_reg[21][28]/R
  -------------------------------------------------------------------    -------------------

                         (clock sys_clk_pin rise edge)
                                                      0.000     0.000 r  <hidden>
    E3                                                0.000     0.000 r  CLK100MHZ
                         net (fo=0)                   0.000     0.000    CLK100MHZ
    E3                   IBUF (Prop_ibuf_I_O)         1.411     1.411 r  CLK100MHZ_IBUF_inst/O
                         net (fo=1, routed)           1.920     3.331    CLK100MHZ_IBUF
    BUFGCTRL_X0Y16       BUFG (Prop_bufg_I_O)         0.091     3.422 r  CLK100MHZ_IBUF_BUFG_inst/O
                         net (fo=2381, routed)        1.487     4.909    decode/register_file/CLK100MHZ_IBUF_BUFG
    SLICE_X53Y107        FDRE                                         r  decode/register_file/regs_reg[21][28]/C

Slack:                    inf
  Source:                 reset_raw
                            (input port)
  Destination:            decode/register_file/regs_reg[24][28]/R
                            (rising edge-triggered cell FDRE clocked by sys_clk_pin  {rise@0.000ns fall@5.000ns period=50.000ns})
  Path Group:             (none)
  Path Type:              Setup (Max at Slow Process Corner)
  Data Path Delay:        17.356ns  (logic 1.631ns (9.398%)  route 15.724ns (90.602%))
  Logic Levels:           2  (IBUF=1 LUT1=1)
  Clock Path Skew:        4.910ns (DCD - SCD + CPR)
    Destination Clock Delay (DCD):    4.910ns
    Source Clock Delay      (SCD):    0.000ns
    Clock Pessimism Removal (CPR):    0.000ns
  Clock Uncertainty:      0.025ns  ((TSJ^2 + TIJ^2)^1/2 + DJ) / 2 + PE
    Total System Jitter     (TSJ):    0.050ns
    Total Input Jitter      (TIJ):    0.000ns
    Discrete Jitter          (DJ):    0.000ns
    Phase Error              (PE):    0.000ns

    Location             Delay type                Incr(ns)  Path(ns)    Netlist Resource(s)
  -------------------------------------------------------------------    -------------------
    C12                                               0.000     0.000 f  reset_raw
                         net (fo=0)                   0.000     0.000    reset_raw
    C12                  IBUF (Prop_ibuf_I_O)         1.507     1.507 f  reset_raw_IBUF_inst/O
                         net (fo=4, routed)           4.386     5.893    decode/register_file/reset_raw_IBUF
    SLICE_X64Y83         LUT1 (Prop_lut1_I0_O)        0.124     6.017 r  decode/register_file/regs[1][31]_i_1/O
                         net (fo=1380, routed)       11.339    17.356    decode/register_file/SR[0]
    SLICE_X54Y106        FDRE                                         r  decode/register_file/regs_reg[24][28]/R
  -------------------------------------------------------------------    -------------------

                         (clock sys_clk_pin rise edge)
                                                      0.000     0.000 r  <hidden>
    E3                                                0.000     0.000 r  CLK100MHZ
                         net (fo=0)                   0.000     0.000    CLK100MHZ
    E3                   IBUF (Prop_ibuf_I_O)         1.411     1.411 r  CLK100MHZ_IBUF_inst/O
                         net (fo=1, routed)           1.920     3.331    CLK100MHZ_IBUF
    BUFGCTRL_X0Y16       BUFG (Prop_bufg_I_O)         0.091     3.422 r  CLK100MHZ_IBUF_BUFG_inst/O
                         net (fo=2381, routed)        1.488     4.910    decode/register_file/CLK100MHZ_IBUF_BUFG
    SLICE_X54Y106        FDRE                                         r  decode/register_file/regs_reg[24][28]/C

Slack:                    inf
  Source:                 reset_raw
                            (input port)
  Destination:            decode/register_file/regs_reg[26][28]/R
                            (rising edge-triggered cell FDRE clocked by sys_clk_pin  {rise@0.000ns fall@5.000ns period=50.000ns})
  Path Group:             (none)
  Path Type:              Setup (Max at Slow Process Corner)
  Data Path Delay:        17.356ns  (logic 1.631ns (9.398%)  route 15.724ns (90.602%))
  Logic Levels:           2  (IBUF=1 LUT1=1)
  Clock Path Skew:        4.910ns (DCD - SCD + CPR)
    Destination Clock Delay (DCD):    4.910ns
    Source Clock Delay      (SCD):    0.000ns
    Clock Pessimism Removal (CPR):    0.000ns
  Clock Uncertainty:      0.025ns  ((TSJ^2 + TIJ^2)^1/2 + DJ) / 2 + PE
    Total System Jitter     (TSJ):    0.050ns
    Total Input Jitter      (TIJ):    0.000ns
    Discrete Jitter          (DJ):    0.000ns
    Phase Error              (PE):    0.000ns

    Location             Delay type                Incr(ns)  Path(ns)    Netlist Resource(s)
  -------------------------------------------------------------------    -------------------
    C12                                               0.000     0.000 f  reset_raw
                         net (fo=0)                   0.000     0.000    reset_raw
    C12                  IBUF (Prop_ibuf_I_O)         1.507     1.507 f  reset_raw_IBUF_inst/O
                         net (fo=4, routed)           4.386     5.893    decode/register_file/reset_raw_IBUF
    SLICE_X64Y83         LUT1 (Prop_lut1_I0_O)        0.124     6.017 r  decode/register_file/regs[1][31]_i_1/O
                         net (fo=1380, routed)       11.339    17.356    decode/register_file/SR[0]
    SLICE_X55Y106        FDRE                                         r  decode/register_file/regs_reg[26][28]/R
  -------------------------------------------------------------------    -------------------

                         (clock sys_clk_pin rise edge)
                                                      0.000     0.000 r  <hidden>
    E3                                                0.000     0.000 r  CLK100MHZ
                         net (fo=0)                   0.000     0.000    CLK100MHZ
    E3                   IBUF (Prop_ibuf_I_O)         1.411     1.411 r  CLK100MHZ_IBUF_inst/O
                         net (fo=1, routed)           1.920     3.331    CLK100MHZ_IBUF
    BUFGCTRL_X0Y16       BUFG (Prop_bufg_I_O)         0.091     3.422 r  CLK100MHZ_IBUF_BUFG_inst/O
                         net (fo=2381, routed)        1.488     4.910    decode/register_file/CLK100MHZ_IBUF_BUFG
    SLICE_X55Y106        FDRE                                         r  decode/register_file/regs_reg[26][28]/C

Slack:                    inf
  Source:                 reset_raw
                            (input port)
  Destination:            decode/register_file/regs_reg[17][28]/R
                            (rising edge-triggered cell FDRE clocked by sys_clk_pin  {rise@0.000ns fall@5.000ns period=50.000ns})
  Path Group:             (none)
  Path Type:              Setup (Max at Slow Process Corner)
  Data Path Delay:        17.311ns  (logic 1.631ns (9.422%)  route 15.680ns (90.578%))
  Logic Levels:           2  (IBUF=1 LUT1=1)
  Clock Path Skew:        4.910ns (DCD - SCD + CPR)
    Destination Clock Delay (DCD):    4.910ns
    Source Clock Delay      (SCD):    0.000ns
    Clock Pessimism Removal (CPR):    0.000ns
  Clock Uncertainty:      0.025ns  ((TSJ^2 + TIJ^2)^1/2 + DJ) / 2 + PE
    Total System Jitter     (TSJ):    0.050ns
    Total Input Jitter      (TIJ):    0.000ns
    Discrete Jitter          (DJ):    0.000ns
    Phase Error              (PE):    0.000ns

    Location             Delay type                Incr(ns)  Path(ns)    Netlist Resource(s)
  -------------------------------------------------------------------    -------------------
    C12                                               0.000     0.000 f  reset_raw
                         net (fo=0)                   0.000     0.000    reset_raw
    C12                  IBUF (Prop_ibuf_I_O)         1.507     1.507 f  reset_raw_IBUF_inst/O
                         net (fo=4, routed)           4.386     5.893    decode/register_file/reset_raw_IBUF
    SLICE_X64Y83         LUT1 (Prop_lut1_I0_O)        0.124     6.017 r  decode/register_file/regs[1][31]_i_1/O
                         net (fo=1380, routed)       11.294    17.311    decode/register_file/SR[0]
    SLICE_X52Y104        FDRE                                         r  decode/register_file/regs_reg[17][28]/R
  -------------------------------------------------------------------    -------------------

                         (clock sys_clk_pin rise edge)
                                                      0.000     0.000 r  <hidden>
    E3                                                0.000     0.000 r  CLK100MHZ
                         net (fo=0)                   0.000     0.000    CLK100MHZ
    E3                   IBUF (Prop_ibuf_I_O)         1.411     1.411 r  CLK100MHZ_IBUF_inst/O
                         net (fo=1, routed)           1.920     3.331    CLK100MHZ_IBUF
    BUFGCTRL_X0Y16       BUFG (Prop_bufg_I_O)         0.091     3.422 r  CLK100MHZ_IBUF_BUFG_inst/O
                         net (fo=2381, routed)        1.488     4.910    decode/register_file/CLK100MHZ_IBUF_BUFG
    SLICE_X52Y104        FDRE                                         r  decode/register_file/regs_reg[17][28]/C

Slack:                    inf
  Source:                 reset_raw
                            (input port)
  Destination:            decode/register_file/regs_reg[25][28]/R
                            (rising edge-triggered cell FDRE clocked by sys_clk_pin  {rise@0.000ns fall@5.000ns period=50.000ns})
  Path Group:             (none)
  Path Type:              Setup (Max at Slow Process Corner)
  Data Path Delay:        17.307ns  (logic 1.631ns (9.424%)  route 15.676ns (90.576%))
  Logic Levels:           2  (IBUF=1 LUT1=1)
  Clock Path Skew:        4.910ns (DCD - SCD + CPR)
    Destination Clock Delay (DCD):    4.910ns
    Source Clock Delay      (SCD):    0.000ns
    Clock Pessimism Removal (CPR):    0.000ns
  Clock Uncertainty:      0.025ns  ((TSJ^2 + TIJ^2)^1/2 + DJ) / 2 + PE
    Total System Jitter     (TSJ):    0.050ns
    Total Input Jitter      (TIJ):    0.000ns
    Discrete Jitter          (DJ):    0.000ns
    Phase Error              (PE):    0.000ns

    Location             Delay type                Incr(ns)  Path(ns)    Netlist Resource(s)
  -------------------------------------------------------------------    -------------------
    C12                                               0.000     0.000 f  reset_raw
                         net (fo=0)                   0.000     0.000    reset_raw
    C12                  IBUF (Prop_ibuf_I_O)         1.507     1.507 f  reset_raw_IBUF_inst/O
                         net (fo=4, routed)           4.386     5.893    decode/register_file/reset_raw_IBUF
    SLICE_X64Y83         LUT1 (Prop_lut1_I0_O)        0.124     6.017 r  decode/register_file/regs[1][31]_i_1/O
                         net (fo=1380, routed)       11.290    17.307    decode/register_file/SR[0]
    SLICE_X52Y106        FDRE                                         r  decode/register_file/regs_reg[25][28]/R
  -------------------------------------------------------------------    -------------------

                         (clock sys_clk_pin rise edge)
                                                      0.000     0.000 r  <hidden>
    E3                                                0.000     0.000 r  CLK100MHZ
                         net (fo=0)                   0.000     0.000    CLK100MHZ
    E3                   IBUF (Prop_ibuf_I_O)         1.411     1.411 r  CLK100MHZ_IBUF_inst/O
                         net (fo=1, routed)           1.920     3.331    CLK100MHZ_IBUF
    BUFGCTRL_X0Y16       BUFG (Prop_bufg_I_O)         0.091     3.422 r  CLK100MHZ_IBUF_BUFG_inst/O
                         net (fo=2381, routed)        1.488     4.910    decode/register_file/CLK100MHZ_IBUF_BUFG
    SLICE_X52Y106        FDRE                                         r  decode/register_file/regs_reg[25][28]/C

Slack:                    inf
  Source:                 reset_raw
                            (input port)
  Destination:            decode/register_file/regs_reg[23][28]/R
                            (rising edge-triggered cell FDRE clocked by sys_clk_pin  {rise@0.000ns fall@5.000ns period=50.000ns})
  Path Group:             (none)
  Path Type:              Setup (Max at Slow Process Corner)
  Data Path Delay:        17.307ns  (logic 1.631ns (9.424%)  route 15.676ns (90.576%))
  Logic Levels:           2  (IBUF=1 LUT1=1)
  Clock Path Skew:        4.910ns (DCD - SCD + CPR)
    Destination Clock Delay (DCD):    4.910ns
    Source Clock Delay      (SCD):    0.000ns
    Clock Pessimism Removal (CPR):    0.000ns
  Clock Uncertainty:      0.025ns  ((TSJ^2 + TIJ^2)^1/2 + DJ) / 2 + PE
    Total System Jitter     (TSJ):    0.050ns
    Total Input Jitter      (TIJ):    0.000ns
    Discrete Jitter          (DJ):    0.000ns
    Phase Error              (PE):    0.000ns

    Location             Delay type                Incr(ns)  Path(ns)    Netlist Resource(s)
  -------------------------------------------------------------------    -------------------
    C12                                               0.000     0.000 f  reset_raw
                         net (fo=0)                   0.000     0.000    reset_raw
    C12                  IBUF (Prop_ibuf_I_O)         1.507     1.507 f  reset_raw_IBUF_inst/O
                         net (fo=4, routed)           4.386     5.893    decode/register_file/reset_raw_IBUF
    SLICE_X64Y83         LUT1 (Prop_lut1_I0_O)        0.124     6.017 r  decode/register_file/regs[1][31]_i_1/O
                         net (fo=1380, routed)       11.290    17.307    decode/register_file/SR[0]
    SLICE_X53Y104        FDRE                                         r  decode/register_file/regs_reg[23][28]/R
  -------------------------------------------------------------------    -------------------

                         (clock sys_clk_pin rise edge)
                                                      0.000     0.000 r  <hidden>
    E3                                                0.000     0.000 r  CLK100MHZ
                         net (fo=0)                   0.000     0.000    CLK100MHZ
    E3                   IBUF (Prop_ibuf_I_O)         1.411     1.411 r  CLK100MHZ_IBUF_inst/O
                         net (fo=1, routed)           1.920     3.331    CLK100MHZ_IBUF
    BUFGCTRL_X0Y16       BUFG (Prop_bufg_I_O)         0.091     3.422 r  CLK100MHZ_IBUF_BUFG_inst/O
                         net (fo=2381, routed)        1.488     4.910    decode/register_file/CLK100MHZ_IBUF_BUFG
    SLICE_X53Y104        FDRE                                         r  decode/register_file/regs_reg[23][28]/C

Slack:                    inf
  Source:                 reset_raw
                            (input port)
  Destination:            decode/register_file/regs_reg[31][28]/R
                            (rising edge-triggered cell FDRE clocked by sys_clk_pin  {rise@0.000ns fall@5.000ns period=50.000ns})
  Path Group:             (none)
  Path Type:              Setup (Max at Slow Process Corner)
  Data Path Delay:        17.302ns  (logic 1.631ns (9.427%)  route 15.671ns (90.573%))
  Logic Levels:           2  (IBUF=1 LUT1=1)
  Clock Path Skew:        4.910ns (DCD - SCD + CPR)
    Destination Clock Delay (DCD):    4.910ns
    Source Clock Delay      (SCD):    0.000ns
    Clock Pessimism Removal (CPR):    0.000ns
  Clock Uncertainty:      0.025ns  ((TSJ^2 + TIJ^2)^1/2 + DJ) / 2 + PE
    Total System Jitter     (TSJ):    0.050ns
    Total Input Jitter      (TIJ):    0.000ns
    Discrete Jitter          (DJ):    0.000ns
    Phase Error              (PE):    0.000ns

    Location             Delay type                Incr(ns)  Path(ns)    Netlist Resource(s)
  -------------------------------------------------------------------    -------------------
    C12                                               0.000     0.000 f  reset_raw
                         net (fo=0)                   0.000     0.000    reset_raw
    C12                  IBUF (Prop_ibuf_I_O)         1.507     1.507 f  reset_raw_IBUF_inst/O
                         net (fo=4, routed)           4.386     5.893    decode/register_file/reset_raw_IBUF
    SLICE_X64Y83         LUT1 (Prop_lut1_I0_O)        0.124     6.017 r  decode/register_file/regs[1][31]_i_1/O
                         net (fo=1380, routed)       11.285    17.302    decode/register_file/SR[0]
    SLICE_X53Y106        FDRE                                         r  decode/register_file/regs_reg[31][28]/R
  -------------------------------------------------------------------    -------------------

                         (clock sys_clk_pin rise edge)
                                                      0.000     0.000 r  <hidden>
    E3                                                0.000     0.000 r  CLK100MHZ
                         net (fo=0)                   0.000     0.000    CLK100MHZ
    E3                   IBUF (Prop_ibuf_I_O)         1.411     1.411 r  CLK100MHZ_IBUF_inst/O
                         net (fo=1, routed)           1.920     3.331    CLK100MHZ_IBUF
    BUFGCTRL_X0Y16       BUFG (Prop_bufg_I_O)         0.091     3.422 r  CLK100MHZ_IBUF_BUFG_inst/O
                         net (fo=2381, routed)        1.488     4.910    decode/register_file/CLK100MHZ_IBUF_BUFG
    SLICE_X53Y106        FDRE                                         r  decode/register_file/regs_reg[31][28]/C

Slack:                    inf
  Source:                 reset_raw
                            (input port)
  Destination:            decode/register_file/regs_reg[16][28]/R
                            (rising edge-triggered cell FDRE clocked by sys_clk_pin  {rise@0.000ns fall@5.000ns period=50.000ns})
  Path Group:             (none)
  Path Type:              Setup (Max at Slow Process Corner)
  Data Path Delay:        17.156ns  (logic 1.631ns (9.507%)  route 15.525ns (90.493%))
  Logic Levels:           2  (IBUF=1 LUT1=1)
  Clock Path Skew:        4.910ns (DCD - SCD + CPR)
    Destination Clock Delay (DCD):    4.910ns
    Source Clock Delay      (SCD):    0.000ns
    Clock Pessimism Removal (CPR):    0.000ns
  Clock Uncertainty:      0.025ns  ((TSJ^2 + TIJ^2)^1/2 + DJ) / 2 + PE
    Total System Jitter     (TSJ):    0.050ns
    Total Input Jitter      (TIJ):    0.000ns
    Discrete Jitter          (DJ):    0.000ns
    Phase Error              (PE):    0.000ns

    Location             Delay type                Incr(ns)  Path(ns)    Netlist Resource(s)
  -------------------------------------------------------------------    -------------------
    C12                                               0.000     0.000 f  reset_raw
                         net (fo=0)                   0.000     0.000    reset_raw
    C12                  IBUF (Prop_ibuf_I_O)         1.507     1.507 f  reset_raw_IBUF_inst/O
                         net (fo=4, routed)           4.386     5.893    decode/register_file/reset_raw_IBUF
    SLICE_X64Y83         LUT1 (Prop_lut1_I0_O)        0.124     6.017 r  decode/register_file/regs[1][31]_i_1/O
                         net (fo=1380, routed)       11.139    17.156    decode/register_file/SR[0]
    SLICE_X52Y105        FDRE                                         r  decode/register_file/regs_reg[16][28]/R
  -------------------------------------------------------------------    -------------------

                         (clock sys_clk_pin rise edge)
                                                      0.000     0.000 r  <hidden>
    E3                                                0.000     0.000 r  CLK100MHZ
                         net (fo=0)                   0.000     0.000    CLK100MHZ
    E3                   IBUF (Prop_ibuf_I_O)         1.411     1.411 r  CLK100MHZ_IBUF_inst/O
                         net (fo=1, routed)           1.920     3.331    CLK100MHZ_IBUF
    BUFGCTRL_X0Y16       BUFG (Prop_bufg_I_O)         0.091     3.422 r  CLK100MHZ_IBUF_BUFG_inst/O
                         net (fo=2381, routed)        1.488     4.910    decode/register_file/CLK100MHZ_IBUF_BUFG
    SLICE_X52Y105        FDRE                                         r  decode/register_file/regs_reg[16][28]/C





Min Delay Paths
--------------------------------------------------------------------------------------
Slack:                    inf
  Source:                 decode/register_file/rs1_data_reg[17]/G
                            (positive level-sensitive latch)
  Destination:            decode/RD1E_reg[17]/D
                            (rising edge-triggered cell FDRE clocked by sys_clk_pin  {rise@0.000ns fall@5.000ns period=50.000ns})
  Path Group:             (none)
  Path Type:              Hold (Min at Fast Process Corner)
  Data Path Delay:        0.270ns  (logic 0.158ns (58.517%)  route 0.112ns (41.483%))
  Logic Levels:           1  (LDCE=1)
  Clock Uncertainty:      0.025ns  ((TSJ^2 + TIJ^2)^1/2 + DJ) / 2 + PE
    Total System Jitter     (TSJ):    0.050ns
    Total Input Jitter      (TIJ):    0.000ns
    Discrete Jitter          (DJ):    0.000ns
    Phase Error              (PE):    0.000ns

    Location             Delay type                Incr(ns)  Path(ns)    Netlist Resource(s)
  -------------------------------------------------------------------    -------------------
    SLICE_X63Y96         LDCE                         0.000     0.000 r  decode/register_file/rs1_data_reg[17]/G
    SLICE_X63Y96         LDCE (EnToQ_ldce_G_Q)        0.158     0.158 r  decode/register_file/rs1_data_reg[17]/Q
                         net (fo=1, routed)           0.112     0.270    decode/RD1D[17]
    SLICE_X63Y97         FDRE                                         r  decode/RD1E_reg[17]/D
  -------------------------------------------------------------------    -------------------

                         (clock sys_clk_pin rise edge)
                                                      0.000     0.000 r  <hidden>
    E3                                                0.000     0.000 r  CLK100MHZ
                         net (fo=0)                   0.000     0.000    CLK100MHZ
    E3                   IBUF (Prop_ibuf_I_O)         0.438     0.438 r  CLK100MHZ_IBUF_inst/O
                         net (fo=1, routed)           0.699     1.136    CLK100MHZ_IBUF
    BUFGCTRL_X0Y16       BUFG (Prop_bufg_I_O)         0.029     1.165 r  CLK100MHZ_IBUF_BUFG_inst/O
                         net (fo=2381, routed)        0.840     2.005    decode/CLK100MHZ_IBUF_BUFG
    SLICE_X63Y97         FDRE                                         r  decode/RD1E_reg[17]/C

Slack:                    inf
  Source:                 decode/register_file/rs1_data_reg[14]/G
                            (positive level-sensitive latch)
  Destination:            decode/RD1E_reg[14]/D
                            (rising edge-triggered cell FDRE clocked by sys_clk_pin  {rise@0.000ns fall@5.000ns period=50.000ns})
  Path Group:             (none)
  Path Type:              Hold (Min at Fast Process Corner)
  Data Path Delay:        0.274ns  (logic 0.158ns (57.613%)  route 0.116ns (42.387%))
  Logic Levels:           1  (LDCE=1)
  Clock Uncertainty:      0.025ns  ((TSJ^2 + TIJ^2)^1/2 + DJ) / 2 + PE
    Total System Jitter     (TSJ):    0.050ns
    Total Input Jitter      (TIJ):    0.000ns
    Discrete Jitter          (DJ):    0.000ns
    Phase Error              (PE):    0.000ns

    Location             Delay type                Incr(ns)  Path(ns)    Netlist Resource(s)
  -------------------------------------------------------------------    -------------------
    SLICE_X73Y96         LDCE                         0.000     0.000 r  decode/register_file/rs1_data_reg[14]/G
    SLICE_X73Y96         LDCE (EnToQ_ldce_G_Q)        0.158     0.158 r  decode/register_file/rs1_data_reg[14]/Q
                         net (fo=1, routed)           0.116     0.274    decode/RD1D[14]
    SLICE_X73Y94         FDRE                                         r  decode/RD1E_reg[14]/D
  -------------------------------------------------------------------    -------------------

                         (clock sys_clk_pin rise edge)
                                                      0.000     0.000 r  <hidden>
    E3                                                0.000     0.000 r  CLK100MHZ
                         net (fo=0)                   0.000     0.000    CLK100MHZ
    E3                   IBUF (Prop_ibuf_I_O)         0.438     0.438 r  CLK100MHZ_IBUF_inst/O
                         net (fo=1, routed)           0.699     1.136    CLK100MHZ_IBUF
    BUFGCTRL_X0Y16       BUFG (Prop_bufg_I_O)         0.029     1.165 r  CLK100MHZ_IBUF_BUFG_inst/O
                         net (fo=2381, routed)        0.867     2.032    decode/CLK100MHZ_IBUF_BUFG
    SLICE_X73Y94         FDRE                                         r  decode/RD1E_reg[14]/C

Slack:                    inf
  Source:                 decode/register_file/rs1_data_reg[7]/G
                            (positive level-sensitive latch)
  Destination:            decode/RD1E_reg[7]/D
                            (rising edge-triggered cell FDRE clocked by sys_clk_pin  {rise@0.000ns fall@5.000ns period=50.000ns})
  Path Group:             (none)
  Path Type:              Hold (Min at Fast Process Corner)
  Data Path Delay:        0.274ns  (logic 0.158ns (57.613%)  route 0.116ns (42.387%))
  Logic Levels:           1  (LDCE=1)
  Clock Uncertainty:      0.025ns  ((TSJ^2 + TIJ^2)^1/2 + DJ) / 2 + PE
    Total System Jitter     (TSJ):    0.050ns
    Total Input Jitter      (TIJ):    0.000ns
    Discrete Jitter          (DJ):    0.000ns
    Phase Error              (PE):    0.000ns

    Location             Delay type                Incr(ns)  Path(ns)    Netlist Resource(s)
  -------------------------------------------------------------------    -------------------
    SLICE_X73Y96         LDCE                         0.000     0.000 r  decode/register_file/rs1_data_reg[7]/G
    SLICE_X73Y96         LDCE (EnToQ_ldce_G_Q)        0.158     0.158 r  decode/register_file/rs1_data_reg[7]/Q
                         net (fo=1, routed)           0.116     0.274    decode/RD1D[7]
    SLICE_X73Y94         FDRE                                         r  decode/RD1E_reg[7]/D
  -------------------------------------------------------------------    -------------------

                         (clock sys_clk_pin rise edge)
                                                      0.000     0.000 r  <hidden>
    E3                                                0.000     0.000 r  CLK100MHZ
                         net (fo=0)                   0.000     0.000    CLK100MHZ
    E3                   IBUF (Prop_ibuf_I_O)         0.438     0.438 r  CLK100MHZ_IBUF_inst/O
                         net (fo=1, routed)           0.699     1.136    CLK100MHZ_IBUF
    BUFGCTRL_X0Y16       BUFG (Prop_bufg_I_O)         0.029     1.165 r  CLK100MHZ_IBUF_BUFG_inst/O
                         net (fo=2381, routed)        0.867     2.032    decode/CLK100MHZ_IBUF_BUFG
    SLICE_X73Y94         FDRE                                         r  decode/RD1E_reg[7]/C

Slack:                    inf
  Source:                 decode/register_file/rs2_data_reg[1]/G
                            (positive level-sensitive latch)
  Destination:            decode/RD2E_reg[1]/D
                            (rising edge-triggered cell FDRE clocked by sys_clk_pin  {rise@0.000ns fall@5.000ns period=50.000ns})
  Path Group:             (none)
  Path Type:              Hold (Min at Fast Process Corner)
  Data Path Delay:        0.277ns  (logic 0.158ns (57.130%)  route 0.119ns (42.870%))
  Logic Levels:           1  (LDCE=1)
  Clock Uncertainty:      0.025ns  ((TSJ^2 + TIJ^2)^1/2 + DJ) / 2 + PE
    Total System Jitter     (TSJ):    0.050ns
    Total Input Jitter      (TIJ):    0.000ns
    Discrete Jitter          (DJ):    0.000ns
    Phase Error              (PE):    0.000ns

    Location             Delay type                Incr(ns)  Path(ns)    Netlist Resource(s)
  -------------------------------------------------------------------    -------------------
    SLICE_X75Y86         LDCE                         0.000     0.000 r  decode/register_file/rs2_data_reg[1]/G
    SLICE_X75Y86         LDCE (EnToQ_ldce_G_Q)        0.158     0.158 r  decode/register_file/rs2_data_reg[1]/Q
                         net (fo=1, routed)           0.119     0.277    decode/RD2D[1]
    SLICE_X73Y86         FDRE                                         r  decode/RD2E_reg[1]/D
  -------------------------------------------------------------------    -------------------

                         (clock sys_clk_pin rise edge)
                                                      0.000     0.000 r  <hidden>
    E3                                                0.000     0.000 r  CLK100MHZ
                         net (fo=0)                   0.000     0.000    CLK100MHZ
    E3                   IBUF (Prop_ibuf_I_O)         0.438     0.438 r  CLK100MHZ_IBUF_inst/O
                         net (fo=1, routed)           0.699     1.136    CLK100MHZ_IBUF
    BUFGCTRL_X0Y16       BUFG (Prop_bufg_I_O)         0.029     1.165 r  CLK100MHZ_IBUF_BUFG_inst/O
                         net (fo=2381, routed)        0.862     2.027    decode/CLK100MHZ_IBUF_BUFG
    SLICE_X73Y86         FDRE                                         r  decode/RD2E_reg[1]/C

Slack:                    inf
  Source:                 decode/register_file/rs2_data_reg[0]/G
                            (positive level-sensitive latch)
  Destination:            decode/RD2E_reg[0]/D
                            (rising edge-triggered cell FDRE clocked by sys_clk_pin  {rise@0.000ns fall@5.000ns period=50.000ns})
  Path Group:             (none)
  Path Type:              Hold (Min at Fast Process Corner)
  Data Path Delay:        0.278ns  (logic 0.158ns (56.783%)  route 0.120ns (43.217%))
  Logic Levels:           1  (LDCE=1)
  Clock Uncertainty:      0.025ns  ((TSJ^2 + TIJ^2)^1/2 + DJ) / 2 + PE
    Total System Jitter     (TSJ):    0.050ns
    Total Input Jitter      (TIJ):    0.000ns
    Discrete Jitter          (DJ):    0.000ns
    Phase Error              (PE):    0.000ns

    Location             Delay type                Incr(ns)  Path(ns)    Netlist Resource(s)
  -------------------------------------------------------------------    -------------------
    SLICE_X77Y86         LDCE                         0.000     0.000 r  decode/register_file/rs2_data_reg[0]/G
    SLICE_X77Y86         LDCE (EnToQ_ldce_G_Q)        0.158     0.158 r  decode/register_file/rs2_data_reg[0]/Q
                         net (fo=1, routed)           0.120     0.278    decode/RD2D[0]
    SLICE_X73Y86         FDRE                                         r  decode/RD2E_reg[0]/D
  -------------------------------------------------------------------    -------------------

                         (clock sys_clk_pin rise edge)
                                                      0.000     0.000 r  <hidden>
    E3                                                0.000     0.000 r  CLK100MHZ
                         net (fo=0)                   0.000     0.000    CLK100MHZ
    E3                   IBUF (Prop_ibuf_I_O)         0.438     0.438 r  CLK100MHZ_IBUF_inst/O
                         net (fo=1, routed)           0.699     1.136    CLK100MHZ_IBUF
    BUFGCTRL_X0Y16       BUFG (Prop_bufg_I_O)         0.029     1.165 r  CLK100MHZ_IBUF_BUFG_inst/O
                         net (fo=2381, routed)        0.862     2.027    decode/CLK100MHZ_IBUF_BUFG
    SLICE_X73Y86         FDRE                                         r  decode/RD2E_reg[0]/C

Slack:                    inf
  Source:                 decode/register_file/rs2_data_reg[6]/G
                            (positive level-sensitive latch)
  Destination:            decode/RD2E_reg[6]/D
                            (rising edge-triggered cell FDRE clocked by sys_clk_pin  {rise@0.000ns fall@5.000ns period=50.000ns})
  Path Group:             (none)
  Path Type:              Hold (Min at Fast Process Corner)
  Data Path Delay:        0.297ns  (logic 0.178ns (60.021%)  route 0.119ns (39.979%))
  Logic Levels:           1  (LDCE=1)
  Clock Uncertainty:      0.025ns  ((TSJ^2 + TIJ^2)^1/2 + DJ) / 2 + PE
    Total System Jitter     (TSJ):    0.050ns
    Total Input Jitter      (TIJ):    0.000ns
    Discrete Jitter          (DJ):    0.000ns
    Phase Error              (PE):    0.000ns

    Location             Delay type                Incr(ns)  Path(ns)    Netlist Resource(s)
  -------------------------------------------------------------------    -------------------
    SLICE_X74Y90         LDCE                         0.000     0.000 r  decode/register_file/rs2_data_reg[6]/G
    SLICE_X74Y90         LDCE (EnToQ_ldce_G_Q)        0.178     0.178 r  decode/register_file/rs2_data_reg[6]/Q
                         net (fo=1, routed)           0.119     0.297    decode/RD2D[6]
    SLICE_X73Y90         FDRE                                         r  decode/RD2E_reg[6]/D
  -------------------------------------------------------------------    -------------------

                         (clock sys_clk_pin rise edge)
                                                      0.000     0.000 r  <hidden>
    E3                                                0.000     0.000 r  CLK100MHZ
                         net (fo=0)                   0.000     0.000    CLK100MHZ
    E3                   IBUF (Prop_ibuf_I_O)         0.438     0.438 r  CLK100MHZ_IBUF_inst/O
                         net (fo=1, routed)           0.699     1.136    CLK100MHZ_IBUF
    BUFGCTRL_X0Y16       BUFG (Prop_bufg_I_O)         0.029     1.165 r  CLK100MHZ_IBUF_BUFG_inst/O
                         net (fo=2381, routed)        0.866     2.031    decode/CLK100MHZ_IBUF_BUFG
    SLICE_X73Y90         FDRE                                         r  decode/RD2E_reg[6]/C

Slack:                    inf
  Source:                 decode/register_file/rs1_data_reg[10]/G
                            (positive level-sensitive latch)
  Destination:            decode/RD1E_reg[10]/D
                            (rising edge-triggered cell FDRE clocked by sys_clk_pin  {rise@0.000ns fall@5.000ns period=50.000ns})
  Path Group:             (none)
  Path Type:              Hold (Min at Fast Process Corner)
  Data Path Delay:        0.315ns  (logic 0.158ns (50.204%)  route 0.157ns (49.796%))
  Logic Levels:           1  (LDCE=1)
  Clock Uncertainty:      0.025ns  ((TSJ^2 + TIJ^2)^1/2 + DJ) / 2 + PE
    Total System Jitter     (TSJ):    0.050ns
    Total Input Jitter      (TIJ):    0.000ns
    Discrete Jitter          (DJ):    0.000ns
    Phase Error              (PE):    0.000ns

    Location             Delay type                Incr(ns)  Path(ns)    Netlist Resource(s)
  -------------------------------------------------------------------    -------------------
    SLICE_X52Y96         LDCE                         0.000     0.000 r  decode/register_file/rs1_data_reg[10]/G
    SLICE_X52Y96         LDCE (EnToQ_ldce_G_Q)        0.158     0.158 r  decode/register_file/rs1_data_reg[10]/Q
                         net (fo=1, routed)           0.157     0.315    decode/RD1D[10]
    SLICE_X55Y96         FDRE                                         r  decode/RD1E_reg[10]/D
  -------------------------------------------------------------------    -------------------

                         (clock sys_clk_pin rise edge)
                                                      0.000     0.000 r  <hidden>
    E3                                                0.000     0.000 r  CLK100MHZ
                         net (fo=0)                   0.000     0.000    CLK100MHZ
    E3                   IBUF (Prop_ibuf_I_O)         0.438     0.438 r  CLK100MHZ_IBUF_inst/O
                         net (fo=1, routed)           0.699     1.136    CLK100MHZ_IBUF
    BUFGCTRL_X0Y16       BUFG (Prop_bufg_I_O)         0.029     1.165 r  CLK100MHZ_IBUF_BUFG_inst/O
                         net (fo=2381, routed)        0.834     1.999    decode/CLK100MHZ_IBUF_BUFG
    SLICE_X55Y96         FDRE                                         r  decode/RD1E_reg[10]/C

Slack:                    inf
  Source:                 decode/register_file/rs1_data_reg[13]/G
                            (positive level-sensitive latch)
  Destination:            decode/RD1E_reg[13]/D
                            (rising edge-triggered cell FDRE clocked by sys_clk_pin  {rise@0.000ns fall@5.000ns period=50.000ns})
  Path Group:             (none)
  Path Type:              Hold (Min at Fast Process Corner)
  Data Path Delay:        0.322ns  (logic 0.158ns (49.053%)  route 0.164ns (50.947%))
  Logic Levels:           1  (LDCE=1)
  Clock Uncertainty:      0.025ns  ((TSJ^2 + TIJ^2)^1/2 + DJ) / 2 + PE
    Total System Jitter     (TSJ):    0.050ns
    Total Input Jitter      (TIJ):    0.000ns
    Discrete Jitter          (DJ):    0.000ns
    Phase Error              (PE):    0.000ns

    Location             Delay type                Incr(ns)  Path(ns)    Netlist Resource(s)
  -------------------------------------------------------------------    -------------------
    SLICE_X52Y96         LDCE                         0.000     0.000 r  decode/register_file/rs1_data_reg[13]/G
    SLICE_X52Y96         LDCE (EnToQ_ldce_G_Q)        0.158     0.158 r  decode/register_file/rs1_data_reg[13]/Q
                         net (fo=1, routed)           0.164     0.322    decode/RD1D[13]
    SLICE_X54Y96         FDRE                                         r  decode/RD1E_reg[13]/D
  -------------------------------------------------------------------    -------------------

                         (clock sys_clk_pin rise edge)
                                                      0.000     0.000 r  <hidden>
    E3                                                0.000     0.000 r  CLK100MHZ
                         net (fo=0)                   0.000     0.000    CLK100MHZ
    E3                   IBUF (Prop_ibuf_I_O)         0.438     0.438 r  CLK100MHZ_IBUF_inst/O
                         net (fo=1, routed)           0.699     1.136    CLK100MHZ_IBUF
    BUFGCTRL_X0Y16       BUFG (Prop_bufg_I_O)         0.029     1.165 r  CLK100MHZ_IBUF_BUFG_inst/O
                         net (fo=2381, routed)        0.834     1.999    decode/CLK100MHZ_IBUF_BUFG
    SLICE_X54Y96         FDRE                                         r  decode/RD1E_reg[13]/C

Slack:                    inf
  Source:                 decode/register_file/rs1_data_reg[1]/G
                            (positive level-sensitive latch)
  Destination:            decode/RD1E_reg[1]/D
                            (rising edge-triggered cell FDRE clocked by sys_clk_pin  {rise@0.000ns fall@5.000ns period=50.000ns})
  Path Group:             (none)
  Path Type:              Hold (Min at Fast Process Corner)
  Data Path Delay:        0.326ns  (logic 0.158ns (48.532%)  route 0.168ns (51.468%))
  Logic Levels:           1  (LDCE=1)
  Clock Uncertainty:      0.025ns  ((TSJ^2 + TIJ^2)^1/2 + DJ) / 2 + PE
    Total System Jitter     (TSJ):    0.050ns
    Total Input Jitter      (TIJ):    0.000ns
    Discrete Jitter          (DJ):    0.000ns
    Phase Error              (PE):    0.000ns

    Location             Delay type                Incr(ns)  Path(ns)    Netlist Resource(s)
  -------------------------------------------------------------------    -------------------
    SLICE_X77Y86         LDCE                         0.000     0.000 r  decode/register_file/rs1_data_reg[1]/G
    SLICE_X77Y86         LDCE (EnToQ_ldce_G_Q)        0.158     0.158 r  decode/register_file/rs1_data_reg[1]/Q
                         net (fo=1, routed)           0.168     0.326    decode/RD1D[1]
    SLICE_X72Y87         FDRE                                         r  decode/RD1E_reg[1]/D
  -------------------------------------------------------------------    -------------------

                         (clock sys_clk_pin rise edge)
                                                      0.000     0.000 r  <hidden>
    E3                                                0.000     0.000 r  CLK100MHZ
                         net (fo=0)                   0.000     0.000    CLK100MHZ
    E3                   IBUF (Prop_ibuf_I_O)         0.438     0.438 r  CLK100MHZ_IBUF_inst/O
                         net (fo=1, routed)           0.699     1.136    CLK100MHZ_IBUF
    BUFGCTRL_X0Y16       BUFG (Prop_bufg_I_O)         0.029     1.165 r  CLK100MHZ_IBUF_BUFG_inst/O
                         net (fo=2381, routed)        0.863     2.028    decode/CLK100MHZ_IBUF_BUFG
    SLICE_X72Y87         FDRE                                         r  decode/RD1E_reg[1]/C

Slack:                    inf
  Source:                 decode/register_file/rs2_data_reg[29]/G
                            (positive level-sensitive latch)
  Destination:            decode/RD2E_reg[29]/D
                            (rising edge-triggered cell FDRE clocked by sys_clk_pin  {rise@0.000ns fall@5.000ns period=50.000ns})
  Path Group:             (none)
  Path Type:              Hold (Min at Fast Process Corner)
  Data Path Delay:        0.333ns  (logic 0.158ns (47.422%)  route 0.175ns (52.578%))
  Logic Levels:           1  (LDCE=1)
  Clock Uncertainty:      0.025ns  ((TSJ^2 + TIJ^2)^1/2 + DJ) / 2 + PE
    Total System Jitter     (TSJ):    0.050ns
    Total Input Jitter      (TIJ):    0.000ns
    Discrete Jitter          (DJ):    0.000ns
    Phase Error              (PE):    0.000ns

    Location             Delay type                Incr(ns)  Path(ns)    Netlist Resource(s)
  -------------------------------------------------------------------    -------------------
    SLICE_X68Y98         LDCE                         0.000     0.000 r  decode/register_file/rs2_data_reg[29]/G
    SLICE_X68Y98         LDCE (EnToQ_ldce_G_Q)        0.158     0.158 r  decode/register_file/rs2_data_reg[29]/Q
                         net (fo=1, routed)           0.175     0.333    decode/RD2D[29]
    SLICE_X66Y98         FDRE                                         r  decode/RD2E_reg[29]/D
  -------------------------------------------------------------------    -------------------

                         (clock sys_clk_pin rise edge)
                                                      0.000     0.000 r  <hidden>
    E3                                                0.000     0.000 r  CLK100MHZ
                         net (fo=0)                   0.000     0.000    CLK100MHZ
    E3                   IBUF (Prop_ibuf_I_O)         0.438     0.438 r  CLK100MHZ_IBUF_inst/O
                         net (fo=1, routed)           0.699     1.136    CLK100MHZ_IBUF
    BUFGCTRL_X0Y16       BUFG (Prop_bufg_I_O)         0.029     1.165 r  CLK100MHZ_IBUF_BUFG_inst/O
                         net (fo=2381, routed)        0.841     2.006    decode/CLK100MHZ_IBUF_BUFG
    SLICE_X66Y98         FDRE                                         r  decode/RD2E_reg[29]/C





