Copyright 1986-2022 Xilinx, Inc. All Rights Reserved. Copyright 2022-2026 Advanced Micro Devices, Inc. All Rights Reserved.
------------------------------------------------------------------------------------------------------------------------------------------------------------------------------------------------------------------------------------------------------------------
| Tool Version : Vivado v.2026.1 (win64) Build 6511674 Tue Jun 16 11:02:23 MDT 2026
| Date         : Sat Aug 22 11:51:52 2026
| Host         : LAPTOP-64BO2FPL running 64-bit major release  (build 9200)
| Command      : report_timing_summary -max_paths 10 -routable_nets -report_unconstrained -file top_unit_pipelined_timing_summary_routed.rpt -pb top_unit_pipelined_timing_summary_routed.pb -rpx top_unit_pipelined_timing_summary_routed.rpx -warn_on_violation
| Design       : top_unit_pipelined
| Device       : 7a100t-csg324
| Speed File   : -1  PRODUCTION 1.23 2018-06-13
| Design State : Routed
------------------------------------------------------------------------------------------------------------------------------------------------------------------------------------------------------------------------------------------------------------------

Timing Summary Report

------------------------------------------------------------------------------------------------
| Timer Settings
| --------------
------------------------------------------------------------------------------------------------

  Enable Multi Corner Analysis               :  Yes
  Enable Pessimism Removal                   :  Yes
  Pessimism Removal Resolution               :  Nearest Common Node
  Enable Input Delay Default Clock           :  No
  Enable Preset / Clear Arcs                 :  No
  Disable Flight Delays                      :  No
  Ignore I/O Paths                           :  No
  Timing Early Launch at Borrowing Latches   :  No
  Borrow Time for Max Delay Exceptions       :  Yes
  Merge Timing Exceptions                    :  Yes
  Inter-SLR Compensation                     :  Conservative

  Corner  Analyze    Analyze    
  Name    Max Paths  Min Paths  
  ------  ---------  ---------  
  Slow    Yes        Yes        
  Fast    Yes        Yes        


------------------------------------------------------------------------------------------------
| Report Methodology
| ------------------
------------------------------------------------------------------------------------------------

Rule       Severity  Description                                                Violations  
---------  --------  ---------------------------------------------------------  ----------  
SYNTH-5    Warning   Mapped onto distributed RAM because of timing constraints  128         
TIMING-18  Warning   Missing input or output delay                              26          

Note: This report is based on the most recent report_methodology run and may not be up-to-date. Run report_methodology on the current design for the latest report.



check_timing report

Table of Contents
-----------------
1. checking no_clock (0)
2. checking constant_clock (0)
3. checking pulse_width_clock (0)
4. checking unconstrained_internal_endpoints (0)
5. checking no_input_delay (2)
6. checking no_output_delay (24)
7. checking multiple_clock (0)
8. checking generated_clocks (0)
9. checking loops (0)
10. checking partial_input_delay (0)
11. checking partial_output_delay (0)
12. checking latch_loops (0)

1. checking no_clock (0)
------------------------
 There are 0 register/latch pins with no clock.


2. checking constant_clock (0)
------------------------------
 There are 0 register/latch pins with constant_clock.


3. checking pulse_width_clock (0)
---------------------------------
 There are 0 register/latch pins which need pulse_width check


4. checking unconstrained_internal_endpoints (0)
------------------------------------------------
 There are 0 pins that are not constrained for maximum delay.

 There are 0 pins that are not constrained for maximum delay due to constant clock.


5. checking no_input_delay (2)
------------------------------
 There are 2 input ports with no input delay specified. (HIGH)

 There are 0 input ports with no input delay but user has a false path constraint.


6. checking no_output_delay (24)
--------------------------------
 There are 24 ports with no output delay specified. (HIGH)

 There are 0 ports with no output delay but user has a false path constraint

 There are 0 ports with no output delay but with a timing clock defined on it or propagating through it


7. checking multiple_clock (0)
------------------------------
 There are 0 register/latch pins with multiple clocks.


8. checking generated_clocks (0)
--------------------------------
 There are 0 generated clocks that are not connected to a clock source.


9. checking loops (0)
---------------------
 There are 0 combinational loops in the design.


10. checking partial_input_delay (0)
------------------------------------
 There are 0 input ports with partial input delay specified.


11. checking partial_output_delay (0)
-------------------------------------
 There are 0 ports with partial output delay specified.


12. checking latch_loops (0)
----------------------------
 There are 0 combinational latch loops in the design through latch input



------------------------------------------------------------------------------------------------
| Design Timing Summary
| ---------------------
------------------------------------------------------------------------------------------------

    WNS(ns)      TNS(ns)  TNS Failing Endpoints  TNS Total Endpoints      WHS(ns)      THS(ns)  THS Failing Endpoints  THS Total Endpoints     WPWS(ns)     TPWS(ns)  TPWS Failing Endpoints  TPWS Total Endpoints  
    -------      -------  ---------------------  -------------------      -------      -------  ---------------------  -------------------     --------     --------  ----------------------  --------------------  
      6.903        0.000                      0                 7774        0.029        0.000                      0                 7774        3.750        0.000                       0                  1686  


All user specified timing constraints are met.


------------------------------------------------------------------------------------------------
| Clock Summary
| -------------
------------------------------------------------------------------------------------------------

Clock        Waveform(ns)       Period(ns)      Frequency(MHz)
-----        ------------       ----------      --------------
sys_clk_pin  {0.000 5.000}      50.000          20.000          


------------------------------------------------------------------------------------------------
| Intra Clock Table
| -----------------
------------------------------------------------------------------------------------------------

Clock             WNS(ns)      TNS(ns)  TNS Failing Endpoints  TNS Total Endpoints      WHS(ns)      THS(ns)  THS Failing Endpoints  THS Total Endpoints     WPWS(ns)     TPWS(ns)  TPWS Failing Endpoints  TPWS Total Endpoints  
-----             -------      -------  ---------------------  -------------------      -------      -------  ---------------------  -------------------     --------     --------  ----------------------  --------------------  
sys_clk_pin         6.903        0.000                      0                 7774        0.029        0.000                      0                 7774        3.750        0.000                       0                  1686  


------------------------------------------------------------------------------------------------
| Inter Clock Table
| -----------------
------------------------------------------------------------------------------------------------

From Clock    To Clock          WNS(ns)      TNS(ns)  TNS Failing Endpoints  TNS Total Endpoints      WHS(ns)      THS(ns)  THS Failing Endpoints  THS Total Endpoints  
----------    --------          -------      -------  ---------------------  -------------------      -------      -------  ---------------------  -------------------  


------------------------------------------------------------------------------------------------
| Other Path Groups Table
| -----------------------
------------------------------------------------------------------------------------------------

Path Group    From Clock    To Clock          WNS(ns)      TNS(ns)  TNS Failing Endpoints  TNS Total Endpoints      WHS(ns)      THS(ns)  THS Failing Endpoints  THS Total Endpoints  
----------    ----------    --------          -------      -------  ---------------------  -------------------      -------      -------  ---------------------  -------------------  


------------------------------------------------------------------------------------------------
| User Ignored Path Table
| -----------------------
------------------------------------------------------------------------------------------------

Path Group    From Clock    To Clock    
----------    ----------    --------    


------------------------------------------------------------------------------------------------
| Unconstrained Path Table
| ------------------------
------------------------------------------------------------------------------------------------

Path Group    From Clock    To Clock    
----------    ----------    --------    
(none)        sys_clk_pin                 
(none)                      sys_clk_pin   


------------------------------------------------------------------------------------------------
| Timing Details
| --------------
------------------------------------------------------------------------------------------------


---------------------------------------------------------------------------------------------------
From Clock:  sys_clk_pin
  To Clock:  sys_clk_pin

Setup :            0  Failing Endpoints,  Worst Slack        6.903ns,  Total Violation        0.000ns
Hold  :            0  Failing Endpoints,  Worst Slack        0.029ns,  Total Violation        0.000ns
PW    :            0  Failing Endpoints,  Worst Slack        3.750ns,  Total Violation        0.000ns
---------------------------------------------------------------------------------------------------


Max Delay Paths
--------------------------------------------------------------------------------------
Slack (MET) :             6.903ns  (required time - arrival time)
  Source:                 tokenizer/token2_reg[92]/C
                            (rising edge-triggered cell FDRE clocked by sys_clk_pin  {rise@0.000ns fall@5.000ns period=50.000ns})
  Destination:            operand_interpreter/imm_reg[31]/D
                            (rising edge-triggered cell FDRE clocked by sys_clk_pin  {rise@0.000ns fall@5.000ns period=50.000ns})
  Path Group:             sys_clk_pin
  Path Type:              Setup (Max at Slow Process Corner)
  Requirement:            50.000ns  (sys_clk_pin rise@50.000ns - sys_clk_pin rise@0.000ns)
  Data Path Delay:        42.975ns  (logic 20.243ns (47.104%)  route 22.732ns (52.896%))
  Logic Levels:           64  (CARRY4=29 LUT2=13 LUT3=2 LUT4=5 LUT5=6 LUT6=9)
  Clock Path Skew:        -0.117ns (DCD - SCD + CPR)
    Destination Clock Delay (DCD):    4.924ns = ( 54.924 - 50.000 ) 
    Source Clock Delay      (SCD):    5.228ns
    Clock Pessimism Removal (CPR):    0.187ns
  Clock Uncertainty:      0.035ns  ((TSJ^2 + TIJ^2)^1/2 + DJ) / 2 + PE
    Total System Jitter     (TSJ):    0.071ns
    Total Input Jitter      (TIJ):    0.000ns
    Discrete Jitter          (DJ):    0.000ns
    Phase Error              (PE):    0.000ns

    Location             Delay type                Incr(ns)  Path(ns)    Netlist Resource(s)
  -------------------------------------------------------------------    -------------------
                         (clock sys_clk_pin rise edge)
                                                      0.000     0.000 r  <hidden>
    E3                                                0.000     0.000 r  CLK100MHZ
                         net (fo=0)                   0.000     0.000    CLK100MHZ
    E3                   IBUF (Prop_ibuf_I_O)         1.482     1.482 r  CLK100MHZ_IBUF_inst/O
                         net (fo=1, routed)           2.025     3.506    CLK100MHZ_IBUF
    BUFGCTRL_X0Y16       BUFG (Prop_bufg_I_O)         0.096     3.602 r  CLK100MHZ_IBUF_BUFG_inst/O
                         net (fo=1685, routed)        1.625     5.228    tokenizer/clk
    SLICE_X54Y56         FDRE                                         r  tokenizer/token2_reg[92]/C
  -------------------------------------------------------------------    -------------------
    SLICE_X54Y56         FDRE (Prop_fdre_C_Q)         0.518     5.746 r  tokenizer/token2_reg[92]/Q
                         net (fo=25, routed)          1.128     6.874    tokenizer/token2[92]
    SLICE_X58Y59         LUT2 (Prop_lut2_I0_O)        0.124     6.998 r  tokenizer/imm[31]_i_31/O
                         net (fo=2, routed)           0.663     7.660    tokenizer/imm[31]_i_31_n_0
    SLICE_X57Y57         LUT6 (Prop_lut6_I1_O)        0.124     7.784 r  tokenizer/imm[17]_i_81/O
                         net (fo=33, routed)          0.657     8.441    tokenizer/imm[17]_i_81_n_0
    SLICE_X56Y59         LUT3 (Prop_lut3_I0_O)        0.124     8.565 r  tokenizer/imm[16]_i_128/O
                         net (fo=1, routed)           0.000     8.565    tokenizer/imm[16]_i_128_n_0
    SLICE_X56Y59         CARRY4 (Prop_carry4_S[1]_O[2])
                                                      0.578     9.143 r  tokenizer/imm_reg[16]_i_99/O[2]
                         net (fo=2, routed)           0.466     9.609    tokenizer/imm_reg[16]_i_99_n_5
    SLICE_X57Y58         LUT2 (Prop_lut2_I1_O)        0.301     9.910 r  tokenizer/imm[16]_i_100/O
                         net (fo=1, routed)           0.000     9.910    tokenizer/imm[16]_i_100_n_0
    SLICE_X57Y58         CARRY4 (Prop_carry4_S[3]_CO[3])
                                                      0.401    10.311 r  tokenizer/imm_reg[16]_i_74/CO[3]
                         net (fo=1, routed)           0.000    10.311    tokenizer/imm_reg[16]_i_74_n_0
    SLICE_X57Y59         CARRY4 (Prop_carry4_CI_O[0])
                                                      0.222    10.533 r  tokenizer/imm_reg[17]_i_80/O[0]
                         net (fo=3, routed)           0.839    11.372    tokenizer/imm_reg[17]_i_80_n_7
    SLICE_X58Y59         LUT5 (Prop_lut5_I4_O)        0.325    11.697 r  tokenizer/imm[28]_i_341/O
                         net (fo=2, routed)           0.627    12.324    tokenizer/imm[28]_i_341_n_0
    SLICE_X54Y59         LUT5 (Prop_lut5_I0_O)        0.348    12.672 r  tokenizer/imm[28]_i_345/O
                         net (fo=1, routed)           0.000    12.672    tokenizer/imm[28]_i_345_n_0
    SLICE_X54Y59         CARRY4 (Prop_carry4_S[0]_O[0])
                                                      0.252    12.924 r  tokenizer/imm_reg[28]_i_264/O[0]
                         net (fo=4, routed)           0.637    13.561    tokenizer/imm_reg[28]_i_264_n_7
    SLICE_X55Y59         LUT4 (Prop_lut4_I0_O)        0.295    13.856 r  tokenizer/imm[19]_i_67/O
                         net (fo=1, routed)           0.000    13.856    tokenizer/imm[19]_i_67_n_0
    SLICE_X55Y59         CARRY4 (Prop_carry4_S[1]_O[2])
                                                      0.580    14.436 r  tokenizer/imm_reg[19]_i_60/O[2]
                         net (fo=4, routed)           0.847    15.283    tokenizer/imm_reg[19]_i_60_n_5
    SLICE_X56Y58         LUT5 (Prop_lut5_I4_O)        0.328    15.611 r  tokenizer/imm[24]_i_259/O
                         net (fo=1, routed)           0.549    16.160    tokenizer/imm[24]_i_259_n_0
    SLICE_X59Y61         CARRY4 (Prop_carry4_DI[2]_CO[3])
                                                      0.602    16.762 r  tokenizer/imm_reg[24]_i_212/CO[3]
                         net (fo=1, routed)           0.000    16.762    tokenizer/imm_reg[24]_i_212_n_0
    SLICE_X59Y62         CARRY4 (Prop_carry4_CI_O[0])
                                                      0.222    16.984 r  tokenizer/imm_reg[28]_i_298/O[0]
                         net (fo=3, routed)           0.454    17.438    tokenizer/imm_reg[28]_i_298_n_7
    SLICE_X58Y62         LUT2 (Prop_lut2_I1_O)        0.299    17.737 r  tokenizer/imm[24]_i_215/O
                         net (fo=1, routed)           0.000    17.737    tokenizer/imm[24]_i_215_n_0
    SLICE_X58Y62         CARRY4 (Prop_carry4_S[1]_O[2])
                                                      0.578    18.315 r  tokenizer/imm_reg[24]_i_171/O[2]
                         net (fo=4, routed)           1.104    19.419    tokenizer/imm_reg[24]_i_171_n_5
    SLICE_X62Y64         LUT5 (Prop_lut5_I1_O)        0.301    19.720 r  tokenizer/imm[31]_i_339/O
                         net (fo=1, routed)           0.000    19.720    tokenizer/imm[31]_i_339_n_0
    SLICE_X62Y64         CARRY4 (Prop_carry4_S[2]_O[2])
                                                      0.250    19.970 r  tokenizer/imm_reg[31]_i_207/O[2]
                         net (fo=3, routed)           0.467    20.437    tokenizer/imm_reg[31]_i_207_n_5
    SLICE_X63Y63         LUT2 (Prop_lut2_I1_O)        0.301    20.738 r  tokenizer/imm[24]_i_208/O
                         net (fo=1, routed)           0.000    20.738    tokenizer/imm[24]_i_208_n_0
    SLICE_X63Y63         CARRY4 (Prop_carry4_S[3]_O[3])
                                                      0.248    20.986 r  tokenizer/imm_reg[24]_i_170/O[3]
                         net (fo=1, routed)           0.461    21.447    tokenizer/imm_reg[24]_i_170_n_4
    SLICE_X65Y66         LUT5 (Prop_lut5_I0_O)        0.306    21.753 r  tokenizer/imm[24]_i_83/O
                         net (fo=8, routed)           0.842    22.594    tokenizer/imm[24]_i_83_n_0
    SLICE_X66Y69         LUT2 (Prop_lut2_I0_O)        0.124    22.718 r  tokenizer/imm[28]_i_294/O
                         net (fo=1, routed)           0.000    22.718    tokenizer/imm[28]_i_294_n_0
    SLICE_X66Y69         CARRY4 (Prop_carry4_S[3]_CO[3])
                                                      0.376    23.094 r  tokenizer/imm_reg[28]_i_170/CO[3]
                         net (fo=1, routed)           0.000    23.094    tokenizer/imm_reg[28]_i_170_n_0
    SLICE_X66Y70         CARRY4 (Prop_carry4_CI_O[0])
                                                      0.219    23.313 r  tokenizer/imm_reg[28]_i_169/O[0]
                         net (fo=3, routed)           0.461    23.774    tokenizer/imm_reg[28]_i_169_n_7
    SLICE_X64Y69         LUT2 (Prop_lut2_I1_O)        0.295    24.069 r  tokenizer/imm[28]_i_173/O
                         net (fo=1, routed)           0.000    24.069    tokenizer/imm[28]_i_173_n_0
    SLICE_X64Y69         CARRY4 (Prop_carry4_S[1]_O[2])
                                                      0.580    24.649 r  tokenizer/imm_reg[28]_i_98/O[2]
                         net (fo=1, routed)           0.587    25.236    tokenizer/imm_reg[28]_i_98_n_5
    SLICE_X65Y66         LUT6 (Prop_lut6_I3_O)        0.302    25.538 r  tokenizer/imm[27]_i_70/O
                         net (fo=8, routed)           0.722    26.261    tokenizer/imm[28]_i_237_n_0
    SLICE_X65Y71         LUT6 (Prop_lut6_I0_O)        0.124    26.385 r  tokenizer/imm[28]_i_240/O
                         net (fo=1, routed)           0.000    26.385    tokenizer/imm[28]_i_240_n_0
    SLICE_X65Y71         CARRY4 (Prop_carry4_S[2]_O[2])
                                                      0.248    26.633 r  tokenizer/imm_reg[28]_i_146/O[2]
                         net (fo=3, routed)           0.478    27.110    tokenizer/imm_reg[28]_i_146_n_5
    SLICE_X63Y73         LUT2 (Prop_lut2_I1_O)        0.302    27.412 r  tokenizer/imm[28]_i_148/O
                         net (fo=1, routed)           0.000    27.412    tokenizer/imm[28]_i_148_n_0
    SLICE_X63Y73         CARRY4 (Prop_carry4_S[3]_CO[3])
                                                      0.401    27.813 r  tokenizer/imm_reg[28]_i_94/CO[3]
                         net (fo=1, routed)           0.000    27.813    tokenizer/imm_reg[28]_i_94_n_0
    SLICE_X63Y74         CARRY4 (Prop_carry4_CI_O[0])
                                                      0.222    28.035 r  tokenizer/imm_reg[24]_i_55/O[0]
                         net (fo=4, routed)           0.811    28.846    tokenizer/imm_reg[24]_i_55_n_7
    SLICE_X62Y73         LUT3 (Prop_lut3_I2_O)        0.325    29.171 r  tokenizer/imm[24]_i_201/O
                         net (fo=2, routed)           0.401    29.572    tokenizer/imm[24]_i_201_n_0
    SLICE_X61Y73         LUT4 (Prop_lut4_I3_O)        0.328    29.900 r  tokenizer/imm[24]_i_150/O
                         net (fo=1, routed)           0.000    29.900    tokenizer/imm[24]_i_150_n_0
    SLICE_X61Y73         CARRY4 (Prop_carry4_S[0]_O[0])
                                                      0.247    30.147 r  tokenizer/imm_reg[24]_i_61/O[0]
                         net (fo=3, routed)           0.454    30.601    tokenizer/imm_reg[24]_i_61_n_7
    SLICE_X60Y73         LUT2 (Prop_lut2_I1_O)        0.299    30.900 r  tokenizer/imm[20]_i_40/O
                         net (fo=1, routed)           0.000    30.900    tokenizer/imm[20]_i_40_n_0
    SLICE_X60Y73         CARRY4 (Prop_carry4_S[1]_O[1])
                                                      0.230    31.130 r  tokenizer/imm_reg[20]_i_24/O[1]
                         net (fo=1, routed)           0.674    31.804    tokenizer/imm_reg[20]_i_24_n_6
    SLICE_X67Y72         LUT6 (Prop_lut6_I0_O)        0.306    32.110 f  tokenizer/imm[30]_i_139/O
                         net (fo=1, routed)           0.149    32.259    tokenizer/imm[30]_i_139_n_0
    SLICE_X67Y72         LUT6 (Prop_lut6_I0_O)        0.124    32.383 r  tokenizer/imm[30]_i_59/O
                         net (fo=7, routed)           0.768    33.151    tokenizer/imm[30]_i_214_n_0
    SLICE_X59Y75         LUT2 (Prop_lut2_I0_O)        0.124    33.275 r  tokenizer/imm[30]_i_218/O
                         net (fo=1, routed)           0.000    33.275    tokenizer/imm[30]_i_218_n_0
    SLICE_X59Y75         CARRY4 (Prop_carry4_S[1]_O[2])
                                                      0.580    33.855 r  tokenizer/imm_reg[30]_i_127/O[2]
                         net (fo=3, routed)           0.520    34.375    tokenizer/imm_reg[30]_i_127_n_5
    SLICE_X58Y75         LUT2 (Prop_lut2_I1_O)        0.302    34.677 r  tokenizer/imm[30]_i_129/O
                         net (fo=1, routed)           0.000    34.677    tokenizer/imm[30]_i_129_n_0
    SLICE_X58Y75         CARRY4 (Prop_carry4_S[3]_O[3])
                                                      0.255    34.932 r  tokenizer/imm_reg[30]_i_57/O[3]
                         net (fo=2, routed)           0.648    35.580    tokenizer/imm_reg[30]_i_57_n_4
    SLICE_X58Y79         LUT5 (Prop_lut5_I0_O)        0.307    35.887 r  tokenizer/imm[31]_i_184/O
                         net (fo=8, routed)           1.020    36.907    tokenizer/imm[31]_i_184_n_0
    SLICE_X57Y71         LUT4 (Prop_lut4_I3_O)        0.124    37.031 r  tokenizer/imm[30]_i_230/O
                         net (fo=1, routed)           0.000    37.031    tokenizer/imm[30]_i_230_n_0
    SLICE_X57Y71         CARRY4 (Prop_carry4_S[3]_CO[3])
                                                      0.401    37.432 r  tokenizer/imm_reg[30]_i_133/CO[3]
                         net (fo=1, routed)           0.000    37.432    tokenizer/imm_reg[30]_i_133_n_0
    SLICE_X57Y72         CARRY4 (Prop_carry4_CI_O[0])
                                                      0.222    37.654 r  tokenizer/imm_reg[28]_i_30/O[0]
                         net (fo=3, routed)           0.454    38.108    tokenizer/imm_reg[28]_i_30_n_7
    SLICE_X56Y72         LUT2 (Prop_lut2_I1_O)        0.299    38.407 r  tokenizer/imm[28]_i_62/O
                         net (fo=1, routed)           0.000    38.407    tokenizer/imm[28]_i_62_n_0
    SLICE_X56Y72         CARRY4 (Prop_carry4_S[1]_O[3])
                                                      0.643    39.050 r  tokenizer/imm_reg[28]_i_29/O[3]
                         net (fo=3, routed)           0.853    39.903    tokenizer/imm_reg[28]_i_29_n_4
    SLICE_X58Y79         LUT6 (Prop_lut6_I1_O)        0.307    40.210 r  tokenizer/imm[28]_i_72/O
                         net (fo=5, routed)           0.661    40.871    tokenizer/imm[28]_i_72_n_0
    SLICE_X56Y80         CARRY4 (Prop_carry4_DI[3]_CO[3])
                                                      0.396    41.267 r  tokenizer/imm_reg[28]_i_35/CO[3]
                         net (fo=1, routed)           0.000    41.267    tokenizer/imm_reg[28]_i_35_n_0
    SLICE_X56Y81         CARRY4 (Prop_carry4_CI_O[0])
                                                      0.219    41.486 r  tokenizer/imm_reg[31]_i_45/O[0]
                         net (fo=3, routed)           0.338    41.824    tokenizer/imm_reg[31]_i_45_n_7
    SLICE_X55Y80         LUT2 (Prop_lut2_I1_O)        0.295    42.119 r  tokenizer/imm[28]_i_38/O
                         net (fo=1, routed)           0.000    42.119    tokenizer/imm[28]_i_38_n_0
    SLICE_X55Y80         CARRY4 (Prop_carry4_S[1]_O[3])
                                                      0.640    42.759 f  tokenizer/imm_reg[28]_i_12/O[3]
                         net (fo=3, routed)           0.742    43.501    tokenizer/imm_reg[28]_i_12_n_4
    SLICE_X58Y81         LUT4 (Prop_lut4_I3_O)        0.306    43.807 r  tokenizer/imm[31]_i_250/O
                         net (fo=1, routed)           0.290    44.097    tokenizer/imm[31]_i_250_n_0
    SLICE_X59Y80         LUT6 (Prop_lut6_I0_O)        0.124    44.221 r  tokenizer/imm[31]_i_164/O
                         net (fo=2, routed)           0.495    44.716    tokenizer/imm[31]_i_164_n_0
    SLICE_X54Y80         LUT4 (Prop_lut4_I0_O)        0.124    44.840 r  tokenizer/imm[31]_i_96/O
                         net (fo=1, routed)           0.000    44.840    tokenizer/imm[31]_i_96_n_0
    SLICE_X54Y80         CARRY4 (Prop_carry4_S[3]_CO[3])
                                                      0.376    45.216 r  tokenizer/imm_reg[31]_i_49/CO[3]
                         net (fo=1, routed)           0.000    45.216    tokenizer/imm_reg[31]_i_49_n_0
    SLICE_X54Y81         CARRY4 (Prop_carry4_CI_O[0])
                                                      0.219    45.435 r  tokenizer/imm_reg[31]_i_100/O[0]
                         net (fo=2, routed)           0.470    45.905    tokenizer/imm_reg[31]_i_100_n_7
    SLICE_X53Y81         LUT2 (Prop_lut2_I1_O)        0.295    46.200 r  tokenizer/imm[31]_i_51/O
                         net (fo=1, routed)           0.000    46.200    tokenizer/imm[31]_i_51_n_0
    SLICE_X53Y81         CARRY4 (Prop_carry4_S[1]_O[2])
                                                      0.580    46.780 r  tokenizer/imm_reg[31]_i_18/O[2]
                         net (fo=1, routed)           0.354    47.134    tokenizer/imm_reg[31]_i_18_n_5
    SLICE_X52Y81         LUT6 (Prop_lut6_I4_O)        0.302    47.436 r  tokenizer/imm[31]_i_7/O
                         net (fo=1, routed)           0.643    48.079    tokenizer/imm[31]_i_7_n_0
    SLICE_X48Y78         LUT6 (Prop_lut6_I4_O)        0.124    48.203 r  tokenizer/imm[31]_i_2/O
                         net (fo=1, routed)           0.000    48.203    operand_interpreter/imm_reg[31]_2[31]
    SLICE_X48Y78         FDRE                                         r  operand_interpreter/imm_reg[31]/D
  -------------------------------------------------------------------    -------------------

                         (clock sys_clk_pin rise edge)
                                                     50.000    50.000 r  <hidden>
    E3                                                0.000    50.000 r  CLK100MHZ
                         net (fo=0)                   0.000    50.000    CLK100MHZ
    E3                   IBUF (Prop_ibuf_I_O)         1.411    51.411 r  CLK100MHZ_IBUF_inst/O
                         net (fo=1, routed)           1.920    53.331    CLK100MHZ_IBUF
    BUFGCTRL_X0Y16       BUFG (Prop_bufg_I_O)         0.091    53.422 r  CLK100MHZ_IBUF_BUFG_inst/O
                         net (fo=1685, routed)        1.501    54.924    operand_interpreter/CLK100MHZ_IBUF_BUFG
    SLICE_X48Y78         FDRE                                         r  operand_interpreter/imm_reg[31]/C
                         clock pessimism              0.187    55.111    <hidden>
                         clock uncertainty           -0.035    55.075    <hidden>
    SLICE_X48Y78         FDRE (Setup_fdre_C_D)        0.031    55.106    operand_interpreter/imm_reg[31]
  -------------------------------------------------------------------
                         required time                         55.106    <hidden>
                         arrival time                         -48.203    <hidden>
  -------------------------------------------------------------------
                         slack                                  6.903    <hidden>

Slack (MET) :             7.036ns  (required time - arrival time)
  Source:                 tokenizer/token2_reg[92]/C
                            (rising edge-triggered cell FDRE clocked by sys_clk_pin  {rise@0.000ns fall@5.000ns period=50.000ns})
  Destination:            operand_interpreter/imm_reg[29]/D
                            (rising edge-triggered cell FDRE clocked by sys_clk_pin  {rise@0.000ns fall@5.000ns period=50.000ns})
  Path Group:             sys_clk_pin
  Path Type:              Setup (Max at Slow Process Corner)
  Requirement:            50.000ns  (sys_clk_pin rise@50.000ns - sys_clk_pin rise@0.000ns)
  Data Path Delay:        42.842ns  (logic 19.812ns (46.244%)  route 23.030ns (53.756%))
  Logic Levels:           63  (CARRY4=28 LUT2=13 LUT3=3 LUT4=5 LUT5=6 LUT6=8)
  Clock Path Skew:        -0.118ns (DCD - SCD + CPR)
    Destination Clock Delay (DCD):    4.923ns = ( 54.923 - 50.000 ) 
    Source Clock Delay      (SCD):    5.228ns
    Clock Pessimism Removal (CPR):    0.187ns
  Clock Uncertainty:      0.035ns  ((TSJ^2 + TIJ^2)^1/2 + DJ) / 2 + PE
    Total System Jitter     (TSJ):    0.071ns
    Total Input Jitter      (TIJ):    0.000ns
    Discrete Jitter          (DJ):    0.000ns
    Phase Error              (PE):    0.000ns

    Location             Delay type                Incr(ns)  Path(ns)    Netlist Resource(s)
  -------------------------------------------------------------------    -------------------
                         (clock sys_clk_pin rise edge)
                                                      0.000     0.000 r  <hidden>
    E3                                                0.000     0.000 r  CLK100MHZ
                         net (fo=0)                   0.000     0.000    CLK100MHZ
    E3                   IBUF (Prop_ibuf_I_O)         1.482     1.482 r  CLK100MHZ_IBUF_inst/O
                         net (fo=1, routed)           2.025     3.506    CLK100MHZ_IBUF
    BUFGCTRL_X0Y16       BUFG (Prop_bufg_I_O)         0.096     3.602 r  CLK100MHZ_IBUF_BUFG_inst/O
                         net (fo=1685, routed)        1.625     5.228    tokenizer/clk
    SLICE_X54Y56         FDRE                                         r  tokenizer/token2_reg[92]/C
  -------------------------------------------------------------------    -------------------
    SLICE_X54Y56         FDRE (Prop_fdre_C_Q)         0.518     5.746 r  tokenizer/token2_reg[92]/Q
                         net (fo=25, routed)          1.128     6.874    tokenizer/token2[92]
    SLICE_X58Y59         LUT2 (Prop_lut2_I0_O)        0.124     6.998 r  tokenizer/imm[31]_i_31/O
                         net (fo=2, routed)           0.663     7.660    tokenizer/imm[31]_i_31_n_0
    SLICE_X57Y57         LUT6 (Prop_lut6_I1_O)        0.124     7.784 r  tokenizer/imm[17]_i_81/O
                         net (fo=33, routed)          0.657     8.441    tokenizer/imm[17]_i_81_n_0
    SLICE_X56Y59         LUT3 (Prop_lut3_I0_O)        0.124     8.565 r  tokenizer/imm[16]_i_128/O
                         net (fo=1, routed)           0.000     8.565    tokenizer/imm[16]_i_128_n_0
    SLICE_X56Y59         CARRY4 (Prop_carry4_S[1]_O[2])
                                                      0.578     9.143 r  tokenizer/imm_reg[16]_i_99/O[2]
                         net (fo=2, routed)           0.466     9.609    tokenizer/imm_reg[16]_i_99_n_5
    SLICE_X57Y58         LUT2 (Prop_lut2_I1_O)        0.301     9.910 r  tokenizer/imm[16]_i_100/O
                         net (fo=1, routed)           0.000     9.910    tokenizer/imm[16]_i_100_n_0
    SLICE_X57Y58         CARRY4 (Prop_carry4_S[3]_CO[3])
                                                      0.401    10.311 r  tokenizer/imm_reg[16]_i_74/CO[3]
                         net (fo=1, routed)           0.000    10.311    tokenizer/imm_reg[16]_i_74_n_0
    SLICE_X57Y59         CARRY4 (Prop_carry4_CI_O[0])
                                                      0.222    10.533 r  tokenizer/imm_reg[17]_i_80/O[0]
                         net (fo=3, routed)           0.839    11.372    tokenizer/imm_reg[17]_i_80_n_7
    SLICE_X58Y59         LUT5 (Prop_lut5_I4_O)        0.325    11.697 r  tokenizer/imm[28]_i_341/O
                         net (fo=2, routed)           0.627    12.324    tokenizer/imm[28]_i_341_n_0
    SLICE_X54Y59         LUT5 (Prop_lut5_I0_O)        0.348    12.672 r  tokenizer/imm[28]_i_345/O
                         net (fo=1, routed)           0.000    12.672    tokenizer/imm[28]_i_345_n_0
    SLICE_X54Y59         CARRY4 (Prop_carry4_S[0]_O[0])
                                                      0.252    12.924 r  tokenizer/imm_reg[28]_i_264/O[0]
                         net (fo=4, routed)           0.637    13.561    tokenizer/imm_reg[28]_i_264_n_7
    SLICE_X55Y59         LUT4 (Prop_lut4_I0_O)        0.295    13.856 r  tokenizer/imm[19]_i_67/O
                         net (fo=1, routed)           0.000    13.856    tokenizer/imm[19]_i_67_n_0
    SLICE_X55Y59         CARRY4 (Prop_carry4_S[1]_O[2])
                                                      0.580    14.436 r  tokenizer/imm_reg[19]_i_60/O[2]
                         net (fo=4, routed)           0.847    15.283    tokenizer/imm_reg[19]_i_60_n_5
    SLICE_X56Y58         LUT5 (Prop_lut5_I4_O)        0.328    15.611 r  tokenizer/imm[24]_i_259/O
                         net (fo=1, routed)           0.549    16.160    tokenizer/imm[24]_i_259_n_0
    SLICE_X59Y61         CARRY4 (Prop_carry4_DI[2]_CO[3])
                                                      0.602    16.762 r  tokenizer/imm_reg[24]_i_212/CO[3]
                         net (fo=1, routed)           0.000    16.762    tokenizer/imm_reg[24]_i_212_n_0
    SLICE_X59Y62         CARRY4 (Prop_carry4_CI_O[0])
                                                      0.222    16.984 r  tokenizer/imm_reg[28]_i_298/O[0]
                         net (fo=3, routed)           0.454    17.438    tokenizer/imm_reg[28]_i_298_n_7
    SLICE_X58Y62         LUT2 (Prop_lut2_I1_O)        0.299    17.737 r  tokenizer/imm[24]_i_215/O
                         net (fo=1, routed)           0.000    17.737    tokenizer/imm[24]_i_215_n_0
    SLICE_X58Y62         CARRY4 (Prop_carry4_S[1]_O[2])
                                                      0.578    18.315 r  tokenizer/imm_reg[24]_i_171/O[2]
                         net (fo=4, routed)           1.104    19.419    tokenizer/imm_reg[24]_i_171_n_5
    SLICE_X62Y64         LUT5 (Prop_lut5_I1_O)        0.301    19.720 r  tokenizer/imm[31]_i_339/O
                         net (fo=1, routed)           0.000    19.720    tokenizer/imm[31]_i_339_n_0
    SLICE_X62Y64         CARRY4 (Prop_carry4_S[2]_O[2])
                                                      0.250    19.970 r  tokenizer/imm_reg[31]_i_207/O[2]
                         net (fo=3, routed)           0.467    20.437    tokenizer/imm_reg[31]_i_207_n_5
    SLICE_X63Y63         LUT2 (Prop_lut2_I1_O)        0.301    20.738 r  tokenizer/imm[24]_i_208/O
                         net (fo=1, routed)           0.000    20.738    tokenizer/imm[24]_i_208_n_0
    SLICE_X63Y63         CARRY4 (Prop_carry4_S[3]_O[3])
                                                      0.248    20.986 r  tokenizer/imm_reg[24]_i_170/O[3]
                         net (fo=1, routed)           0.461    21.447    tokenizer/imm_reg[24]_i_170_n_4
    SLICE_X65Y66         LUT5 (Prop_lut5_I0_O)        0.306    21.753 r  tokenizer/imm[24]_i_83/O
                         net (fo=8, routed)           0.842    22.594    tokenizer/imm[24]_i_83_n_0
    SLICE_X66Y69         LUT2 (Prop_lut2_I0_O)        0.124    22.718 r  tokenizer/imm[28]_i_294/O
                         net (fo=1, routed)           0.000    22.718    tokenizer/imm[28]_i_294_n_0
    SLICE_X66Y69         CARRY4 (Prop_carry4_S[3]_CO[3])
                                                      0.376    23.094 r  tokenizer/imm_reg[28]_i_170/CO[3]
                         net (fo=1, routed)           0.000    23.094    tokenizer/imm_reg[28]_i_170_n_0
    SLICE_X66Y70         CARRY4 (Prop_carry4_CI_O[0])
                                                      0.219    23.313 r  tokenizer/imm_reg[28]_i_169/O[0]
                         net (fo=3, routed)           0.461    23.774    tokenizer/imm_reg[28]_i_169_n_7
    SLICE_X64Y69         LUT2 (Prop_lut2_I1_O)        0.295    24.069 r  tokenizer/imm[28]_i_173/O
                         net (fo=1, routed)           0.000    24.069    tokenizer/imm[28]_i_173_n_0
    SLICE_X64Y69         CARRY4 (Prop_carry4_S[1]_O[2])
                                                      0.580    24.649 r  tokenizer/imm_reg[28]_i_98/O[2]
                         net (fo=1, routed)           0.587    25.236    tokenizer/imm_reg[28]_i_98_n_5
    SLICE_X65Y66         LUT6 (Prop_lut6_I3_O)        0.302    25.538 r  tokenizer/imm[27]_i_70/O
                         net (fo=8, routed)           0.722    26.261    tokenizer/imm[28]_i_237_n_0
    SLICE_X65Y71         LUT6 (Prop_lut6_I0_O)        0.124    26.385 r  tokenizer/imm[28]_i_240/O
                         net (fo=1, routed)           0.000    26.385    tokenizer/imm[28]_i_240_n_0
    SLICE_X65Y71         CARRY4 (Prop_carry4_S[2]_O[2])
                                                      0.248    26.633 r  tokenizer/imm_reg[28]_i_146/O[2]
                         net (fo=3, routed)           0.478    27.110    tokenizer/imm_reg[28]_i_146_n_5
    SLICE_X63Y73         LUT2 (Prop_lut2_I1_O)        0.302    27.412 r  tokenizer/imm[28]_i_148/O
                         net (fo=1, routed)           0.000    27.412    tokenizer/imm[28]_i_148_n_0
    SLICE_X63Y73         CARRY4 (Prop_carry4_S[3]_CO[3])
                                                      0.401    27.813 r  tokenizer/imm_reg[28]_i_94/CO[3]
                         net (fo=1, routed)           0.000    27.813    tokenizer/imm_reg[28]_i_94_n_0
    SLICE_X63Y74         CARRY4 (Prop_carry4_CI_O[0])
                                                      0.222    28.035 r  tokenizer/imm_reg[24]_i_55/O[0]
                         net (fo=4, routed)           0.811    28.846    tokenizer/imm_reg[24]_i_55_n_7
    SLICE_X62Y73         LUT3 (Prop_lut3_I2_O)        0.325    29.171 r  tokenizer/imm[24]_i_201/O
                         net (fo=2, routed)           0.401    29.572    tokenizer/imm[24]_i_201_n_0
    SLICE_X61Y73         LUT4 (Prop_lut4_I3_O)        0.328    29.900 r  tokenizer/imm[24]_i_150/O
                         net (fo=1, routed)           0.000    29.900    tokenizer/imm[24]_i_150_n_0
    SLICE_X61Y73         CARRY4 (Prop_carry4_S[0]_O[0])
                                                      0.247    30.147 r  tokenizer/imm_reg[24]_i_61/O[0]
                         net (fo=3, routed)           0.454    30.601    tokenizer/imm_reg[24]_i_61_n_7
    SLICE_X60Y73         LUT2 (Prop_lut2_I1_O)        0.299    30.900 r  tokenizer/imm[20]_i_40/O
                         net (fo=1, routed)           0.000    30.900    tokenizer/imm[20]_i_40_n_0
    SLICE_X60Y73         CARRY4 (Prop_carry4_S[1]_O[1])
                                                      0.230    31.130 r  tokenizer/imm_reg[20]_i_24/O[1]
                         net (fo=1, routed)           0.674    31.804    tokenizer/imm_reg[20]_i_24_n_6
    SLICE_X67Y72         LUT6 (Prop_lut6_I0_O)        0.306    32.110 f  tokenizer/imm[30]_i_139/O
                         net (fo=1, routed)           0.149    32.259    tokenizer/imm[30]_i_139_n_0
    SLICE_X67Y72         LUT6 (Prop_lut6_I0_O)        0.124    32.383 r  tokenizer/imm[30]_i_59/O
                         net (fo=7, routed)           0.768    33.151    tokenizer/imm[30]_i_214_n_0
    SLICE_X59Y75         LUT2 (Prop_lut2_I0_O)        0.124    33.275 r  tokenizer/imm[30]_i_218/O
                         net (fo=1, routed)           0.000    33.275    tokenizer/imm[30]_i_218_n_0
    SLICE_X59Y75         CARRY4 (Prop_carry4_S[1]_O[2])
                                                      0.580    33.855 r  tokenizer/imm_reg[30]_i_127/O[2]
                         net (fo=3, routed)           0.520    34.375    tokenizer/imm_reg[30]_i_127_n_5
    SLICE_X58Y75         LUT2 (Prop_lut2_I1_O)        0.302    34.677 r  tokenizer/imm[30]_i_129/O
                         net (fo=1, routed)           0.000    34.677    tokenizer/imm[30]_i_129_n_0
    SLICE_X58Y75         CARRY4 (Prop_carry4_S[3]_O[3])
                                                      0.255    34.932 r  tokenizer/imm_reg[30]_i_57/O[3]
                         net (fo=2, routed)           0.648    35.580    tokenizer/imm_reg[30]_i_57_n_4
    SLICE_X58Y79         LUT5 (Prop_lut5_I0_O)        0.307    35.887 r  tokenizer/imm[31]_i_184/O
                         net (fo=8, routed)           1.020    36.907    tokenizer/imm[31]_i_184_n_0
    SLICE_X57Y71         LUT4 (Prop_lut4_I3_O)        0.124    37.031 r  tokenizer/imm[30]_i_230/O
                         net (fo=1, routed)           0.000    37.031    tokenizer/imm[30]_i_230_n_0
    SLICE_X57Y71         CARRY4 (Prop_carry4_S[3]_CO[3])
                                                      0.401    37.432 r  tokenizer/imm_reg[30]_i_133/CO[3]
                         net (fo=1, routed)           0.000    37.432    tokenizer/imm_reg[30]_i_133_n_0
    SLICE_X57Y72         CARRY4 (Prop_carry4_CI_O[0])
                                                      0.222    37.654 r  tokenizer/imm_reg[28]_i_30/O[0]
                         net (fo=3, routed)           0.454    38.108    tokenizer/imm_reg[28]_i_30_n_7
    SLICE_X56Y72         LUT2 (Prop_lut2_I1_O)        0.299    38.407 r  tokenizer/imm[28]_i_62/O
                         net (fo=1, routed)           0.000    38.407    tokenizer/imm[28]_i_62_n_0
    SLICE_X56Y72         CARRY4 (Prop_carry4_S[1]_O[3])
                                                      0.643    39.050 r  tokenizer/imm_reg[28]_i_29/O[3]
                         net (fo=3, routed)           0.853    39.903    tokenizer/imm_reg[28]_i_29_n_4
    SLICE_X58Y79         LUT6 (Prop_lut6_I1_O)        0.307    40.210 r  tokenizer/imm[28]_i_72/O
                         net (fo=5, routed)           0.661    40.871    tokenizer/imm[28]_i_72_n_0
    SLICE_X56Y80         CARRY4 (Prop_carry4_DI[3]_CO[3])
                                                      0.396    41.267 r  tokenizer/imm_reg[28]_i_35/CO[3]
                         net (fo=1, routed)           0.000    41.267    tokenizer/imm_reg[28]_i_35_n_0
    SLICE_X56Y81         CARRY4 (Prop_carry4_CI_O[0])
                                                      0.219    41.486 r  tokenizer/imm_reg[31]_i_45/O[0]
                         net (fo=3, routed)           0.338    41.824    tokenizer/imm_reg[31]_i_45_n_7
    SLICE_X55Y80         LUT2 (Prop_lut2_I1_O)        0.295    42.119 r  tokenizer/imm[28]_i_38/O
                         net (fo=1, routed)           0.000    42.119    tokenizer/imm[28]_i_38_n_0
    SLICE_X55Y80         CARRY4 (Prop_carry4_S[1]_O[3])
                                                      0.640    42.759 f  tokenizer/imm_reg[28]_i_12/O[3]
                         net (fo=3, routed)           0.742    43.501    tokenizer/imm_reg[28]_i_12_n_4
    SLICE_X58Y81         LUT4 (Prop_lut4_I3_O)        0.306    43.807 r  tokenizer/imm[31]_i_250/O
                         net (fo=1, routed)           0.290    44.097    tokenizer/imm[31]_i_250_n_0
    SLICE_X59Y80         LUT6 (Prop_lut6_I0_O)        0.124    44.221 r  tokenizer/imm[31]_i_164/O
                         net (fo=2, routed)           0.495    44.716    tokenizer/imm[31]_i_164_n_0
    SLICE_X54Y80         LUT4 (Prop_lut4_I0_O)        0.124    44.840 r  tokenizer/imm[31]_i_96/O
                         net (fo=1, routed)           0.000    44.840    tokenizer/imm[31]_i_96_n_0
    SLICE_X54Y80         CARRY4 (Prop_carry4_S[3]_O[3])
                                                      0.255    45.095 r  tokenizer/imm_reg[31]_i_49/O[3]
                         net (fo=3, routed)           0.437    45.532    tokenizer/imm_reg[31]_i_49_n_4
    SLICE_X53Y81         LUT2 (Prop_lut2_I1_O)        0.307    45.839 r  tokenizer/imm[31]_i_52/O
                         net (fo=1, routed)           0.000    45.839    tokenizer/imm[31]_i_52_n_0
    SLICE_X53Y81         CARRY4 (Prop_carry4_S[0]_O[0])
                                                      0.247    46.086 r  tokenizer/imm_reg[31]_i_18/O[0]
                         net (fo=1, routed)           0.881    46.967    tokenizer/imm_reg[31]_i_18_n_7
    SLICE_X53Y82         LUT3 (Prop_lut3_I2_O)        0.324    47.291 r  tokenizer/imm[29]_i_2/O
                         net (fo=1, routed)           0.447    47.738    tokenizer/imm[29]_i_2_n_0
    SLICE_X51Y80         LUT6 (Prop_lut6_I1_O)        0.332    48.070 r  tokenizer/imm[29]_i_1/O
                         net (fo=1, routed)           0.000    48.070    operand_interpreter/imm_reg[31]_2[29]
    SLICE_X51Y80         FDRE                                         r  operand_interpreter/imm_reg[29]/D
  -------------------------------------------------------------------    -------------------

                         (clock sys_clk_pin rise edge)
                                                     50.000    50.000 r  <hidden>
    E3                                                0.000    50.000 r  CLK100MHZ
                         net (fo=0)                   0.000    50.000    CLK100MHZ
    E3                   IBUF (Prop_ibuf_I_O)         1.411    51.411 r  CLK100MHZ_IBUF_inst/O
                         net (fo=1, routed)           1.920    53.331    CLK100MHZ_IBUF
    BUFGCTRL_X0Y16       BUFG (Prop_bufg_I_O)         0.091    53.422 r  CLK100MHZ_IBUF_BUFG_inst/O
                         net (fo=1685, routed)        1.500    54.923    operand_interpreter/CLK100MHZ_IBUF_BUFG
    SLICE_X51Y80         FDRE                                         r  operand_interpreter/imm_reg[29]/C
                         clock pessimism              0.187    55.110    <hidden>
                         clock uncertainty           -0.035    55.074    <hidden>
    SLICE_X51Y80         FDRE (Setup_fdre_C_D)        0.031    55.105    operand_interpreter/imm_reg[29]
  -------------------------------------------------------------------
                         required time                         55.105    <hidden>
                         arrival time                         -48.070    <hidden>
  -------------------------------------------------------------------
                         slack                                  7.036    <hidden>

Slack (MET) :             7.551ns  (required time - arrival time)
  Source:                 tokenizer/token2_reg[92]/C
                            (rising edge-triggered cell FDRE clocked by sys_clk_pin  {rise@0.000ns fall@5.000ns period=50.000ns})
  Destination:            operand_interpreter/imm_reg[30]/D
                            (rising edge-triggered cell FDRE clocked by sys_clk_pin  {rise@0.000ns fall@5.000ns period=50.000ns})
  Path Group:             sys_clk_pin
  Path Type:              Setup (Max at Slow Process Corner)
  Requirement:            50.000ns  (sys_clk_pin rise@50.000ns - sys_clk_pin rise@0.000ns)
  Data Path Delay:        42.372ns  (logic 19.891ns (46.944%)  route 22.481ns (53.056%))
  Logic Levels:           64  (CARRY4=29 LUT2=13 LUT3=2 LUT4=5 LUT5=6 LUT6=9)
  Clock Path Skew:        -0.118ns (DCD - SCD + CPR)
    Destination Clock Delay (DCD):    4.923ns = ( 54.923 - 50.000 ) 
    Source Clock Delay      (SCD):    5.228ns
    Clock Pessimism Removal (CPR):    0.187ns
  Clock Uncertainty:      0.035ns  ((TSJ^2 + TIJ^2)^1/2 + DJ) / 2 + PE
    Total System Jitter     (TSJ):    0.071ns
    Total Input Jitter      (TIJ):    0.000ns
    Discrete Jitter          (DJ):    0.000ns
    Phase Error              (PE):    0.000ns

    Location             Delay type                Incr(ns)  Path(ns)    Netlist Resource(s)
  -------------------------------------------------------------------    -------------------
                         (clock sys_clk_pin rise edge)
                                                      0.000     0.000 r  <hidden>
    E3                                                0.000     0.000 r  CLK100MHZ
                         net (fo=0)                   0.000     0.000    CLK100MHZ
    E3                   IBUF (Prop_ibuf_I_O)         1.482     1.482 r  CLK100MHZ_IBUF_inst/O
                         net (fo=1, routed)           2.025     3.506    CLK100MHZ_IBUF
    BUFGCTRL_X0Y16       BUFG (Prop_bufg_I_O)         0.096     3.602 r  CLK100MHZ_IBUF_BUFG_inst/O
                         net (fo=1685, routed)        1.625     5.228    tokenizer/clk
    SLICE_X54Y56         FDRE                                         r  tokenizer/token2_reg[92]/C
  -------------------------------------------------------------------    -------------------
    SLICE_X54Y56         FDRE (Prop_fdre_C_Q)         0.518     5.746 r  tokenizer/token2_reg[92]/Q
                         net (fo=25, routed)          1.128     6.874    tokenizer/token2[92]
    SLICE_X58Y59         LUT2 (Prop_lut2_I0_O)        0.124     6.998 r  tokenizer/imm[31]_i_31/O
                         net (fo=2, routed)           0.663     7.660    tokenizer/imm[31]_i_31_n_0
    SLICE_X57Y57         LUT6 (Prop_lut6_I1_O)        0.124     7.784 r  tokenizer/imm[17]_i_81/O
                         net (fo=33, routed)          0.657     8.441    tokenizer/imm[17]_i_81_n_0
    SLICE_X56Y59         LUT3 (Prop_lut3_I0_O)        0.124     8.565 r  tokenizer/imm[16]_i_128/O
                         net (fo=1, routed)           0.000     8.565    tokenizer/imm[16]_i_128_n_0
    SLICE_X56Y59         CARRY4 (Prop_carry4_S[1]_O[2])
                                                      0.578     9.143 r  tokenizer/imm_reg[16]_i_99/O[2]
                         net (fo=2, routed)           0.466     9.609    tokenizer/imm_reg[16]_i_99_n_5
    SLICE_X57Y58         LUT2 (Prop_lut2_I1_O)        0.301     9.910 r  tokenizer/imm[16]_i_100/O
                         net (fo=1, routed)           0.000     9.910    tokenizer/imm[16]_i_100_n_0
    SLICE_X57Y58         CARRY4 (Prop_carry4_S[3]_CO[3])
                                                      0.401    10.311 r  tokenizer/imm_reg[16]_i_74/CO[3]
                         net (fo=1, routed)           0.000    10.311    tokenizer/imm_reg[16]_i_74_n_0
    SLICE_X57Y59         CARRY4 (Prop_carry4_CI_O[0])
                                                      0.222    10.533 r  tokenizer/imm_reg[17]_i_80/O[0]
                         net (fo=3, routed)           0.839    11.372    tokenizer/imm_reg[17]_i_80_n_7
    SLICE_X58Y59         LUT5 (Prop_lut5_I4_O)        0.325    11.697 r  tokenizer/imm[28]_i_341/O
                         net (fo=2, routed)           0.627    12.324    tokenizer/imm[28]_i_341_n_0
    SLICE_X54Y59         LUT5 (Prop_lut5_I0_O)        0.348    12.672 r  tokenizer/imm[28]_i_345/O
                         net (fo=1, routed)           0.000    12.672    tokenizer/imm[28]_i_345_n_0
    SLICE_X54Y59         CARRY4 (Prop_carry4_S[0]_O[0])
                                                      0.252    12.924 r  tokenizer/imm_reg[28]_i_264/O[0]
                         net (fo=4, routed)           0.637    13.561    tokenizer/imm_reg[28]_i_264_n_7
    SLICE_X55Y59         LUT4 (Prop_lut4_I0_O)        0.295    13.856 r  tokenizer/imm[19]_i_67/O
                         net (fo=1, routed)           0.000    13.856    tokenizer/imm[19]_i_67_n_0
    SLICE_X55Y59         CARRY4 (Prop_carry4_S[1]_O[2])
                                                      0.580    14.436 r  tokenizer/imm_reg[19]_i_60/O[2]
                         net (fo=4, routed)           0.847    15.283    tokenizer/imm_reg[19]_i_60_n_5
    SLICE_X56Y58         LUT5 (Prop_lut5_I4_O)        0.328    15.611 r  tokenizer/imm[24]_i_259/O
                         net (fo=1, routed)           0.549    16.160    tokenizer/imm[24]_i_259_n_0
    SLICE_X59Y61         CARRY4 (Prop_carry4_DI[2]_CO[3])
                                                      0.602    16.762 r  tokenizer/imm_reg[24]_i_212/CO[3]
                         net (fo=1, routed)           0.000    16.762    tokenizer/imm_reg[24]_i_212_n_0
    SLICE_X59Y62         CARRY4 (Prop_carry4_CI_O[0])
                                                      0.222    16.984 r  tokenizer/imm_reg[28]_i_298/O[0]
                         net (fo=3, routed)           0.454    17.438    tokenizer/imm_reg[28]_i_298_n_7
    SLICE_X58Y62         LUT2 (Prop_lut2_I1_O)        0.299    17.737 r  tokenizer/imm[24]_i_215/O
                         net (fo=1, routed)           0.000    17.737    tokenizer/imm[24]_i_215_n_0
    SLICE_X58Y62         CARRY4 (Prop_carry4_S[1]_O[2])
                                                      0.578    18.315 r  tokenizer/imm_reg[24]_i_171/O[2]
                         net (fo=4, routed)           1.104    19.419    tokenizer/imm_reg[24]_i_171_n_5
    SLICE_X62Y64         LUT5 (Prop_lut5_I1_O)        0.301    19.720 r  tokenizer/imm[31]_i_339/O
                         net (fo=1, routed)           0.000    19.720    tokenizer/imm[31]_i_339_n_0
    SLICE_X62Y64         CARRY4 (Prop_carry4_S[2]_O[2])
                                                      0.250    19.970 r  tokenizer/imm_reg[31]_i_207/O[2]
                         net (fo=3, routed)           0.467    20.437    tokenizer/imm_reg[31]_i_207_n_5
    SLICE_X63Y63         LUT2 (Prop_lut2_I1_O)        0.301    20.738 r  tokenizer/imm[24]_i_208/O
                         net (fo=1, routed)           0.000    20.738    tokenizer/imm[24]_i_208_n_0
    SLICE_X63Y63         CARRY4 (Prop_carry4_S[3]_O[3])
                                                      0.248    20.986 r  tokenizer/imm_reg[24]_i_170/O[3]
                         net (fo=1, routed)           0.461    21.447    tokenizer/imm_reg[24]_i_170_n_4
    SLICE_X65Y66         LUT5 (Prop_lut5_I0_O)        0.306    21.753 r  tokenizer/imm[24]_i_83/O
                         net (fo=8, routed)           0.842    22.594    tokenizer/imm[24]_i_83_n_0
    SLICE_X66Y69         LUT2 (Prop_lut2_I0_O)        0.124    22.718 r  tokenizer/imm[28]_i_294/O
                         net (fo=1, routed)           0.000    22.718    tokenizer/imm[28]_i_294_n_0
    SLICE_X66Y69         CARRY4 (Prop_carry4_S[3]_CO[3])
                                                      0.376    23.094 r  tokenizer/imm_reg[28]_i_170/CO[3]
                         net (fo=1, routed)           0.000    23.094    tokenizer/imm_reg[28]_i_170_n_0
    SLICE_X66Y70         CARRY4 (Prop_carry4_CI_O[0])
                                                      0.219    23.313 r  tokenizer/imm_reg[28]_i_169/O[0]
                         net (fo=3, routed)           0.461    23.774    tokenizer/imm_reg[28]_i_169_n_7
    SLICE_X64Y69         LUT2 (Prop_lut2_I1_O)        0.295    24.069 r  tokenizer/imm[28]_i_173/O
                         net (fo=1, routed)           0.000    24.069    tokenizer/imm[28]_i_173_n_0
    SLICE_X64Y69         CARRY4 (Prop_carry4_S[1]_O[2])
                                                      0.580    24.649 r  tokenizer/imm_reg[28]_i_98/O[2]
                         net (fo=1, routed)           0.587    25.236    tokenizer/imm_reg[28]_i_98_n_5
    SLICE_X65Y66         LUT6 (Prop_lut6_I3_O)        0.302    25.538 r  tokenizer/imm[27]_i_70/O
                         net (fo=8, routed)           0.722    26.261    tokenizer/imm[28]_i_237_n_0
    SLICE_X65Y71         LUT6 (Prop_lut6_I0_O)        0.124    26.385 r  tokenizer/imm[28]_i_240/O
                         net (fo=1, routed)           0.000    26.385    tokenizer/imm[28]_i_240_n_0
    SLICE_X65Y71         CARRY4 (Prop_carry4_S[2]_O[2])
                                                      0.248    26.633 r  tokenizer/imm_reg[28]_i_146/O[2]
                         net (fo=3, routed)           0.478    27.110    tokenizer/imm_reg[28]_i_146_n_5
    SLICE_X63Y73         LUT2 (Prop_lut2_I1_O)        0.302    27.412 r  tokenizer/imm[28]_i_148/O
                         net (fo=1, routed)           0.000    27.412    tokenizer/imm[28]_i_148_n_0
    SLICE_X63Y73         CARRY4 (Prop_carry4_S[3]_CO[3])
                                                      0.401    27.813 r  tokenizer/imm_reg[28]_i_94/CO[3]
                         net (fo=1, routed)           0.000    27.813    tokenizer/imm_reg[28]_i_94_n_0
    SLICE_X63Y74         CARRY4 (Prop_carry4_CI_O[0])
                                                      0.222    28.035 r  tokenizer/imm_reg[24]_i_55/O[0]
                         net (fo=4, routed)           0.811    28.846    tokenizer/imm_reg[24]_i_55_n_7
    SLICE_X62Y73         LUT3 (Prop_lut3_I2_O)        0.325    29.171 r  tokenizer/imm[24]_i_201/O
                         net (fo=2, routed)           0.401    29.572    tokenizer/imm[24]_i_201_n_0
    SLICE_X61Y73         LUT4 (Prop_lut4_I3_O)        0.328    29.900 r  tokenizer/imm[24]_i_150/O
                         net (fo=1, routed)           0.000    29.900    tokenizer/imm[24]_i_150_n_0
    SLICE_X61Y73         CARRY4 (Prop_carry4_S[0]_O[0])
                                                      0.247    30.147 r  tokenizer/imm_reg[24]_i_61/O[0]
                         net (fo=3, routed)           0.454    30.601    tokenizer/imm_reg[24]_i_61_n_7
    SLICE_X60Y73         LUT2 (Prop_lut2_I1_O)        0.299    30.900 r  tokenizer/imm[20]_i_40/O
                         net (fo=1, routed)           0.000    30.900    tokenizer/imm[20]_i_40_n_0
    SLICE_X60Y73         CARRY4 (Prop_carry4_S[1]_O[1])
                                                      0.230    31.130 r  tokenizer/imm_reg[20]_i_24/O[1]
                         net (fo=1, routed)           0.674    31.804    tokenizer/imm_reg[20]_i_24_n_6
    SLICE_X67Y72         LUT6 (Prop_lut6_I0_O)        0.306    32.110 f  tokenizer/imm[30]_i_139/O
                         net (fo=1, routed)           0.149    32.259    tokenizer/imm[30]_i_139_n_0
    SLICE_X67Y72         LUT6 (Prop_lut6_I0_O)        0.124    32.383 r  tokenizer/imm[30]_i_59/O
                         net (fo=7, routed)           0.768    33.151    tokenizer/imm[30]_i_214_n_0
    SLICE_X59Y75         LUT2 (Prop_lut2_I0_O)        0.124    33.275 r  tokenizer/imm[30]_i_218/O
                         net (fo=1, routed)           0.000    33.275    tokenizer/imm[30]_i_218_n_0
    SLICE_X59Y75         CARRY4 (Prop_carry4_S[1]_O[2])
                                                      0.580    33.855 r  tokenizer/imm_reg[30]_i_127/O[2]
                         net (fo=3, routed)           0.520    34.375    tokenizer/imm_reg[30]_i_127_n_5
    SLICE_X58Y75         LUT2 (Prop_lut2_I1_O)        0.302    34.677 r  tokenizer/imm[30]_i_129/O
                         net (fo=1, routed)           0.000    34.677    tokenizer/imm[30]_i_129_n_0
    SLICE_X58Y75         CARRY4 (Prop_carry4_S[3]_O[3])
                                                      0.255    34.932 r  tokenizer/imm_reg[30]_i_57/O[3]
                         net (fo=2, routed)           0.648    35.580    tokenizer/imm_reg[30]_i_57_n_4
    SLICE_X58Y79         LUT5 (Prop_lut5_I0_O)        0.307    35.887 r  tokenizer/imm[31]_i_184/O
                         net (fo=8, routed)           1.020    36.907    tokenizer/imm[31]_i_184_n_0
    SLICE_X57Y71         LUT4 (Prop_lut4_I3_O)        0.124    37.031 r  tokenizer/imm[30]_i_230/O
                         net (fo=1, routed)           0.000    37.031    tokenizer/imm[30]_i_230_n_0
    SLICE_X57Y71         CARRY4 (Prop_carry4_S[3]_CO[3])
                                                      0.401    37.432 r  tokenizer/imm_reg[30]_i_133/CO[3]
                         net (fo=1, routed)           0.000    37.432    tokenizer/imm_reg[30]_i_133_n_0
    SLICE_X57Y72         CARRY4 (Prop_carry4_CI_O[0])
                                                      0.222    37.654 r  tokenizer/imm_reg[28]_i_30/O[0]
                         net (fo=3, routed)           0.454    38.108    tokenizer/imm_reg[28]_i_30_n_7
    SLICE_X56Y72         LUT2 (Prop_lut2_I1_O)        0.299    38.407 r  tokenizer/imm[28]_i_62/O
                         net (fo=1, routed)           0.000    38.407    tokenizer/imm[28]_i_62_n_0
    SLICE_X56Y72         CARRY4 (Prop_carry4_S[1]_O[3])
                                                      0.643    39.050 r  tokenizer/imm_reg[28]_i_29/O[3]
                         net (fo=3, routed)           0.853    39.903    tokenizer/imm_reg[28]_i_29_n_4
    SLICE_X58Y79         LUT6 (Prop_lut6_I1_O)        0.307    40.210 r  tokenizer/imm[28]_i_72/O
                         net (fo=5, routed)           0.661    40.871    tokenizer/imm[28]_i_72_n_0
    SLICE_X56Y80         CARRY4 (Prop_carry4_DI[3]_CO[3])
                                                      0.396    41.267 r  tokenizer/imm_reg[28]_i_35/CO[3]
                         net (fo=1, routed)           0.000    41.267    tokenizer/imm_reg[28]_i_35_n_0
    SLICE_X56Y81         CARRY4 (Prop_carry4_CI_O[0])
                                                      0.219    41.486 r  tokenizer/imm_reg[31]_i_45/O[0]
                         net (fo=3, routed)           0.338    41.824    tokenizer/imm_reg[31]_i_45_n_7
    SLICE_X55Y80         LUT2 (Prop_lut2_I1_O)        0.295    42.119 r  tokenizer/imm[28]_i_38/O
                         net (fo=1, routed)           0.000    42.119    tokenizer/imm[28]_i_38_n_0
    SLICE_X55Y80         CARRY4 (Prop_carry4_S[1]_O[3])
                                                      0.640    42.759 f  tokenizer/imm_reg[28]_i_12/O[3]
                         net (fo=3, routed)           0.742    43.501    tokenizer/imm_reg[28]_i_12_n_4
    SLICE_X58Y81         LUT4 (Prop_lut4_I3_O)        0.306    43.807 r  tokenizer/imm[31]_i_250/O
                         net (fo=1, routed)           0.290    44.097    tokenizer/imm[31]_i_250_n_0
    SLICE_X59Y80         LUT6 (Prop_lut6_I0_O)        0.124    44.221 r  tokenizer/imm[31]_i_164/O
                         net (fo=2, routed)           0.495    44.716    tokenizer/imm[31]_i_164_n_0
    SLICE_X54Y80         LUT4 (Prop_lut4_I0_O)        0.124    44.840 r  tokenizer/imm[31]_i_96/O
                         net (fo=1, routed)           0.000    44.840    tokenizer/imm[31]_i_96_n_0
    SLICE_X54Y80         CARRY4 (Prop_carry4_S[3]_CO[3])
                                                      0.376    45.216 r  tokenizer/imm_reg[31]_i_49/CO[3]
                         net (fo=1, routed)           0.000    45.216    tokenizer/imm_reg[31]_i_49_n_0
    SLICE_X54Y81         CARRY4 (Prop_carry4_CI_O[0])
                                                      0.219    45.435 r  tokenizer/imm_reg[31]_i_100/O[0]
                         net (fo=2, routed)           0.470    45.905    tokenizer/imm_reg[31]_i_100_n_7
    SLICE_X53Y81         LUT2 (Prop_lut2_I1_O)        0.295    46.200 r  tokenizer/imm[31]_i_51/O
                         net (fo=1, routed)           0.000    46.200    tokenizer/imm[31]_i_51_n_0
    SLICE_X53Y81         CARRY4 (Prop_carry4_S[1]_O[1])
                                                      0.227    46.427 r  tokenizer/imm_reg[31]_i_18/O[1]
                         net (fo=1, routed)           0.581    47.008    tokenizer/imm_reg[31]_i_18_n_6
    SLICE_X50Y80         LUT6 (Prop_lut6_I5_O)        0.303    47.311 f  tokenizer/imm[30]_i_6/O
                         net (fo=1, routed)           0.165    47.476    tokenizer/imm[30]_i_6_n_0
    SLICE_X50Y80         LUT6 (Prop_lut6_I4_O)        0.124    47.600 r  tokenizer/imm[30]_i_1/O
                         net (fo=1, routed)           0.000    47.600    operand_interpreter/imm_reg[31]_2[30]
    SLICE_X50Y80         FDRE                                         r  operand_interpreter/imm_reg[30]/D
  -------------------------------------------------------------------    -------------------

                         (clock sys_clk_pin rise edge)
                                                     50.000    50.000 r  <hidden>
    E3                                                0.000    50.000 r  CLK100MHZ
                         net (fo=0)                   0.000    50.000    CLK100MHZ
    E3                   IBUF (Prop_ibuf_I_O)         1.411    51.411 r  CLK100MHZ_IBUF_inst/O
                         net (fo=1, routed)           1.920    53.331    CLK100MHZ_IBUF
    BUFGCTRL_X0Y16       BUFG (Prop_bufg_I_O)         0.091    53.422 r  CLK100MHZ_IBUF_BUFG_inst/O
                         net (fo=1685, routed)        1.500    54.923    operand_interpreter/CLK100MHZ_IBUF_BUFG
    SLICE_X50Y80         FDRE                                         r  operand_interpreter/imm_reg[30]/C
                         clock pessimism              0.187    55.110    <hidden>
                         clock uncertainty           -0.035    55.074    <hidden>
    SLICE_X50Y80         FDRE (Setup_fdre_C_D)        0.077    55.151    operand_interpreter/imm_reg[30]
  -------------------------------------------------------------------
                         required time                         55.151    <hidden>
                         arrival time                         -47.600    <hidden>
  -------------------------------------------------------------------
                         slack                                  7.551    <hidden>

Slack (MET) :             8.351ns  (required time - arrival time)
  Source:                 tokenizer/token3_reg[92]/C
                            (rising edge-triggered cell FDRE clocked by sys_clk_pin  {rise@0.000ns fall@5.000ns period=50.000ns})
  Destination:            operand_interpreter/imm_reg[28]/D
                            (rising edge-triggered cell FDRE clocked by sys_clk_pin  {rise@0.000ns fall@5.000ns period=50.000ns})
  Path Group:             sys_clk_pin
  Path Type:              Setup (Max at Slow Process Corner)
  Requirement:            50.000ns  (sys_clk_pin rise@50.000ns - sys_clk_pin rise@0.000ns)
  Data Path Delay:        41.514ns  (logic 19.607ns (47.230%)  route 21.907ns (52.770%))
  Logic Levels:           61  (CARRY4=28 LUT2=14 LUT3=4 LUT4=2 LUT5=8 LUT6=5)
  Clock Path Skew:        -0.131ns (DCD - SCD + CPR)
    Destination Clock Delay (DCD):    4.919ns = ( 54.919 - 50.000 ) 
    Source Clock Delay      (SCD):    5.237ns
    Clock Pessimism Removal (CPR):    0.187ns
  Clock Uncertainty:      0.035ns  ((TSJ^2 + TIJ^2)^1/2 + DJ) / 2 + PE
    Total System Jitter     (TSJ):    0.071ns
    Total Input Jitter      (TIJ):    0.000ns
    Discrete Jitter          (DJ):    0.000ns
    Phase Error              (PE):    0.000ns

    Location             Delay type                Incr(ns)  Path(ns)    Netlist Resource(s)
  -------------------------------------------------------------------    -------------------
                         (clock sys_clk_pin rise edge)
                                                      0.000     0.000 r  <hidden>
    E3                                                0.000     0.000 r  CLK100MHZ
                         net (fo=0)                   0.000     0.000    CLK100MHZ
    E3                   IBUF (Prop_ibuf_I_O)         1.482     1.482 r  CLK100MHZ_IBUF_inst/O
                         net (fo=1, routed)           2.025     3.506    CLK100MHZ_IBUF
    BUFGCTRL_X0Y16       BUFG (Prop_bufg_I_O)         0.096     3.602 r  CLK100MHZ_IBUF_BUFG_inst/O
                         net (fo=1685, routed)        1.634     5.237    tokenizer/clk
    SLICE_X48Y54         FDRE                                         r  tokenizer/token3_reg[92]/C
  -------------------------------------------------------------------    -------------------
    SLICE_X48Y54         FDRE (Prop_fdre_C_Q)         0.456     5.693 f  tokenizer/token3_reg[92]/Q
                         net (fo=26, routed)          0.711     6.404    tokenizer/token3[92]
    SLICE_X48Y55         LUT2 (Prop_lut2_I1_O)        0.150     6.554 r  tokenizer/imm[11]_i_13/O
                         net (fo=2, routed)           0.597     7.151    tokenizer/imm[11]_i_13_n_0
    SLICE_X47Y55         LUT6 (Prop_lut6_I3_O)        0.326     7.477 r  tokenizer/imm[7]_i_49/O
                         net (fo=33, routed)          0.584     8.061    tokenizer/imm[7]_i_49_n_0
    SLICE_X43Y55         LUT3 (Prop_lut3_I0_O)        0.124     8.185 r  tokenizer/imm[12]_i_220/O
                         net (fo=1, routed)           0.000     8.185    tokenizer/imm[12]_i_220_n_0
    SLICE_X43Y55         CARRY4 (Prop_carry4_S[1]_O[2])
                                                      0.580     8.765 r  tokenizer/imm_reg[12]_i_181/O[2]
                         net (fo=2, routed)           0.486     9.251    tokenizer/imm_reg[12]_i_181_n_5
    SLICE_X44Y55         CARRY4 (Prop_carry4_DI[3]_CO[3])
                                                      0.563     9.814 r  tokenizer/imm_reg[7]_i_41/CO[3]
                         net (fo=1, routed)           0.000     9.814    tokenizer/imm_reg[7]_i_41_n_0
    SLICE_X44Y56         CARRY4 (Prop_carry4_CI_O[0])
                                                      0.222    10.036 r  tokenizer/imm_reg[7]_i_28/O[0]
                         net (fo=3, routed)           0.462    10.498    tokenizer/imm_reg[7]_i_28_n_7
    SLICE_X46Y56         LUT5 (Prop_lut5_I0_O)        0.299    10.797 r  tokenizer/imm[12]_i_192/O
                         net (fo=2, routed)           0.482    11.279    tokenizer/imm[12]_i_192_n_0
    SLICE_X45Y56         LUT5 (Prop_lut5_I0_O)        0.124    11.403 r  tokenizer/imm[12]_i_196/O
                         net (fo=1, routed)           0.000    11.403    tokenizer/imm[12]_i_196_n_0
    SLICE_X45Y56         CARRY4 (Prop_carry4_S[0]_O[0])
                                                      0.247    11.650 r  tokenizer/imm_reg[12]_i_149/O[0]
                         net (fo=4, routed)           0.571    12.222    tokenizer/imm_reg[12]_i_149_n_7
    SLICE_X47Y57         LUT4 (Prop_lut4_I0_O)        0.299    12.521 r  tokenizer/imm[7]_i_39/O
                         net (fo=1, routed)           0.000    12.521    tokenizer/imm[7]_i_39_n_0
    SLICE_X47Y57         CARRY4 (Prop_carry4_S[1]_O[2])
                                                      0.580    13.101 r  tokenizer/imm_reg[7]_i_27/O[2]
                         net (fo=1, routed)           1.014    14.115    tokenizer/imm_reg[7]_i_27_n_5
    SLICE_X46Y57         LUT5 (Prop_lut5_I0_O)        0.328    14.443 r  tokenizer/imm[7]_i_11/O
                         net (fo=7, routed)           0.780    15.222    tokenizer/imm[7]_i_11_n_0
    SLICE_X45Y60         LUT2 (Prop_lut2_I0_O)        0.328    15.550 r  tokenizer/imm[12]_i_140/O
                         net (fo=1, routed)           0.000    15.550    tokenizer/imm[12]_i_140_n_0
    SLICE_X45Y60         CARRY4 (Prop_carry4_S[2]_O[2])
                                                      0.248    15.798 r  tokenizer/imm_reg[12]_i_87/O[2]
                         net (fo=3, routed)           0.556    16.354    tokenizer/imm_reg[12]_i_87_n_5
    SLICE_X43Y60         LUT3 (Prop_lut3_I2_O)        0.302    16.656 r  tokenizer/imm[7]_i_23/O
                         net (fo=1, routed)           0.000    16.656    tokenizer/imm[7]_i_23_n_0
    SLICE_X43Y60         CARRY4 (Prop_carry4_S[3]_CO[3])
                                                      0.401    17.057 r  tokenizer/imm_reg[7]_i_10/CO[3]
                         net (fo=1, routed)           0.000    17.057    tokenizer/imm_reg[7]_i_10_n_0
    SLICE_X43Y61         CARRY4 (Prop_carry4_CI_O[0])
                                                      0.222    17.279 r  tokenizer/imm_reg[12]_i_46/O[0]
                         net (fo=4, routed)           0.623    17.902    tokenizer/imm_reg[12]_i_46_n_7
    SLICE_X40Y61         LUT5 (Prop_lut5_I1_O)        0.299    18.201 r  tokenizer/imm[13]_i_199/O
                         net (fo=1, routed)           0.000    18.201    tokenizer/imm[13]_i_199_n_0
    SLICE_X40Y61         CARRY4 (Prop_carry4_S[0]_O[0])
                                                      0.247    18.448 r  tokenizer/imm_reg[13]_i_116/O[0]
                         net (fo=3, routed)           0.487    18.935    tokenizer/imm_reg[13]_i_116_n_7
    SLICE_X42Y61         LUT2 (Prop_lut2_I1_O)        0.299    19.234 r  tokenizer/imm[12]_i_84/O
                         net (fo=1, routed)           0.000    19.234    tokenizer/imm[12]_i_84_n_0
    SLICE_X42Y61         CARRY4 (Prop_carry4_S[1]_O[2])
                                                      0.578    19.812 r  tokenizer/imm_reg[12]_i_45/O[2]
                         net (fo=1, routed)           0.561    20.373    tokenizer/imm_reg[12]_i_45_n_5
    SLICE_X39Y62         LUT5 (Prop_lut5_I0_O)        0.301    20.674 r  tokenizer/imm[11]_i_46/O
                         net (fo=7, routed)           0.741    21.415    tokenizer/imm[11]_i_46_n_0
    SLICE_X44Y63         LUT2 (Prop_lut2_I0_O)        0.124    21.539 r  tokenizer/imm[13]_i_201/O
                         net (fo=1, routed)           0.000    21.539    tokenizer/imm[13]_i_201_n_0
    SLICE_X44Y63         CARRY4 (Prop_carry4_S[2]_CO[3])
                                                      0.398    21.937 r  tokenizer/imm_reg[13]_i_121/CO[3]
                         net (fo=1, routed)           0.000    21.937    tokenizer/imm_reg[13]_i_121_n_0
    SLICE_X44Y64         CARRY4 (Prop_carry4_CI_O[0])
                                                      0.222    22.159 r  tokenizer/imm_reg[20]_i_47/O[0]
                         net (fo=3, routed)           0.503    22.661    tokenizer/imm_reg[20]_i_47_n_7
    SLICE_X46Y64         LUT2 (Prop_lut2_I1_O)        0.299    22.960 r  tokenizer/imm[13]_i_124/O
                         net (fo=1, routed)           0.000    22.960    tokenizer/imm[13]_i_124_n_0
    SLICE_X46Y64         CARRY4 (Prop_carry4_S[1]_O[2])
                                                      0.578    23.538 r  tokenizer/imm_reg[13]_i_48/O[2]
                         net (fo=2, routed)           0.646    24.184    tokenizer/imm_reg[13]_i_48_n_5
    SLICE_X45Y64         LUT5 (Prop_lut5_I1_O)        0.301    24.485 r  tokenizer/imm[13]_i_101/O
                         net (fo=7, routed)           0.760    25.245    tokenizer/imm[13]_i_101_n_0
    SLICE_X41Y64         LUT2 (Prop_lut2_I0_O)        0.124    25.369 r  tokenizer/imm[13]_i_104/O
                         net (fo=1, routed)           0.000    25.369    tokenizer/imm[13]_i_104_n_0
    SLICE_X41Y64         CARRY4 (Prop_carry4_S[2]_O[2])
                                                      0.248    25.617 r  tokenizer/imm_reg[13]_i_41/O[2]
                         net (fo=3, routed)           0.635    26.252    tokenizer/imm_reg[13]_i_41_n_5
    SLICE_X36Y67         LUT2 (Prop_lut2_I1_O)        0.302    26.554 r  tokenizer/imm[13]_i_43/O
                         net (fo=1, routed)           0.000    26.554    tokenizer/imm[13]_i_43_n_0
    SLICE_X36Y67         CARRY4 (Prop_carry4_S[3]_O[3])
                                                      0.248    26.802 r  tokenizer/imm_reg[13]_i_20/O[3]
                         net (fo=6, routed)           0.637    27.440    tokenizer/imm_reg[13]_i_20_n_4
    SLICE_X38Y68         LUT5 (Prop_lut5_I0_O)        0.306    27.746 r  tokenizer/imm[19]_i_54/O
                         net (fo=1, routed)           0.000    27.746    tokenizer/imm[19]_i_54_n_0
    SLICE_X38Y68         CARRY4 (Prop_carry4_S[3]_CO[3])
                                                      0.376    28.122 r  tokenizer/imm_reg[19]_i_31/CO[3]
                         net (fo=1, routed)           0.000    28.122    tokenizer/imm_reg[19]_i_31_n_0
    SLICE_X38Y69         CARRY4 (Prop_carry4_CI_O[0])
                                                      0.219    28.341 r  tokenizer/imm_reg[19]_i_30/O[0]
                         net (fo=3, routed)           0.520    28.861    tokenizer/imm_reg[19]_i_30_n_7
    SLICE_X37Y69         LUT2 (Prop_lut2_I1_O)        0.295    29.156 r  tokenizer/imm[19]_i_34/O
                         net (fo=1, routed)           0.000    29.156    tokenizer/imm[19]_i_34_n_0
    SLICE_X37Y69         CARRY4 (Prop_carry4_S[1]_O[1])
                                                      0.227    29.383 r  tokenizer/imm_reg[19]_i_19/O[1]
                         net (fo=3, routed)           0.929    30.312    tokenizer/imm_reg[19]_i_19_n_6
    SLICE_X48Y67         LUT3 (Prop_lut3_I2_O)        0.303    30.615 r  tokenizer/imm[24]_i_175/O
                         net (fo=2, routed)           0.798    31.413    tokenizer/imm[24]_i_175_n_0
    SLICE_X39Y69         LUT6 (Prop_lut6_I0_O)        0.124    31.537 r  tokenizer/imm[24]_i_178/O
                         net (fo=1, routed)           0.000    31.537    tokenizer/imm[24]_i_178_n_0
    SLICE_X39Y69         CARRY4 (Prop_carry4_S[1]_O[2])
                                                      0.580    32.117 r  tokenizer/imm_reg[24]_i_88/O[2]
                         net (fo=3, routed)           0.456    32.573    tokenizer/imm_reg[24]_i_88_n_5
    SLICE_X40Y70         LUT2 (Prop_lut2_I1_O)        0.302    32.875 r  tokenizer/imm[19]_i_26/O
                         net (fo=1, routed)           0.000    32.875    tokenizer/imm[19]_i_26_n_0
    SLICE_X40Y70         CARRY4 (Prop_carry4_S[3]_CO[3])
                                                      0.401    33.276 r  tokenizer/imm_reg[19]_i_18/CO[3]
                         net (fo=1, routed)           0.000    33.276    tokenizer/imm_reg[19]_i_18_n_0
    SLICE_X40Y71         CARRY4 (Prop_carry4_CI_O[1])
                                                      0.334    33.610 r  tokenizer/imm_reg[24]_i_34/O[1]
                         net (fo=2, routed)           0.741    34.351    tokenizer/imm_reg[24]_i_34_n_6
    SLICE_X40Y75         LUT5 (Prop_lut5_I0_O)        0.299    34.650 r  tokenizer/imm[29]_i_62/O
                         net (fo=9, routed)           0.706    35.356    tokenizer/imm[29]_i_62_n_0
    SLICE_X42Y71         LUT2 (Prop_lut2_I0_O)        0.327    35.683 r  tokenizer/imm[29]_i_66/O
                         net (fo=1, routed)           0.000    35.683    tokenizer/imm[29]_i_66_n_0
    SLICE_X42Y71         CARRY4 (Prop_carry4_S[1]_O[2])
                                                      0.578    36.261 r  tokenizer/imm_reg[29]_i_34/O[2]
                         net (fo=3, routed)           0.422    36.683    tokenizer/imm_reg[29]_i_34_n_5
    SLICE_X43Y71         LUT2 (Prop_lut2_I1_O)        0.301    36.984 r  tokenizer/imm[24]_i_93/O
                         net (fo=1, routed)           0.000    36.984    tokenizer/imm[24]_i_93_n_0
    SLICE_X43Y71         CARRY4 (Prop_carry4_S[3]_O[3])
                                                      0.248    37.232 r  tokenizer/imm_reg[24]_i_35/O[3]
                         net (fo=2, routed)           0.469    37.701    tokenizer/imm_reg[24]_i_35_n_4
    SLICE_X39Y73         LUT6 (Prop_lut6_I1_O)        0.306    38.007 r  tokenizer/imm[24]_i_14/O
                         net (fo=4, routed)           0.734    38.741    tokenizer/imm[24]_i_14_n_0
    SLICE_X49Y73         CARRY4 (Prop_carry4_DI[3]_CO[3])
                                                      0.385    39.126 r  tokenizer/imm_reg[30]_i_111/CO[3]
                         net (fo=1, routed)           0.000    39.126    tokenizer/imm_reg[30]_i_111_n_0
    SLICE_X49Y74         CARRY4 (Prop_carry4_CI_O[0])
                                                      0.222    39.348 r  tokenizer/imm_reg[30]_i_51/O[0]
                         net (fo=3, routed)           0.502    39.851    tokenizer/imm_reg[30]_i_51_n_7
    SLICE_X50Y74         LUT2 (Prop_lut2_I1_O)        0.299    40.150 r  tokenizer/imm[30]_i_114/O
                         net (fo=1, routed)           0.000    40.150    tokenizer/imm[30]_i_114_n_0
    SLICE_X50Y74         CARRY4 (Prop_carry4_S[1]_O[1])
                                                      0.230    40.380 r  tokenizer/imm_reg[30]_i_50/O[1]
                         net (fo=3, routed)           0.886    41.266    tokenizer/imm_reg[30]_i_50_n_6
    SLICE_X52Y74         LUT3 (Prop_lut3_I2_O)        0.332    41.598 r  tokenizer/imm[31]_i_203/O
                         net (fo=2, routed)           0.604    42.202    tokenizer/imm[31]_i_203_n_0
    SLICE_X51Y75         LUT2 (Prop_lut2_I0_O)        0.326    42.528 r  tokenizer/imm[31]_i_132/O
                         net (fo=1, routed)           0.000    42.528    tokenizer/imm[31]_i_132_n_0
    SLICE_X51Y75         CARRY4 (Prop_carry4_S[1]_O[2])
                                                      0.580    43.108 r  tokenizer/imm_reg[31]_i_67/O[2]
                         net (fo=3, routed)           0.485    43.593    tokenizer/imm_reg[31]_i_67_n_5
    SLICE_X48Y75         LUT2 (Prop_lut2_I1_O)        0.302    43.895 r  tokenizer/imm[28]_i_102/O
                         net (fo=1, routed)           0.000    43.895    tokenizer/imm[28]_i_102_n_0
    SLICE_X48Y75         CARRY4 (Prop_carry4_S[3]_O[3])
                                                      0.248    44.143 r  tokenizer/imm_reg[28]_i_53/O[3]
                         net (fo=1, routed)           0.777    44.920    tokenizer/imm_reg[28]_i_53_n_4
    SLICE_X47Y76         LUT4 (Prop_lut4_I2_O)        0.334    45.254 f  tokenizer/imm[28]_i_17/O
                         net (fo=1, routed)           0.408    45.662    tokenizer/imm[28]_i_17_n_0
    SLICE_X47Y77         LUT6 (Prop_lut6_I0_O)        0.332    45.994 f  tokenizer/imm[28]_i_6/O
                         net (fo=1, routed)           0.632    46.627    tokenizer/imm[28]_i_6_n_0
    SLICE_X53Y82         LUT6 (Prop_lut6_I4_O)        0.124    46.751 r  tokenizer/imm[28]_i_1/O
                         net (fo=1, routed)           0.000    46.751    operand_interpreter/imm_reg[31]_2[28]
    SLICE_X53Y82         FDRE                                         r  operand_interpreter/imm_reg[28]/D
  -------------------------------------------------------------------    -------------------

                         (clock sys_clk_pin rise edge)
                                                     50.000    50.000 r  <hidden>
    E3                                                0.000    50.000 r  CLK100MHZ
                         net (fo=0)                   0.000    50.000    CLK100MHZ
    E3                   IBUF (Prop_ibuf_I_O)         1.411    51.411 r  CLK100MHZ_IBUF_inst/O
                         net (fo=1, routed)           1.920    53.331    CLK100MHZ_IBUF
    BUFGCTRL_X0Y16       BUFG (Prop_bufg_I_O)         0.091    53.422 r  CLK100MHZ_IBUF_BUFG_inst/O
                         net (fo=1685, routed)        1.496    54.919    operand_interpreter/CLK100MHZ_IBUF_BUFG
    SLICE_X53Y82         FDRE                                         r  operand_interpreter/imm_reg[28]/C
                         clock pessimism              0.187    55.106    <hidden>
                         clock uncertainty           -0.035    55.070    <hidden>
    SLICE_X53Y82         FDRE (Setup_fdre_C_D)        0.031    55.101    operand_interpreter/imm_reg[28]
  -------------------------------------------------------------------
                         required time                         55.101    <hidden>
                         arrival time                         -46.751    <hidden>
  -------------------------------------------------------------------
                         slack                                  8.351    <hidden>

Slack (MET) :             8.719ns  (required time - arrival time)
  Source:                 tokenizer/token2_reg[92]/C
                            (rising edge-triggered cell FDRE clocked by sys_clk_pin  {rise@0.000ns fall@5.000ns period=50.000ns})
  Destination:            operand_interpreter/imm_reg[27]/D
                            (rising edge-triggered cell FDRE clocked by sys_clk_pin  {rise@0.000ns fall@5.000ns period=50.000ns})
  Path Group:             sys_clk_pin
  Path Type:              Setup (Max at Slow Process Corner)
  Requirement:            50.000ns  (sys_clk_pin rise@50.000ns - sys_clk_pin rise@0.000ns)
  Data Path Delay:        41.274ns  (logic 19.063ns (46.186%)  route 22.211ns (53.814%))
  Logic Levels:           61  (CARRY4=27 LUT2=13 LUT3=4 LUT4=4 LUT5=6 LUT6=7)
  Clock Path Skew:        -0.050ns (DCD - SCD + CPR)
    Destination Clock Delay (DCD):    4.919ns = ( 54.919 - 50.000 ) 
    Source Clock Delay      (SCD):    5.228ns
    Clock Pessimism Removal (CPR):    0.259ns
  Clock Uncertainty:      0.035ns  ((TSJ^2 + TIJ^2)^1/2 + DJ) / 2 + PE
    Total System Jitter     (TSJ):    0.071ns
    Total Input Jitter      (TIJ):    0.000ns
    Discrete Jitter          (DJ):    0.000ns
    Phase Error              (PE):    0.000ns

    Location             Delay type                Incr(ns)  Path(ns)    Netlist Resource(s)
  -------------------------------------------------------------------    -------------------
                         (clock sys_clk_pin rise edge)
                                                      0.000     0.000 r  <hidden>
    E3                                                0.000     0.000 r  CLK100MHZ
                         net (fo=0)                   0.000     0.000    CLK100MHZ
    E3                   IBUF (Prop_ibuf_I_O)         1.482     1.482 r  CLK100MHZ_IBUF_inst/O
                         net (fo=1, routed)           2.025     3.506    CLK100MHZ_IBUF
    BUFGCTRL_X0Y16       BUFG (Prop_bufg_I_O)         0.096     3.602 r  CLK100MHZ_IBUF_BUFG_inst/O
                         net (fo=1685, routed)        1.625     5.228    tokenizer/clk
    SLICE_X54Y56         FDRE                                         r  tokenizer/token2_reg[92]/C
  -------------------------------------------------------------------    -------------------
    SLICE_X54Y56         FDRE (Prop_fdre_C_Q)         0.518     5.746 r  tokenizer/token2_reg[92]/Q
                         net (fo=25, routed)          1.128     6.874    tokenizer/token2[92]
    SLICE_X58Y59         LUT2 (Prop_lut2_I0_O)        0.124     6.998 r  tokenizer/imm[31]_i_31/O
                         net (fo=2, routed)           0.663     7.660    tokenizer/imm[31]_i_31_n_0
    SLICE_X57Y57         LUT6 (Prop_lut6_I1_O)        0.124     7.784 r  tokenizer/imm[17]_i_81/O
                         net (fo=33, routed)          0.657     8.441    tokenizer/imm[17]_i_81_n_0
    SLICE_X56Y59         LUT3 (Prop_lut3_I0_O)        0.124     8.565 r  tokenizer/imm[16]_i_128/O
                         net (fo=1, routed)           0.000     8.565    tokenizer/imm[16]_i_128_n_0
    SLICE_X56Y59         CARRY4 (Prop_carry4_S[1]_O[2])
                                                      0.578     9.143 r  tokenizer/imm_reg[16]_i_99/O[2]
                         net (fo=2, routed)           0.466     9.609    tokenizer/imm_reg[16]_i_99_n_5
    SLICE_X57Y58         LUT2 (Prop_lut2_I1_O)        0.301     9.910 r  tokenizer/imm[16]_i_100/O
                         net (fo=1, routed)           0.000     9.910    tokenizer/imm[16]_i_100_n_0
    SLICE_X57Y58         CARRY4 (Prop_carry4_S[3]_CO[3])
                                                      0.401    10.311 r  tokenizer/imm_reg[16]_i_74/CO[3]
                         net (fo=1, routed)           0.000    10.311    tokenizer/imm_reg[16]_i_74_n_0
    SLICE_X57Y59         CARRY4 (Prop_carry4_CI_O[0])
                                                      0.222    10.533 r  tokenizer/imm_reg[17]_i_80/O[0]
                         net (fo=3, routed)           0.839    11.372    tokenizer/imm_reg[17]_i_80_n_7
    SLICE_X58Y59         LUT5 (Prop_lut5_I4_O)        0.325    11.697 r  tokenizer/imm[28]_i_341/O
                         net (fo=2, routed)           0.627    12.324    tokenizer/imm[28]_i_341_n_0
    SLICE_X54Y59         LUT5 (Prop_lut5_I0_O)        0.348    12.672 r  tokenizer/imm[28]_i_345/O
                         net (fo=1, routed)           0.000    12.672    tokenizer/imm[28]_i_345_n_0
    SLICE_X54Y59         CARRY4 (Prop_carry4_S[0]_O[0])
                                                      0.252    12.924 r  tokenizer/imm_reg[28]_i_264/O[0]
                         net (fo=4, routed)           0.637    13.561    tokenizer/imm_reg[28]_i_264_n_7
    SLICE_X55Y59         LUT4 (Prop_lut4_I0_O)        0.295    13.856 r  tokenizer/imm[19]_i_67/O
                         net (fo=1, routed)           0.000    13.856    tokenizer/imm[19]_i_67_n_0
    SLICE_X55Y59         CARRY4 (Prop_carry4_S[1]_O[2])
                                                      0.580    14.436 r  tokenizer/imm_reg[19]_i_60/O[2]
                         net (fo=4, routed)           0.847    15.283    tokenizer/imm_reg[19]_i_60_n_5
    SLICE_X56Y58         LUT5 (Prop_lut5_I4_O)        0.328    15.611 r  tokenizer/imm[24]_i_259/O
                         net (fo=1, routed)           0.549    16.160    tokenizer/imm[24]_i_259_n_0
    SLICE_X59Y61         CARRY4 (Prop_carry4_DI[2]_CO[3])
                                                      0.602    16.762 r  tokenizer/imm_reg[24]_i_212/CO[3]
                         net (fo=1, routed)           0.000    16.762    tokenizer/imm_reg[24]_i_212_n_0
    SLICE_X59Y62         CARRY4 (Prop_carry4_CI_O[0])
                                                      0.222    16.984 r  tokenizer/imm_reg[28]_i_298/O[0]
                         net (fo=3, routed)           0.454    17.438    tokenizer/imm_reg[28]_i_298_n_7
    SLICE_X58Y62         LUT2 (Prop_lut2_I1_O)        0.299    17.737 r  tokenizer/imm[24]_i_215/O
                         net (fo=1, routed)           0.000    17.737    tokenizer/imm[24]_i_215_n_0
    SLICE_X58Y62         CARRY4 (Prop_carry4_S[1]_O[2])
                                                      0.578    18.315 r  tokenizer/imm_reg[24]_i_171/O[2]
                         net (fo=4, routed)           1.104    19.419    tokenizer/imm_reg[24]_i_171_n_5
    SLICE_X62Y64         LUT5 (Prop_lut5_I1_O)        0.301    19.720 r  tokenizer/imm[31]_i_339/O
                         net (fo=1, routed)           0.000    19.720    tokenizer/imm[31]_i_339_n_0
    SLICE_X62Y64         CARRY4 (Prop_carry4_S[2]_O[2])
                                                      0.250    19.970 r  tokenizer/imm_reg[31]_i_207/O[2]
                         net (fo=3, routed)           0.467    20.437    tokenizer/imm_reg[31]_i_207_n_5
    SLICE_X63Y63         LUT2 (Prop_lut2_I1_O)        0.301    20.738 r  tokenizer/imm[24]_i_208/O
                         net (fo=1, routed)           0.000    20.738    tokenizer/imm[24]_i_208_n_0
    SLICE_X63Y63         CARRY4 (Prop_carry4_S[3]_O[3])
                                                      0.248    20.986 r  tokenizer/imm_reg[24]_i_170/O[3]
                         net (fo=1, routed)           0.461    21.447    tokenizer/imm_reg[24]_i_170_n_4
    SLICE_X65Y66         LUT5 (Prop_lut5_I0_O)        0.306    21.753 r  tokenizer/imm[24]_i_83/O
                         net (fo=8, routed)           0.842    22.594    tokenizer/imm[24]_i_83_n_0
    SLICE_X66Y69         LUT2 (Prop_lut2_I0_O)        0.124    22.718 r  tokenizer/imm[28]_i_294/O
                         net (fo=1, routed)           0.000    22.718    tokenizer/imm[28]_i_294_n_0
    SLICE_X66Y69         CARRY4 (Prop_carry4_S[3]_CO[3])
                                                      0.376    23.094 r  tokenizer/imm_reg[28]_i_170/CO[3]
                         net (fo=1, routed)           0.000    23.094    tokenizer/imm_reg[28]_i_170_n_0
    SLICE_X66Y70         CARRY4 (Prop_carry4_CI_O[0])
                                                      0.219    23.313 r  tokenizer/imm_reg[28]_i_169/O[0]
                         net (fo=3, routed)           0.461    23.774    tokenizer/imm_reg[28]_i_169_n_7
    SLICE_X64Y69         LUT2 (Prop_lut2_I1_O)        0.295    24.069 r  tokenizer/imm[28]_i_173/O
                         net (fo=1, routed)           0.000    24.069    tokenizer/imm[28]_i_173_n_0
    SLICE_X64Y69         CARRY4 (Prop_carry4_S[1]_O[2])
                                                      0.580    24.649 r  tokenizer/imm_reg[28]_i_98/O[2]
                         net (fo=1, routed)           0.587    25.236    tokenizer/imm_reg[28]_i_98_n_5
    SLICE_X65Y66         LUT6 (Prop_lut6_I3_O)        0.302    25.538 r  tokenizer/imm[27]_i_70/O
                         net (fo=8, routed)           0.722    26.261    tokenizer/imm[28]_i_237_n_0
    SLICE_X65Y71         LUT6 (Prop_lut6_I0_O)        0.124    26.385 r  tokenizer/imm[28]_i_240/O
                         net (fo=1, routed)           0.000    26.385    tokenizer/imm[28]_i_240_n_0
    SLICE_X65Y71         CARRY4 (Prop_carry4_S[2]_O[2])
                                                      0.248    26.633 r  tokenizer/imm_reg[28]_i_146/O[2]
                         net (fo=3, routed)           0.478    27.110    tokenizer/imm_reg[28]_i_146_n_5
    SLICE_X63Y73         LUT2 (Prop_lut2_I1_O)        0.302    27.412 r  tokenizer/imm[28]_i_148/O
                         net (fo=1, routed)           0.000    27.412    tokenizer/imm[28]_i_148_n_0
    SLICE_X63Y73         CARRY4 (Prop_carry4_S[3]_CO[3])
                                                      0.401    27.813 r  tokenizer/imm_reg[28]_i_94/CO[3]
                         net (fo=1, routed)           0.000    27.813    tokenizer/imm_reg[28]_i_94_n_0
    SLICE_X63Y74         CARRY4 (Prop_carry4_CI_O[0])
                                                      0.222    28.035 r  tokenizer/imm_reg[24]_i_55/O[0]
                         net (fo=4, routed)           0.811    28.846    tokenizer/imm_reg[24]_i_55_n_7
    SLICE_X62Y73         LUT3 (Prop_lut3_I2_O)        0.325    29.171 r  tokenizer/imm[24]_i_201/O
                         net (fo=2, routed)           0.401    29.572    tokenizer/imm[24]_i_201_n_0
    SLICE_X61Y73         LUT4 (Prop_lut4_I3_O)        0.328    29.900 r  tokenizer/imm[24]_i_150/O
                         net (fo=1, routed)           0.000    29.900    tokenizer/imm[24]_i_150_n_0
    SLICE_X61Y73         CARRY4 (Prop_carry4_S[0]_O[0])
                                                      0.247    30.147 r  tokenizer/imm_reg[24]_i_61/O[0]
                         net (fo=3, routed)           0.454    30.601    tokenizer/imm_reg[24]_i_61_n_7
    SLICE_X60Y73         LUT2 (Prop_lut2_I1_O)        0.299    30.900 r  tokenizer/imm[20]_i_40/O
                         net (fo=1, routed)           0.000    30.900    tokenizer/imm[20]_i_40_n_0
    SLICE_X60Y73         CARRY4 (Prop_carry4_S[1]_O[1])
                                                      0.230    31.130 r  tokenizer/imm_reg[20]_i_24/O[1]
                         net (fo=1, routed)           0.674    31.804    tokenizer/imm_reg[20]_i_24_n_6
    SLICE_X67Y72         LUT6 (Prop_lut6_I0_O)        0.306    32.110 f  tokenizer/imm[30]_i_139/O
                         net (fo=1, routed)           0.149    32.259    tokenizer/imm[30]_i_139_n_0
    SLICE_X67Y72         LUT6 (Prop_lut6_I0_O)        0.124    32.383 r  tokenizer/imm[30]_i_59/O
                         net (fo=7, routed)           0.768    33.151    tokenizer/imm[30]_i_214_n_0
    SLICE_X59Y75         LUT2 (Prop_lut2_I0_O)        0.124    33.275 r  tokenizer/imm[30]_i_218/O
                         net (fo=1, routed)           0.000    33.275    tokenizer/imm[30]_i_218_n_0
    SLICE_X59Y75         CARRY4 (Prop_carry4_S[1]_O[2])
                                                      0.580    33.855 r  tokenizer/imm_reg[30]_i_127/O[2]
                         net (fo=3, routed)           0.520    34.375    tokenizer/imm_reg[30]_i_127_n_5
    SLICE_X58Y75         LUT2 (Prop_lut2_I1_O)        0.302    34.677 r  tokenizer/imm[30]_i_129/O
                         net (fo=1, routed)           0.000    34.677    tokenizer/imm[30]_i_129_n_0
    SLICE_X58Y75         CARRY4 (Prop_carry4_S[3]_O[3])
                                                      0.255    34.932 r  tokenizer/imm_reg[30]_i_57/O[3]
                         net (fo=2, routed)           0.648    35.580    tokenizer/imm_reg[30]_i_57_n_4
    SLICE_X58Y79         LUT5 (Prop_lut5_I0_O)        0.307    35.887 r  tokenizer/imm[31]_i_184/O
                         net (fo=8, routed)           1.020    36.907    tokenizer/imm[31]_i_184_n_0
    SLICE_X57Y71         LUT4 (Prop_lut4_I3_O)        0.124    37.031 r  tokenizer/imm[30]_i_230/O
                         net (fo=1, routed)           0.000    37.031    tokenizer/imm[30]_i_230_n_0
    SLICE_X57Y71         CARRY4 (Prop_carry4_S[3]_O[3])
                                                      0.248    37.279 r  tokenizer/imm_reg[30]_i_133/O[3]
                         net (fo=3, routed)           0.470    37.749    tokenizer/imm_reg[30]_i_133_n_4
    SLICE_X56Y72         LUT2 (Prop_lut2_I1_O)        0.306    38.055 r  tokenizer/imm[28]_i_63/O
                         net (fo=1, routed)           0.000    38.055    tokenizer/imm[28]_i_63_n_0
    SLICE_X56Y72         CARRY4 (Prop_carry4_S[0]_O[0])
                                                      0.252    38.307 r  tokenizer/imm_reg[28]_i_29/O[0]
                         net (fo=5, routed)           1.178    39.485    tokenizer/imm_reg[28]_i_29_n_7
    SLICE_X58Y80         LUT3 (Prop_lut3_I0_O)        0.321    39.806 r  tokenizer/imm[28]_i_128/O
                         net (fo=1, routed)           0.456    40.261    tokenizer/imm[28]_i_128_n_0
    SLICE_X56Y80         LUT6 (Prop_lut6_I5_O)        0.328    40.589 r  tokenizer/imm[28]_i_77/O
                         net (fo=1, routed)           0.000    40.589    tokenizer/imm[28]_i_77_n_0
    SLICE_X56Y80         CARRY4 (Prop_carry4_S[2]_O[2])
                                                      0.250    40.839 r  tokenizer/imm_reg[28]_i_35/O[2]
                         net (fo=3, routed)           0.431    41.270    tokenizer/imm_reg[28]_i_35_n_5
    SLICE_X55Y79         LUT2 (Prop_lut2_I1_O)        0.301    41.571 r  tokenizer/imm[24]_i_40/O
                         net (fo=1, routed)           0.000    41.571    tokenizer/imm[24]_i_40_n_0
    SLICE_X55Y79         CARRY4 (Prop_carry4_S[3]_O[3])
                                                      0.248    41.819 r  tokenizer/imm_reg[24]_i_16/O[3]
                         net (fo=4, routed)           0.833    42.652    tokenizer/imm_reg[24]_i_16_n_4
    SLICE_X54Y79         LUT4 (Prop_lut4_I0_O)        0.306    42.958 r  tokenizer/imm[28]_i_84/O
                         net (fo=1, routed)           0.000    42.958    tokenizer/imm[28]_i_84_n_0
    SLICE_X54Y79         CARRY4 (Prop_carry4_S[3]_CO[3])
                                                      0.376    43.334 r  tokenizer/imm_reg[28]_i_40/CO[3]
                         net (fo=1, routed)           0.000    43.334    tokenizer/imm_reg[28]_i_40_n_0
    SLICE_X54Y80         CARRY4 (Prop_carry4_CI_O[0])
                                                      0.219    43.553 r  tokenizer/imm_reg[31]_i_49/O[0]
                         net (fo=3, routed)           0.470    44.023    tokenizer/imm_reg[31]_i_49_n_7
    SLICE_X53Y80         LUT2 (Prop_lut2_I1_O)        0.295    44.318 r  tokenizer/imm[28]_i_43/O
                         net (fo=1, routed)           0.000    44.318    tokenizer/imm[28]_i_43_n_0
    SLICE_X53Y80         CARRY4 (Prop_carry4_S[1]_O[2])
                                                      0.580    44.898 r  tokenizer/imm_reg[28]_i_13/O[2]
                         net (fo=1, routed)           0.644    45.542    tokenizer/imm_reg[28]_i_13_n_5
    SLICE_X53Y82         LUT3 (Prop_lut3_I2_O)        0.330    45.872 r  tokenizer/imm[27]_i_3/O
                         net (fo=1, routed)           0.298    46.170    tokenizer/imm[27]_i_3_n_0
    SLICE_X54Y82         LUT6 (Prop_lut6_I2_O)        0.332    46.502 r  tokenizer/imm[27]_i_1/O
                         net (fo=1, routed)           0.000    46.502    operand_interpreter/imm_reg[31]_2[27]
    SLICE_X54Y82         FDRE                                         r  operand_interpreter/imm_reg[27]/D
  -------------------------------------------------------------------    -------------------

                         (clock sys_clk_pin rise edge)
                                                     50.000    50.000 r  <hidden>
    E3                                                0.000    50.000 r  CLK100MHZ
                         net (fo=0)                   0.000    50.000    CLK100MHZ
    E3                   IBUF (Prop_ibuf_I_O)         1.411    51.411 r  CLK100MHZ_IBUF_inst/O
                         net (fo=1, routed)           1.920    53.331    CLK100MHZ_IBUF
    BUFGCTRL_X0Y16       BUFG (Prop_bufg_I_O)         0.091    53.422 r  CLK100MHZ_IBUF_BUFG_inst/O
                         net (fo=1685, routed)        1.496    54.919    operand_interpreter/CLK100MHZ_IBUF_BUFG
    SLICE_X54Y82         FDRE                                         r  operand_interpreter/imm_reg[27]/C
                         clock pessimism              0.259    55.178    <hidden>
                         clock uncertainty           -0.035    55.142    <hidden>
    SLICE_X54Y82         FDRE (Setup_fdre_C_D)        0.079    55.221    operand_interpreter/imm_reg[27]
  -------------------------------------------------------------------
                         required time                         55.221    <hidden>
                         arrival time                         -46.502    <hidden>
  -------------------------------------------------------------------
                         slack                                  8.719    <hidden>

Slack (MET) :             9.216ns  (required time - arrival time)
  Source:                 tokenizer/token2_reg[92]/C
                            (rising edge-triggered cell FDRE clocked by sys_clk_pin  {rise@0.000ns fall@5.000ns period=50.000ns})
  Destination:            operand_interpreter/imm_reg[26]/D
                            (rising edge-triggered cell FDRE clocked by sys_clk_pin  {rise@0.000ns fall@5.000ns period=50.000ns})
  Path Group:             sys_clk_pin
  Path Type:              Setup (Max at Slow Process Corner)
  Requirement:            50.000ns  (sys_clk_pin rise@50.000ns - sys_clk_pin rise@0.000ns)
  Data Path Delay:        40.727ns  (logic 18.475ns (45.363%)  route 22.252ns (54.637%))
  Logic Levels:           61  (CARRY4=27 LUT2=13 LUT3=4 LUT4=4 LUT5=6 LUT6=7)
  Clock Path Skew:        -0.050ns (DCD - SCD + CPR)
    Destination Clock Delay (DCD):    4.919ns = ( 54.919 - 50.000 ) 
    Source Clock Delay      (SCD):    5.228ns
    Clock Pessimism Removal (CPR):    0.259ns
  Clock Uncertainty:      0.035ns  ((TSJ^2 + TIJ^2)^1/2 + DJ) / 2 + PE
    Total System Jitter     (TSJ):    0.071ns
    Total Input Jitter      (TIJ):    0.000ns
    Discrete Jitter          (DJ):    0.000ns
    Phase Error              (PE):    0.000ns

    Location             Delay type                Incr(ns)  Path(ns)    Netlist Resource(s)
  -------------------------------------------------------------------    -------------------
                         (clock sys_clk_pin rise edge)
                                                      0.000     0.000 r  <hidden>
    E3                                                0.000     0.000 r  CLK100MHZ
                         net (fo=0)                   0.000     0.000    CLK100MHZ
    E3                   IBUF (Prop_ibuf_I_O)         1.482     1.482 r  CLK100MHZ_IBUF_inst/O
                         net (fo=1, routed)           2.025     3.506    CLK100MHZ_IBUF
    BUFGCTRL_X0Y16       BUFG (Prop_bufg_I_O)         0.096     3.602 r  CLK100MHZ_IBUF_BUFG_inst/O
                         net (fo=1685, routed)        1.625     5.228    tokenizer/clk
    SLICE_X54Y56         FDRE                                         r  tokenizer/token2_reg[92]/C
  -------------------------------------------------------------------    -------------------
    SLICE_X54Y56         FDRE (Prop_fdre_C_Q)         0.518     5.746 r  tokenizer/token2_reg[92]/Q
                         net (fo=25, routed)          1.128     6.874    tokenizer/token2[92]
    SLICE_X58Y59         LUT2 (Prop_lut2_I0_O)        0.124     6.998 r  tokenizer/imm[31]_i_31/O
                         net (fo=2, routed)           0.663     7.660    tokenizer/imm[31]_i_31_n_0
    SLICE_X57Y57         LUT6 (Prop_lut6_I1_O)        0.124     7.784 r  tokenizer/imm[17]_i_81/O
                         net (fo=33, routed)          0.657     8.441    tokenizer/imm[17]_i_81_n_0
    SLICE_X56Y59         LUT3 (Prop_lut3_I0_O)        0.124     8.565 r  tokenizer/imm[16]_i_128/O
                         net (fo=1, routed)           0.000     8.565    tokenizer/imm[16]_i_128_n_0
    SLICE_X56Y59         CARRY4 (Prop_carry4_S[1]_O[2])
                                                      0.578     9.143 r  tokenizer/imm_reg[16]_i_99/O[2]
                         net (fo=2, routed)           0.466     9.609    tokenizer/imm_reg[16]_i_99_n_5
    SLICE_X57Y58         LUT2 (Prop_lut2_I1_O)        0.301     9.910 r  tokenizer/imm[16]_i_100/O
                         net (fo=1, routed)           0.000     9.910    tokenizer/imm[16]_i_100_n_0
    SLICE_X57Y58         CARRY4 (Prop_carry4_S[3]_CO[3])
                                                      0.401    10.311 r  tokenizer/imm_reg[16]_i_74/CO[3]
                         net (fo=1, routed)           0.000    10.311    tokenizer/imm_reg[16]_i_74_n_0
    SLICE_X57Y59         CARRY4 (Prop_carry4_CI_O[0])
                                                      0.222    10.533 r  tokenizer/imm_reg[17]_i_80/O[0]
                         net (fo=3, routed)           0.839    11.372    tokenizer/imm_reg[17]_i_80_n_7
    SLICE_X58Y59         LUT5 (Prop_lut5_I4_O)        0.325    11.697 r  tokenizer/imm[28]_i_341/O
                         net (fo=2, routed)           0.627    12.324    tokenizer/imm[28]_i_341_n_0
    SLICE_X54Y59         LUT5 (Prop_lut5_I0_O)        0.348    12.672 r  tokenizer/imm[28]_i_345/O
                         net (fo=1, routed)           0.000    12.672    tokenizer/imm[28]_i_345_n_0
    SLICE_X54Y59         CARRY4 (Prop_carry4_S[0]_O[0])
                                                      0.252    12.924 r  tokenizer/imm_reg[28]_i_264/O[0]
                         net (fo=4, routed)           0.637    13.561    tokenizer/imm_reg[28]_i_264_n_7
    SLICE_X55Y59         LUT4 (Prop_lut4_I0_O)        0.295    13.856 r  tokenizer/imm[19]_i_67/O
                         net (fo=1, routed)           0.000    13.856    tokenizer/imm[19]_i_67_n_0
    SLICE_X55Y59         CARRY4 (Prop_carry4_S[1]_O[2])
                                                      0.580    14.436 r  tokenizer/imm_reg[19]_i_60/O[2]
                         net (fo=4, routed)           0.847    15.283    tokenizer/imm_reg[19]_i_60_n_5
    SLICE_X56Y58         LUT5 (Prop_lut5_I4_O)        0.328    15.611 r  tokenizer/imm[24]_i_259/O
                         net (fo=1, routed)           0.549    16.160    tokenizer/imm[24]_i_259_n_0
    SLICE_X59Y61         CARRY4 (Prop_carry4_DI[2]_CO[3])
                                                      0.602    16.762 r  tokenizer/imm_reg[24]_i_212/CO[3]
                         net (fo=1, routed)           0.000    16.762    tokenizer/imm_reg[24]_i_212_n_0
    SLICE_X59Y62         CARRY4 (Prop_carry4_CI_O[0])
                                                      0.222    16.984 r  tokenizer/imm_reg[28]_i_298/O[0]
                         net (fo=3, routed)           0.454    17.438    tokenizer/imm_reg[28]_i_298_n_7
    SLICE_X58Y62         LUT2 (Prop_lut2_I1_O)        0.299    17.737 r  tokenizer/imm[24]_i_215/O
                         net (fo=1, routed)           0.000    17.737    tokenizer/imm[24]_i_215_n_0
    SLICE_X58Y62         CARRY4 (Prop_carry4_S[1]_O[2])
                                                      0.578    18.315 r  tokenizer/imm_reg[24]_i_171/O[2]
                         net (fo=4, routed)           1.104    19.419    tokenizer/imm_reg[24]_i_171_n_5
    SLICE_X62Y64         LUT5 (Prop_lut5_I1_O)        0.301    19.720 r  tokenizer/imm[31]_i_339/O
                         net (fo=1, routed)           0.000    19.720    tokenizer/imm[31]_i_339_n_0
    SLICE_X62Y64         CARRY4 (Prop_carry4_S[2]_O[2])
                                                      0.250    19.970 r  tokenizer/imm_reg[31]_i_207/O[2]
                         net (fo=3, routed)           0.467    20.437    tokenizer/imm_reg[31]_i_207_n_5
    SLICE_X63Y63         LUT2 (Prop_lut2_I1_O)        0.301    20.738 r  tokenizer/imm[24]_i_208/O
                         net (fo=1, routed)           0.000    20.738    tokenizer/imm[24]_i_208_n_0
    SLICE_X63Y63         CARRY4 (Prop_carry4_S[3]_O[3])
                                                      0.248    20.986 r  tokenizer/imm_reg[24]_i_170/O[3]
                         net (fo=1, routed)           0.461    21.447    tokenizer/imm_reg[24]_i_170_n_4
    SLICE_X65Y66         LUT5 (Prop_lut5_I0_O)        0.306    21.753 r  tokenizer/imm[24]_i_83/O
                         net (fo=8, routed)           0.842    22.594    tokenizer/imm[24]_i_83_n_0
    SLICE_X66Y69         LUT2 (Prop_lut2_I0_O)        0.124    22.718 r  tokenizer/imm[28]_i_294/O
                         net (fo=1, routed)           0.000    22.718    tokenizer/imm[28]_i_294_n_0
    SLICE_X66Y69         CARRY4 (Prop_carry4_S[3]_CO[3])
                                                      0.376    23.094 r  tokenizer/imm_reg[28]_i_170/CO[3]
                         net (fo=1, routed)           0.000    23.094    tokenizer/imm_reg[28]_i_170_n_0
    SLICE_X66Y70         CARRY4 (Prop_carry4_CI_O[0])
                                                      0.219    23.313 r  tokenizer/imm_reg[28]_i_169/O[0]
                         net (fo=3, routed)           0.461    23.774    tokenizer/imm_reg[28]_i_169_n_7
    SLICE_X64Y69         LUT2 (Prop_lut2_I1_O)        0.295    24.069 r  tokenizer/imm[28]_i_173/O
                         net (fo=1, routed)           0.000    24.069    tokenizer/imm[28]_i_173_n_0
    SLICE_X64Y69         CARRY4 (Prop_carry4_S[1]_O[2])
                                                      0.580    24.649 r  tokenizer/imm_reg[28]_i_98/O[2]
                         net (fo=1, routed)           0.587    25.236    tokenizer/imm_reg[28]_i_98_n_5
    SLICE_X65Y66         LUT6 (Prop_lut6_I3_O)        0.302    25.538 r  tokenizer/imm[27]_i_70/O
                         net (fo=8, routed)           0.722    26.261    tokenizer/imm[28]_i_237_n_0
    SLICE_X65Y71         LUT6 (Prop_lut6_I0_O)        0.124    26.385 r  tokenizer/imm[28]_i_240/O
                         net (fo=1, routed)           0.000    26.385    tokenizer/imm[28]_i_240_n_0
    SLICE_X65Y71         CARRY4 (Prop_carry4_S[2]_O[2])
                                                      0.248    26.633 r  tokenizer/imm_reg[28]_i_146/O[2]
                         net (fo=3, routed)           0.478    27.110    tokenizer/imm_reg[28]_i_146_n_5
    SLICE_X63Y73         LUT2 (Prop_lut2_I1_O)        0.302    27.412 r  tokenizer/imm[28]_i_148/O
                         net (fo=1, routed)           0.000    27.412    tokenizer/imm[28]_i_148_n_0
    SLICE_X63Y73         CARRY4 (Prop_carry4_S[3]_CO[3])
                                                      0.401    27.813 r  tokenizer/imm_reg[28]_i_94/CO[3]
                         net (fo=1, routed)           0.000    27.813    tokenizer/imm_reg[28]_i_94_n_0
    SLICE_X63Y74         CARRY4 (Prop_carry4_CI_O[0])
                                                      0.222    28.035 r  tokenizer/imm_reg[24]_i_55/O[0]
                         net (fo=4, routed)           0.811    28.846    tokenizer/imm_reg[24]_i_55_n_7
    SLICE_X62Y73         LUT3 (Prop_lut3_I2_O)        0.325    29.171 r  tokenizer/imm[24]_i_201/O
                         net (fo=2, routed)           0.401    29.572    tokenizer/imm[24]_i_201_n_0
    SLICE_X61Y73         LUT4 (Prop_lut4_I3_O)        0.328    29.900 r  tokenizer/imm[24]_i_150/O
                         net (fo=1, routed)           0.000    29.900    tokenizer/imm[24]_i_150_n_0
    SLICE_X61Y73         CARRY4 (Prop_carry4_S[0]_O[0])
                                                      0.247    30.147 r  tokenizer/imm_reg[24]_i_61/O[0]
                         net (fo=3, routed)           0.454    30.601    tokenizer/imm_reg[24]_i_61_n_7
    SLICE_X60Y73         LUT2 (Prop_lut2_I1_O)        0.299    30.900 r  tokenizer/imm[20]_i_40/O
                         net (fo=1, routed)           0.000    30.900    tokenizer/imm[20]_i_40_n_0
    SLICE_X60Y73         CARRY4 (Prop_carry4_S[1]_O[1])
                                                      0.230    31.130 r  tokenizer/imm_reg[20]_i_24/O[1]
                         net (fo=1, routed)           0.674    31.804    tokenizer/imm_reg[20]_i_24_n_6
    SLICE_X67Y72         LUT6 (Prop_lut6_I0_O)        0.306    32.110 f  tokenizer/imm[30]_i_139/O
                         net (fo=1, routed)           0.149    32.259    tokenizer/imm[30]_i_139_n_0
    SLICE_X67Y72         LUT6 (Prop_lut6_I0_O)        0.124    32.383 r  tokenizer/imm[30]_i_59/O
                         net (fo=7, routed)           0.768    33.151    tokenizer/imm[30]_i_214_n_0
    SLICE_X59Y75         LUT2 (Prop_lut2_I0_O)        0.124    33.275 r  tokenizer/imm[30]_i_218/O
                         net (fo=1, routed)           0.000    33.275    tokenizer/imm[30]_i_218_n_0
    SLICE_X59Y75         CARRY4 (Prop_carry4_S[1]_O[2])
                                                      0.580    33.855 r  tokenizer/imm_reg[30]_i_127/O[2]
                         net (fo=3, routed)           0.520    34.375    tokenizer/imm_reg[30]_i_127_n_5
    SLICE_X58Y75         LUT2 (Prop_lut2_I1_O)        0.302    34.677 r  tokenizer/imm[30]_i_129/O
                         net (fo=1, routed)           0.000    34.677    tokenizer/imm[30]_i_129_n_0
    SLICE_X58Y75         CARRY4 (Prop_carry4_S[3]_O[3])
                                                      0.255    34.932 r  tokenizer/imm_reg[30]_i_57/O[3]
                         net (fo=2, routed)           0.648    35.580    tokenizer/imm_reg[30]_i_57_n_4
    SLICE_X58Y79         LUT5 (Prop_lut5_I0_O)        0.307    35.887 r  tokenizer/imm[31]_i_184/O
                         net (fo=8, routed)           1.020    36.907    tokenizer/imm[31]_i_184_n_0
    SLICE_X57Y71         LUT4 (Prop_lut4_I3_O)        0.124    37.031 r  tokenizer/imm[30]_i_230/O
                         net (fo=1, routed)           0.000    37.031    tokenizer/imm[30]_i_230_n_0
    SLICE_X57Y71         CARRY4 (Prop_carry4_S[3]_O[3])
                                                      0.248    37.279 r  tokenizer/imm_reg[30]_i_133/O[3]
                         net (fo=3, routed)           0.470    37.749    tokenizer/imm_reg[30]_i_133_n_4
    SLICE_X56Y72         LUT2 (Prop_lut2_I1_O)        0.306    38.055 r  tokenizer/imm[28]_i_63/O
                         net (fo=1, routed)           0.000    38.055    tokenizer/imm[28]_i_63_n_0
    SLICE_X56Y72         CARRY4 (Prop_carry4_S[0]_O[0])
                                                      0.252    38.307 r  tokenizer/imm_reg[28]_i_29/O[0]
                         net (fo=5, routed)           1.178    39.485    tokenizer/imm_reg[28]_i_29_n_7
    SLICE_X58Y80         LUT3 (Prop_lut3_I0_O)        0.321    39.806 r  tokenizer/imm[28]_i_128/O
                         net (fo=1, routed)           0.456    40.261    tokenizer/imm[28]_i_128_n_0
    SLICE_X56Y80         LUT6 (Prop_lut6_I5_O)        0.328    40.589 r  tokenizer/imm[28]_i_77/O
                         net (fo=1, routed)           0.000    40.589    tokenizer/imm[28]_i_77_n_0
    SLICE_X56Y80         CARRY4 (Prop_carry4_S[2]_O[2])
                                                      0.250    40.839 r  tokenizer/imm_reg[28]_i_35/O[2]
                         net (fo=3, routed)           0.431    41.270    tokenizer/imm_reg[28]_i_35_n_5
    SLICE_X55Y79         LUT2 (Prop_lut2_I1_O)        0.301    41.571 r  tokenizer/imm[24]_i_40/O
                         net (fo=1, routed)           0.000    41.571    tokenizer/imm[24]_i_40_n_0
    SLICE_X55Y79         CARRY4 (Prop_carry4_S[3]_O[3])
                                                      0.248    41.819 r  tokenizer/imm_reg[24]_i_16/O[3]
                         net (fo=4, routed)           0.833    42.652    tokenizer/imm_reg[24]_i_16_n_4
    SLICE_X54Y79         LUT4 (Prop_lut4_I0_O)        0.306    42.958 r  tokenizer/imm[28]_i_84/O
                         net (fo=1, routed)           0.000    42.958    tokenizer/imm[28]_i_84_n_0
    SLICE_X54Y79         CARRY4 (Prop_carry4_S[3]_CO[3])
                                                      0.376    43.334 r  tokenizer/imm_reg[28]_i_40/CO[3]
                         net (fo=1, routed)           0.000    43.334    tokenizer/imm_reg[28]_i_40_n_0
    SLICE_X54Y80         CARRY4 (Prop_carry4_CI_O[0])
                                                      0.219    43.553 r  tokenizer/imm_reg[31]_i_49/O[0]
                         net (fo=3, routed)           0.470    44.023    tokenizer/imm_reg[31]_i_49_n_7
    SLICE_X53Y80         LUT2 (Prop_lut2_I1_O)        0.295    44.318 r  tokenizer/imm[28]_i_43/O
                         net (fo=1, routed)           0.000    44.318    tokenizer/imm[28]_i_43_n_0
    SLICE_X53Y80         CARRY4 (Prop_carry4_S[1]_O[1])
                                                      0.227    44.545 r  tokenizer/imm_reg[28]_i_13/O[1]
                         net (fo=1, routed)           0.550    45.095    tokenizer/imm_reg[28]_i_13_n_6
    SLICE_X53Y82         LUT3 (Prop_lut3_I2_O)        0.303    45.398 r  tokenizer/imm[26]_i_3/O
                         net (fo=1, routed)           0.433    45.831    tokenizer/imm[26]_i_3_n_0
    SLICE_X53Y82         LUT6 (Prop_lut6_I2_O)        0.124    45.955 r  tokenizer/imm[26]_i_1/O
                         net (fo=1, routed)           0.000    45.955    operand_interpreter/imm_reg[31]_2[26]
    SLICE_X53Y82         FDRE                                         r  operand_interpreter/imm_reg[26]/D
  -------------------------------------------------------------------    -------------------

                         (clock sys_clk_pin rise edge)
                                                     50.000    50.000 r  <hidden>
    E3                                                0.000    50.000 r  CLK100MHZ
                         net (fo=0)                   0.000    50.000    CLK100MHZ
    E3                   IBUF (Prop_ibuf_I_O)         1.411    51.411 r  CLK100MHZ_IBUF_inst/O
                         net (fo=1, routed)           1.920    53.331    CLK100MHZ_IBUF
    BUFGCTRL_X0Y16       BUFG (Prop_bufg_I_O)         0.091    53.422 r  CLK100MHZ_IBUF_BUFG_inst/O
                         net (fo=1685, routed)        1.496    54.919    operand_interpreter/CLK100MHZ_IBUF_BUFG
    SLICE_X53Y82         FDRE                                         r  operand_interpreter/imm_reg[26]/C
                         clock pessimism              0.259    55.178    <hidden>
                         clock uncertainty           -0.035    55.142    <hidden>
    SLICE_X53Y82         FDRE (Setup_fdre_C_D)        0.029    55.171    operand_interpreter/imm_reg[26]
  -------------------------------------------------------------------
                         required time                         55.171    <hidden>
                         arrival time                         -45.955    <hidden>
  -------------------------------------------------------------------
                         slack                                  9.216    <hidden>

Slack (MET) :             9.317ns  (required time - arrival time)
  Source:                 tokenizer/token2_reg[92]/C
                            (rising edge-triggered cell FDRE clocked by sys_clk_pin  {rise@0.000ns fall@5.000ns period=50.000ns})
  Destination:            operand_interpreter/imm_reg[25]/D
                            (rising edge-triggered cell FDRE clocked by sys_clk_pin  {rise@0.000ns fall@5.000ns period=50.000ns})
  Path Group:             sys_clk_pin
  Path Type:              Setup (Max at Slow Process Corner)
  Requirement:            50.000ns  (sys_clk_pin rise@50.000ns - sys_clk_pin rise@0.000ns)
  Data Path Delay:        40.630ns  (logic 18.397ns (45.279%)  route 22.233ns (54.721%))
  Logic Levels:           60  (CARRY4=26 LUT2=13 LUT3=4 LUT4=4 LUT5=6 LUT6=7)
  Clock Path Skew:        -0.049ns (DCD - SCD + CPR)
    Destination Clock Delay (DCD):    4.920ns = ( 54.920 - 50.000 ) 
    Source Clock Delay      (SCD):    5.228ns
    Clock Pessimism Removal (CPR):    0.259ns
  Clock Uncertainty:      0.035ns  ((TSJ^2 + TIJ^2)^1/2 + DJ) / 2 + PE
    Total System Jitter     (TSJ):    0.071ns
    Total Input Jitter      (TIJ):    0.000ns
    Discrete Jitter          (DJ):    0.000ns
    Phase Error              (PE):    0.000ns

    Location             Delay type                Incr(ns)  Path(ns)    Netlist Resource(s)
  -------------------------------------------------------------------    -------------------
                         (clock sys_clk_pin rise edge)
                                                      0.000     0.000 r  <hidden>
    E3                                                0.000     0.000 r  CLK100MHZ
                         net (fo=0)                   0.000     0.000    CLK100MHZ
    E3                   IBUF (Prop_ibuf_I_O)         1.482     1.482 r  CLK100MHZ_IBUF_inst/O
                         net (fo=1, routed)           2.025     3.506    CLK100MHZ_IBUF
    BUFGCTRL_X0Y16       BUFG (Prop_bufg_I_O)         0.096     3.602 r  CLK100MHZ_IBUF_BUFG_inst/O
                         net (fo=1685, routed)        1.625     5.228    tokenizer/clk
    SLICE_X54Y56         FDRE                                         r  tokenizer/token2_reg[92]/C
  -------------------------------------------------------------------    -------------------
    SLICE_X54Y56         FDRE (Prop_fdre_C_Q)         0.518     5.746 r  tokenizer/token2_reg[92]/Q
                         net (fo=25, routed)          1.128     6.874    tokenizer/token2[92]
    SLICE_X58Y59         LUT2 (Prop_lut2_I0_O)        0.124     6.998 r  tokenizer/imm[31]_i_31/O
                         net (fo=2, routed)           0.663     7.660    tokenizer/imm[31]_i_31_n_0
    SLICE_X57Y57         LUT6 (Prop_lut6_I1_O)        0.124     7.784 r  tokenizer/imm[17]_i_81/O
                         net (fo=33, routed)          0.657     8.441    tokenizer/imm[17]_i_81_n_0
    SLICE_X56Y59         LUT3 (Prop_lut3_I0_O)        0.124     8.565 r  tokenizer/imm[16]_i_128/O
                         net (fo=1, routed)           0.000     8.565    tokenizer/imm[16]_i_128_n_0
    SLICE_X56Y59         CARRY4 (Prop_carry4_S[1]_O[2])
                                                      0.578     9.143 r  tokenizer/imm_reg[16]_i_99/O[2]
                         net (fo=2, routed)           0.466     9.609    tokenizer/imm_reg[16]_i_99_n_5
    SLICE_X57Y58         LUT2 (Prop_lut2_I1_O)        0.301     9.910 r  tokenizer/imm[16]_i_100/O
                         net (fo=1, routed)           0.000     9.910    tokenizer/imm[16]_i_100_n_0
    SLICE_X57Y58         CARRY4 (Prop_carry4_S[3]_CO[3])
                                                      0.401    10.311 r  tokenizer/imm_reg[16]_i_74/CO[3]
                         net (fo=1, routed)           0.000    10.311    tokenizer/imm_reg[16]_i_74_n_0
    SLICE_X57Y59         CARRY4 (Prop_carry4_CI_O[0])
                                                      0.222    10.533 r  tokenizer/imm_reg[17]_i_80/O[0]
                         net (fo=3, routed)           0.839    11.372    tokenizer/imm_reg[17]_i_80_n_7
    SLICE_X58Y59         LUT5 (Prop_lut5_I4_O)        0.325    11.697 r  tokenizer/imm[28]_i_341/O
                         net (fo=2, routed)           0.627    12.324    tokenizer/imm[28]_i_341_n_0
    SLICE_X54Y59         LUT5 (Prop_lut5_I0_O)        0.348    12.672 r  tokenizer/imm[28]_i_345/O
                         net (fo=1, routed)           0.000    12.672    tokenizer/imm[28]_i_345_n_0
    SLICE_X54Y59         CARRY4 (Prop_carry4_S[0]_O[0])
                                                      0.252    12.924 r  tokenizer/imm_reg[28]_i_264/O[0]
                         net (fo=4, routed)           0.637    13.561    tokenizer/imm_reg[28]_i_264_n_7
    SLICE_X55Y59         LUT4 (Prop_lut4_I0_O)        0.295    13.856 r  tokenizer/imm[19]_i_67/O
                         net (fo=1, routed)           0.000    13.856    tokenizer/imm[19]_i_67_n_0
    SLICE_X55Y59         CARRY4 (Prop_carry4_S[1]_O[2])
                                                      0.580    14.436 r  tokenizer/imm_reg[19]_i_60/O[2]
                         net (fo=4, routed)           0.847    15.283    tokenizer/imm_reg[19]_i_60_n_5
    SLICE_X56Y58         LUT5 (Prop_lut5_I4_O)        0.328    15.611 r  tokenizer/imm[24]_i_259/O
                         net (fo=1, routed)           0.549    16.160    tokenizer/imm[24]_i_259_n_0
    SLICE_X59Y61         CARRY4 (Prop_carry4_DI[2]_CO[3])
                                                      0.602    16.762 r  tokenizer/imm_reg[24]_i_212/CO[3]
                         net (fo=1, routed)           0.000    16.762    tokenizer/imm_reg[24]_i_212_n_0
    SLICE_X59Y62         CARRY4 (Prop_carry4_CI_O[0])
                                                      0.222    16.984 r  tokenizer/imm_reg[28]_i_298/O[0]
                         net (fo=3, routed)           0.454    17.438    tokenizer/imm_reg[28]_i_298_n_7
    SLICE_X58Y62         LUT2 (Prop_lut2_I1_O)        0.299    17.737 r  tokenizer/imm[24]_i_215/O
                         net (fo=1, routed)           0.000    17.737    tokenizer/imm[24]_i_215_n_0
    SLICE_X58Y62         CARRY4 (Prop_carry4_S[1]_O[2])
                                                      0.578    18.315 r  tokenizer/imm_reg[24]_i_171/O[2]
                         net (fo=4, routed)           1.104    19.419    tokenizer/imm_reg[24]_i_171_n_5
    SLICE_X62Y64         LUT5 (Prop_lut5_I1_O)        0.301    19.720 r  tokenizer/imm[31]_i_339/O
                         net (fo=1, routed)           0.000    19.720    tokenizer/imm[31]_i_339_n_0
    SLICE_X62Y64         CARRY4 (Prop_carry4_S[2]_O[2])
                                                      0.250    19.970 r  tokenizer/imm_reg[31]_i_207/O[2]
                         net (fo=3, routed)           0.467    20.437    tokenizer/imm_reg[31]_i_207_n_5
    SLICE_X63Y63         LUT2 (Prop_lut2_I1_O)        0.301    20.738 r  tokenizer/imm[24]_i_208/O
                         net (fo=1, routed)           0.000    20.738    tokenizer/imm[24]_i_208_n_0
    SLICE_X63Y63         CARRY4 (Prop_carry4_S[3]_O[3])
                                                      0.248    20.986 r  tokenizer/imm_reg[24]_i_170/O[3]
                         net (fo=1, routed)           0.461    21.447    tokenizer/imm_reg[24]_i_170_n_4
    SLICE_X65Y66         LUT5 (Prop_lut5_I0_O)        0.306    21.753 r  tokenizer/imm[24]_i_83/O
                         net (fo=8, routed)           0.842    22.594    tokenizer/imm[24]_i_83_n_0
    SLICE_X66Y69         LUT2 (Prop_lut2_I0_O)        0.124    22.718 r  tokenizer/imm[28]_i_294/O
                         net (fo=1, routed)           0.000    22.718    tokenizer/imm[28]_i_294_n_0
    SLICE_X66Y69         CARRY4 (Prop_carry4_S[3]_CO[3])
                                                      0.376    23.094 r  tokenizer/imm_reg[28]_i_170/CO[3]
                         net (fo=1, routed)           0.000    23.094    tokenizer/imm_reg[28]_i_170_n_0
    SLICE_X66Y70         CARRY4 (Prop_carry4_CI_O[0])
                                                      0.219    23.313 r  tokenizer/imm_reg[28]_i_169/O[0]
                         net (fo=3, routed)           0.461    23.774    tokenizer/imm_reg[28]_i_169_n_7
    SLICE_X64Y69         LUT2 (Prop_lut2_I1_O)        0.295    24.069 r  tokenizer/imm[28]_i_173/O
                         net (fo=1, routed)           0.000    24.069    tokenizer/imm[28]_i_173_n_0
    SLICE_X64Y69         CARRY4 (Prop_carry4_S[1]_O[2])
                                                      0.580    24.649 r  tokenizer/imm_reg[28]_i_98/O[2]
                         net (fo=1, routed)           0.587    25.236    tokenizer/imm_reg[28]_i_98_n_5
    SLICE_X65Y66         LUT6 (Prop_lut6_I3_O)        0.302    25.538 r  tokenizer/imm[27]_i_70/O
                         net (fo=8, routed)           0.722    26.261    tokenizer/imm[28]_i_237_n_0
    SLICE_X65Y71         LUT6 (Prop_lut6_I0_O)        0.124    26.385 r  tokenizer/imm[28]_i_240/O
                         net (fo=1, routed)           0.000    26.385    tokenizer/imm[28]_i_240_n_0
    SLICE_X65Y71         CARRY4 (Prop_carry4_S[2]_O[2])
                                                      0.248    26.633 r  tokenizer/imm_reg[28]_i_146/O[2]
                         net (fo=3, routed)           0.478    27.110    tokenizer/imm_reg[28]_i_146_n_5
    SLICE_X63Y73         LUT2 (Prop_lut2_I1_O)        0.302    27.412 r  tokenizer/imm[28]_i_148/O
                         net (fo=1, routed)           0.000    27.412    tokenizer/imm[28]_i_148_n_0
    SLICE_X63Y73         CARRY4 (Prop_carry4_S[3]_CO[3])
                                                      0.401    27.813 r  tokenizer/imm_reg[28]_i_94/CO[3]
                         net (fo=1, routed)           0.000    27.813    tokenizer/imm_reg[28]_i_94_n_0
    SLICE_X63Y74         CARRY4 (Prop_carry4_CI_O[0])
                                                      0.222    28.035 r  tokenizer/imm_reg[24]_i_55/O[0]
                         net (fo=4, routed)           0.811    28.846    tokenizer/imm_reg[24]_i_55_n_7
    SLICE_X62Y73         LUT3 (Prop_lut3_I2_O)        0.325    29.171 r  tokenizer/imm[24]_i_201/O
                         net (fo=2, routed)           0.401    29.572    tokenizer/imm[24]_i_201_n_0
    SLICE_X61Y73         LUT4 (Prop_lut4_I3_O)        0.328    29.900 r  tokenizer/imm[24]_i_150/O
                         net (fo=1, routed)           0.000    29.900    tokenizer/imm[24]_i_150_n_0
    SLICE_X61Y73         CARRY4 (Prop_carry4_S[0]_O[0])
                                                      0.247    30.147 r  tokenizer/imm_reg[24]_i_61/O[0]
                         net (fo=3, routed)           0.454    30.601    tokenizer/imm_reg[24]_i_61_n_7
    SLICE_X60Y73         LUT2 (Prop_lut2_I1_O)        0.299    30.900 r  tokenizer/imm[20]_i_40/O
                         net (fo=1, routed)           0.000    30.900    tokenizer/imm[20]_i_40_n_0
    SLICE_X60Y73         CARRY4 (Prop_carry4_S[1]_O[1])
                                                      0.230    31.130 r  tokenizer/imm_reg[20]_i_24/O[1]
                         net (fo=1, routed)           0.674    31.804    tokenizer/imm_reg[20]_i_24_n_6
    SLICE_X67Y72         LUT6 (Prop_lut6_I0_O)        0.306    32.110 f  tokenizer/imm[30]_i_139/O
                         net (fo=1, routed)           0.149    32.259    tokenizer/imm[30]_i_139_n_0
    SLICE_X67Y72         LUT6 (Prop_lut6_I0_O)        0.124    32.383 r  tokenizer/imm[30]_i_59/O
                         net (fo=7, routed)           0.768    33.151    tokenizer/imm[30]_i_214_n_0
    SLICE_X59Y75         LUT2 (Prop_lut2_I0_O)        0.124    33.275 r  tokenizer/imm[30]_i_218/O
                         net (fo=1, routed)           0.000    33.275    tokenizer/imm[30]_i_218_n_0
    SLICE_X59Y75         CARRY4 (Prop_carry4_S[1]_O[2])
                                                      0.580    33.855 r  tokenizer/imm_reg[30]_i_127/O[2]
                         net (fo=3, routed)           0.520    34.375    tokenizer/imm_reg[30]_i_127_n_5
    SLICE_X58Y75         LUT2 (Prop_lut2_I1_O)        0.302    34.677 r  tokenizer/imm[30]_i_129/O
                         net (fo=1, routed)           0.000    34.677    tokenizer/imm[30]_i_129_n_0
    SLICE_X58Y75         CARRY4 (Prop_carry4_S[3]_O[3])
                                                      0.255    34.932 r  tokenizer/imm_reg[30]_i_57/O[3]
                         net (fo=2, routed)           0.648    35.580    tokenizer/imm_reg[30]_i_57_n_4
    SLICE_X58Y79         LUT5 (Prop_lut5_I0_O)        0.307    35.887 r  tokenizer/imm[31]_i_184/O
                         net (fo=8, routed)           1.020    36.907    tokenizer/imm[31]_i_184_n_0
    SLICE_X57Y71         LUT4 (Prop_lut4_I3_O)        0.124    37.031 r  tokenizer/imm[30]_i_230/O
                         net (fo=1, routed)           0.000    37.031    tokenizer/imm[30]_i_230_n_0
    SLICE_X57Y71         CARRY4 (Prop_carry4_S[3]_O[3])
                                                      0.248    37.279 r  tokenizer/imm_reg[30]_i_133/O[3]
                         net (fo=3, routed)           0.470    37.749    tokenizer/imm_reg[30]_i_133_n_4
    SLICE_X56Y72         LUT2 (Prop_lut2_I1_O)        0.306    38.055 r  tokenizer/imm[28]_i_63/O
                         net (fo=1, routed)           0.000    38.055    tokenizer/imm[28]_i_63_n_0
    SLICE_X56Y72         CARRY4 (Prop_carry4_S[0]_O[0])
                                                      0.252    38.307 r  tokenizer/imm_reg[28]_i_29/O[0]
                         net (fo=5, routed)           1.178    39.485    tokenizer/imm_reg[28]_i_29_n_7
    SLICE_X58Y80         LUT3 (Prop_lut3_I0_O)        0.321    39.806 r  tokenizer/imm[28]_i_128/O
                         net (fo=1, routed)           0.456    40.261    tokenizer/imm[28]_i_128_n_0
    SLICE_X56Y80         LUT6 (Prop_lut6_I5_O)        0.328    40.589 r  tokenizer/imm[28]_i_77/O
                         net (fo=1, routed)           0.000    40.589    tokenizer/imm[28]_i_77_n_0
    SLICE_X56Y80         CARRY4 (Prop_carry4_S[2]_O[2])
                                                      0.250    40.839 r  tokenizer/imm_reg[28]_i_35/O[2]
                         net (fo=3, routed)           0.431    41.270    tokenizer/imm_reg[28]_i_35_n_5
    SLICE_X55Y79         LUT2 (Prop_lut2_I1_O)        0.301    41.571 r  tokenizer/imm[24]_i_40/O
                         net (fo=1, routed)           0.000    41.571    tokenizer/imm[24]_i_40_n_0
    SLICE_X55Y79         CARRY4 (Prop_carry4_S[3]_O[3])
                                                      0.248    41.819 r  tokenizer/imm_reg[24]_i_16/O[3]
                         net (fo=4, routed)           0.833    42.652    tokenizer/imm_reg[24]_i_16_n_4
    SLICE_X54Y79         LUT4 (Prop_lut4_I0_O)        0.306    42.958 r  tokenizer/imm[28]_i_84/O
                         net (fo=1, routed)           0.000    42.958    tokenizer/imm[28]_i_84_n_0
    SLICE_X54Y79         CARRY4 (Prop_carry4_S[3]_O[3])
                                                      0.255    43.213 r  tokenizer/imm_reg[28]_i_40/O[3]
                         net (fo=3, routed)           0.430    43.643    tokenizer/imm_reg[28]_i_40_n_4
    SLICE_X53Y80         LUT2 (Prop_lut2_I1_O)        0.307    43.950 r  tokenizer/imm[28]_i_44/O
                         net (fo=1, routed)           0.000    43.950    tokenizer/imm[28]_i_44_n_0
    SLICE_X53Y80         CARRY4 (Prop_carry4_S[0]_O[0])
                                                      0.247    44.197 r  tokenizer/imm_reg[28]_i_13/O[0]
                         net (fo=1, routed)           0.721    44.918    tokenizer/imm_reg[28]_i_13_n_7
    SLICE_X52Y83         LUT3 (Prop_lut3_I2_O)        0.325    45.243 r  tokenizer/imm[25]_i_3/O
                         net (fo=1, routed)           0.283    45.526    tokenizer/imm[25]_i_3_n_0
    SLICE_X52Y83         LUT6 (Prop_lut6_I2_O)        0.332    45.858 r  tokenizer/imm[25]_i_1/O
                         net (fo=1, routed)           0.000    45.858    operand_interpreter/imm_reg[31]_2[25]
    SLICE_X52Y83         FDRE                                         r  operand_interpreter/imm_reg[25]/D
  -------------------------------------------------------------------    -------------------

                         (clock sys_clk_pin rise edge)
                                                     50.000    50.000 r  <hidden>
    E3                                                0.000    50.000 r  CLK100MHZ
                         net (fo=0)                   0.000    50.000    CLK100MHZ
    E3                   IBUF (Prop_ibuf_I_O)         1.411    51.411 r  CLK100MHZ_IBUF_inst/O
                         net (fo=1, routed)           1.920    53.331    CLK100MHZ_IBUF
    BUFGCTRL_X0Y16       BUFG (Prop_bufg_I_O)         0.091    53.422 r  CLK100MHZ_IBUF_BUFG_inst/O
                         net (fo=1685, routed)        1.497    54.920    operand_interpreter/CLK100MHZ_IBUF_BUFG
    SLICE_X52Y83         FDRE                                         r  operand_interpreter/imm_reg[25]/C
                         clock pessimism              0.259    55.179    <hidden>
                         clock uncertainty           -0.035    55.143    <hidden>
    SLICE_X52Y83         FDRE (Setup_fdre_C_D)        0.032    55.175    operand_interpreter/imm_reg[25]
  -------------------------------------------------------------------
                         required time                         55.175    <hidden>
                         arrival time                         -45.858    <hidden>
  -------------------------------------------------------------------
                         slack                                  9.317    <hidden>

Slack (MET) :             9.318ns  (required time - arrival time)
  Source:                 tokenizer/token2_reg[92]/C
                            (rising edge-triggered cell FDRE clocked by sys_clk_pin  {rise@0.000ns fall@5.000ns period=50.000ns})
  Destination:            operand_interpreter/imm_reg[21]/D
                            (rising edge-triggered cell FDRE clocked by sys_clk_pin  {rise@0.000ns fall@5.000ns period=50.000ns})
  Path Group:             sys_clk_pin
  Path Type:              Setup (Max at Slow Process Corner)
  Requirement:            50.000ns  (sys_clk_pin rise@50.000ns - sys_clk_pin rise@0.000ns)
  Data Path Delay:        40.560ns  (logic 17.036ns (42.002%)  route 23.524ns (57.998%))
  Logic Levels:           61  (CARRY4=25 LUT2=10 LUT3=4 LUT4=7 LUT5=8 LUT6=7)
  Clock Path Skew:        -0.116ns (DCD - SCD + CPR)
    Destination Clock Delay (DCD):    4.925ns = ( 54.925 - 50.000 ) 
    Source Clock Delay      (SCD):    5.228ns
    Clock Pessimism Removal (CPR):    0.187ns
  Clock Uncertainty:      0.035ns  ((TSJ^2 + TIJ^2)^1/2 + DJ) / 2 + PE
    Total System Jitter     (TSJ):    0.071ns
    Total Input Jitter      (TIJ):    0.000ns
    Discrete Jitter          (DJ):    0.000ns
    Phase Error              (PE):    0.000ns

    Location             Delay type                Incr(ns)  Path(ns)    Netlist Resource(s)
  -------------------------------------------------------------------    -------------------
                         (clock sys_clk_pin rise edge)
                                                      0.000     0.000 r  <hidden>
    E3                                                0.000     0.000 r  CLK100MHZ
                         net (fo=0)                   0.000     0.000    CLK100MHZ
    E3                   IBUF (Prop_ibuf_I_O)         1.482     1.482 r  CLK100MHZ_IBUF_inst/O
                         net (fo=1, routed)           2.025     3.506    CLK100MHZ_IBUF
    BUFGCTRL_X0Y16       BUFG (Prop_bufg_I_O)         0.096     3.602 r  CLK100MHZ_IBUF_BUFG_inst/O
                         net (fo=1685, routed)        1.625     5.228    tokenizer/clk
    SLICE_X54Y56         FDRE                                         r  tokenizer/token2_reg[92]/C
  -------------------------------------------------------------------    -------------------
    SLICE_X54Y56         FDRE (Prop_fdre_C_Q)         0.518     5.746 r  tokenizer/token2_reg[92]/Q
                         net (fo=25, routed)          1.128     6.874    tokenizer/token2[92]
    SLICE_X58Y59         LUT2 (Prop_lut2_I0_O)        0.124     6.998 r  tokenizer/imm[31]_i_31/O
                         net (fo=2, routed)           0.663     7.660    tokenizer/imm[31]_i_31_n_0
    SLICE_X57Y57         LUT6 (Prop_lut6_I1_O)        0.124     7.784 r  tokenizer/imm[17]_i_81/O
                         net (fo=33, routed)          0.657     8.441    tokenizer/imm[17]_i_81_n_0
    SLICE_X56Y59         LUT3 (Prop_lut3_I0_O)        0.124     8.565 r  tokenizer/imm[16]_i_128/O
                         net (fo=1, routed)           0.000     8.565    tokenizer/imm[16]_i_128_n_0
    SLICE_X56Y59         CARRY4 (Prop_carry4_S[1]_O[2])
                                                      0.578     9.143 r  tokenizer/imm_reg[16]_i_99/O[2]
                         net (fo=2, routed)           0.466     9.609    tokenizer/imm_reg[16]_i_99_n_5
    SLICE_X57Y58         LUT2 (Prop_lut2_I1_O)        0.301     9.910 r  tokenizer/imm[16]_i_100/O
                         net (fo=1, routed)           0.000     9.910    tokenizer/imm[16]_i_100_n_0
    SLICE_X57Y58         CARRY4 (Prop_carry4_S[3]_CO[3])
                                                      0.401    10.311 r  tokenizer/imm_reg[16]_i_74/CO[3]
                         net (fo=1, routed)           0.000    10.311    tokenizer/imm_reg[16]_i_74_n_0
    SLICE_X57Y59         CARRY4 (Prop_carry4_CI_O[0])
                                                      0.222    10.533 r  tokenizer/imm_reg[17]_i_80/O[0]
                         net (fo=3, routed)           0.839    11.372    tokenizer/imm_reg[17]_i_80_n_7
    SLICE_X58Y59         LUT5 (Prop_lut5_I4_O)        0.325    11.697 r  tokenizer/imm[28]_i_341/O
                         net (fo=2, routed)           0.627    12.324    tokenizer/imm[28]_i_341_n_0
    SLICE_X54Y59         LUT5 (Prop_lut5_I0_O)        0.348    12.672 r  tokenizer/imm[28]_i_345/O
                         net (fo=1, routed)           0.000    12.672    tokenizer/imm[28]_i_345_n_0
    SLICE_X54Y59         CARRY4 (Prop_carry4_S[0]_O[0])
                                                      0.252    12.924 r  tokenizer/imm_reg[28]_i_264/O[0]
                         net (fo=4, routed)           0.637    13.561    tokenizer/imm_reg[28]_i_264_n_7
    SLICE_X55Y59         LUT4 (Prop_lut4_I0_O)        0.295    13.856 r  tokenizer/imm[19]_i_67/O
                         net (fo=1, routed)           0.000    13.856    tokenizer/imm[19]_i_67_n_0
    SLICE_X55Y59         CARRY4 (Prop_carry4_S[1]_O[1])
                                                      0.227    14.083 r  tokenizer/imm_reg[19]_i_60/O[1]
                         net (fo=4, routed)           0.636    14.719    tokenizer/imm_reg[19]_i_60_n_6
    SLICE_X59Y61         LUT6 (Prop_lut6_I0_O)        0.303    15.022 r  tokenizer/imm[24]_i_264/O
                         net (fo=1, routed)           0.000    15.022    tokenizer/imm[24]_i_264_n_0
    SLICE_X59Y61         CARRY4 (Prop_carry4_S[1]_O[1])
                                                      0.227    15.249 r  tokenizer/imm_reg[24]_i_212/O[1]
                         net (fo=3, routed)           0.535    15.784    tokenizer/imm_reg[24]_i_212_n_6
    SLICE_X58Y61         LUT4 (Prop_lut4_I3_O)        0.303    16.087 r  tokenizer/imm[20]_i_82/O
                         net (fo=1, routed)           0.000    16.087    tokenizer/imm[20]_i_82_n_0
    SLICE_X58Y61         CARRY4 (Prop_carry4_S[2]_O[2])
                                                      0.250    16.337 r  tokenizer/imm_reg[20]_i_52/O[2]
                         net (fo=1, routed)           0.423    16.760    tokenizer/imm_reg[20]_i_52_n_5
    SLICE_X60Y62         LUT5 (Prop_lut5_I0_O)        0.293    17.053 f  tokenizer/imm[19]_i_58/O
                         net (fo=1, routed)           0.452    17.505    tokenizer/imm[19]_i_58_n_0
    SLICE_X60Y62         LUT6 (Prop_lut6_I0_O)        0.328    17.833 r  tokenizer/imm[19]_i_39/O
                         net (fo=8, routed)           0.566    18.399    tokenizer/imm[24]_i_252_n_0
    SLICE_X62Y63         LUT6 (Prop_lut6_I0_O)        0.124    18.523 r  tokenizer/imm[24]_i_256/O
                         net (fo=1, routed)           0.000    18.523    tokenizer/imm[24]_i_256_n_0
    SLICE_X62Y63         CARRY4 (Prop_carry4_S[2]_O[2])
                                                      0.250    18.773 r  tokenizer/imm_reg[24]_i_207/O[2]
                         net (fo=3, routed)           0.483    19.256    tokenizer/imm_reg[24]_i_207_n_5
    SLICE_X63Y62         LUT3 (Prop_lut3_I2_O)        0.301    19.557 r  tokenizer/imm[18]_i_116/O
                         net (fo=1, routed)           0.000    19.557    tokenizer/imm[18]_i_116_n_0
    SLICE_X63Y62         CARRY4 (Prop_carry4_S[3]_O[3])
                                                      0.248    19.805 r  tokenizer/imm_reg[18]_i_73/O[3]
                         net (fo=1, routed)           0.431    20.236    tokenizer/imm_reg[18]_i_73_n_4
    SLICE_X64Y62         LUT5 (Prop_lut5_I0_O)        0.306    20.542 r  tokenizer/imm[20]_i_34/O
                         net (fo=8, routed)           0.705    21.247    tokenizer/imm[20]_i_34_n_0
    SLICE_X66Y68         LUT4 (Prop_lut4_I3_O)        0.124    21.371 r  tokenizer/imm[28]_i_349/O
                         net (fo=1, routed)           0.000    21.371    tokenizer/imm[28]_i_349_n_0
    SLICE_X66Y68         CARRY4 (Prop_carry4_S[3]_O[3])
                                                      0.255    21.626 r  tokenizer/imm_reg[28]_i_281/O[3]
                         net (fo=3, routed)           0.330    21.956    tokenizer/imm_reg[28]_i_281_n_4
    SLICE_X64Y68         LUT2 (Prop_lut2_I1_O)        0.307    22.263 r  tokenizer/imm[28]_i_285/O
                         net (fo=1, routed)           0.000    22.263    tokenizer/imm[28]_i_285_n_0
    SLICE_X64Y68         CARRY4 (Prop_carry4_S[0]_O[0])
                                                      0.247    22.510 r  tokenizer/imm_reg[28]_i_168/O[0]
                         net (fo=5, routed)           0.808    23.318    tokenizer/imm_reg[28]_i_168_n_7
    SLICE_X65Y70         LUT4 (Prop_lut4_I0_O)        0.299    23.617 r  tokenizer/imm[28]_i_250/O
                         net (fo=1, routed)           0.000    23.617    tokenizer/imm[28]_i_250_n_0
    SLICE_X65Y70         CARRY4 (Prop_carry4_S[0]_O[0])
                                                      0.247    23.864 r  tokenizer/imm_reg[28]_i_147/O[0]
                         net (fo=3, routed)           0.602    24.466    tokenizer/imm_reg[28]_i_147_n_7
    SLICE_X63Y72         LUT2 (Prop_lut2_I1_O)        0.299    24.765 r  tokenizer/imm[28]_i_234/O
                         net (fo=1, routed)           0.000    24.765    tokenizer/imm[28]_i_234_n_0
    SLICE_X63Y72         CARRY4 (Prop_carry4_S[1]_O[1])
                                                      0.227    24.992 r  tokenizer/imm_reg[28]_i_145/O[1]
                         net (fo=2, routed)           0.693    25.685    tokenizer/imm_reg[28]_i_145_n_6
    SLICE_X63Y69         LUT5 (Prop_lut5_I0_O)        0.298    25.983 r  tokenizer/imm[28]_i_255/O
                         net (fo=7, routed)           0.711    26.694    tokenizer/imm[28]_i_255_n_0
    SLICE_X61Y71         LUT2 (Prop_lut2_I0_O)        0.332    27.026 r  tokenizer/imm[28]_i_259/O
                         net (fo=1, routed)           0.000    27.026    tokenizer/imm[28]_i_259_n_0
    SLICE_X61Y71         CARRY4 (Prop_carry4_S[1]_O[1])
                                                      0.227    27.253 r  tokenizer/imm_reg[28]_i_153/O[1]
                         net (fo=3, routed)           0.549    27.802    tokenizer/imm_reg[28]_i_153_n_6
    SLICE_X60Y71         LUT2 (Prop_lut2_I1_O)        0.303    28.105 r  tokenizer/imm[28]_i_252/O
                         net (fo=1, routed)           0.000    28.105    tokenizer/imm[28]_i_252_n_0
    SLICE_X60Y71         CARRY4 (Prop_carry4_S[2]_O[2])
                                                      0.250    28.355 r  tokenizer/imm_reg[28]_i_152/O[2]
                         net (fo=6, routed)           0.809    29.164    tokenizer/imm_reg[28]_i_152_n_5
    SLICE_X59Y73         LUT5 (Prop_lut5_I0_O)        0.301    29.465 r  tokenizer/imm[13]_i_171/O
                         net (fo=1, routed)           0.000    29.465    tokenizer/imm[13]_i_171_n_0
    SLICE_X59Y73         CARRY4 (Prop_carry4_S[2]_O[2])
                                                      0.248    29.713 r  tokenizer/imm_reg[13]_i_77/O[2]
                         net (fo=3, routed)           0.520    30.233    tokenizer/imm_reg[13]_i_77_n_5
    SLICE_X58Y73         LUT2 (Prop_lut2_I1_O)        0.302    30.535 r  tokenizer/imm[13]_i_162/O
                         net (fo=1, routed)           0.000    30.535    tokenizer/imm[13]_i_162_n_0
    SLICE_X58Y73         CARRY4 (Prop_carry4_S[3]_O[3])
                                                      0.255    30.790 r  tokenizer/imm_reg[13]_i_76/O[3]
                         net (fo=3, routed)           0.973    31.763    tokenizer/imm_reg[13]_i_76_n_4
    SLICE_X62Y69         LUT4 (Prop_lut4_I3_O)        0.307    32.070 r  tokenizer/imm[24]_i_81/O
                         net (fo=1, routed)           0.312    32.383    tokenizer/imm[24]_i_81_n_0
    SLICE_X62Y70         LUT5 (Prop_lut5_I0_O)        0.124    32.507 r  tokenizer/imm[24]_i_32/O
                         net (fo=4, routed)           0.751    33.258    tokenizer/imm[24]_i_32_n_0
    SLICE_X57Y69         CARRY4 (Prop_carry4_DI[3]_CO[3])
                                                      0.385    33.643 r  tokenizer/imm_reg[24]_i_75/CO[3]
                         net (fo=1, routed)           0.000    33.643    tokenizer/imm_reg[24]_i_75_n_0
    SLICE_X57Y70         CARRY4 (Prop_carry4_CI_O[0])
                                                      0.222    33.865 r  tokenizer/imm_reg[30]_i_134/O[0]
                         net (fo=3, routed)           0.454    34.319    tokenizer/imm_reg[30]_i_134_n_7
    SLICE_X56Y70         LUT2 (Prop_lut2_I1_O)        0.299    34.618 r  tokenizer/imm[13]_i_84/O
                         net (fo=1, routed)           0.000    34.618    tokenizer/imm[13]_i_84_n_0
    SLICE_X56Y70         CARRY4 (Prop_carry4_S[1]_O[1])
                                                      0.230    34.848 f  tokenizer/imm_reg[13]_i_33/O[1]
                         net (fo=3, routed)           0.966    35.814    tokenizer/imm_reg[13]_i_33_n_6
    SLICE_X60Y78         LUT4 (Prop_lut4_I0_O)        0.306    36.120 r  tokenizer/imm[14]_i_19/O
                         net (fo=2, routed)           0.784    36.904    tokenizer/imm[14]_i_19_n_0
    SLICE_X59Y69         LUT5 (Prop_lut5_I0_O)        0.124    37.028 r  tokenizer/imm[26]_i_17/O
                         net (fo=3, routed)           0.877    37.905    tokenizer/imm[26]_i_17_n_0
    SLICE_X56Y78         LUT6 (Prop_lut6_I5_O)        0.124    38.029 r  tokenizer/imm[30]_i_208/O
                         net (fo=1, routed)           0.000    38.029    tokenizer/imm[30]_i_208_n_0
    SLICE_X56Y78         CARRY4 (Prop_carry4_S[3]_O[3])
                                                      0.255    38.284 r  tokenizer/imm_reg[30]_i_122/O[3]
                         net (fo=3, routed)           0.332    38.616    tokenizer/imm_reg[30]_i_122_n_4
    SLICE_X55Y78         LUT2 (Prop_lut2_I1_O)        0.307    38.923 r  tokenizer/imm[30]_i_126/O
                         net (fo=1, routed)           0.000    38.923    tokenizer/imm[30]_i_126_n_0
    SLICE_X55Y78         CARRY4 (Prop_carry4_S[0]_O[0])
                                                      0.247    39.170 r  tokenizer/imm_reg[30]_i_56/O[0]
                         net (fo=3, routed)           1.008    40.178    tokenizer/imm_reg[30]_i_56_n_7
    SLICE_X52Y78         LUT3 (Prop_lut3_I2_O)        0.327    40.505 r  tokenizer/imm[31]_i_187/O
                         net (fo=2, routed)           0.474    40.978    tokenizer/imm[31]_i_187_n_0
    SLICE_X54Y78         LUT4 (Prop_lut4_I3_O)        0.326    41.304 r  tokenizer/imm[31]_i_110/O
                         net (fo=1, routed)           0.000    41.304    tokenizer/imm[31]_i_110_n_0
    SLICE_X54Y78         CARRY4 (Prop_carry4_S[0]_O[1])
                                                      0.427    41.731 r  tokenizer/imm_reg[31]_i_58/O[1]
                         net (fo=3, routed)           0.587    42.319    tokenizer/imm_reg[31]_i_58_n_6
    SLICE_X53Y78         LUT2 (Prop_lut2_I0_O)        0.306    42.625 r  tokenizer/imm[31]_i_60/O
                         net (fo=1, routed)           0.000    42.625    tokenizer/imm[31]_i_60_n_0
    SLICE_X53Y78         CARRY4 (Prop_carry4_S[3]_CO[3])
                                                      0.401    43.026 r  tokenizer/imm_reg[31]_i_22/CO[3]
                         net (fo=1, routed)           0.000    43.026    tokenizer/imm_reg[31]_i_22_n_0
    SLICE_X53Y79         CARRY4 (Prop_carry4_CI_O[0])
                                                      0.222    43.248 r  tokenizer/imm_reg[24]_i_10/O[0]
                         net (fo=1, routed)           0.994    44.242    tokenizer/imm_reg[24]_i_10_n_7
    SLICE_X50Y79         LUT3 (Prop_lut3_I2_O)        0.325    44.567 r  tokenizer/imm[21]_i_13/O
                         net (fo=1, routed)           0.455    45.022    tokenizer/imm[21]_i_13_n_0
    SLICE_X48Y80         LUT6 (Prop_lut6_I0_O)        0.355    45.377 r  tokenizer/imm[21]_i_3/O
                         net (fo=1, routed)           0.287    45.663    tokenizer/imm[21]_i_3_n_0
    SLICE_X47Y80         LUT6 (Prop_lut6_I1_O)        0.124    45.787 r  tokenizer/imm[21]_i_1/O
                         net (fo=1, routed)           0.000    45.787    operand_interpreter/imm_reg[31]_2[21]
    SLICE_X47Y80         FDRE                                         r  operand_interpreter/imm_reg[21]/D
  -------------------------------------------------------------------    -------------------

                         (clock sys_clk_pin rise edge)
                                                     50.000    50.000 r  <hidden>
    E3                                                0.000    50.000 r  CLK100MHZ
                         net (fo=0)                   0.000    50.000    CLK100MHZ
    E3                   IBUF (Prop_ibuf_I_O)         1.411    51.411 r  CLK100MHZ_IBUF_inst/O
                         net (fo=1, routed)           1.920    53.331    CLK100MHZ_IBUF
    BUFGCTRL_X0Y16       BUFG (Prop_bufg_I_O)         0.091    53.422 r  CLK100MHZ_IBUF_BUFG_inst/O
                         net (fo=1685, routed)        1.502    54.925    operand_interpreter/CLK100MHZ_IBUF_BUFG
    SLICE_X47Y80         FDRE                                         r  operand_interpreter/imm_reg[21]/C
                         clock pessimism              0.187    55.112    <hidden>
                         clock uncertainty           -0.035    55.076    <hidden>
    SLICE_X47Y80         FDRE (Setup_fdre_C_D)        0.029    55.105    operand_interpreter/imm_reg[21]
  -------------------------------------------------------------------
                         required time                         55.105    <hidden>
                         arrival time                         -45.787    <hidden>
  -------------------------------------------------------------------
                         slack                                  9.318    <hidden>

Slack (MET) :             9.704ns  (required time - arrival time)
  Source:                 tokenizer/token2_reg[92]/C
                            (rising edge-triggered cell FDRE clocked by sys_clk_pin  {rise@0.000ns fall@5.000ns period=50.000ns})
  Destination:            operand_interpreter/imm_reg[22]/D
                            (rising edge-triggered cell FDRE clocked by sys_clk_pin  {rise@0.000ns fall@5.000ns period=50.000ns})
  Path Group:             sys_clk_pin
  Path Type:              Setup (Max at Slow Process Corner)
  Requirement:            50.000ns  (sys_clk_pin rise@50.000ns - sys_clk_pin rise@0.000ns)
  Data Path Delay:        40.221ns  (logic 17.671ns (43.935%)  route 22.550ns (56.065%))
  Logic Levels:           60  (CARRY4=26 LUT2=10 LUT3=4 LUT4=5 LUT5=7 LUT6=8)
  Clock Path Skew:        -0.117ns (DCD - SCD + CPR)
    Destination Clock Delay (DCD):    4.924ns = ( 54.924 - 50.000 ) 
    Source Clock Delay      (SCD):    5.228ns
    Clock Pessimism Removal (CPR):    0.187ns
  Clock Uncertainty:      0.035ns  ((TSJ^2 + TIJ^2)^1/2 + DJ) / 2 + PE
    Total System Jitter     (TSJ):    0.071ns
    Total Input Jitter      (TIJ):    0.000ns
    Discrete Jitter          (DJ):    0.000ns
    Phase Error              (PE):    0.000ns

    Location             Delay type                Incr(ns)  Path(ns)    Netlist Resource(s)
  -------------------------------------------------------------------    -------------------
                         (clock sys_clk_pin rise edge)
                                                      0.000     0.000 r  <hidden>
    E3                                                0.000     0.000 r  CLK100MHZ
                         net (fo=0)                   0.000     0.000    CLK100MHZ
    E3                   IBUF (Prop_ibuf_I_O)         1.482     1.482 r  CLK100MHZ_IBUF_inst/O
                         net (fo=1, routed)           2.025     3.506    CLK100MHZ_IBUF
    BUFGCTRL_X0Y16       BUFG (Prop_bufg_I_O)         0.096     3.602 r  CLK100MHZ_IBUF_BUFG_inst/O
                         net (fo=1685, routed)        1.625     5.228    tokenizer/clk
    SLICE_X54Y56         FDRE                                         r  tokenizer/token2_reg[92]/C
  -------------------------------------------------------------------    -------------------
    SLICE_X54Y56         FDRE (Prop_fdre_C_Q)         0.518     5.746 r  tokenizer/token2_reg[92]/Q
                         net (fo=25, routed)          1.128     6.874    tokenizer/token2[92]
    SLICE_X58Y59         LUT2 (Prop_lut2_I0_O)        0.124     6.998 r  tokenizer/imm[31]_i_31/O
                         net (fo=2, routed)           0.663     7.660    tokenizer/imm[31]_i_31_n_0
    SLICE_X57Y57         LUT6 (Prop_lut6_I1_O)        0.124     7.784 r  tokenizer/imm[17]_i_81/O
                         net (fo=33, routed)          0.657     8.441    tokenizer/imm[17]_i_81_n_0
    SLICE_X56Y59         LUT3 (Prop_lut3_I0_O)        0.124     8.565 r  tokenizer/imm[16]_i_128/O
                         net (fo=1, routed)           0.000     8.565    tokenizer/imm[16]_i_128_n_0
    SLICE_X56Y59         CARRY4 (Prop_carry4_S[1]_O[2])
                                                      0.578     9.143 r  tokenizer/imm_reg[16]_i_99/O[2]
                         net (fo=2, routed)           0.466     9.609    tokenizer/imm_reg[16]_i_99_n_5
    SLICE_X57Y58         LUT2 (Prop_lut2_I1_O)        0.301     9.910 r  tokenizer/imm[16]_i_100/O
                         net (fo=1, routed)           0.000     9.910    tokenizer/imm[16]_i_100_n_0
    SLICE_X57Y58         CARRY4 (Prop_carry4_S[3]_CO[3])
                                                      0.401    10.311 r  tokenizer/imm_reg[16]_i_74/CO[3]
                         net (fo=1, routed)           0.000    10.311    tokenizer/imm_reg[16]_i_74_n_0
    SLICE_X57Y59         CARRY4 (Prop_carry4_CI_O[0])
                                                      0.222    10.533 r  tokenizer/imm_reg[17]_i_80/O[0]
                         net (fo=3, routed)           0.839    11.372    tokenizer/imm_reg[17]_i_80_n_7
    SLICE_X58Y59         LUT5 (Prop_lut5_I4_O)        0.325    11.697 r  tokenizer/imm[28]_i_341/O
                         net (fo=2, routed)           0.627    12.324    tokenizer/imm[28]_i_341_n_0
    SLICE_X54Y59         LUT5 (Prop_lut5_I0_O)        0.348    12.672 r  tokenizer/imm[28]_i_345/O
                         net (fo=1, routed)           0.000    12.672    tokenizer/imm[28]_i_345_n_0
    SLICE_X54Y59         CARRY4 (Prop_carry4_S[0]_O[0])
                                                      0.252    12.924 r  tokenizer/imm_reg[28]_i_264/O[0]
                         net (fo=4, routed)           0.637    13.561    tokenizer/imm_reg[28]_i_264_n_7
    SLICE_X55Y59         LUT4 (Prop_lut4_I0_O)        0.295    13.856 r  tokenizer/imm[19]_i_67/O
                         net (fo=1, routed)           0.000    13.856    tokenizer/imm[19]_i_67_n_0
    SLICE_X55Y59         CARRY4 (Prop_carry4_S[1]_O[1])
                                                      0.227    14.083 r  tokenizer/imm_reg[19]_i_60/O[1]
                         net (fo=4, routed)           0.636    14.719    tokenizer/imm_reg[19]_i_60_n_6
    SLICE_X59Y61         LUT6 (Prop_lut6_I0_O)        0.303    15.022 r  tokenizer/imm[24]_i_264/O
                         net (fo=1, routed)           0.000    15.022    tokenizer/imm[24]_i_264_n_0
    SLICE_X59Y61         CARRY4 (Prop_carry4_S[1]_O[1])
                                                      0.227    15.249 r  tokenizer/imm_reg[24]_i_212/O[1]
                         net (fo=3, routed)           0.535    15.784    tokenizer/imm_reg[24]_i_212_n_6
    SLICE_X58Y61         LUT4 (Prop_lut4_I3_O)        0.303    16.087 r  tokenizer/imm[20]_i_82/O
                         net (fo=1, routed)           0.000    16.087    tokenizer/imm[20]_i_82_n_0
    SLICE_X58Y61         CARRY4 (Prop_carry4_S[2]_O[2])
                                                      0.250    16.337 r  tokenizer/imm_reg[20]_i_52/O[2]
                         net (fo=1, routed)           0.423    16.760    tokenizer/imm_reg[20]_i_52_n_5
    SLICE_X60Y62         LUT5 (Prop_lut5_I0_O)        0.293    17.053 f  tokenizer/imm[19]_i_58/O
                         net (fo=1, routed)           0.452    17.505    tokenizer/imm[19]_i_58_n_0
    SLICE_X60Y62         LUT6 (Prop_lut6_I0_O)        0.328    17.833 r  tokenizer/imm[19]_i_39/O
                         net (fo=8, routed)           0.566    18.399    tokenizer/imm[24]_i_252_n_0
    SLICE_X62Y63         LUT6 (Prop_lut6_I0_O)        0.124    18.523 r  tokenizer/imm[24]_i_256/O
                         net (fo=1, routed)           0.000    18.523    tokenizer/imm[24]_i_256_n_0
    SLICE_X62Y63         CARRY4 (Prop_carry4_S[2]_O[2])
                                                      0.250    18.773 r  tokenizer/imm_reg[24]_i_207/O[2]
                         net (fo=3, routed)           0.483    19.256    tokenizer/imm_reg[24]_i_207_n_5
    SLICE_X63Y62         LUT3 (Prop_lut3_I2_O)        0.301    19.557 r  tokenizer/imm[18]_i_116/O
                         net (fo=1, routed)           0.000    19.557    tokenizer/imm[18]_i_116_n_0
    SLICE_X63Y62         CARRY4 (Prop_carry4_S[3]_O[3])
                                                      0.248    19.805 r  tokenizer/imm_reg[18]_i_73/O[3]
                         net (fo=1, routed)           0.431    20.236    tokenizer/imm_reg[18]_i_73_n_4
    SLICE_X64Y62         LUT5 (Prop_lut5_I0_O)        0.306    20.542 r  tokenizer/imm[20]_i_34/O
                         net (fo=8, routed)           0.705    21.247    tokenizer/imm[20]_i_34_n_0
    SLICE_X66Y68         LUT4 (Prop_lut4_I3_O)        0.124    21.371 r  tokenizer/imm[28]_i_349/O
                         net (fo=1, routed)           0.000    21.371    tokenizer/imm[28]_i_349_n_0
    SLICE_X66Y68         CARRY4 (Prop_carry4_S[3]_O[3])
                                                      0.255    21.626 r  tokenizer/imm_reg[28]_i_281/O[3]
                         net (fo=3, routed)           0.330    21.956    tokenizer/imm_reg[28]_i_281_n_4
    SLICE_X64Y68         LUT2 (Prop_lut2_I1_O)        0.307    22.263 r  tokenizer/imm[28]_i_285/O
                         net (fo=1, routed)           0.000    22.263    tokenizer/imm[28]_i_285_n_0
    SLICE_X64Y68         CARRY4 (Prop_carry4_S[0]_O[0])
                                                      0.247    22.510 r  tokenizer/imm_reg[28]_i_168/O[0]
                         net (fo=5, routed)           0.808    23.318    tokenizer/imm_reg[28]_i_168_n_7
    SLICE_X65Y70         LUT4 (Prop_lut4_I0_O)        0.299    23.617 r  tokenizer/imm[28]_i_250/O
                         net (fo=1, routed)           0.000    23.617    tokenizer/imm[28]_i_250_n_0
    SLICE_X65Y70         CARRY4 (Prop_carry4_S[0]_O[0])
                                                      0.247    23.864 r  tokenizer/imm_reg[28]_i_147/O[0]
                         net (fo=3, routed)           0.602    24.466    tokenizer/imm_reg[28]_i_147_n_7
    SLICE_X63Y72         LUT2 (Prop_lut2_I1_O)        0.299    24.765 r  tokenizer/imm[28]_i_234/O
                         net (fo=1, routed)           0.000    24.765    tokenizer/imm[28]_i_234_n_0
    SLICE_X63Y72         CARRY4 (Prop_carry4_S[1]_O[1])
                                                      0.227    24.992 r  tokenizer/imm_reg[28]_i_145/O[1]
                         net (fo=2, routed)           0.693    25.685    tokenizer/imm_reg[28]_i_145_n_6
    SLICE_X63Y69         LUT5 (Prop_lut5_I0_O)        0.298    25.983 r  tokenizer/imm[28]_i_255/O
                         net (fo=7, routed)           0.711    26.694    tokenizer/imm[28]_i_255_n_0
    SLICE_X61Y71         LUT2 (Prop_lut2_I0_O)        0.332    27.026 r  tokenizer/imm[28]_i_259/O
                         net (fo=1, routed)           0.000    27.026    tokenizer/imm[28]_i_259_n_0
    SLICE_X61Y71         CARRY4 (Prop_carry4_S[1]_O[2])
                                                      0.580    27.606 r  tokenizer/imm_reg[28]_i_153/O[2]
                         net (fo=3, routed)           0.520    28.126    tokenizer/imm_reg[28]_i_153_n_5
    SLICE_X60Y71         LUT2 (Prop_lut2_I1_O)        0.302    28.428 r  tokenizer/imm[28]_i_251/O
                         net (fo=1, routed)           0.000    28.428    tokenizer/imm[28]_i_251_n_0
    SLICE_X60Y71         CARRY4 (Prop_carry4_S[3]_CO[3])
                                                      0.376    28.804 r  tokenizer/imm_reg[28]_i_152/CO[3]
                         net (fo=1, routed)           0.000    28.804    tokenizer/imm_reg[28]_i_152_n_0
    SLICE_X60Y72         CARRY4 (Prop_carry4_CI_O[0])
                                                      0.219    29.023 r  tokenizer/imm_reg[28]_i_95/O[0]
                         net (fo=3, routed)           0.855    29.879    tokenizer/imm_reg[28]_i_95_n_7
    SLICE_X67Y69         LUT4 (Prop_lut4_I3_O)        0.295    30.174 r  tokenizer/imm[13]_i_86/O
                         net (fo=1, routed)           0.403    30.577    tokenizer/imm[13]_i_86_n_0
    SLICE_X67Y69         LUT6 (Prop_lut6_I0_O)        0.124    30.701 r  tokenizer/imm[13]_i_34/O
                         net (fo=3, routed)           0.975    31.676    tokenizer/imm[13]_i_34_n_0
    SLICE_X59Y74         CARRY4 (Prop_carry4_DI[0]_O[2])
                                                      0.556    32.232 r  tokenizer/imm_reg[30]_i_128/O[2]
                         net (fo=3, routed)           0.520    32.752    tokenizer/imm_reg[30]_i_128_n_5
    SLICE_X58Y74         LUT2 (Prop_lut2_I1_O)        0.302    33.054 r  tokenizer/imm[13]_i_78/O
                         net (fo=1, routed)           0.000    33.054    tokenizer/imm[13]_i_78_n_0
    SLICE_X58Y74         CARRY4 (Prop_carry4_S[3]_O[3])
                                                      0.255    33.309 r  tokenizer/imm_reg[13]_i_32/O[3]
                         net (fo=7, routed)           1.024    34.333    tokenizer/imm_reg[13]_i_32_n_4
    SLICE_X57Y70         LUT5 (Prop_lut5_I0_O)        0.307    34.640 r  tokenizer/imm[30]_i_238/O
                         net (fo=1, routed)           0.000    34.640    tokenizer/imm[30]_i_238_n_0
    SLICE_X57Y70         CARRY4 (Prop_carry4_S[3]_CO[3])
                                                      0.401    35.041 r  tokenizer/imm_reg[30]_i_134/CO[3]
                         net (fo=1, routed)           0.000    35.041    tokenizer/imm_reg[30]_i_134_n_0
    SLICE_X57Y71         CARRY4 (Prop_carry4_CI_O[0])
                                                      0.222    35.263 r  tokenizer/imm_reg[30]_i_133/O[0]
                         net (fo=3, routed)           0.454    35.717    tokenizer/imm_reg[30]_i_133_n_7
    SLICE_X56Y71         LUT2 (Prop_lut2_I1_O)        0.299    36.016 r  tokenizer/imm[30]_i_137/O
                         net (fo=1, routed)           0.000    36.016    tokenizer/imm[30]_i_137_n_0
    SLICE_X56Y71         CARRY4 (Prop_carry4_S[1]_O[2])
                                                      0.578    36.594 r  tokenizer/imm_reg[30]_i_58/O[2]
                         net (fo=6, routed)           1.533    38.127    tokenizer/imm_reg[30]_i_58_n_5
    SLICE_X60Y79         LUT3 (Prop_lut3_I0_O)        0.327    38.454 r  tokenizer/imm[24]_i_106/O
                         net (fo=2, routed)           0.483    38.937    tokenizer/imm[24]_i_106_n_0
    SLICE_X56Y79         LUT6 (Prop_lut6_I0_O)        0.328    39.265 r  tokenizer/imm[24]_i_110/O
                         net (fo=1, routed)           0.000    39.265    tokenizer/imm[24]_i_110_n_0
    SLICE_X56Y79         CARRY4 (Prop_carry4_S[2]_O[2])
                                                      0.250    39.515 r  tokenizer/imm_reg[24]_i_39/O[2]
                         net (fo=3, routed)           0.431    39.945    tokenizer/imm_reg[24]_i_39_n_5
    SLICE_X55Y78         LUT2 (Prop_lut2_I1_O)        0.301    40.246 r  tokenizer/imm[30]_i_123/O
                         net (fo=1, routed)           0.000    40.246    tokenizer/imm[30]_i_123_n_0
    SLICE_X55Y78         CARRY4 (Prop_carry4_S[3]_O[3])
                                                      0.248    40.494 r  tokenizer/imm_reg[30]_i_56/O[3]
                         net (fo=3, routed)           0.466    40.960    tokenizer/imm_reg[30]_i_56_n_4
    SLICE_X52Y80         LUT5 (Prop_lut5_I0_O)        0.306    41.266 r  tokenizer/imm[31]_i_103/O
                         net (fo=2, routed)           0.491    41.757    tokenizer/imm[31]_i_103_n_0
    SLICE_X54Y78         CARRY4 (Prop_carry4_DI[3]_CO[3])
                                                      0.396    42.153 r  tokenizer/imm_reg[31]_i_58/CO[3]
                         net (fo=1, routed)           0.000    42.153    tokenizer/imm_reg[31]_i_58_n_0
    SLICE_X54Y79         CARRY4 (Prop_carry4_CI_O[0])
                                                      0.219    42.372 r  tokenizer/imm_reg[28]_i_40/O[0]
                         net (fo=3, routed)           0.495    42.867    tokenizer/imm_reg[28]_i_40_n_7
    SLICE_X53Y79         LUT2 (Prop_lut2_I1_O)        0.295    43.162 r  tokenizer/imm[24]_i_24/O
                         net (fo=1, routed)           0.000    43.162    tokenizer/imm[24]_i_24_n_0
    SLICE_X53Y79         CARRY4 (Prop_carry4_S[1]_O[1])
                                                      0.227    43.389 r  tokenizer/imm_reg[24]_i_10/O[1]
                         net (fo=1, routed)           0.573    43.962    tokenizer/imm_reg[24]_i_10_n_6
    SLICE_X52Y81         LUT3 (Prop_lut3_I2_O)        0.303    44.265 r  tokenizer/imm[22]_i_13/O
                         net (fo=1, routed)           0.416    44.680    tokenizer/imm[22]_i_13_n_0
    SLICE_X51Y81         LUT6 (Prop_lut6_I0_O)        0.124    44.804 r  tokenizer/imm[22]_i_3/O
                         net (fo=1, routed)           0.520    45.325    tokenizer/imm[22]_i_3_n_0
    SLICE_X50Y81         LUT6 (Prop_lut6_I1_O)        0.124    45.449 r  tokenizer/imm[22]_i_1/O
                         net (fo=1, routed)           0.000    45.449    operand_interpreter/imm_reg[31]_2[22]
    SLICE_X50Y81         FDRE                                         r  operand_interpreter/imm_reg[22]/D
  -------------------------------------------------------------------    -------------------

                         (clock sys_clk_pin rise edge)
                                                     50.000    50.000 r  <hidden>
    E3                                                0.000    50.000 r  CLK100MHZ
                         net (fo=0)                   0.000    50.000    CLK100MHZ
    E3                   IBUF (Prop_ibuf_I_O)         1.411    51.411 r  CLK100MHZ_IBUF_inst/O
                         net (fo=1, routed)           1.920    53.331    CLK100MHZ_IBUF
    BUFGCTRL_X0Y16       BUFG (Prop_bufg_I_O)         0.091    53.422 r  CLK100MHZ_IBUF_BUFG_inst/O
                         net (fo=1685, routed)        1.501    54.924    operand_interpreter/CLK100MHZ_IBUF_BUFG
    SLICE_X50Y81         FDRE                                         r  operand_interpreter/imm_reg[22]/C
                         clock pessimism              0.187    55.111    <hidden>
                         clock uncertainty           -0.035    55.075    <hidden>
    SLICE_X50Y81         FDRE (Setup_fdre_C_D)        0.077    55.152    operand_interpreter/imm_reg[22]
  -------------------------------------------------------------------
                         required time                         55.152    <hidden>
                         arrival time                         -45.449    <hidden>
  -------------------------------------------------------------------
                         slack                                  9.704    <hidden>

Slack (MET) :             9.789ns  (required time - arrival time)
  Source:                 tokenizer/token2_reg[92]/C
                            (rising edge-triggered cell FDRE clocked by sys_clk_pin  {rise@0.000ns fall@5.000ns period=50.000ns})
  Destination:            operand_interpreter/imm_reg[24]/D
                            (rising edge-triggered cell FDRE clocked by sys_clk_pin  {rise@0.000ns fall@5.000ns period=50.000ns})
  Path Group:             sys_clk_pin
  Path Type:              Setup (Max at Slow Process Corner)
  Requirement:            50.000ns  (sys_clk_pin rise@50.000ns - sys_clk_pin rise@0.000ns)
  Data Path Delay:        40.156ns  (logic 17.963ns (44.733%)  route 22.193ns (55.267%))
  Logic Levels:           59  (CARRY4=26 LUT2=10 LUT3=4 LUT4=5 LUT5=7 LUT6=7)
  Clock Path Skew:        -0.049ns (DCD - SCD + CPR)
    Destination Clock Delay (DCD):    4.920ns = ( 54.920 - 50.000 ) 
    Source Clock Delay      (SCD):    5.228ns
    Clock Pessimism Removal (CPR):    0.259ns
  Clock Uncertainty:      0.035ns  ((TSJ^2 + TIJ^2)^1/2 + DJ) / 2 + PE
    Total System Jitter     (TSJ):    0.071ns
    Total Input Jitter      (TIJ):    0.000ns
    Discrete Jitter          (DJ):    0.000ns
    Phase Error              (PE):    0.000ns

    Location             Delay type                Incr(ns)  Path(ns)    Netlist Resource(s)
  -------------------------------------------------------------------    -------------------
                         (clock sys_clk_pin rise edge)
                                                      0.000     0.000 r  <hidden>
    E3                                                0.000     0.000 r  CLK100MHZ
                         net (fo=0)                   0.000     0.000    CLK100MHZ
    E3                   IBUF (Prop_ibuf_I_O)         1.482     1.482 r  CLK100MHZ_IBUF_inst/O
                         net (fo=1, routed)           2.025     3.506    CLK100MHZ_IBUF
    BUFGCTRL_X0Y16       BUFG (Prop_bufg_I_O)         0.096     3.602 r  CLK100MHZ_IBUF_BUFG_inst/O
                         net (fo=1685, routed)        1.625     5.228    tokenizer/clk
    SLICE_X54Y56         FDRE                                         r  tokenizer/token2_reg[92]/C
  -------------------------------------------------------------------    -------------------
    SLICE_X54Y56         FDRE (Prop_fdre_C_Q)         0.518     5.746 r  tokenizer/token2_reg[92]/Q
                         net (fo=25, routed)          1.128     6.874    tokenizer/token2[92]
    SLICE_X58Y59         LUT2 (Prop_lut2_I0_O)        0.124     6.998 r  tokenizer/imm[31]_i_31/O
                         net (fo=2, routed)           0.663     7.660    tokenizer/imm[31]_i_31_n_0
    SLICE_X57Y57         LUT6 (Prop_lut6_I1_O)        0.124     7.784 r  tokenizer/imm[17]_i_81/O
                         net (fo=33, routed)          0.657     8.441    tokenizer/imm[17]_i_81_n_0
    SLICE_X56Y59         LUT3 (Prop_lut3_I0_O)        0.124     8.565 r  tokenizer/imm[16]_i_128/O
                         net (fo=1, routed)           0.000     8.565    tokenizer/imm[16]_i_128_n_0
    SLICE_X56Y59         CARRY4 (Prop_carry4_S[1]_O[2])
                                                      0.578     9.143 r  tokenizer/imm_reg[16]_i_99/O[2]
                         net (fo=2, routed)           0.466     9.609    tokenizer/imm_reg[16]_i_99_n_5
    SLICE_X57Y58         LUT2 (Prop_lut2_I1_O)        0.301     9.910 r  tokenizer/imm[16]_i_100/O
                         net (fo=1, routed)           0.000     9.910    tokenizer/imm[16]_i_100_n_0
    SLICE_X57Y58         CARRY4 (Prop_carry4_S[3]_CO[3])
                                                      0.401    10.311 r  tokenizer/imm_reg[16]_i_74/CO[3]
                         net (fo=1, routed)           0.000    10.311    tokenizer/imm_reg[16]_i_74_n_0
    SLICE_X57Y59         CARRY4 (Prop_carry4_CI_O[0])
                                                      0.222    10.533 r  tokenizer/imm_reg[17]_i_80/O[0]
                         net (fo=3, routed)           0.839    11.372    tokenizer/imm_reg[17]_i_80_n_7
    SLICE_X58Y59         LUT5 (Prop_lut5_I4_O)        0.325    11.697 r  tokenizer/imm[28]_i_341/O
                         net (fo=2, routed)           0.627    12.324    tokenizer/imm[28]_i_341_n_0
    SLICE_X54Y59         LUT5 (Prop_lut5_I0_O)        0.348    12.672 r  tokenizer/imm[28]_i_345/O
                         net (fo=1, routed)           0.000    12.672    tokenizer/imm[28]_i_345_n_0
    SLICE_X54Y59         CARRY4 (Prop_carry4_S[0]_O[0])
                                                      0.252    12.924 r  tokenizer/imm_reg[28]_i_264/O[0]
                         net (fo=4, routed)           0.637    13.561    tokenizer/imm_reg[28]_i_264_n_7
    SLICE_X55Y59         LUT4 (Prop_lut4_I0_O)        0.295    13.856 r  tokenizer/imm[19]_i_67/O
                         net (fo=1, routed)           0.000    13.856    tokenizer/imm[19]_i_67_n_0
    SLICE_X55Y59         CARRY4 (Prop_carry4_S[1]_O[1])
                                                      0.227    14.083 r  tokenizer/imm_reg[19]_i_60/O[1]
                         net (fo=4, routed)           0.636    14.719    tokenizer/imm_reg[19]_i_60_n_6
    SLICE_X59Y61         LUT6 (Prop_lut6_I0_O)        0.303    15.022 r  tokenizer/imm[24]_i_264/O
                         net (fo=1, routed)           0.000    15.022    tokenizer/imm[24]_i_264_n_0
    SLICE_X59Y61         CARRY4 (Prop_carry4_S[1]_O[1])
                                                      0.227    15.249 r  tokenizer/imm_reg[24]_i_212/O[1]
                         net (fo=3, routed)           0.535    15.784    tokenizer/imm_reg[24]_i_212_n_6
    SLICE_X58Y61         LUT4 (Prop_lut4_I3_O)        0.303    16.087 r  tokenizer/imm[20]_i_82/O
                         net (fo=1, routed)           0.000    16.087    tokenizer/imm[20]_i_82_n_0
    SLICE_X58Y61         CARRY4 (Prop_carry4_S[2]_O[2])
                                                      0.250    16.337 r  tokenizer/imm_reg[20]_i_52/O[2]
                         net (fo=1, routed)           0.423    16.760    tokenizer/imm_reg[20]_i_52_n_5
    SLICE_X60Y62         LUT5 (Prop_lut5_I0_O)        0.293    17.053 f  tokenizer/imm[19]_i_58/O
                         net (fo=1, routed)           0.452    17.505    tokenizer/imm[19]_i_58_n_0
    SLICE_X60Y62         LUT6 (Prop_lut6_I0_O)        0.328    17.833 r  tokenizer/imm[19]_i_39/O
                         net (fo=8, routed)           0.566    18.399    tokenizer/imm[24]_i_252_n_0
    SLICE_X62Y63         LUT6 (Prop_lut6_I0_O)        0.124    18.523 r  tokenizer/imm[24]_i_256/O
                         net (fo=1, routed)           0.000    18.523    tokenizer/imm[24]_i_256_n_0
    SLICE_X62Y63         CARRY4 (Prop_carry4_S[2]_O[2])
                                                      0.250    18.773 r  tokenizer/imm_reg[24]_i_207/O[2]
                         net (fo=3, routed)           0.483    19.256    tokenizer/imm_reg[24]_i_207_n_5
    SLICE_X63Y62         LUT3 (Prop_lut3_I2_O)        0.301    19.557 r  tokenizer/imm[18]_i_116/O
                         net (fo=1, routed)           0.000    19.557    tokenizer/imm[18]_i_116_n_0
    SLICE_X63Y62         CARRY4 (Prop_carry4_S[3]_O[3])
                                                      0.248    19.805 r  tokenizer/imm_reg[18]_i_73/O[3]
                         net (fo=1, routed)           0.431    20.236    tokenizer/imm_reg[18]_i_73_n_4
    SLICE_X64Y62         LUT5 (Prop_lut5_I0_O)        0.306    20.542 r  tokenizer/imm[20]_i_34/O
                         net (fo=8, routed)           0.705    21.247    tokenizer/imm[20]_i_34_n_0
    SLICE_X66Y68         LUT4 (Prop_lut4_I3_O)        0.124    21.371 r  tokenizer/imm[28]_i_349/O
                         net (fo=1, routed)           0.000    21.371    tokenizer/imm[28]_i_349_n_0
    SLICE_X66Y68         CARRY4 (Prop_carry4_S[3]_O[3])
                                                      0.255    21.626 r  tokenizer/imm_reg[28]_i_281/O[3]
                         net (fo=3, routed)           0.330    21.956    tokenizer/imm_reg[28]_i_281_n_4
    SLICE_X64Y68         LUT2 (Prop_lut2_I1_O)        0.307    22.263 r  tokenizer/imm[28]_i_285/O
                         net (fo=1, routed)           0.000    22.263    tokenizer/imm[28]_i_285_n_0
    SLICE_X64Y68         CARRY4 (Prop_carry4_S[0]_O[0])
                                                      0.247    22.510 r  tokenizer/imm_reg[28]_i_168/O[0]
                         net (fo=5, routed)           0.808    23.318    tokenizer/imm_reg[28]_i_168_n_7
    SLICE_X65Y70         LUT4 (Prop_lut4_I0_O)        0.299    23.617 r  tokenizer/imm[28]_i_250/O
                         net (fo=1, routed)           0.000    23.617    tokenizer/imm[28]_i_250_n_0
    SLICE_X65Y70         CARRY4 (Prop_carry4_S[0]_O[0])
                                                      0.247    23.864 r  tokenizer/imm_reg[28]_i_147/O[0]
                         net (fo=3, routed)           0.602    24.466    tokenizer/imm_reg[28]_i_147_n_7
    SLICE_X63Y72         LUT2 (Prop_lut2_I1_O)        0.299    24.765 r  tokenizer/imm[28]_i_234/O
                         net (fo=1, routed)           0.000    24.765    tokenizer/imm[28]_i_234_n_0
    SLICE_X63Y72         CARRY4 (Prop_carry4_S[1]_O[1])
                                                      0.227    24.992 r  tokenizer/imm_reg[28]_i_145/O[1]
                         net (fo=2, routed)           0.693    25.685    tokenizer/imm_reg[28]_i_145_n_6
    SLICE_X63Y69         LUT5 (Prop_lut5_I0_O)        0.298    25.983 r  tokenizer/imm[28]_i_255/O
                         net (fo=7, routed)           0.711    26.694    tokenizer/imm[28]_i_255_n_0
    SLICE_X61Y71         LUT2 (Prop_lut2_I0_O)        0.332    27.026 r  tokenizer/imm[28]_i_259/O
                         net (fo=1, routed)           0.000    27.026    tokenizer/imm[28]_i_259_n_0
    SLICE_X61Y71         CARRY4 (Prop_carry4_S[1]_O[2])
                                                      0.580    27.606 r  tokenizer/imm_reg[28]_i_153/O[2]
                         net (fo=3, routed)           0.520    28.126    tokenizer/imm_reg[28]_i_153_n_5
    SLICE_X60Y71         LUT2 (Prop_lut2_I1_O)        0.302    28.428 r  tokenizer/imm[28]_i_251/O
                         net (fo=1, routed)           0.000    28.428    tokenizer/imm[28]_i_251_n_0
    SLICE_X60Y71         CARRY4 (Prop_carry4_S[3]_CO[3])
                                                      0.376    28.804 r  tokenizer/imm_reg[28]_i_152/CO[3]
                         net (fo=1, routed)           0.000    28.804    tokenizer/imm_reg[28]_i_152_n_0
    SLICE_X60Y72         CARRY4 (Prop_carry4_CI_O[0])
                                                      0.219    29.023 r  tokenizer/imm_reg[28]_i_95/O[0]
                         net (fo=3, routed)           0.855    29.879    tokenizer/imm_reg[28]_i_95_n_7
    SLICE_X67Y69         LUT4 (Prop_lut4_I3_O)        0.295    30.174 r  tokenizer/imm[13]_i_86/O
                         net (fo=1, routed)           0.403    30.577    tokenizer/imm[13]_i_86_n_0
    SLICE_X67Y69         LUT6 (Prop_lut6_I0_O)        0.124    30.701 r  tokenizer/imm[13]_i_34/O
                         net (fo=3, routed)           0.975    31.676    tokenizer/imm[13]_i_34_n_0
    SLICE_X59Y74         CARRY4 (Prop_carry4_DI[0]_O[2])
                                                      0.556    32.232 r  tokenizer/imm_reg[30]_i_128/O[2]
                         net (fo=3, routed)           0.520    32.752    tokenizer/imm_reg[30]_i_128_n_5
    SLICE_X58Y74         LUT2 (Prop_lut2_I1_O)        0.302    33.054 r  tokenizer/imm[13]_i_78/O
                         net (fo=1, routed)           0.000    33.054    tokenizer/imm[13]_i_78_n_0
    SLICE_X58Y74         CARRY4 (Prop_carry4_S[3]_O[3])
                                                      0.255    33.309 r  tokenizer/imm_reg[13]_i_32/O[3]
                         net (fo=7, routed)           1.024    34.333    tokenizer/imm_reg[13]_i_32_n_4
    SLICE_X57Y70         LUT5 (Prop_lut5_I0_O)        0.307    34.640 r  tokenizer/imm[30]_i_238/O
                         net (fo=1, routed)           0.000    34.640    tokenizer/imm[30]_i_238_n_0
    SLICE_X57Y70         CARRY4 (Prop_carry4_S[3]_CO[3])
                                                      0.401    35.041 r  tokenizer/imm_reg[30]_i_134/CO[3]
                         net (fo=1, routed)           0.000    35.041    tokenizer/imm_reg[30]_i_134_n_0
    SLICE_X57Y71         CARRY4 (Prop_carry4_CI_O[0])
                                                      0.222    35.263 r  tokenizer/imm_reg[30]_i_133/O[0]
                         net (fo=3, routed)           0.454    35.717    tokenizer/imm_reg[30]_i_133_n_7
    SLICE_X56Y71         LUT2 (Prop_lut2_I1_O)        0.299    36.016 r  tokenizer/imm[30]_i_137/O
                         net (fo=1, routed)           0.000    36.016    tokenizer/imm[30]_i_137_n_0
    SLICE_X56Y71         CARRY4 (Prop_carry4_S[1]_O[2])
                                                      0.578    36.594 r  tokenizer/imm_reg[30]_i_58/O[2]
                         net (fo=6, routed)           1.533    38.127    tokenizer/imm_reg[30]_i_58_n_5
    SLICE_X60Y79         LUT3 (Prop_lut3_I0_O)        0.327    38.454 r  tokenizer/imm[24]_i_106/O
                         net (fo=2, routed)           0.483    38.937    tokenizer/imm[24]_i_106_n_0
    SLICE_X56Y79         LUT6 (Prop_lut6_I0_O)        0.328    39.265 r  tokenizer/imm[24]_i_110/O
                         net (fo=1, routed)           0.000    39.265    tokenizer/imm[24]_i_110_n_0
    SLICE_X56Y79         CARRY4 (Prop_carry4_S[2]_O[2])
                                                      0.250    39.515 r  tokenizer/imm_reg[24]_i_39/O[2]
                         net (fo=3, routed)           0.431    39.945    tokenizer/imm_reg[24]_i_39_n_5
    SLICE_X55Y78         LUT2 (Prop_lut2_I1_O)        0.301    40.246 r  tokenizer/imm[30]_i_123/O
                         net (fo=1, routed)           0.000    40.246    tokenizer/imm[30]_i_123_n_0
    SLICE_X55Y78         CARRY4 (Prop_carry4_S[3]_O[3])
                                                      0.248    40.494 r  tokenizer/imm_reg[30]_i_56/O[3]
                         net (fo=3, routed)           0.466    40.960    tokenizer/imm_reg[30]_i_56_n_4
    SLICE_X52Y80         LUT5 (Prop_lut5_I0_O)        0.306    41.266 r  tokenizer/imm[31]_i_103/O
                         net (fo=2, routed)           0.491    41.757    tokenizer/imm[31]_i_103_n_0
    SLICE_X54Y78         CARRY4 (Prop_carry4_DI[3]_CO[3])
                                                      0.396    42.153 r  tokenizer/imm_reg[31]_i_58/CO[3]
                         net (fo=1, routed)           0.000    42.153    tokenizer/imm_reg[31]_i_58_n_0
    SLICE_X54Y79         CARRY4 (Prop_carry4_CI_O[0])
                                                      0.219    42.372 r  tokenizer/imm_reg[28]_i_40/O[0]
                         net (fo=3, routed)           0.495    42.867    tokenizer/imm_reg[28]_i_40_n_7
    SLICE_X53Y79         LUT2 (Prop_lut2_I1_O)        0.295    43.162 r  tokenizer/imm[24]_i_24/O
                         net (fo=1, routed)           0.000    43.162    tokenizer/imm[24]_i_24_n_0
    SLICE_X53Y79         CARRY4 (Prop_carry4_S[1]_O[3])
                                                      0.640    43.802 r  tokenizer/imm_reg[24]_i_10/O[3]
                         net (fo=1, routed)           0.707    44.509    tokenizer/imm_reg[24]_i_10_n_4
    SLICE_X52Y83         LUT3 (Prop_lut3_I2_O)        0.306    44.815 r  tokenizer/imm[24]_i_3/O
                         net (fo=1, routed)           0.444    45.259    tokenizer/imm[24]_i_3_n_0
    SLICE_X52Y83         LUT6 (Prop_lut6_I2_O)        0.124    45.383 r  tokenizer/imm[24]_i_1/O
                         net (fo=1, routed)           0.000    45.383    operand_interpreter/imm_reg[31]_2[24]
    SLICE_X52Y83         FDRE                                         r  operand_interpreter/imm_reg[24]/D
  -------------------------------------------------------------------    -------------------

                         (clock sys_clk_pin rise edge)
                                                     50.000    50.000 r  <hidden>
    E3                                                0.000    50.000 r  CLK100MHZ
                         net (fo=0)                   0.000    50.000    CLK100MHZ
    E3                   IBUF (Prop_ibuf_I_O)         1.411    51.411 r  CLK100MHZ_IBUF_inst/O
                         net (fo=1, routed)           1.920    53.331    CLK100MHZ_IBUF
    BUFGCTRL_X0Y16       BUFG (Prop_bufg_I_O)         0.091    53.422 r  CLK100MHZ_IBUF_BUFG_inst/O
                         net (fo=1685, routed)        1.497    54.920    operand_interpreter/CLK100MHZ_IBUF_BUFG
    SLICE_X52Y83         FDRE                                         r  operand_interpreter/imm_reg[24]/C
                         clock pessimism              0.259    55.179    <hidden>
                         clock uncertainty           -0.035    55.143    <hidden>
    SLICE_X52Y83         FDRE (Setup_fdre_C_D)        0.029    55.172    operand_interpreter/imm_reg[24]
  -------------------------------------------------------------------
                         required time                         55.172    <hidden>
                         arrival time                         -45.383    <hidden>
  -------------------------------------------------------------------
                         slack                                  9.789    <hidden>





Min Delay Paths
--------------------------------------------------------------------------------------
Slack (MET) :             0.029ns  (arrival time - required time)
  Source:                 memory_access/ReadDataW_reg[29]/C
                            (rising edge-triggered cell FDRE clocked by sys_clk_pin  {rise@0.000ns fall@5.000ns period=50.000ns})
  Destination:            decode/RD1E_reg[29]/D
                            (rising edge-triggered cell FDRE clocked by sys_clk_pin  {rise@0.000ns fall@5.000ns period=50.000ns})
  Path Group:             sys_clk_pin
  Path Type:              Hold (Min at Fast Process Corner)
  Requirement:            0.000ns  (sys_clk_pin rise@0.000ns - sys_clk_pin rise@0.000ns)
  Data Path Delay:        0.384ns  (logic 0.186ns (48.436%)  route 0.198ns (51.564%))
  Logic Levels:           1  (LUT5=1)
  Clock Path Skew:        0.264ns (DCD - SCD - CPR)
    Destination Clock Delay (DCD):    2.001ns
    Source Clock Delay      (SCD):    1.491ns
    Clock Pessimism Removal (CPR):    0.245ns

    Location             Delay type                Incr(ns)  Path(ns)    Netlist Resource(s)
  -------------------------------------------------------------------    -------------------
                         (clock sys_clk_pin rise edge)
                                                      0.000     0.000 r  <hidden>
    E3                                                0.000     0.000 r  CLK100MHZ
                         net (fo=0)                   0.000     0.000    CLK100MHZ
    E3                   IBUF (Prop_ibuf_I_O)         0.250     0.250 r  CLK100MHZ_IBUF_inst/O
                         net (fo=1, routed)           0.644     0.894    CLK100MHZ_IBUF
    BUFGCTRL_X0Y16       BUFG (Prop_bufg_I_O)         0.026     0.920 r  CLK100MHZ_IBUF_BUFG_inst/O
                         net (fo=1685, routed)        0.572     1.491    memory_access/CLK100MHZ_IBUF_BUFG
    SLICE_X31Y99         FDRE                                         r  memory_access/ReadDataW_reg[29]/C
  -------------------------------------------------------------------    -------------------
    SLICE_X31Y99         FDRE (Prop_fdre_C_Q)         0.141     1.632 r  memory_access/ReadDataW_reg[29]/Q
                         net (fo=4, routed)           0.198     1.830    memory_access/Q[29]
    SLICE_X35Y101        LUT5 (Prop_lut5_I0_O)        0.045     1.875 r  memory_access/RD1E[29]_i_1/O
                         net (fo=1, routed)           0.000     1.875    decode/RD1E_reg[31]_1[29]
    SLICE_X35Y101        FDRE                                         r  decode/RD1E_reg[29]/D
  -------------------------------------------------------------------    -------------------

                         (clock sys_clk_pin rise edge)
                                                      0.000     0.000 r  <hidden>
    E3                                                0.000     0.000 r  CLK100MHZ
                         net (fo=0)                   0.000     0.000    CLK100MHZ
    E3                   IBUF (Prop_ibuf_I_O)         0.438     0.438 r  CLK100MHZ_IBUF_inst/O
                         net (fo=1, routed)           0.699     1.136    CLK100MHZ_IBUF
    BUFGCTRL_X0Y16       BUFG (Prop_bufg_I_O)         0.029     1.165 r  CLK100MHZ_IBUF_BUFG_inst/O
                         net (fo=1685, routed)        0.836     2.001    decode/CLK100MHZ_IBUF_BUFG
    SLICE_X35Y101        FDRE                                         r  decode/RD1E_reg[29]/C
                         clock pessimism             -0.245     1.755    <hidden>
    SLICE_X35Y101        FDRE (Hold_fdre_C_D)         0.091     1.846    decode/RD1E_reg[29]
  -------------------------------------------------------------------
                         required time                         -1.846    <hidden>
                         arrival time                           1.875    <hidden>
  -------------------------------------------------------------------
                         slack                                  0.029    <hidden>

Slack (MET) :             0.067ns  (arrival time - required time)
  Source:                 memory_access/RdW_reg[2]/C
                            (rising edge-triggered cell FDRE clocked by sys_clk_pin  {rise@0.000ns fall@5.000ns period=50.000ns})
  Destination:            decode/register_file/regs_reg_r1_0_31_18_23/RAMA/WADR2
                            (rising edge-triggered cell RAMD32 clocked by sys_clk_pin  {rise@0.000ns fall@5.000ns period=50.000ns})
  Path Group:             sys_clk_pin
  Path Type:              Hold (Min at Fast Process Corner)
  Requirement:            0.000ns  (sys_clk_pin rise@0.000ns - sys_clk_pin rise@0.000ns)
  Data Path Delay:        0.588ns  (logic 0.141ns (23.984%)  route 0.447ns (76.016%))
  Logic Levels:           0  
  Clock Path Skew:        0.267ns (DCD - SCD - CPR)
    Destination Clock Delay (DCD):    1.997ns
    Source Clock Delay      (SCD):    1.484ns
    Clock Pessimism Removal (CPR):    0.245ns

    Location             Delay type                Incr(ns)  Path(ns)    Netlist Resource(s)
  -------------------------------------------------------------------    -------------------
                         (clock sys_clk_pin rise edge)
                                                      0.000     0.000 r  <hidden>
    E3                                                0.000     0.000 r  CLK100MHZ
                         net (fo=0)                   0.000     0.000    CLK100MHZ
    E3                   IBUF (Prop_ibuf_I_O)         0.250     0.250 r  CLK100MHZ_IBUF_inst/O
                         net (fo=1, routed)           0.644     0.894    CLK100MHZ_IBUF
    BUFGCTRL_X0Y16       BUFG (Prop_bufg_I_O)         0.026     0.920 r  CLK100MHZ_IBUF_BUFG_inst/O
                         net (fo=1685, routed)        0.565     1.484    memory_access/CLK100MHZ_IBUF_BUFG
    SLICE_X49Y91         FDRE                                         r  memory_access/RdW_reg[2]/C
  -------------------------------------------------------------------    -------------------
    SLICE_X49Y91         FDRE (Prop_fdre_C_Q)         0.141     1.625 r  memory_access/RdW_reg[2]/Q
                         net (fo=100, routed)         0.447     2.072    decode/register_file/regs_reg_r1_0_31_18_23/ADDRD2
    SLICE_X46Y100        RAMD32                                       r  decode/register_file/regs_reg_r1_0_31_18_23/RAMA/WADR2
  -------------------------------------------------------------------    -------------------

                         (clock sys_clk_pin rise edge)
                                                      0.000     0.000 r  <hidden>
    E3                                                0.000     0.000 r  CLK100MHZ
                         net (fo=0)                   0.000     0.000    CLK100MHZ
    E3                   IBUF (Prop_ibuf_I_O)         0.438     0.438 r  CLK100MHZ_IBUF_inst/O
                         net (fo=1, routed)           0.699     1.136    CLK100MHZ_IBUF
    BUFGCTRL_X0Y16       BUFG (Prop_bufg_I_O)         0.029     1.165 r  CLK100MHZ_IBUF_BUFG_inst/O
                         net (fo=1685, routed)        0.832     1.997    decode/register_file/regs_reg_r1_0_31_18_23/WCLK
    SLICE_X46Y100        RAMD32                                       r  decode/register_file/regs_reg_r1_0_31_18_23/RAMA/CLK
                         clock pessimism             -0.245     1.751    <hidden>
    SLICE_X46Y100        RAMD32 (Hold_ramd32_CLK_WADR2)
                                                      0.254     2.005    decode/register_file/regs_reg_r1_0_31_18_23/RAMA
  -------------------------------------------------------------------
                         required time                         -2.005    <hidden>
                         arrival time                           2.072    <hidden>
  -------------------------------------------------------------------
                         slack                                  0.067    <hidden>

Slack (MET) :             0.067ns  (arrival time - required time)
  Source:                 memory_access/RdW_reg[2]/C
                            (rising edge-triggered cell FDRE clocked by sys_clk_pin  {rise@0.000ns fall@5.000ns period=50.000ns})
  Destination:            decode/register_file/regs_reg_r1_0_31_18_23/RAMA_D1/WADR2
                            (rising edge-triggered cell RAMD32 clocked by sys_clk_pin  {rise@0.000ns fall@5.000ns period=50.000ns})
  Path Group:             sys_clk_pin
  Path Type:              Hold (Min at Fast Process Corner)
  Requirement:            0.000ns  (sys_clk_pin rise@0.000ns - sys_clk_pin rise@0.000ns)
  Data Path Delay:        0.588ns  (logic 0.141ns (23.984%)  route 0.447ns (76.016%))
  Logic Levels:           0  
  Clock Path Skew:        0.267ns (DCD - SCD - CPR)
    Destination Clock Delay (DCD):    1.997ns
    Source Clock Delay      (SCD):    1.484ns
    Clock Pessimism Removal (CPR):    0.245ns

    Location             Delay type                Incr(ns)  Path(ns)    Netlist Resource(s)
  -------------------------------------------------------------------    -------------------
                         (clock sys_clk_pin rise edge)
                                                      0.000     0.000 r  <hidden>
    E3                                                0.000     0.000 r  CLK100MHZ
                         net (fo=0)                   0.000     0.000    CLK100MHZ
    E3                   IBUF (Prop_ibuf_I_O)         0.250     0.250 r  CLK100MHZ_IBUF_inst/O
                         net (fo=1, routed)           0.644     0.894    CLK100MHZ_IBUF
    BUFGCTRL_X0Y16       BUFG (Prop_bufg_I_O)         0.026     0.920 r  CLK100MHZ_IBUF_BUFG_inst/O
                         net (fo=1685, routed)        0.565     1.484    memory_access/CLK100MHZ_IBUF_BUFG
    SLICE_X49Y91         FDRE                                         r  memory_access/RdW_reg[2]/C
  -------------------------------------------------------------------    -------------------
    SLICE_X49Y91         FDRE (Prop_fdre_C_Q)         0.141     1.625 r  memory_access/RdW_reg[2]/Q
                         net (fo=100, routed)         0.447     2.072    decode/register_file/regs_reg_r1_0_31_18_23/ADDRD2
    SLICE_X46Y100        RAMD32                                       r  decode/register_file/regs_reg_r1_0_31_18_23/RAMA_D1/WADR2
  -------------------------------------------------------------------    -------------------

                         (clock sys_clk_pin rise edge)
                                                      0.000     0.000 r  <hidden>
    E3                                                0.000     0.000 r  CLK100MHZ
                         net (fo=0)                   0.000     0.000    CLK100MHZ
    E3                   IBUF (Prop_ibuf_I_O)         0.438     0.438 r  CLK100MHZ_IBUF_inst/O
                         net (fo=1, routed)           0.699     1.136    CLK100MHZ_IBUF
    BUFGCTRL_X0Y16       BUFG (Prop_bufg_I_O)         0.029     1.165 r  CLK100MHZ_IBUF_BUFG_inst/O
                         net (fo=1685, routed)        0.832     1.997    decode/register_file/regs_reg_r1_0_31_18_23/WCLK
    SLICE_X46Y100        RAMD32                                       r  decode/register_file/regs_reg_r1_0_31_18_23/RAMA_D1/CLK
                         clock pessimism             -0.245     1.751    <hidden>
    SLICE_X46Y100        RAMD32 (Hold_ramd32_CLK_WADR2)
                                                      0.254     2.005    decode/register_file/regs_reg_r1_0_31_18_23/RAMA_D1
  -------------------------------------------------------------------
                         required time                         -2.005    <hidden>
                         arrival time                           2.072    <hidden>
  -------------------------------------------------------------------
                         slack                                  0.067    <hidden>

Slack (MET) :             0.067ns  (arrival time - required time)
  Source:                 memory_access/RdW_reg[2]/C
                            (rising edge-triggered cell FDRE clocked by sys_clk_pin  {rise@0.000ns fall@5.000ns period=50.000ns})
  Destination:            decode/register_file/regs_reg_r1_0_31_18_23/RAMB/WADR2
                            (rising edge-triggered cell RAMD32 clocked by sys_clk_pin  {rise@0.000ns fall@5.000ns period=50.000ns})
  Path Group:             sys_clk_pin
  Path Type:              Hold (Min at Fast Process Corner)
  Requirement:            0.000ns  (sys_clk_pin rise@0.000ns - sys_clk_pin rise@0.000ns)
  Data Path Delay:        0.588ns  (logic 0.141ns (23.984%)  route 0.447ns (76.016%))
  Logic Levels:           0  
  Clock Path Skew:        0.267ns (DCD - SCD - CPR)
    Destination Clock Delay (DCD):    1.997ns
    Source Clock Delay      (SCD):    1.484ns
    Clock Pessimism Removal (CPR):    0.245ns

    Location             Delay type                Incr(ns)  Path(ns)    Netlist Resource(s)
  -------------------------------------------------------------------    -------------------
                         (clock sys_clk_pin rise edge)
                                                      0.000     0.000 r  <hidden>
    E3                                                0.000     0.000 r  CLK100MHZ
                         net (fo=0)                   0.000     0.000    CLK100MHZ
    E3                   IBUF (Prop_ibuf_I_O)         0.250     0.250 r  CLK100MHZ_IBUF_inst/O
                         net (fo=1, routed)           0.644     0.894    CLK100MHZ_IBUF
    BUFGCTRL_X0Y16       BUFG (Prop_bufg_I_O)         0.026     0.920 r  CLK100MHZ_IBUF_BUFG_inst/O
                         net (fo=1685, routed)        0.565     1.484    memory_access/CLK100MHZ_IBUF_BUFG
    SLICE_X49Y91         FDRE                                         r  memory_access/RdW_reg[2]/C
  -------------------------------------------------------------------    -------------------
    SLICE_X49Y91         FDRE (Prop_fdre_C_Q)         0.141     1.625 r  memory_access/RdW_reg[2]/Q
                         net (fo=100, routed)         0.447     2.072    decode/register_file/regs_reg_r1_0_31_18_23/ADDRD2
    SLICE_X46Y100        RAMD32                                       r  decode/register_file/regs_reg_r1_0_31_18_23/RAMB/WADR2
  -------------------------------------------------------------------    -------------------

                         (clock sys_clk_pin rise edge)
                                                      0.000     0.000 r  <hidden>
    E3                                                0.000     0.000 r  CLK100MHZ
                         net (fo=0)                   0.000     0.000    CLK100MHZ
    E3                   IBUF (Prop_ibuf_I_O)         0.438     0.438 r  CLK100MHZ_IBUF_inst/O
                         net (fo=1, routed)           0.699     1.136    CLK100MHZ_IBUF
    BUFGCTRL_X0Y16       BUFG (Prop_bufg_I_O)         0.029     1.165 r  CLK100MHZ_IBUF_BUFG_inst/O
                         net (fo=1685, routed)        0.832     1.997    decode/register_file/regs_reg_r1_0_31_18_23/WCLK
    SLICE_X46Y100        RAMD32                                       r  decode/register_file/regs_reg_r1_0_31_18_23/RAMB/CLK
                         clock pessimism             -0.245     1.751    <hidden>
    SLICE_X46Y100        RAMD32 (Hold_ramd32_CLK_WADR2)
                                                      0.254     2.005    decode/register_file/regs_reg_r1_0_31_18_23/RAMB
  -------------------------------------------------------------------
                         required time                         -2.005    <hidden>
                         arrival time                           2.072    <hidden>
  -------------------------------------------------------------------
                         slack                                  0.067    <hidden>

Slack (MET) :             0.067ns  (arrival time - required time)
  Source:                 memory_access/RdW_reg[2]/C
                            (rising edge-triggered cell FDRE clocked by sys_clk_pin  {rise@0.000ns fall@5.000ns period=50.000ns})
  Destination:            decode/register_file/regs_reg_r1_0_31_18_23/RAMB_D1/WADR2
                            (rising edge-triggered cell RAMD32 clocked by sys_clk_pin  {rise@0.000ns fall@5.000ns period=50.000ns})
  Path Group:             sys_clk_pin
  Path Type:              Hold (Min at Fast Process Corner)
  Requirement:            0.000ns  (sys_clk_pin rise@0.000ns - sys_clk_pin rise@0.000ns)
  Data Path Delay:        0.588ns  (logic 0.141ns (23.984%)  route 0.447ns (76.016%))
  Logic Levels:           0  
  Clock Path Skew:        0.267ns (DCD - SCD - CPR)
    Destination Clock Delay (DCD):    1.997ns
    Source Clock Delay      (SCD):    1.484ns
    Clock Pessimism Removal (CPR):    0.245ns

    Location             Delay type                Incr(ns)  Path(ns)    Netlist Resource(s)
  -------------------------------------------------------------------    -------------------
                         (clock sys_clk_pin rise edge)
                                                      0.000     0.000 r  <hidden>
    E3                                                0.000     0.000 r  CLK100MHZ
                         net (fo=0)                   0.000     0.000    CLK100MHZ
    E3                   IBUF (Prop_ibuf_I_O)         0.250     0.250 r  CLK100MHZ_IBUF_inst/O
                         net (fo=1, routed)           0.644     0.894    CLK100MHZ_IBUF
    BUFGCTRL_X0Y16       BUFG (Prop_bufg_I_O)         0.026     0.920 r  CLK100MHZ_IBUF_BUFG_inst/O
                         net (fo=1685, routed)        0.565     1.484    memory_access/CLK100MHZ_IBUF_BUFG
    SLICE_X49Y91         FDRE                                         r  memory_access/RdW_reg[2]/C
  -------------------------------------------------------------------    -------------------
    SLICE_X49Y91         FDRE (Prop_fdre_C_Q)         0.141     1.625 r  memory_access/RdW_reg[2]/Q
                         net (fo=100, routed)         0.447     2.072    decode/register_file/regs_reg_r1_0_31_18_23/ADDRD2
    SLICE_X46Y100        RAMD32                                       r  decode/register_file/regs_reg_r1_0_31_18_23/RAMB_D1/WADR2
  -------------------------------------------------------------------    -------------------

                         (clock sys_clk_pin rise edge)
                                                      0.000     0.000 r  <hidden>
    E3                                                0.000     0.000 r  CLK100MHZ
                         net (fo=0)                   0.000     0.000    CLK100MHZ
    E3                   IBUF (Prop_ibuf_I_O)         0.438     0.438 r  CLK100MHZ_IBUF_inst/O
                         net (fo=1, routed)           0.699     1.136    CLK100MHZ_IBUF
    BUFGCTRL_X0Y16       BUFG (Prop_bufg_I_O)         0.029     1.165 r  CLK100MHZ_IBUF_BUFG_inst/O
                         net (fo=1685, routed)        0.832     1.997    decode/register_file/regs_reg_r1_0_31_18_23/WCLK
    SLICE_X46Y100        RAMD32                                       r  decode/register_file/regs_reg_r1_0_31_18_23/RAMB_D1/CLK
                         clock pessimism             -0.245     1.751    <hidden>
    SLICE_X46Y100        RAMD32 (Hold_ramd32_CLK_WADR2)
                                                      0.254     2.005    decode/register_file/regs_reg_r1_0_31_18_23/RAMB_D1
  -------------------------------------------------------------------
                         required time                         -2.005    <hidden>
                         arrival time                           2.072    <hidden>
  -------------------------------------------------------------------
                         slack                                  0.067    <hidden>

Slack (MET) :             0.067ns  (arrival time - required time)
  Source:                 memory_access/RdW_reg[2]/C
                            (rising edge-triggered cell FDRE clocked by sys_clk_pin  {rise@0.000ns fall@5.000ns period=50.000ns})
  Destination:            decode/register_file/regs_reg_r1_0_31_18_23/RAMC/WADR2
                            (rising edge-triggered cell RAMD32 clocked by sys_clk_pin  {rise@0.000ns fall@5.000ns period=50.000ns})
  Path Group:             sys_clk_pin
  Path Type:              Hold (Min at Fast Process Corner)
  Requirement:            0.000ns  (sys_clk_pin rise@0.000ns - sys_clk_pin rise@0.000ns)
  Data Path Delay:        0.588ns  (logic 0.141ns (23.984%)  route 0.447ns (76.016%))
  Logic Levels:           0  
  Clock Path Skew:        0.267ns (DCD - SCD - CPR)
    Destination Clock Delay (DCD):    1.997ns
    Source Clock Delay      (SCD):    1.484ns
    Clock Pessimism Removal (CPR):    0.245ns

    Location             Delay type                Incr(ns)  Path(ns)    Netlist Resource(s)
  -------------------------------------------------------------------    -------------------
                         (clock sys_clk_pin rise edge)
                                                      0.000     0.000 r  <hidden>
    E3                                                0.000     0.000 r  CLK100MHZ
                         net (fo=0)                   0.000     0.000    CLK100MHZ
    E3                   IBUF (Prop_ibuf_I_O)         0.250     0.250 r  CLK100MHZ_IBUF_inst/O
                         net (fo=1, routed)           0.644     0.894    CLK100MHZ_IBUF
    BUFGCTRL_X0Y16       BUFG (Prop_bufg_I_O)         0.026     0.920 r  CLK100MHZ_IBUF_BUFG_inst/O
                         net (fo=1685, routed)        0.565     1.484    memory_access/CLK100MHZ_IBUF_BUFG
    SLICE_X49Y91         FDRE                                         r  memory_access/RdW_reg[2]/C
  -------------------------------------------------------------------    -------------------
    SLICE_X49Y91         FDRE (Prop_fdre_C_Q)         0.141     1.625 r  memory_access/RdW_reg[2]/Q
                         net (fo=100, routed)         0.447     2.072    decode/register_file/regs_reg_r1_0_31_18_23/ADDRD2
    SLICE_X46Y100        RAMD32                                       r  decode/register_file/regs_reg_r1_0_31_18_23/RAMC/WADR2
  -------------------------------------------------------------------    -------------------

                         (clock sys_clk_pin rise edge)
                                                      0.000     0.000 r  <hidden>
    E3                                                0.000     0.000 r  CLK100MHZ
                         net (fo=0)                   0.000     0.000    CLK100MHZ
    E3                   IBUF (Prop_ibuf_I_O)         0.438     0.438 r  CLK100MHZ_IBUF_inst/O
                         net (fo=1, routed)           0.699     1.136    CLK100MHZ_IBUF
    BUFGCTRL_X0Y16       BUFG (Prop_bufg_I_O)         0.029     1.165 r  CLK100MHZ_IBUF_BUFG_inst/O
                         net (fo=1685, routed)        0.832     1.997    decode/register_file/regs_reg_r1_0_31_18_23/WCLK
    SLICE_X46Y100        RAMD32                                       r  decode/register_file/regs_reg_r1_0_31_18_23/RAMC/CLK
                         clock pessimism             -0.245     1.751    <hidden>
    SLICE_X46Y100        RAMD32 (Hold_ramd32_CLK_WADR2)
                                                      0.254     2.005    decode/register_file/regs_reg_r1_0_31_18_23/RAMC
  -------------------------------------------------------------------
                         required time                         -2.005    <hidden>
                         arrival time                           2.072    <hidden>
  -------------------------------------------------------------------
                         slack                                  0.067    <hidden>

Slack (MET) :             0.067ns  (arrival time - required time)
  Source:                 memory_access/RdW_reg[2]/C
                            (rising edge-triggered cell FDRE clocked by sys_clk_pin  {rise@0.000ns fall@5.000ns period=50.000ns})
  Destination:            decode/register_file/regs_reg_r1_0_31_18_23/RAMC_D1/WADR2
                            (rising edge-triggered cell RAMD32 clocked by sys_clk_pin  {rise@0.000ns fall@5.000ns period=50.000ns})
  Path Group:             sys_clk_pin
  Path Type:              Hold (Min at Fast Process Corner)
  Requirement:            0.000ns  (sys_clk_pin rise@0.000ns - sys_clk_pin rise@0.000ns)
  Data Path Delay:        0.588ns  (logic 0.141ns (23.984%)  route 0.447ns (76.016%))
  Logic Levels:           0  
  Clock Path Skew:        0.267ns (DCD - SCD - CPR)
    Destination Clock Delay (DCD):    1.997ns
    Source Clock Delay      (SCD):    1.484ns
    Clock Pessimism Removal (CPR):    0.245ns

    Location             Delay type                Incr(ns)  Path(ns)    Netlist Resource(s)
  -------------------------------------------------------------------    -------------------
                         (clock sys_clk_pin rise edge)
                                                      0.000     0.000 r  <hidden>
    E3                                                0.000     0.000 r  CLK100MHZ
                         net (fo=0)                   0.000     0.000    CLK100MHZ
    E3                   IBUF (Prop_ibuf_I_O)         0.250     0.250 r  CLK100MHZ_IBUF_inst/O
                         net (fo=1, routed)           0.644     0.894    CLK100MHZ_IBUF
    BUFGCTRL_X0Y16       BUFG (Prop_bufg_I_O)         0.026     0.920 r  CLK100MHZ_IBUF_BUFG_inst/O
                         net (fo=1685, routed)        0.565     1.484    memory_access/CLK100MHZ_IBUF_BUFG
    SLICE_X49Y91         FDRE                                         r  memory_access/RdW_reg[2]/C
  -------------------------------------------------------------------    -------------------
    SLICE_X49Y91         FDRE (Prop_fdre_C_Q)         0.141     1.625 r  memory_access/RdW_reg[2]/Q
                         net (fo=100, routed)         0.447     2.072    decode/register_file/regs_reg_r1_0_31_18_23/ADDRD2
    SLICE_X46Y100        RAMD32                                       r  decode/register_file/regs_reg_r1_0_31_18_23/RAMC_D1/WADR2
  -------------------------------------------------------------------    -------------------

                         (clock sys_clk_pin rise edge)
                                                      0.000     0.000 r  <hidden>
    E3                                                0.000     0.000 r  CLK100MHZ
                         net (fo=0)                   0.000     0.000    CLK100MHZ
    E3                   IBUF (Prop_ibuf_I_O)         0.438     0.438 r  CLK100MHZ_IBUF_inst/O
                         net (fo=1, routed)           0.699     1.136    CLK100MHZ_IBUF
    BUFGCTRL_X0Y16       BUFG (Prop_bufg_I_O)         0.029     1.165 r  CLK100MHZ_IBUF_BUFG_inst/O
                         net (fo=1685, routed)        0.832     1.997    decode/register_file/regs_reg_r1_0_31_18_23/WCLK
    SLICE_X46Y100        RAMD32                                       r  decode/register_file/regs_reg_r1_0_31_18_23/RAMC_D1/CLK
                         clock pessimism             -0.245     1.751    <hidden>
    SLICE_X46Y100        RAMD32 (Hold_ramd32_CLK_WADR2)
                                                      0.254     2.005    decode/register_file/regs_reg_r1_0_31_18_23/RAMC_D1
  -------------------------------------------------------------------
                         required time                         -2.005    <hidden>
                         arrival time                           2.072    <hidden>
  -------------------------------------------------------------------
                         slack                                  0.067    <hidden>

Slack (MET) :             0.067ns  (arrival time - required time)
  Source:                 memory_access/RdW_reg[2]/C
                            (rising edge-triggered cell FDRE clocked by sys_clk_pin  {rise@0.000ns fall@5.000ns period=50.000ns})
  Destination:            decode/register_file/regs_reg_r1_0_31_18_23/RAMD/ADR2
                            (rising edge-triggered cell RAMS32 clocked by sys_clk_pin  {rise@0.000ns fall@5.000ns period=50.000ns})
  Path Group:             sys_clk_pin
  Path Type:              Hold (Min at Fast Process Corner)
  Requirement:            0.000ns  (sys_clk_pin rise@0.000ns - sys_clk_pin rise@0.000ns)
  Data Path Delay:        0.588ns  (logic 0.141ns (23.984%)  route 0.447ns (76.016%))
  Logic Levels:           0  
  Clock Path Skew:        0.267ns (DCD - SCD - CPR)
    Destination Clock Delay (DCD):    1.997ns
    Source Clock Delay      (SCD):    1.484ns
    Clock Pessimism Removal (CPR):    0.245ns

    Location             Delay type                Incr(ns)  Path(ns)    Netlist Resource(s)
  -------------------------------------------------------------------    -------------------
                         (clock sys_clk_pin rise edge)
                                                      0.000     0.000 r  <hidden>
    E3                                                0.000     0.000 r  CLK100MHZ
                         net (fo=0)                   0.000     0.000    CLK100MHZ
    E3                   IBUF (Prop_ibuf_I_O)         0.250     0.250 r  CLK100MHZ_IBUF_inst/O
                         net (fo=1, routed)           0.644     0.894    CLK100MHZ_IBUF
    BUFGCTRL_X0Y16       BUFG (Prop_bufg_I_O)         0.026     0.920 r  CLK100MHZ_IBUF_BUFG_inst/O
                         net (fo=1685, routed)        0.565     1.484    memory_access/CLK100MHZ_IBUF_BUFG
    SLICE_X49Y91         FDRE                                         r  memory_access/RdW_reg[2]/C
  -------------------------------------------------------------------    -------------------
    SLICE_X49Y91         FDRE (Prop_fdre_C_Q)         0.141     1.625 r  memory_access/RdW_reg[2]/Q
                         net (fo=100, routed)         0.447     2.072    decode/register_file/regs_reg_r1_0_31_18_23/ADDRD2
    SLICE_X46Y100        RAMS32                                       r  decode/register_file/regs_reg_r1_0_31_18_23/RAMD/ADR2
  -------------------------------------------------------------------    -------------------

                         (clock sys_clk_pin rise edge)
                                                      0.000     0.000 r  <hidden>
    E3                                                0.000     0.000 r  CLK100MHZ
                         net (fo=0)                   0.000     0.000    CLK100MHZ
    E3                   IBUF (Prop_ibuf_I_O)         0.438     0.438 r  CLK100MHZ_IBUF_inst/O
                         net (fo=1, routed)           0.699     1.136    CLK100MHZ_IBUF
    BUFGCTRL_X0Y16       BUFG (Prop_bufg_I_O)         0.029     1.165 r  CLK100MHZ_IBUF_BUFG_inst/O
                         net (fo=1685, routed)        0.832     1.997    decode/register_file/regs_reg_r1_0_31_18_23/WCLK
    SLICE_X46Y100        RAMS32                                       r  decode/register_file/regs_reg_r1_0_31_18_23/RAMD/CLK
                         clock pessimism             -0.245     1.751    <hidden>
    SLICE_X46Y100        RAMS32 (Hold_rams32_CLK_ADR2)
                                                      0.254     2.005    decode/register_file/regs_reg_r1_0_31_18_23/RAMD
  -------------------------------------------------------------------
                         required time                         -2.005    <hidden>
                         arrival time                           2.072    <hidden>
  -------------------------------------------------------------------
                         slack                                  0.067    <hidden>

Slack (MET) :             0.067ns  (arrival time - required time)
  Source:                 memory_access/RdW_reg[2]/C
                            (rising edge-triggered cell FDRE clocked by sys_clk_pin  {rise@0.000ns fall@5.000ns period=50.000ns})
  Destination:            decode/register_file/regs_reg_r1_0_31_18_23/RAMD_D1/ADR2
                            (rising edge-triggered cell RAMS32 clocked by sys_clk_pin  {rise@0.000ns fall@5.000ns period=50.000ns})
  Path Group:             sys_clk_pin
  Path Type:              Hold (Min at Fast Process Corner)
  Requirement:            0.000ns  (sys_clk_pin rise@0.000ns - sys_clk_pin rise@0.000ns)
  Data Path Delay:        0.588ns  (logic 0.141ns (23.984%)  route 0.447ns (76.016%))
  Logic Levels:           0  
  Clock Path Skew:        0.267ns (DCD - SCD - CPR)
    Destination Clock Delay (DCD):    1.997ns
    Source Clock Delay      (SCD):    1.484ns
    Clock Pessimism Removal (CPR):    0.245ns

    Location             Delay type                Incr(ns)  Path(ns)    Netlist Resource(s)
  -------------------------------------------------------------------    -------------------
                         (clock sys_clk_pin rise edge)
                                                      0.000     0.000 r  <hidden>
    E3                                                0.000     0.000 r  CLK100MHZ
                         net (fo=0)                   0.000     0.000    CLK100MHZ
    E3                   IBUF (Prop_ibuf_I_O)         0.250     0.250 r  CLK100MHZ_IBUF_inst/O
                         net (fo=1, routed)           0.644     0.894    CLK100MHZ_IBUF
    BUFGCTRL_X0Y16       BUFG (Prop_bufg_I_O)         0.026     0.920 r  CLK100MHZ_IBUF_BUFG_inst/O
                         net (fo=1685, routed)        0.565     1.484    memory_access/CLK100MHZ_IBUF_BUFG
    SLICE_X49Y91         FDRE                                         r  memory_access/RdW_reg[2]/C
  -------------------------------------------------------------------    -------------------
    SLICE_X49Y91         FDRE (Prop_fdre_C_Q)         0.141     1.625 r  memory_access/RdW_reg[2]/Q
                         net (fo=100, routed)         0.447     2.072    decode/register_file/regs_reg_r1_0_31_18_23/ADDRD2
    SLICE_X46Y100        RAMS32                                       r  decode/register_file/regs_reg_r1_0_31_18_23/RAMD_D1/ADR2
  -------------------------------------------------------------------    -------------------

                         (clock sys_clk_pin rise edge)
                                                      0.000     0.000 r  <hidden>
    E3                                                0.000     0.000 r  CLK100MHZ
                         net (fo=0)                   0.000     0.000    CLK100MHZ
    E3                   IBUF (Prop_ibuf_I_O)         0.438     0.438 r  CLK100MHZ_IBUF_inst/O
                         net (fo=1, routed)           0.699     1.136    CLK100MHZ_IBUF
    BUFGCTRL_X0Y16       BUFG (Prop_bufg_I_O)         0.029     1.165 r  CLK100MHZ_IBUF_BUFG_inst/O
                         net (fo=1685, routed)        0.832     1.997    decode/register_file/regs_reg_r1_0_31_18_23/WCLK
    SLICE_X46Y100        RAMS32                                       r  decode/register_file/regs_reg_r1_0_31_18_23/RAMD_D1/CLK
                         clock pessimism             -0.245     1.751    <hidden>
    SLICE_X46Y100        RAMS32 (Hold_rams32_CLK_ADR2)
                                                      0.254     2.005    decode/register_file/regs_reg_r1_0_31_18_23/RAMD_D1
  -------------------------------------------------------------------
                         required time                         -2.005    <hidden>
                         arrival time                           2.072    <hidden>
  -------------------------------------------------------------------
                         slack                                  0.067    <hidden>

Slack (MET) :             0.072ns  (arrival time - required time)
  Source:                 memory_access/ReadDataW_reg[19]/C
                            (rising edge-triggered cell FDRE clocked by sys_clk_pin  {rise@0.000ns fall@5.000ns period=50.000ns})
  Destination:            decode/RD2E_reg[19]/D
                            (rising edge-triggered cell FDRE clocked by sys_clk_pin  {rise@0.000ns fall@5.000ns period=50.000ns})
  Path Group:             sys_clk_pin
  Path Type:              Hold (Min at Fast Process Corner)
  Requirement:            0.000ns  (sys_clk_pin rise@0.000ns - sys_clk_pin rise@0.000ns)
  Data Path Delay:        0.429ns  (logic 0.186ns (43.315%)  route 0.243ns (56.685%))
  Logic Levels:           1  (LUT5=1)
  Clock Path Skew:        0.266ns (DCD - SCD - CPR)
    Destination Clock Delay (DCD):    1.997ns
    Source Clock Delay      (SCD):    1.485ns
    Clock Pessimism Removal (CPR):    0.245ns

    Location             Delay type                Incr(ns)  Path(ns)    Netlist Resource(s)
  -------------------------------------------------------------------    -------------------
                         (clock sys_clk_pin rise edge)
                                                      0.000     0.000 r  <hidden>
    E3                                                0.000     0.000 r  CLK100MHZ
                         net (fo=0)                   0.000     0.000    CLK100MHZ
    E3                   IBUF (Prop_ibuf_I_O)         0.250     0.250 r  CLK100MHZ_IBUF_inst/O
                         net (fo=1, routed)           0.644     0.894    CLK100MHZ_IBUF
    BUFGCTRL_X0Y16       BUFG (Prop_bufg_I_O)         0.026     0.920 r  CLK100MHZ_IBUF_BUFG_inst/O
                         net (fo=1685, routed)        0.566     1.485    memory_access/CLK100MHZ_IBUF_BUFG
    SLICE_X51Y97         FDRE                                         r  memory_access/ReadDataW_reg[19]/C
  -------------------------------------------------------------------    -------------------
    SLICE_X51Y97         FDRE (Prop_fdre_C_Q)         0.141     1.626 r  memory_access/ReadDataW_reg[19]/Q
                         net (fo=4, routed)           0.243     1.870    memory_access/Q[19]
    SLICE_X48Y100        LUT5 (Prop_lut5_I0_O)        0.045     1.915 r  memory_access/RD2E[19]_i_1/O
                         net (fo=1, routed)           0.000     1.915    decode/RD2E_reg[31]_2[19]
    SLICE_X48Y100        FDRE                                         r  decode/RD2E_reg[19]/D
  -------------------------------------------------------------------    -------------------

                         (clock sys_clk_pin rise edge)
                                                      0.000     0.000 r  <hidden>
    E3                                                0.000     0.000 r  CLK100MHZ
                         net (fo=0)                   0.000     0.000    CLK100MHZ
    E3                   IBUF (Prop_ibuf_I_O)         0.438     0.438 r  CLK100MHZ_IBUF_inst/O
                         net (fo=1, routed)           0.699     1.136    CLK100MHZ_IBUF
    BUFGCTRL_X0Y16       BUFG (Prop_bufg_I_O)         0.029     1.165 r  CLK100MHZ_IBUF_BUFG_inst/O
                         net (fo=1685, routed)        0.832     1.997    decode/CLK100MHZ_IBUF_BUFG
    SLICE_X48Y100        FDRE                                         r  decode/RD2E_reg[19]/C
                         clock pessimism             -0.245     1.751    <hidden>
    SLICE_X48Y100        FDRE (Hold_fdre_C_D)         0.092     1.843    decode/RD2E_reg[19]
  -------------------------------------------------------------------
                         required time                         -1.843    <hidden>
                         arrival time                           1.915    <hidden>
  -------------------------------------------------------------------
                         slack                                  0.072    <hidden>





Pulse Width Checks
--------------------------------------------------------------------------------------
Clock Name:         sys_clk_pin
Waveform(ns):       { 0.000 5.000 }
Period(ns):         50.000
Sources:            { CLK100MHZ }

Check Type        Corner  Lib Pin     Reference Pin  Required(ns)  Actual(ns)  Slack(ns)  Location        Pin
Min Period        n/a     BUFG/I      n/a            2.155         50.000      47.845     BUFGCTRL_X0Y16  CLK100MHZ_IBUF_BUFG_inst/I
Min Period        n/a     FDRE/C      n/a            1.000         50.000      49.000     SLICE_X35Y92    LED_reg[0]/C
Min Period        n/a     FDRE/C      n/a            1.000         50.000      49.000     SLICE_X35Y92    LED_reg[1]/C
Min Period        n/a     FDRE/C      n/a            1.000         50.000      49.000     SLICE_X35Y92    LED_reg[2]/C
Min Period        n/a     FDRE/C      n/a            1.000         50.000      49.000     SLICE_X35Y90    LED_reg[3]/C
Min Period        n/a     FDRE/C      n/a            1.000         50.000      49.000     SLICE_X35Y90    LED_reg[4]/C
Min Period        n/a     FDRE/C      n/a            1.000         50.000      49.000     SLICE_X35Y90    LED_reg[5]/C
Min Period        n/a     FDRE/C      n/a            1.000         50.000      49.000     SLICE_X35Y92    LED_reg[6]/C
Min Period        n/a     FDRE/C      n/a            1.000         50.000      49.000     SLICE_X35Y90    LED_reg[7]/C
Min Period        n/a     FDRE/C      n/a            1.000         50.000      49.000     SLICE_X32Y56    UART_rx/bit_counter_reg[0]/C
Low Pulse Width   Slow    RAMD32/CLK  n/a            1.250         45.000      43.750     SLICE_X34Y90    decode/register_file/regs_reg_r1_0_31_0_5/RAMA/CLK
Low Pulse Width   Fast    RAMD32/CLK  n/a            1.250         45.000      43.750     SLICE_X34Y90    decode/register_file/regs_reg_r1_0_31_0_5/RAMA/CLK
Low Pulse Width   Slow    RAMD32/CLK  n/a            1.250         45.000      43.750     SLICE_X34Y90    decode/register_file/regs_reg_r1_0_31_0_5/RAMA_D1/CLK
Low Pulse Width   Fast    RAMD32/CLK  n/a            1.250         45.000      43.750     SLICE_X34Y90    decode/register_file/regs_reg_r1_0_31_0_5/RAMA_D1/CLK
Low Pulse Width   Slow    RAMD32/CLK  n/a            1.250         45.000      43.750     SLICE_X34Y90    decode/register_file/regs_reg_r1_0_31_0_5/RAMB/CLK
Low Pulse Width   Fast    RAMD32/CLK  n/a            1.250         45.000      43.750     SLICE_X34Y90    decode/register_file/regs_reg_r1_0_31_0_5/RAMB/CLK
Low Pulse Width   Slow    RAMD32/CLK  n/a            1.250         45.000      43.750     SLICE_X34Y90    decode/register_file/regs_reg_r1_0_31_0_5/RAMB_D1/CLK
Low Pulse Width   Fast    RAMD32/CLK  n/a            1.250         45.000      43.750     SLICE_X34Y90    decode/register_file/regs_reg_r1_0_31_0_5/RAMB_D1/CLK
Low Pulse Width   Slow    RAMD32/CLK  n/a            1.250         45.000      43.750     SLICE_X34Y90    decode/register_file/regs_reg_r1_0_31_0_5/RAMC/CLK
Low Pulse Width   Fast    RAMD32/CLK  n/a            1.250         45.000      43.750     SLICE_X34Y90    decode/register_file/regs_reg_r1_0_31_0_5/RAMC/CLK
High Pulse Width  Slow    RAMD32/CLK  n/a            1.250         5.000       3.750      SLICE_X34Y90    decode/register_file/regs_reg_r1_0_31_0_5/RAMA/CLK
High Pulse Width  Fast    RAMD32/CLK  n/a            1.250         5.000       3.750      SLICE_X34Y90    decode/register_file/regs_reg_r1_0_31_0_5/RAMA/CLK
High Pulse Width  Slow    RAMD32/CLK  n/a            1.250         5.000       3.750      SLICE_X34Y90    decode/register_file/regs_reg_r1_0_31_0_5/RAMA_D1/CLK
High Pulse Width  Fast    RAMD32/CLK  n/a            1.250         5.000       3.750      SLICE_X34Y90    decode/register_file/regs_reg_r1_0_31_0_5/RAMA_D1/CLK
High Pulse Width  Slow    RAMD32/CLK  n/a            1.250         5.000       3.750      SLICE_X34Y90    decode/register_file/regs_reg_r1_0_31_0_5/RAMB/CLK
High Pulse Width  Fast    RAMD32/CLK  n/a            1.250         5.000       3.750      SLICE_X34Y90    decode/register_file/regs_reg_r1_0_31_0_5/RAMB/CLK
High Pulse Width  Slow    RAMD32/CLK  n/a            1.250         5.000       3.750      SLICE_X34Y90    decode/register_file/regs_reg_r1_0_31_0_5/RAMB_D1/CLK
High Pulse Width  Fast    RAMD32/CLK  n/a            1.250         5.000       3.750      SLICE_X34Y90    decode/register_file/regs_reg_r1_0_31_0_5/RAMB_D1/CLK
High Pulse Width  Slow    RAMD32/CLK  n/a            1.250         5.000       3.750      SLICE_X34Y90    decode/register_file/regs_reg_r1_0_31_0_5/RAMC/CLK
High Pulse Width  Fast    RAMD32/CLK  n/a            1.250         5.000       3.750      SLICE_X34Y90    decode/register_file/regs_reg_r1_0_31_0_5/RAMC/CLK



--------------------------------------------------------------------------------------
Path Group:  (none)
From Clock:  sys_clk_pin
  To Clock:  

Max Delay            24 Endpoints
Min Delay            24 Endpoints
--------------------------------------------------------------------------------------


Max Delay Paths
--------------------------------------------------------------------------------------
Slack:                    inf
  Source:                 UART_tx/tx_reg/C
                            (rising edge-triggered cell FDRE clocked by sys_clk_pin  {rise@0.000ns fall@5.000ns period=50.000ns})
  Destination:            UART_TXD
                            (output port)
  Path Group:             (none)
  Path Type:              Max at Slow Process Corner
  Data Path Delay:        9.499ns  (logic 4.073ns (42.882%)  route 5.425ns (57.118%))
  Logic Levels:           1  (OBUF=1)
  Clock Uncertainty:      0.025ns  ((TSJ^2 + TIJ^2)^1/2 + DJ) / 2 + PE
    Total System Jitter     (TSJ):    0.050ns
    Total Input Jitter      (TIJ):    0.000ns
    Discrete Jitter          (DJ):    0.000ns
    Phase Error              (PE):    0.000ns

    Location             Delay type                Incr(ns)  Path(ns)    Netlist Resource(s)
  -------------------------------------------------------------------    -------------------
                         (clock sys_clk_pin rise edge)
                                                      0.000     0.000 r  <hidden>
    E3                                                0.000     0.000 r  CLK100MHZ
                         net (fo=0)                   0.000     0.000    CLK100MHZ
    E3                   IBUF (Prop_ibuf_I_O)         1.482     1.482 r  CLK100MHZ_IBUF_inst/O
                         net (fo=1, routed)           2.025     3.506    CLK100MHZ_IBUF
    BUFGCTRL_X0Y16       BUFG (Prop_bufg_I_O)         0.096     3.602 r  CLK100MHZ_IBUF_BUFG_inst/O
                         net (fo=1685, routed)        1.715     5.318    UART_tx/CLK100MHZ_IBUF_BUFG
    SLICE_X6Y82          FDRE                                         r  UART_tx/tx_reg/C
  -------------------------------------------------------------------    -------------------
    SLICE_X6Y82          FDRE (Prop_fdre_C_Q)         0.518     5.836 r  UART_tx/tx_reg/Q
                         net (fo=1, routed)           5.425    11.261    UART_TXD_OBUF
    D4                   OBUF (Prop_obuf_I_O)         3.555    14.816 r  UART_TXD_OBUF_inst/O
                         net (fo=0)                   0.000    14.816    UART_TXD
    D4                                                                r  UART_TXD
  -------------------------------------------------------------------    -------------------

Slack:                    inf
  Source:                 sevenSeg/clkdiv_reg[17]/C
                            (rising edge-triggered cell FDRE clocked by sys_clk_pin  {rise@0.000ns fall@5.000ns period=50.000ns})
  Destination:            AN[6]
                            (output port)
  Path Group:             (none)
  Path Type:              Max at Slow Process Corner
  Data Path Delay:        9.148ns  (logic 4.331ns (47.337%)  route 4.818ns (52.663%))
  Logic Levels:           2  (LUT3=1 OBUF=1)
  Clock Uncertainty:      0.025ns  ((TSJ^2 + TIJ^2)^1/2 + DJ) / 2 + PE
    Total System Jitter     (TSJ):    0.050ns
    Total Input Jitter      (TIJ):    0.000ns
    Discrete Jitter          (DJ):    0.000ns
    Phase Error              (PE):    0.000ns

    Location             Delay type                Incr(ns)  Path(ns)    Netlist Resource(s)
  -------------------------------------------------------------------    -------------------
                         (clock sys_clk_pin rise edge)
                                                      0.000     0.000 r  <hidden>
    E3                                                0.000     0.000 r  CLK100MHZ
                         net (fo=0)                   0.000     0.000    CLK100MHZ
    E3                   IBUF (Prop_ibuf_I_O)         1.482     1.482 r  CLK100MHZ_IBUF_inst/O
                         net (fo=1, routed)           2.025     3.506    CLK100MHZ_IBUF
    BUFGCTRL_X0Y16       BUFG (Prop_bufg_I_O)         0.096     3.602 r  CLK100MHZ_IBUF_BUFG_inst/O
                         net (fo=1685, routed)        1.631     5.234    sevenSeg/clk
    SLICE_X45Y87         FDRE                                         r  sevenSeg/clkdiv_reg[17]/C
  -------------------------------------------------------------------    -------------------
    SLICE_X45Y87         FDRE (Prop_fdre_C_Q)         0.456     5.690 r  sevenSeg/clkdiv_reg[17]/Q
                         net (fo=17, routed)          1.195     6.885    sevenSeg/s[0]
    SLICE_X48Y86         LUT3 (Prop_lut3_I1_O)        0.154     7.039 r  sevenSeg/AN_OBUF[6]_inst_i_1/O
                         net (fo=1, routed)           3.622    10.661    AN_OBUF[6]
    K2                   OBUF (Prop_obuf_I_O)         3.721    14.382 r  AN_OBUF[6]_inst/O
                         net (fo=0)                   0.000    14.382    AN[6]
    K2                                                                r  AN[6]
  -------------------------------------------------------------------    -------------------

Slack:                    inf
  Source:                 sevenSeg/digit_reg[2]/C
                            (rising edge-triggered cell FDRE clocked by sys_clk_pin  {rise@0.000ns fall@5.000ns period=50.000ns})
  Destination:            SEG[1]
                            (output port)
  Path Group:             (none)
  Path Type:              Max at Slow Process Corner
  Data Path Delay:        9.100ns  (logic 4.365ns (47.973%)  route 4.734ns (52.027%))
  Logic Levels:           2  (LUT4=1 OBUF=1)
  Clock Uncertainty:      0.025ns  ((TSJ^2 + TIJ^2)^1/2 + DJ) / 2 + PE
    Total System Jitter     (TSJ):    0.050ns
    Total Input Jitter      (TIJ):    0.000ns
    Discrete Jitter          (DJ):    0.000ns
    Phase Error              (PE):    0.000ns

    Location             Delay type                Incr(ns)  Path(ns)    Netlist Resource(s)
  -------------------------------------------------------------------    -------------------
                         (clock sys_clk_pin rise edge)
                                                      0.000     0.000 r  <hidden>
    E3                                                0.000     0.000 r  CLK100MHZ
                         net (fo=0)                   0.000     0.000    CLK100MHZ
    E3                   IBUF (Prop_ibuf_I_O)         1.482     1.482 r  CLK100MHZ_IBUF_inst/O
                         net (fo=1, routed)           2.025     3.506    CLK100MHZ_IBUF
    BUFGCTRL_X0Y16       BUFG (Prop_bufg_I_O)         0.096     3.602 r  CLK100MHZ_IBUF_BUFG_inst/O
                         net (fo=1685, routed)        1.631     5.234    sevenSeg/clk
    SLICE_X48Y88         FDRE                                         r  sevenSeg/digit_reg[2]/C
  -------------------------------------------------------------------    -------------------
    SLICE_X48Y88         FDRE (Prop_fdre_C_Q)         0.456     5.690 r  sevenSeg/digit_reg[2]/Q
                         net (fo=7, routed)           0.997     6.687    sevenSeg/digit_reg_n_0_[2]
    SLICE_X44Y86         LUT4 (Prop_lut4_I1_O)        0.152     6.839 r  sevenSeg/SEG_OBUF[1]_inst_i_1/O
                         net (fo=1, routed)           3.737    10.576    SEG_OBUF[1]
    R10                  OBUF (Prop_obuf_I_O)         3.757    14.333 r  SEG_OBUF[1]_inst/O
                         net (fo=0)                   0.000    14.333    SEG[1]
    R10                                                               r  SEG[1]
  -------------------------------------------------------------------    -------------------

Slack:                    inf
  Source:                 sevenSeg/clkdiv_reg[17]/C
                            (rising edge-triggered cell FDRE clocked by sys_clk_pin  {rise@0.000ns fall@5.000ns period=50.000ns})
  Destination:            AN[2]
                            (output port)
  Path Group:             (none)
  Path Type:              Max at Slow Process Corner
  Data Path Delay:        9.045ns  (logic 4.154ns (45.928%)  route 4.891ns (54.072%))
  Logic Levels:           2  (LUT3=1 OBUF=1)
  Clock Uncertainty:      0.025ns  ((TSJ^2 + TIJ^2)^1/2 + DJ) / 2 + PE
    Total System Jitter     (TSJ):    0.050ns
    Total Input Jitter      (TIJ):    0.000ns
    Discrete Jitter          (DJ):    0.000ns
    Phase Error              (PE):    0.000ns

    Location             Delay type                Incr(ns)  Path(ns)    Netlist Resource(s)
  -------------------------------------------------------------------    -------------------
                         (clock sys_clk_pin rise edge)
                                                      0.000     0.000 r  <hidden>
    E3                                                0.000     0.000 r  CLK100MHZ
                         net (fo=0)                   0.000     0.000    CLK100MHZ
    E3                   IBUF (Prop_ibuf_I_O)         1.482     1.482 r  CLK100MHZ_IBUF_inst/O
                         net (fo=1, routed)           2.025     3.506    CLK100MHZ_IBUF
    BUFGCTRL_X0Y16       BUFG (Prop_bufg_I_O)         0.096     3.602 r  CLK100MHZ_IBUF_BUFG_inst/O
                         net (fo=1685, routed)        1.631     5.234    sevenSeg/clk
    SLICE_X45Y87         FDRE                                         r  sevenSeg/clkdiv_reg[17]/C
  -------------------------------------------------------------------    -------------------
    SLICE_X45Y87         FDRE (Prop_fdre_C_Q)         0.456     5.690 r  sevenSeg/clkdiv_reg[17]/Q
                         net (fo=17, routed)          1.195     6.885    sevenSeg/s[0]
    SLICE_X48Y86         LUT3 (Prop_lut3_I2_O)        0.124     7.009 r  sevenSeg/AN_OBUF[2]_inst_i_1/O
                         net (fo=1, routed)           3.696    10.705    AN_OBUF[2]
    T9                   OBUF (Prop_obuf_I_O)         3.574    14.279 r  AN_OBUF[2]_inst/O
                         net (fo=0)                   0.000    14.279    AN[2]
    T9                                                                r  AN[2]
  -------------------------------------------------------------------    -------------------

Slack:                    inf
  Source:                 sevenSeg/digit_reg[1]/C
                            (rising edge-triggered cell FDRE clocked by sys_clk_pin  {rise@0.000ns fall@5.000ns period=50.000ns})
  Destination:            SEG[3]
                            (output port)
  Path Group:             (none)
  Path Type:              Max at Slow Process Corner
  Data Path Delay:        8.891ns  (logic 4.366ns (49.108%)  route 4.525ns (50.892%))
  Logic Levels:           2  (LUT4=1 OBUF=1)
  Clock Uncertainty:      0.025ns  ((TSJ^2 + TIJ^2)^1/2 + DJ) / 2 + PE
    Total System Jitter     (TSJ):    0.050ns
    Total Input Jitter      (TIJ):    0.000ns
    Discrete Jitter          (DJ):    0.000ns
    Phase Error              (PE):    0.000ns

    Location             Delay type                Incr(ns)  Path(ns)    Netlist Resource(s)
  -------------------------------------------------------------------    -------------------
                         (clock sys_clk_pin rise edge)
                                                      0.000     0.000 r  <hidden>
    E3                                                0.000     0.000 r  CLK100MHZ
                         net (fo=0)                   0.000     0.000    CLK100MHZ
    E3                   IBUF (Prop_ibuf_I_O)         1.482     1.482 r  CLK100MHZ_IBUF_inst/O
                         net (fo=1, routed)           2.025     3.506    CLK100MHZ_IBUF
    BUFGCTRL_X0Y16       BUFG (Prop_bufg_I_O)         0.096     3.602 r  CLK100MHZ_IBUF_BUFG_inst/O
                         net (fo=1685, routed)        1.629     5.232    sevenSeg/clk
    SLICE_X48Y86         FDRE                                         r  sevenSeg/digit_reg[1]/C
  -------------------------------------------------------------------    -------------------
    SLICE_X48Y86         FDRE (Prop_fdre_C_Q)         0.456     5.688 r  sevenSeg/digit_reg[1]/Q
                         net (fo=7, routed)           1.213     6.901    sevenSeg/digit_reg_n_0_[1]
    SLICE_X44Y90         LUT4 (Prop_lut4_I3_O)        0.152     7.053 r  sevenSeg/SEG_OBUF[3]_inst_i_1/O
                         net (fo=1, routed)           3.312    10.365    SEG_OBUF[3]
    K13                  OBUF (Prop_obuf_I_O)         3.758    14.123 r  SEG_OBUF[3]_inst/O
                         net (fo=0)                   0.000    14.123    SEG[3]
    K13                                                               r  SEG[3]
  -------------------------------------------------------------------    -------------------

Slack:                    inf
  Source:                 sevenSeg/digit_reg[2]/C
                            (rising edge-triggered cell FDRE clocked by sys_clk_pin  {rise@0.000ns fall@5.000ns period=50.000ns})
  Destination:            SEG[0]
                            (output port)
  Path Group:             (none)
  Path Type:              Max at Slow Process Corner
  Data Path Delay:        8.827ns  (logic 4.157ns (47.097%)  route 4.670ns (52.903%))
  Logic Levels:           2  (LUT4=1 OBUF=1)
  Clock Uncertainty:      0.025ns  ((TSJ^2 + TIJ^2)^1/2 + DJ) / 2 + PE
    Total System Jitter     (TSJ):    0.050ns
    Total Input Jitter      (TIJ):    0.000ns
    Discrete Jitter          (DJ):    0.000ns
    Phase Error              (PE):    0.000ns

    Location             Delay type                Incr(ns)  Path(ns)    Netlist Resource(s)
  -------------------------------------------------------------------    -------------------
                         (clock sys_clk_pin rise edge)
                                                      0.000     0.000 r  <hidden>
    E3                                                0.000     0.000 r  CLK100MHZ
                         net (fo=0)                   0.000     0.000    CLK100MHZ
    E3                   IBUF (Prop_ibuf_I_O)         1.482     1.482 r  CLK100MHZ_IBUF_inst/O
                         net (fo=1, routed)           2.025     3.506    CLK100MHZ_IBUF
    BUFGCTRL_X0Y16       BUFG (Prop_bufg_I_O)         0.096     3.602 r  CLK100MHZ_IBUF_BUFG_inst/O
                         net (fo=1685, routed)        1.631     5.234    sevenSeg/clk
    SLICE_X48Y88         FDRE                                         r  sevenSeg/digit_reg[2]/C
  -------------------------------------------------------------------    -------------------
    SLICE_X48Y88         FDRE (Prop_fdre_C_Q)         0.456     5.690 r  sevenSeg/digit_reg[2]/Q
                         net (fo=7, routed)           0.997     6.687    sevenSeg/digit_reg_n_0_[2]
    SLICE_X44Y86         LUT4 (Prop_lut4_I1_O)        0.124     6.811 r  sevenSeg/SEG_OBUF[0]_inst_i_1/O
                         net (fo=1, routed)           3.672    10.483    SEG_OBUF[0]
    T10                  OBUF (Prop_obuf_I_O)         3.577    14.060 r  SEG_OBUF[0]_inst/O
                         net (fo=0)                   0.000    14.060    SEG[0]
    T10                                                               r  SEG[0]
  -------------------------------------------------------------------    -------------------

Slack:                    inf
  Source:                 sevenSeg/clkdiv_reg[18]/C
                            (rising edge-triggered cell FDRE clocked by sys_clk_pin  {rise@0.000ns fall@5.000ns period=50.000ns})
  Destination:            AN[7]
                            (output port)
  Path Group:             (none)
  Path Type:              Max at Slow Process Corner
  Data Path Delay:        8.689ns  (logic 4.369ns (50.286%)  route 4.320ns (49.714%))
  Logic Levels:           2  (LUT3=1 OBUF=1)
  Clock Uncertainty:      0.025ns  ((TSJ^2 + TIJ^2)^1/2 + DJ) / 2 + PE
    Total System Jitter     (TSJ):    0.050ns
    Total Input Jitter      (TIJ):    0.000ns
    Discrete Jitter          (DJ):    0.000ns
    Phase Error              (PE):    0.000ns

    Location             Delay type                Incr(ns)  Path(ns)    Netlist Resource(s)
  -------------------------------------------------------------------    -------------------
                         (clock sys_clk_pin rise edge)
                                                      0.000     0.000 r  <hidden>
    E3                                                0.000     0.000 r  CLK100MHZ
                         net (fo=0)                   0.000     0.000    CLK100MHZ
    E3                   IBUF (Prop_ibuf_I_O)         1.482     1.482 r  CLK100MHZ_IBUF_inst/O
                         net (fo=1, routed)           2.025     3.506    CLK100MHZ_IBUF
    BUFGCTRL_X0Y16       BUFG (Prop_bufg_I_O)         0.096     3.602 r  CLK100MHZ_IBUF_BUFG_inst/O
                         net (fo=1685, routed)        1.631     5.234    sevenSeg/clk
    SLICE_X45Y87         FDRE                                         r  sevenSeg/clkdiv_reg[18]/C
  -------------------------------------------------------------------    -------------------
    SLICE_X45Y87         FDRE (Prop_fdre_C_Q)         0.456     5.690 f  sevenSeg/clkdiv_reg[18]/Q
                         net (fo=17, routed)          1.023     6.713    sevenSeg/s[1]
    SLICE_X44Y85         LUT3 (Prop_lut3_I1_O)        0.152     6.865 r  sevenSeg/AN_OBUF[7]_inst_i_1/O
                         net (fo=1, routed)           3.296    10.161    AN_OBUF[7]
    U13                  OBUF (Prop_obuf_I_O)         3.761    13.923 r  AN_OBUF[7]_inst/O
                         net (fo=0)                   0.000    13.923    AN[7]
    U13                                                               r  AN[7]
  -------------------------------------------------------------------    -------------------

Slack:                    inf
  Source:                 sevenSeg/clkdiv_reg[18]/C
                            (rising edge-triggered cell FDRE clocked by sys_clk_pin  {rise@0.000ns fall@5.000ns period=50.000ns})
  Destination:            AN[5]
                            (output port)
  Path Group:             (none)
  Path Type:              Max at Slow Process Corner
  Data Path Delay:        8.566ns  (logic 4.362ns (50.915%)  route 4.205ns (49.085%))
  Logic Levels:           2  (LUT3=1 OBUF=1)
  Clock Uncertainty:      0.025ns  ((TSJ^2 + TIJ^2)^1/2 + DJ) / 2 + PE
    Total System Jitter     (TSJ):    0.050ns
    Total Input Jitter      (TIJ):    0.000ns
    Discrete Jitter          (DJ):    0.000ns
    Phase Error              (PE):    0.000ns

    Location             Delay type                Incr(ns)  Path(ns)    Netlist Resource(s)
  -------------------------------------------------------------------    -------------------
                         (clock sys_clk_pin rise edge)
                                                      0.000     0.000 r  <hidden>
    E3                                                0.000     0.000 r  CLK100MHZ
                         net (fo=0)                   0.000     0.000    CLK100MHZ
    E3                   IBUF (Prop_ibuf_I_O)         1.482     1.482 r  CLK100MHZ_IBUF_inst/O
                         net (fo=1, routed)           2.025     3.506    CLK100MHZ_IBUF
    BUFGCTRL_X0Y16       BUFG (Prop_bufg_I_O)         0.096     3.602 r  CLK100MHZ_IBUF_BUFG_inst/O
                         net (fo=1685, routed)        1.631     5.234    sevenSeg/clk
    SLICE_X45Y87         FDRE                                         r  sevenSeg/clkdiv_reg[18]/C
  -------------------------------------------------------------------    -------------------
    SLICE_X45Y87         FDRE (Prop_fdre_C_Q)         0.456     5.690 r  sevenSeg/clkdiv_reg[18]/Q
                         net (fo=17, routed)          1.031     6.720    sevenSeg/s[1]
    SLICE_X44Y85         LUT3 (Prop_lut3_I1_O)        0.152     6.872 r  sevenSeg/AN_OBUF[5]_inst_i_1/O
                         net (fo=1, routed)           3.174    10.047    AN_OBUF[5]
    T14                  OBUF (Prop_obuf_I_O)         3.754    13.800 r  AN_OBUF[5]_inst/O
                         net (fo=0)                   0.000    13.800    AN[5]
    T14                                                               r  AN[5]
  -------------------------------------------------------------------    -------------------

Slack:                    inf
  Source:                 sevenSeg/digit_reg[2]/C
                            (rising edge-triggered cell FDRE clocked by sys_clk_pin  {rise@0.000ns fall@5.000ns period=50.000ns})
  Destination:            SEG[5]
                            (output port)
  Path Group:             (none)
  Path Type:              Max at Slow Process Corner
  Data Path Delay:        8.534ns  (logic 4.377ns (51.287%)  route 4.157ns (48.713%))
  Logic Levels:           2  (LUT4=1 OBUF=1)
  Clock Uncertainty:      0.025ns  ((TSJ^2 + TIJ^2)^1/2 + DJ) / 2 + PE
    Total System Jitter     (TSJ):    0.050ns
    Total Input Jitter      (TIJ):    0.000ns
    Discrete Jitter          (DJ):    0.000ns
    Phase Error              (PE):    0.000ns

    Location             Delay type                Incr(ns)  Path(ns)    Netlist Resource(s)
  -------------------------------------------------------------------    -------------------
                         (clock sys_clk_pin rise edge)
                                                      0.000     0.000 r  <hidden>
    E3                                                0.000     0.000 r  CLK100MHZ
                         net (fo=0)                   0.000     0.000    CLK100MHZ
    E3                   IBUF (Prop_ibuf_I_O)         1.482     1.482 r  CLK100MHZ_IBUF_inst/O
                         net (fo=1, routed)           2.025     3.506    CLK100MHZ_IBUF
    BUFGCTRL_X0Y16       BUFG (Prop_bufg_I_O)         0.096     3.602 r  CLK100MHZ_IBUF_BUFG_inst/O
                         net (fo=1685, routed)        1.631     5.234    sevenSeg/clk
    SLICE_X48Y88         FDRE                                         r  sevenSeg/digit_reg[2]/C
  -------------------------------------------------------------------    -------------------
    SLICE_X48Y88         FDRE (Prop_fdre_C_Q)         0.456     5.690 r  sevenSeg/digit_reg[2]/Q
                         net (fo=7, routed)           0.990     6.680    sevenSeg/digit_reg_n_0_[2]
    SLICE_X44Y86         LUT4 (Prop_lut4_I1_O)        0.152     6.832 r  sevenSeg/SEG_OBUF[5]_inst_i_1/O
                         net (fo=1, routed)           3.167     9.999    SEG_OBUF[5]
    T11                  OBUF (Prop_obuf_I_O)         3.769    13.768 r  SEG_OBUF[5]_inst/O
                         net (fo=0)                   0.000    13.768    SEG[5]
    T11                                                               r  SEG[5]
  -------------------------------------------------------------------    -------------------

Slack:                    inf
  Source:                 sevenSeg/clkdiv_reg[18]/C
                            (rising edge-triggered cell FDRE clocked by sys_clk_pin  {rise@0.000ns fall@5.000ns period=50.000ns})
  Destination:            AN[3]
                            (output port)
  Path Group:             (none)
  Path Type:              Max at Slow Process Corner
  Data Path Delay:        8.446ns  (logic 4.132ns (48.922%)  route 4.314ns (51.078%))
  Logic Levels:           2  (LUT3=1 OBUF=1)
  Clock Uncertainty:      0.025ns  ((TSJ^2 + TIJ^2)^1/2 + DJ) / 2 + PE
    Total System Jitter     (TSJ):    0.050ns
    Total Input Jitter      (TIJ):    0.000ns
    Discrete Jitter          (DJ):    0.000ns
    Phase Error              (PE):    0.000ns

    Location             Delay type                Incr(ns)  Path(ns)    Netlist Resource(s)
  -------------------------------------------------------------------    -------------------
                         (clock sys_clk_pin rise edge)
                                                      0.000     0.000 r  <hidden>
    E3                                                0.000     0.000 r  CLK100MHZ
                         net (fo=0)                   0.000     0.000    CLK100MHZ
    E3                   IBUF (Prop_ibuf_I_O)         1.482     1.482 r  CLK100MHZ_IBUF_inst/O
                         net (fo=1, routed)           2.025     3.506    CLK100MHZ_IBUF
    BUFGCTRL_X0Y16       BUFG (Prop_bufg_I_O)         0.096     3.602 r  CLK100MHZ_IBUF_BUFG_inst/O
                         net (fo=1685, routed)        1.631     5.234    sevenSeg/clk
    SLICE_X45Y87         FDRE                                         r  sevenSeg/clkdiv_reg[18]/C
  -------------------------------------------------------------------    -------------------
    SLICE_X45Y87         FDRE (Prop_fdre_C_Q)         0.456     5.690 f  sevenSeg/clkdiv_reg[18]/Q
                         net (fo=17, routed)          1.023     6.713    sevenSeg/s[1]
    SLICE_X44Y85         LUT3 (Prop_lut3_I2_O)        0.124     6.837 r  sevenSeg/AN_OBUF[3]_inst_i_1/O
                         net (fo=1, routed)           3.291    10.128    AN_OBUF[3]
    J14                  OBUF (Prop_obuf_I_O)         3.552    13.680 r  AN_OBUF[3]_inst/O
                         net (fo=0)                   0.000    13.680    AN[3]
    J14                                                               r  AN[3]
  -------------------------------------------------------------------    -------------------





Min Delay Paths
--------------------------------------------------------------------------------------
Slack:                    inf
  Source:                 LED_reg[3]/C
                            (rising edge-triggered cell FDRE clocked by sys_clk_pin  {rise@0.000ns fall@5.000ns period=50.000ns})
  Destination:            LED[3]
                            (output port)
  Path Group:             (none)
  Path Type:              Min at Fast Process Corner
  Data Path Delay:        2.239ns  (logic 1.392ns (62.185%)  route 0.847ns (37.815%))
  Logic Levels:           1  (OBUF=1)
  Clock Uncertainty:      0.025ns  ((TSJ^2 + TIJ^2)^1/2 + DJ) / 2 + PE
    Total System Jitter     (TSJ):    0.050ns
    Total Input Jitter      (TIJ):    0.000ns
    Discrete Jitter          (DJ):    0.000ns
    Phase Error              (PE):    0.000ns

    Location             Delay type                Incr(ns)  Path(ns)    Netlist Resource(s)
  -------------------------------------------------------------------    -------------------
                         (clock sys_clk_pin rise edge)
                                                      0.000     0.000 r  <hidden>
    E3                                                0.000     0.000 r  CLK100MHZ
                         net (fo=0)                   0.000     0.000    CLK100MHZ
    E3                   IBUF (Prop_ibuf_I_O)         0.250     0.250 r  CLK100MHZ_IBUF_inst/O
                         net (fo=1, routed)           0.644     0.894    CLK100MHZ_IBUF
    BUFGCTRL_X0Y16       BUFG (Prop_bufg_I_O)         0.026     0.920 r  CLK100MHZ_IBUF_BUFG_inst/O
                         net (fo=1685, routed)        0.569     1.488    CLK100MHZ_IBUF_BUFG
    SLICE_X35Y90         FDRE                                         r  LED_reg[3]/C
  -------------------------------------------------------------------    -------------------
    SLICE_X35Y90         FDRE (Prop_fdre_C_Q)         0.141     1.629 r  LED_reg[3]/Q
                         net (fo=1, routed)           0.847     2.476    LED_OBUF[3]
    N14                  OBUF (Prop_obuf_I_O)         1.251     3.727 r  LED_OBUF[3]_inst/O
                         net (fo=0)                   0.000     3.727    LED[3]
    N14                                                               r  LED[3]
  -------------------------------------------------------------------    -------------------

Slack:                    inf
  Source:                 LED_reg[4]/C
                            (rising edge-triggered cell FDRE clocked by sys_clk_pin  {rise@0.000ns fall@5.000ns period=50.000ns})
  Destination:            LED[4]
                            (output port)
  Path Group:             (none)
  Path Type:              Min at Fast Process Corner
  Data Path Delay:        2.270ns  (logic 1.393ns (61.377%)  route 0.877ns (38.623%))
  Logic Levels:           1  (OBUF=1)
  Clock Uncertainty:      0.025ns  ((TSJ^2 + TIJ^2)^1/2 + DJ) / 2 + PE
    Total System Jitter     (TSJ):    0.050ns
    Total Input Jitter      (TIJ):    0.000ns
    Discrete Jitter          (DJ):    0.000ns
    Phase Error              (PE):    0.000ns

    Location             Delay type                Incr(ns)  Path(ns)    Netlist Resource(s)
  -------------------------------------------------------------------    -------------------
                         (clock sys_clk_pin rise edge)
                                                      0.000     0.000 r  <hidden>
    E3                                                0.000     0.000 r  CLK100MHZ
                         net (fo=0)                   0.000     0.000    CLK100MHZ
    E3                   IBUF (Prop_ibuf_I_O)         0.250     0.250 r  CLK100MHZ_IBUF_inst/O
                         net (fo=1, routed)           0.644     0.894    CLK100MHZ_IBUF
    BUFGCTRL_X0Y16       BUFG (Prop_bufg_I_O)         0.026     0.920 r  CLK100MHZ_IBUF_BUFG_inst/O
                         net (fo=1685, routed)        0.569     1.488    CLK100MHZ_IBUF_BUFG
    SLICE_X35Y90         FDRE                                         r  LED_reg[4]/C
  -------------------------------------------------------------------    -------------------
    SLICE_X35Y90         FDRE (Prop_fdre_C_Q)         0.141     1.629 r  LED_reg[4]/Q
                         net (fo=1, routed)           0.877     2.506    LED_OBUF[4]
    R18                  OBUF (Prop_obuf_I_O)         1.252     3.759 r  LED_OBUF[4]_inst/O
                         net (fo=0)                   0.000     3.759    LED[4]
    R18                                                               r  LED[4]
  -------------------------------------------------------------------    -------------------

Slack:                    inf
  Source:                 LED_reg[0]/C
                            (rising edge-triggered cell FDRE clocked by sys_clk_pin  {rise@0.000ns fall@5.000ns period=50.000ns})
  Destination:            LED[0]
                            (output port)
  Path Group:             (none)
  Path Type:              Min at Fast Process Corner
  Data Path Delay:        2.275ns  (logic 1.362ns (59.888%)  route 0.912ns (40.112%))
  Logic Levels:           1  (OBUF=1)
  Clock Uncertainty:      0.025ns  ((TSJ^2 + TIJ^2)^1/2 + DJ) / 2 + PE
    Total System Jitter     (TSJ):    0.050ns
    Total Input Jitter      (TIJ):    0.000ns
    Discrete Jitter          (DJ):    0.000ns
    Phase Error              (PE):    0.000ns

    Location             Delay type                Incr(ns)  Path(ns)    Netlist Resource(s)
  -------------------------------------------------------------------    -------------------
                         (clock sys_clk_pin rise edge)
                                                      0.000     0.000 r  <hidden>
    E3                                                0.000     0.000 r  CLK100MHZ
                         net (fo=0)                   0.000     0.000    CLK100MHZ
    E3                   IBUF (Prop_ibuf_I_O)         0.250     0.250 r  CLK100MHZ_IBUF_inst/O
                         net (fo=1, routed)           0.644     0.894    CLK100MHZ_IBUF
    BUFGCTRL_X0Y16       BUFG (Prop_bufg_I_O)         0.026     0.920 r  CLK100MHZ_IBUF_BUFG_inst/O
                         net (fo=1685, routed)        0.569     1.488    CLK100MHZ_IBUF_BUFG
    SLICE_X35Y92         FDRE                                         r  LED_reg[0]/C
  -------------------------------------------------------------------    -------------------
    SLICE_X35Y92         FDRE (Prop_fdre_C_Q)         0.141     1.629 r  LED_reg[0]/Q
                         net (fo=1, routed)           0.912     2.542    LED_OBUF[0]
    H17                  OBUF (Prop_obuf_I_O)         1.221     3.763 r  LED_OBUF[0]_inst/O
                         net (fo=0)                   0.000     3.763    LED[0]
    H17                                                               r  LED[0]
  -------------------------------------------------------------------    -------------------

Slack:                    inf
  Source:                 LED_reg[1]/C
                            (rising edge-triggered cell FDRE clocked by sys_clk_pin  {rise@0.000ns fall@5.000ns period=50.000ns})
  Destination:            LED[1]
                            (output port)
  Path Group:             (none)
  Path Type:              Min at Fast Process Corner
  Data Path Delay:        2.292ns  (logic 1.377ns (60.090%)  route 0.915ns (39.910%))
  Logic Levels:           1  (OBUF=1)
  Clock Uncertainty:      0.025ns  ((TSJ^2 + TIJ^2)^1/2 + DJ) / 2 + PE
    Total System Jitter     (TSJ):    0.050ns
    Total Input Jitter      (TIJ):    0.000ns
    Discrete Jitter          (DJ):    0.000ns
    Phase Error              (PE):    0.000ns

    Location             Delay type                Incr(ns)  Path(ns)    Netlist Resource(s)
  -------------------------------------------------------------------    -------------------
                         (clock sys_clk_pin rise edge)
                                                      0.000     0.000 r  <hidden>
    E3                                                0.000     0.000 r  CLK100MHZ
                         net (fo=0)                   0.000     0.000    CLK100MHZ
    E3                   IBUF (Prop_ibuf_I_O)         0.250     0.250 r  CLK100MHZ_IBUF_inst/O
                         net (fo=1, routed)           0.644     0.894    CLK100MHZ_IBUF
    BUFGCTRL_X0Y16       BUFG (Prop_bufg_I_O)         0.026     0.920 r  CLK100MHZ_IBUF_BUFG_inst/O
                         net (fo=1685, routed)        0.569     1.488    CLK100MHZ_IBUF_BUFG
    SLICE_X35Y92         FDRE                                         r  LED_reg[1]/C
  -------------------------------------------------------------------    -------------------
    SLICE_X35Y92         FDRE (Prop_fdre_C_Q)         0.141     1.629 r  LED_reg[1]/Q
                         net (fo=1, routed)           0.915     2.544    LED_OBUF[1]
    K15                  OBUF (Prop_obuf_I_O)         1.236     3.780 r  LED_OBUF[1]_inst/O
                         net (fo=0)                   0.000     3.780    LED[1]
    K15                                                               r  LED[1]
  -------------------------------------------------------------------    -------------------

Slack:                    inf
  Source:                 LED_reg[2]/C
                            (rising edge-triggered cell FDRE clocked by sys_clk_pin  {rise@0.000ns fall@5.000ns period=50.000ns})
  Destination:            LED[2]
                            (output port)
  Path Group:             (none)
  Path Type:              Min at Fast Process Corner
  Data Path Delay:        2.387ns  (logic 1.394ns (58.400%)  route 0.993ns (41.600%))
  Logic Levels:           1  (OBUF=1)
  Clock Uncertainty:      0.025ns  ((TSJ^2 + TIJ^2)^1/2 + DJ) / 2 + PE
    Total System Jitter     (TSJ):    0.050ns
    Total Input Jitter      (TIJ):    0.000ns
    Discrete Jitter          (DJ):    0.000ns
    Phase Error              (PE):    0.000ns

    Location             Delay type                Incr(ns)  Path(ns)    Netlist Resource(s)
  -------------------------------------------------------------------    -------------------
                         (clock sys_clk_pin rise edge)
                                                      0.000     0.000 r  <hidden>
    E3                                                0.000     0.000 r  CLK100MHZ
                         net (fo=0)                   0.000     0.000    CLK100MHZ
    E3                   IBUF (Prop_ibuf_I_O)         0.250     0.250 r  CLK100MHZ_IBUF_inst/O
                         net (fo=1, routed)           0.644     0.894    CLK100MHZ_IBUF
    BUFGCTRL_X0Y16       BUFG (Prop_bufg_I_O)         0.026     0.920 r  CLK100MHZ_IBUF_BUFG_inst/O
                         net (fo=1685, routed)        0.569     1.488    CLK100MHZ_IBUF_BUFG
    SLICE_X35Y92         FDRE                                         r  LED_reg[2]/C
  -------------------------------------------------------------------    -------------------
    SLICE_X35Y92         FDRE (Prop_fdre_C_Q)         0.141     1.629 r  LED_reg[2]/Q
                         net (fo=1, routed)           0.993     2.622    LED_OBUF[2]
    J13                  OBUF (Prop_obuf_I_O)         1.253     3.876 r  LED_OBUF[2]_inst/O
                         net (fo=0)                   0.000     3.876    LED[2]
    J13                                                               r  LED[2]
  -------------------------------------------------------------------    -------------------

Slack:                    inf
  Source:                 LED_reg[6]/C
                            (rising edge-triggered cell FDRE clocked by sys_clk_pin  {rise@0.000ns fall@5.000ns period=50.000ns})
  Destination:            LED[6]
                            (output port)
  Path Group:             (none)
  Path Type:              Min at Fast Process Corner
  Data Path Delay:        2.388ns  (logic 1.397ns (58.492%)  route 0.991ns (41.508%))
  Logic Levels:           1  (OBUF=1)
  Clock Uncertainty:      0.025ns  ((TSJ^2 + TIJ^2)^1/2 + DJ) / 2 + PE
    Total System Jitter     (TSJ):    0.050ns
    Total Input Jitter      (TIJ):    0.000ns
    Discrete Jitter          (DJ):    0.000ns
    Phase Error              (PE):    0.000ns

    Location             Delay type                Incr(ns)  Path(ns)    Netlist Resource(s)
  -------------------------------------------------------------------    -------------------
                         (clock sys_clk_pin rise edge)
                                                      0.000     0.000 r  <hidden>
    E3                                                0.000     0.000 r  CLK100MHZ
                         net (fo=0)                   0.000     0.000    CLK100MHZ
    E3                   IBUF (Prop_ibuf_I_O)         0.250     0.250 r  CLK100MHZ_IBUF_inst/O
                         net (fo=1, routed)           0.644     0.894    CLK100MHZ_IBUF
    BUFGCTRL_X0Y16       BUFG (Prop_bufg_I_O)         0.026     0.920 r  CLK100MHZ_IBUF_BUFG_inst/O
                         net (fo=1685, routed)        0.569     1.488    CLK100MHZ_IBUF_BUFG
    SLICE_X35Y92         FDRE                                         r  LED_reg[6]/C
  -------------------------------------------------------------------    -------------------
    SLICE_X35Y92         FDRE (Prop_fdre_C_Q)         0.141     1.629 r  LED_reg[6]/Q
                         net (fo=1, routed)           0.991     2.620    LED_OBUF[6]
    U17                  OBUF (Prop_obuf_I_O)         1.256     3.876 r  LED_OBUF[6]_inst/O
                         net (fo=0)                   0.000     3.876    LED[6]
    U17                                                               r  LED[6]
  -------------------------------------------------------------------    -------------------

Slack:                    inf
  Source:                 LED_reg[7]/C
                            (rising edge-triggered cell FDRE clocked by sys_clk_pin  {rise@0.000ns fall@5.000ns period=50.000ns})
  Destination:            LED[7]
                            (output port)
  Path Group:             (none)
  Path Type:              Min at Fast Process Corner
  Data Path Delay:        2.388ns  (logic 1.397ns (58.496%)  route 0.991ns (41.504%))
  Logic Levels:           1  (OBUF=1)
  Clock Uncertainty:      0.025ns  ((TSJ^2 + TIJ^2)^1/2 + DJ) / 2 + PE
    Total System Jitter     (TSJ):    0.050ns
    Total Input Jitter      (TIJ):    0.000ns
    Discrete Jitter          (DJ):    0.000ns
    Phase Error              (PE):    0.000ns

    Location             Delay type                Incr(ns)  Path(ns)    Netlist Resource(s)
  -------------------------------------------------------------------    -------------------
                         (clock sys_clk_pin rise edge)
                                                      0.000     0.000 r  <hidden>
    E3                                                0.000     0.000 r  CLK100MHZ
                         net (fo=0)                   0.000     0.000    CLK100MHZ
    E3                   IBUF (Prop_ibuf_I_O)         0.250     0.250 r  CLK100MHZ_IBUF_inst/O
                         net (fo=1, routed)           0.644     0.894    CLK100MHZ_IBUF
    BUFGCTRL_X0Y16       BUFG (Prop_bufg_I_O)         0.026     0.920 r  CLK100MHZ_IBUF_BUFG_inst/O
                         net (fo=1685, routed)        0.569     1.488    CLK100MHZ_IBUF_BUFG
    SLICE_X35Y90         FDRE                                         r  LED_reg[7]/C
  -------------------------------------------------------------------    -------------------
    SLICE_X35Y90         FDRE (Prop_fdre_C_Q)         0.141     1.629 r  LED_reg[7]/Q
                         net (fo=1, routed)           0.991     2.620    LED_OBUF[7]
    U16                  OBUF (Prop_obuf_I_O)         1.256     3.876 r  LED_OBUF[7]_inst/O
                         net (fo=0)                   0.000     3.876    LED[7]
    U16                                                               r  LED[7]
  -------------------------------------------------------------------    -------------------

Slack:                    inf
  Source:                 sevenSeg/digit_reg[2]/C
                            (rising edge-triggered cell FDRE clocked by sys_clk_pin  {rise@0.000ns fall@5.000ns period=50.000ns})
  Destination:            SEG[2]
                            (output port)
  Path Group:             (none)
  Path Type:              Min at Fast Process Corner
  Data Path Delay:        2.532ns  (logic 1.380ns (54.506%)  route 1.152ns (45.494%))
  Logic Levels:           2  (LUT4=1 OBUF=1)
  Clock Uncertainty:      0.025ns  ((TSJ^2 + TIJ^2)^1/2 + DJ) / 2 + PE
    Total System Jitter     (TSJ):    0.050ns
    Total Input Jitter      (TIJ):    0.000ns
    Discrete Jitter          (DJ):    0.000ns
    Phase Error              (PE):    0.000ns

    Location             Delay type                Incr(ns)  Path(ns)    Netlist Resource(s)
  -------------------------------------------------------------------    -------------------
                         (clock sys_clk_pin rise edge)
                                                      0.000     0.000 r  <hidden>
    E3                                                0.000     0.000 r  CLK100MHZ
                         net (fo=0)                   0.000     0.000    CLK100MHZ
    E3                   IBUF (Prop_ibuf_I_O)         0.250     0.250 r  CLK100MHZ_IBUF_inst/O
                         net (fo=1, routed)           0.644     0.894    CLK100MHZ_IBUF
    BUFGCTRL_X0Y16       BUFG (Prop_bufg_I_O)         0.026     0.920 r  CLK100MHZ_IBUF_BUFG_inst/O
                         net (fo=1685, routed)        0.564     1.483    sevenSeg/clk
    SLICE_X48Y88         FDRE                                         r  sevenSeg/digit_reg[2]/C
  -------------------------------------------------------------------    -------------------
    SLICE_X48Y88         FDRE (Prop_fdre_C_Q)         0.141     1.624 r  sevenSeg/digit_reg[2]/Q
                         net (fo=7, routed)           0.226     1.850    sevenSeg/digit_reg_n_0_[2]
    SLICE_X44Y90         LUT4 (Prop_lut4_I3_O)        0.045     1.895 r  sevenSeg/SEG_OBUF[2]_inst_i_1/O
                         net (fo=1, routed)           0.926     2.821    SEG_OBUF[2]
    K16                  OBUF (Prop_obuf_I_O)         1.194     4.016 r  SEG_OBUF[2]_inst/O
                         net (fo=0)                   0.000     4.016    SEG[2]
    K16                                                               r  SEG[2]
  -------------------------------------------------------------------    -------------------

Slack:                    inf
  Source:                 LED_reg[5]/C
                            (rising edge-triggered cell FDRE clocked by sys_clk_pin  {rise@0.000ns fall@5.000ns period=50.000ns})
  Destination:            LED[5]
                            (output port)
  Path Group:             (none)
  Path Type:              Min at Fast Process Corner
  Data Path Delay:        2.541ns  (logic 1.393ns (54.838%)  route 1.148ns (45.162%))
  Logic Levels:           1  (OBUF=1)
  Clock Uncertainty:      0.025ns  ((TSJ^2 + TIJ^2)^1/2 + DJ) / 2 + PE
    Total System Jitter     (TSJ):    0.050ns
    Total Input Jitter      (TIJ):    0.000ns
    Discrete Jitter          (DJ):    0.000ns
    Phase Error              (PE):    0.000ns

    Location             Delay type                Incr(ns)  Path(ns)    Netlist Resource(s)
  -------------------------------------------------------------------    -------------------
                         (clock sys_clk_pin rise edge)
                                                      0.000     0.000 r  <hidden>
    E3                                                0.000     0.000 r  CLK100MHZ
                         net (fo=0)                   0.000     0.000    CLK100MHZ
    E3                   IBUF (Prop_ibuf_I_O)         0.250     0.250 r  CLK100MHZ_IBUF_inst/O
                         net (fo=1, routed)           0.644     0.894    CLK100MHZ_IBUF
    BUFGCTRL_X0Y16       BUFG (Prop_bufg_I_O)         0.026     0.920 r  CLK100MHZ_IBUF_BUFG_inst/O
                         net (fo=1685, routed)        0.569     1.488    CLK100MHZ_IBUF_BUFG
    SLICE_X35Y90         FDRE                                         r  LED_reg[5]/C
  -------------------------------------------------------------------    -------------------
    SLICE_X35Y90         FDRE (Prop_fdre_C_Q)         0.141     1.629 r  LED_reg[5]/Q
                         net (fo=1, routed)           1.148     2.777    LED_OBUF[5]
    V17                  OBUF (Prop_obuf_I_O)         1.252     4.029 r  LED_OBUF[5]_inst/O
                         net (fo=0)                   0.000     4.029    LED[5]
    V17                                                               r  LED[5]
  -------------------------------------------------------------------    -------------------

Slack:                    inf
  Source:                 sevenSeg/clkdiv_reg[19]/C
                            (rising edge-triggered cell FDRE clocked by sys_clk_pin  {rise@0.000ns fall@5.000ns period=50.000ns})
  Destination:            AN[4]
                            (output port)
  Path Group:             (none)
  Path Type:              Min at Fast Process Corner
  Data Path Delay:        2.560ns  (logic 1.508ns (58.884%)  route 1.053ns (41.116%))
  Logic Levels:           2  (LUT3=1 OBUF=1)
  Clock Uncertainty:      0.025ns  ((TSJ^2 + TIJ^2)^1/2 + DJ) / 2 + PE
    Total System Jitter     (TSJ):    0.050ns
    Total Input Jitter      (TIJ):    0.000ns
    Discrete Jitter          (DJ):    0.000ns
    Phase Error              (PE):    0.000ns

    Location             Delay type                Incr(ns)  Path(ns)    Netlist Resource(s)
  -------------------------------------------------------------------    -------------------
                         (clock sys_clk_pin rise edge)
                                                      0.000     0.000 r  <hidden>
    E3                                                0.000     0.000 r  CLK100MHZ
                         net (fo=0)                   0.000     0.000    CLK100MHZ
    E3                   IBUF (Prop_ibuf_I_O)         0.250     0.250 r  CLK100MHZ_IBUF_inst/O
                         net (fo=1, routed)           0.644     0.894    CLK100MHZ_IBUF
    BUFGCTRL_X0Y16       BUFG (Prop_bufg_I_O)         0.026     0.920 r  CLK100MHZ_IBUF_BUFG_inst/O
                         net (fo=1685, routed)        0.565     1.484    sevenSeg/clk
    SLICE_X45Y87         FDRE                                         r  sevenSeg/clkdiv_reg[19]/C
  -------------------------------------------------------------------    -------------------
    SLICE_X45Y87         FDRE (Prop_fdre_C_Q)         0.141     1.625 f  sevenSeg/clkdiv_reg[19]/Q
                         net (fo=13, routed)          0.111     1.736    sevenSeg/s[2]
    SLICE_X44Y87         LUT3 (Prop_lut3_I2_O)        0.051     1.787 r  sevenSeg/AN_OBUF[4]_inst_i_1/O
                         net (fo=1, routed)           0.942     2.729    AN_OBUF[4]
    P14                  OBUF (Prop_obuf_I_O)         1.316     4.045 r  AN_OBUF[4]_inst/O
                         net (fo=0)                   0.000     4.045    AN[4]
    P14                                                               r  AN[4]
  -------------------------------------------------------------------    -------------------





--------------------------------------------------------------------------------------
Path Group:  (none)
From Clock:  
  To Clock:  sys_clk_pin

Max Delay           932 Endpoints
Min Delay           932 Endpoints
--------------------------------------------------------------------------------------


Max Delay Paths
--------------------------------------------------------------------------------------
Slack:                    inf
  Source:                 reset_raw
                            (input port)
  Destination:            tokenizer/char_ptr_reg[26]/R
                            (rising edge-triggered cell FDRE clocked by sys_clk_pin  {rise@0.000ns fall@5.000ns period=50.000ns})
  Path Group:             (none)
  Path Type:              Setup (Max at Slow Process Corner)
  Data Path Delay:        12.599ns  (logic 1.631ns (12.946%)  route 10.968ns (87.054%))
  Logic Levels:           2  (IBUF=1 LUT5=1)
  Clock Path Skew:        5.019ns (DCD - SCD + CPR)
    Destination Clock Delay (DCD):    5.019ns
    Source Clock Delay      (SCD):    0.000ns
    Clock Pessimism Removal (CPR):    0.000ns
  Clock Uncertainty:      0.025ns  ((TSJ^2 + TIJ^2)^1/2 + DJ) / 2 + PE
    Total System Jitter     (TSJ):    0.050ns
    Total Input Jitter      (TIJ):    0.000ns
    Discrete Jitter          (DJ):    0.000ns
    Phase Error              (PE):    0.000ns

    Location             Delay type                Incr(ns)  Path(ns)    Netlist Resource(s)
  -------------------------------------------------------------------    -------------------
    C12                                               0.000     0.000 f  reset_raw
                         net (fo=0)                   0.000     0.000    reset_raw
    C12                  IBUF (Prop_ibuf_I_O)         1.507     1.507 f  reset_raw_IBUF_inst/O
                         net (fo=4, routed)           5.148     6.656    UART_rx/reset_raw_IBUF
    SLICE_X46Y51         LUT5 (Prop_lut5_I4_O)        0.124     6.780 r  UART_rx/token_num[1]_i_1/O
                         net (fo=270, routed)         5.819    12.599    tokenizer/state_reg_2
    SLICE_X74Y57         FDRE                                         r  tokenizer/char_ptr_reg[26]/R
  -------------------------------------------------------------------    -------------------

                         (clock sys_clk_pin rise edge)
                                                      0.000     0.000 r  <hidden>
    E3                                                0.000     0.000 r  CLK100MHZ
                         net (fo=0)                   0.000     0.000    CLK100MHZ
    E3                   IBUF (Prop_ibuf_I_O)         1.411     1.411 r  CLK100MHZ_IBUF_inst/O
                         net (fo=1, routed)           1.920     3.331    CLK100MHZ_IBUF
    BUFGCTRL_X0Y16       BUFG (Prop_bufg_I_O)         0.091     3.422 r  CLK100MHZ_IBUF_BUFG_inst/O
                         net (fo=1685, routed)        1.596     5.019    tokenizer/clk
    SLICE_X74Y57         FDRE                                         r  tokenizer/char_ptr_reg[26]/C

Slack:                    inf
  Source:                 reset_raw
                            (input port)
  Destination:            tokenizer/char_ptr_reg[27]/R
                            (rising edge-triggered cell FDRE clocked by sys_clk_pin  {rise@0.000ns fall@5.000ns period=50.000ns})
  Path Group:             (none)
  Path Type:              Setup (Max at Slow Process Corner)
  Data Path Delay:        12.599ns  (logic 1.631ns (12.946%)  route 10.968ns (87.054%))
  Logic Levels:           2  (IBUF=1 LUT5=1)
  Clock Path Skew:        5.019ns (DCD - SCD + CPR)
    Destination Clock Delay (DCD):    5.019ns
    Source Clock Delay      (SCD):    0.000ns
    Clock Pessimism Removal (CPR):    0.000ns
  Clock Uncertainty:      0.025ns  ((TSJ^2 + TIJ^2)^1/2 + DJ) / 2 + PE
    Total System Jitter     (TSJ):    0.050ns
    Total Input Jitter      (TIJ):    0.000ns
    Discrete Jitter          (DJ):    0.000ns
    Phase Error              (PE):    0.000ns

    Location             Delay type                Incr(ns)  Path(ns)    Netlist Resource(s)
  -------------------------------------------------------------------    -------------------
    C12                                               0.000     0.000 f  reset_raw
                         net (fo=0)                   0.000     0.000    reset_raw
    C12                  IBUF (Prop_ibuf_I_O)         1.507     1.507 f  reset_raw_IBUF_inst/O
                         net (fo=4, routed)           5.148     6.656    UART_rx/reset_raw_IBUF
    SLICE_X46Y51         LUT5 (Prop_lut5_I4_O)        0.124     6.780 r  UART_rx/token_num[1]_i_1/O
                         net (fo=270, routed)         5.819    12.599    tokenizer/state_reg_2
    SLICE_X75Y57         FDRE                                         r  tokenizer/char_ptr_reg[27]/R
  -------------------------------------------------------------------    -------------------

                         (clock sys_clk_pin rise edge)
                                                      0.000     0.000 r  <hidden>
    E3                                                0.000     0.000 r  CLK100MHZ
                         net (fo=0)                   0.000     0.000    CLK100MHZ
    E3                   IBUF (Prop_ibuf_I_O)         1.411     1.411 r  CLK100MHZ_IBUF_inst/O
                         net (fo=1, routed)           1.920     3.331    CLK100MHZ_IBUF
    BUFGCTRL_X0Y16       BUFG (Prop_bufg_I_O)         0.091     3.422 r  CLK100MHZ_IBUF_BUFG_inst/O
                         net (fo=1685, routed)        1.596     5.019    tokenizer/clk
    SLICE_X75Y57         FDRE                                         r  tokenizer/char_ptr_reg[27]/C

Slack:                    inf
  Source:                 reset_raw
                            (input port)
  Destination:            tokenizer/char_ptr_reg[30]/R
                            (rising edge-triggered cell FDRE clocked by sys_clk_pin  {rise@0.000ns fall@5.000ns period=50.000ns})
  Path Group:             (none)
  Path Type:              Setup (Max at Slow Process Corner)
  Data Path Delay:        12.599ns  (logic 1.631ns (12.946%)  route 10.968ns (87.054%))
  Logic Levels:           2  (IBUF=1 LUT5=1)
  Clock Path Skew:        5.019ns (DCD - SCD + CPR)
    Destination Clock Delay (DCD):    5.019ns
    Source Clock Delay      (SCD):    0.000ns
    Clock Pessimism Removal (CPR):    0.000ns
  Clock Uncertainty:      0.025ns  ((TSJ^2 + TIJ^2)^1/2 + DJ) / 2 + PE
    Total System Jitter     (TSJ):    0.050ns
    Total Input Jitter      (TIJ):    0.000ns
    Discrete Jitter          (DJ):    0.000ns
    Phase Error              (PE):    0.000ns

    Location             Delay type                Incr(ns)  Path(ns)    Netlist Resource(s)
  -------------------------------------------------------------------    -------------------
    C12                                               0.000     0.000 f  reset_raw
                         net (fo=0)                   0.000     0.000    reset_raw
    C12                  IBUF (Prop_ibuf_I_O)         1.507     1.507 f  reset_raw_IBUF_inst/O
                         net (fo=4, routed)           5.148     6.656    UART_rx/reset_raw_IBUF
    SLICE_X46Y51         LUT5 (Prop_lut5_I4_O)        0.124     6.780 r  UART_rx/token_num[1]_i_1/O
                         net (fo=270, routed)         5.819    12.599    tokenizer/state_reg_2
    SLICE_X74Y57         FDRE                                         r  tokenizer/char_ptr_reg[30]/R
  -------------------------------------------------------------------    -------------------

                         (clock sys_clk_pin rise edge)
                                                      0.000     0.000 r  <hidden>
    E3                                                0.000     0.000 r  CLK100MHZ
                         net (fo=0)                   0.000     0.000    CLK100MHZ
    E3                   IBUF (Prop_ibuf_I_O)         1.411     1.411 r  CLK100MHZ_IBUF_inst/O
                         net (fo=1, routed)           1.920     3.331    CLK100MHZ_IBUF
    BUFGCTRL_X0Y16       BUFG (Prop_bufg_I_O)         0.091     3.422 r  CLK100MHZ_IBUF_BUFG_inst/O
                         net (fo=1685, routed)        1.596     5.019    tokenizer/clk
    SLICE_X74Y57         FDRE                                         r  tokenizer/char_ptr_reg[30]/C

Slack:                    inf
  Source:                 reset_raw
                            (input port)
  Destination:            tokenizer/char_ptr_reg[28]/R
                            (rising edge-triggered cell FDRE clocked by sys_clk_pin  {rise@0.000ns fall@5.000ns period=50.000ns})
  Path Group:             (none)
  Path Type:              Setup (Max at Slow Process Corner)
  Data Path Delay:        12.294ns  (logic 1.631ns (13.267%)  route 10.663ns (86.733%))
  Logic Levels:           2  (IBUF=1 LUT5=1)
  Clock Path Skew:        5.019ns (DCD - SCD + CPR)
    Destination Clock Delay (DCD):    5.019ns
    Source Clock Delay      (SCD):    0.000ns
    Clock Pessimism Removal (CPR):    0.000ns
  Clock Uncertainty:      0.025ns  ((TSJ^2 + TIJ^2)^1/2 + DJ) / 2 + PE
    Total System Jitter     (TSJ):    0.050ns
    Total Input Jitter      (TIJ):    0.000ns
    Discrete Jitter          (DJ):    0.000ns
    Phase Error              (PE):    0.000ns

    Location             Delay type                Incr(ns)  Path(ns)    Netlist Resource(s)
  -------------------------------------------------------------------    -------------------
    C12                                               0.000     0.000 f  reset_raw
                         net (fo=0)                   0.000     0.000    reset_raw
    C12                  IBUF (Prop_ibuf_I_O)         1.507     1.507 f  reset_raw_IBUF_inst/O
                         net (fo=4, routed)           5.148     6.656    UART_rx/reset_raw_IBUF
    SLICE_X46Y51         LUT5 (Prop_lut5_I4_O)        0.124     6.780 r  UART_rx/token_num[1]_i_1/O
                         net (fo=270, routed)         5.514    12.294    tokenizer/state_reg_2
    SLICE_X76Y57         FDRE                                         r  tokenizer/char_ptr_reg[28]/R
  -------------------------------------------------------------------    -------------------

                         (clock sys_clk_pin rise edge)
                                                      0.000     0.000 r  <hidden>
    E3                                                0.000     0.000 r  CLK100MHZ
                         net (fo=0)                   0.000     0.000    CLK100MHZ
    E3                   IBUF (Prop_ibuf_I_O)         1.411     1.411 r  CLK100MHZ_IBUF_inst/O
                         net (fo=1, routed)           1.920     3.331    CLK100MHZ_IBUF
    BUFGCTRL_X0Y16       BUFG (Prop_bufg_I_O)         0.091     3.422 r  CLK100MHZ_IBUF_BUFG_inst/O
                         net (fo=1685, routed)        1.596     5.019    tokenizer/clk
    SLICE_X76Y57         FDRE                                         r  tokenizer/char_ptr_reg[28]/C

Slack:                    inf
  Source:                 reset_raw
                            (input port)
  Destination:            tokenizer/char_ptr_reg[29]/R
                            (rising edge-triggered cell FDRE clocked by sys_clk_pin  {rise@0.000ns fall@5.000ns period=50.000ns})
  Path Group:             (none)
  Path Type:              Setup (Max at Slow Process Corner)
  Data Path Delay:        12.294ns  (logic 1.631ns (13.267%)  route 10.663ns (86.733%))
  Logic Levels:           2  (IBUF=1 LUT5=1)
  Clock Path Skew:        5.019ns (DCD - SCD + CPR)
    Destination Clock Delay (DCD):    5.019ns
    Source Clock Delay      (SCD):    0.000ns
    Clock Pessimism Removal (CPR):    0.000ns
  Clock Uncertainty:      0.025ns  ((TSJ^2 + TIJ^2)^1/2 + DJ) / 2 + PE
    Total System Jitter     (TSJ):    0.050ns
    Total Input Jitter      (TIJ):    0.000ns
    Discrete Jitter          (DJ):    0.000ns
    Phase Error              (PE):    0.000ns

    Location             Delay type                Incr(ns)  Path(ns)    Netlist Resource(s)
  -------------------------------------------------------------------    -------------------
    C12                                               0.000     0.000 f  reset_raw
                         net (fo=0)                   0.000     0.000    reset_raw
    C12                  IBUF (Prop_ibuf_I_O)         1.507     1.507 f  reset_raw_IBUF_inst/O
                         net (fo=4, routed)           5.148     6.656    UART_rx/reset_raw_IBUF
    SLICE_X46Y51         LUT5 (Prop_lut5_I4_O)        0.124     6.780 r  UART_rx/token_num[1]_i_1/O
                         net (fo=270, routed)         5.514    12.294    tokenizer/state_reg_2
    SLICE_X76Y57         FDRE                                         r  tokenizer/char_ptr_reg[29]/R
  -------------------------------------------------------------------    -------------------

                         (clock sys_clk_pin rise edge)
                                                      0.000     0.000 r  <hidden>
    E3                                                0.000     0.000 r  CLK100MHZ
                         net (fo=0)                   0.000     0.000    CLK100MHZ
    E3                   IBUF (Prop_ibuf_I_O)         1.411     1.411 r  CLK100MHZ_IBUF_inst/O
                         net (fo=1, routed)           1.920     3.331    CLK100MHZ_IBUF
    BUFGCTRL_X0Y16       BUFG (Prop_bufg_I_O)         0.091     3.422 r  CLK100MHZ_IBUF_BUFG_inst/O
                         net (fo=1685, routed)        1.596     5.019    tokenizer/clk
    SLICE_X76Y57         FDRE                                         r  tokenizer/char_ptr_reg[29]/C

Slack:                    inf
  Source:                 reset_raw
                            (input port)
  Destination:            tokenizer/char_ptr_reg[19]/R
                            (rising edge-triggered cell FDRE clocked by sys_clk_pin  {rise@0.000ns fall@5.000ns period=50.000ns})
  Path Group:             (none)
  Path Type:              Setup (Max at Slow Process Corner)
  Data Path Delay:        12.146ns  (logic 1.631ns (13.429%)  route 10.515ns (86.571%))
  Logic Levels:           2  (IBUF=1 LUT5=1)
  Clock Path Skew:        5.020ns (DCD - SCD + CPR)
    Destination Clock Delay (DCD):    5.020ns
    Source Clock Delay      (SCD):    0.000ns
    Clock Pessimism Removal (CPR):    0.000ns
  Clock Uncertainty:      0.025ns  ((TSJ^2 + TIJ^2)^1/2 + DJ) / 2 + PE
    Total System Jitter     (TSJ):    0.050ns
    Total Input Jitter      (TIJ):    0.000ns
    Discrete Jitter          (DJ):    0.000ns
    Phase Error              (PE):    0.000ns

    Location             Delay type                Incr(ns)  Path(ns)    Netlist Resource(s)
  -------------------------------------------------------------------    -------------------
    C12                                               0.000     0.000 f  reset_raw
                         net (fo=0)                   0.000     0.000    reset_raw
    C12                  IBUF (Prop_ibuf_I_O)         1.507     1.507 f  reset_raw_IBUF_inst/O
                         net (fo=4, routed)           5.148     6.656    UART_rx/reset_raw_IBUF
    SLICE_X46Y51         LUT5 (Prop_lut5_I4_O)        0.124     6.780 r  UART_rx/token_num[1]_i_1/O
                         net (fo=270, routed)         5.366    12.146    tokenizer/state_reg_2
    SLICE_X77Y56         FDRE                                         r  tokenizer/char_ptr_reg[19]/R
  -------------------------------------------------------------------    -------------------

                         (clock sys_clk_pin rise edge)
                                                      0.000     0.000 r  <hidden>
    E3                                                0.000     0.000 r  CLK100MHZ
                         net (fo=0)                   0.000     0.000    CLK100MHZ
    E3                   IBUF (Prop_ibuf_I_O)         1.411     1.411 r  CLK100MHZ_IBUF_inst/O
                         net (fo=1, routed)           1.920     3.331    CLK100MHZ_IBUF
    BUFGCTRL_X0Y16       BUFG (Prop_bufg_I_O)         0.091     3.422 r  CLK100MHZ_IBUF_BUFG_inst/O
                         net (fo=1685, routed)        1.597     5.020    tokenizer/clk
    SLICE_X77Y56         FDRE                                         r  tokenizer/char_ptr_reg[19]/C

Slack:                    inf
  Source:                 reset_raw
                            (input port)
  Destination:            tokenizer/char_ptr_reg[22]/R
                            (rising edge-triggered cell FDRE clocked by sys_clk_pin  {rise@0.000ns fall@5.000ns period=50.000ns})
  Path Group:             (none)
  Path Type:              Setup (Max at Slow Process Corner)
  Data Path Delay:        12.146ns  (logic 1.631ns (13.429%)  route 10.515ns (86.571%))
  Logic Levels:           2  (IBUF=1 LUT5=1)
  Clock Path Skew:        5.020ns (DCD - SCD + CPR)
    Destination Clock Delay (DCD):    5.020ns
    Source Clock Delay      (SCD):    0.000ns
    Clock Pessimism Removal (CPR):    0.000ns
  Clock Uncertainty:      0.025ns  ((TSJ^2 + TIJ^2)^1/2 + DJ) / 2 + PE
    Total System Jitter     (TSJ):    0.050ns
    Total Input Jitter      (TIJ):    0.000ns
    Discrete Jitter          (DJ):    0.000ns
    Phase Error              (PE):    0.000ns

    Location             Delay type                Incr(ns)  Path(ns)    Netlist Resource(s)
  -------------------------------------------------------------------    -------------------
    C12                                               0.000     0.000 f  reset_raw
                         net (fo=0)                   0.000     0.000    reset_raw
    C12                  IBUF (Prop_ibuf_I_O)         1.507     1.507 f  reset_raw_IBUF_inst/O
                         net (fo=4, routed)           5.148     6.656    UART_rx/reset_raw_IBUF
    SLICE_X46Y51         LUT5 (Prop_lut5_I4_O)        0.124     6.780 r  UART_rx/token_num[1]_i_1/O
                         net (fo=270, routed)         5.366    12.146    tokenizer/state_reg_2
    SLICE_X76Y56         FDRE                                         r  tokenizer/char_ptr_reg[22]/R
  -------------------------------------------------------------------    -------------------

                         (clock sys_clk_pin rise edge)
                                                      0.000     0.000 r  <hidden>
    E3                                                0.000     0.000 r  CLK100MHZ
                         net (fo=0)                   0.000     0.000    CLK100MHZ
    E3                   IBUF (Prop_ibuf_I_O)         1.411     1.411 r  CLK100MHZ_IBUF_inst/O
                         net (fo=1, routed)           1.920     3.331    CLK100MHZ_IBUF
    BUFGCTRL_X0Y16       BUFG (Prop_bufg_I_O)         0.091     3.422 r  CLK100MHZ_IBUF_BUFG_inst/O
                         net (fo=1685, routed)        1.597     5.020    tokenizer/clk
    SLICE_X76Y56         FDRE                                         r  tokenizer/char_ptr_reg[22]/C

Slack:                    inf
  Source:                 reset_raw
                            (input port)
  Destination:            tokenizer/char_ptr_reg[23]/R
                            (rising edge-triggered cell FDRE clocked by sys_clk_pin  {rise@0.000ns fall@5.000ns period=50.000ns})
  Path Group:             (none)
  Path Type:              Setup (Max at Slow Process Corner)
  Data Path Delay:        12.146ns  (logic 1.631ns (13.429%)  route 10.515ns (86.571%))
  Logic Levels:           2  (IBUF=1 LUT5=1)
  Clock Path Skew:        5.020ns (DCD - SCD + CPR)
    Destination Clock Delay (DCD):    5.020ns
    Source Clock Delay      (SCD):    0.000ns
    Clock Pessimism Removal (CPR):    0.000ns
  Clock Uncertainty:      0.025ns  ((TSJ^2 + TIJ^2)^1/2 + DJ) / 2 + PE
    Total System Jitter     (TSJ):    0.050ns
    Total Input Jitter      (TIJ):    0.000ns
    Discrete Jitter          (DJ):    0.000ns
    Phase Error              (PE):    0.000ns

    Location             Delay type                Incr(ns)  Path(ns)    Netlist Resource(s)
  -------------------------------------------------------------------    -------------------
    C12                                               0.000     0.000 f  reset_raw
                         net (fo=0)                   0.000     0.000    reset_raw
    C12                  IBUF (Prop_ibuf_I_O)         1.507     1.507 f  reset_raw_IBUF_inst/O
                         net (fo=4, routed)           5.148     6.656    UART_rx/reset_raw_IBUF
    SLICE_X46Y51         LUT5 (Prop_lut5_I4_O)        0.124     6.780 r  UART_rx/token_num[1]_i_1/O
                         net (fo=270, routed)         5.366    12.146    tokenizer/state_reg_2
    SLICE_X77Y56         FDRE                                         r  tokenizer/char_ptr_reg[23]/R
  -------------------------------------------------------------------    -------------------

                         (clock sys_clk_pin rise edge)
                                                      0.000     0.000 r  <hidden>
    E3                                                0.000     0.000 r  CLK100MHZ
                         net (fo=0)                   0.000     0.000    CLK100MHZ
    E3                   IBUF (Prop_ibuf_I_O)         1.411     1.411 r  CLK100MHZ_IBUF_inst/O
                         net (fo=1, routed)           1.920     3.331    CLK100MHZ_IBUF
    BUFGCTRL_X0Y16       BUFG (Prop_bufg_I_O)         0.091     3.422 r  CLK100MHZ_IBUF_BUFG_inst/O
                         net (fo=1685, routed)        1.597     5.020    tokenizer/clk
    SLICE_X77Y56         FDRE                                         r  tokenizer/char_ptr_reg[23]/C

Slack:                    inf
  Source:                 reset_raw
                            (input port)
  Destination:            tokenizer/char_ptr_reg[25]/R
                            (rising edge-triggered cell FDRE clocked by sys_clk_pin  {rise@0.000ns fall@5.000ns period=50.000ns})
  Path Group:             (none)
  Path Type:              Setup (Max at Slow Process Corner)
  Data Path Delay:        12.146ns  (logic 1.631ns (13.429%)  route 10.515ns (86.571%))
  Logic Levels:           2  (IBUF=1 LUT5=1)
  Clock Path Skew:        5.020ns (DCD - SCD + CPR)
    Destination Clock Delay (DCD):    5.020ns
    Source Clock Delay      (SCD):    0.000ns
    Clock Pessimism Removal (CPR):    0.000ns
  Clock Uncertainty:      0.025ns  ((TSJ^2 + TIJ^2)^1/2 + DJ) / 2 + PE
    Total System Jitter     (TSJ):    0.050ns
    Total Input Jitter      (TIJ):    0.000ns
    Discrete Jitter          (DJ):    0.000ns
    Phase Error              (PE):    0.000ns

    Location             Delay type                Incr(ns)  Path(ns)    Netlist Resource(s)
  -------------------------------------------------------------------    -------------------
    C12                                               0.000     0.000 f  reset_raw
                         net (fo=0)                   0.000     0.000    reset_raw
    C12                  IBUF (Prop_ibuf_I_O)         1.507     1.507 f  reset_raw_IBUF_inst/O
                         net (fo=4, routed)           5.148     6.656    UART_rx/reset_raw_IBUF
    SLICE_X46Y51         LUT5 (Prop_lut5_I4_O)        0.124     6.780 r  UART_rx/token_num[1]_i_1/O
                         net (fo=270, routed)         5.366    12.146    tokenizer/state_reg_2
    SLICE_X77Y56         FDRE                                         r  tokenizer/char_ptr_reg[25]/R
  -------------------------------------------------------------------    -------------------

                         (clock sys_clk_pin rise edge)
                                                      0.000     0.000 r  <hidden>
    E3                                                0.000     0.000 r  CLK100MHZ
                         net (fo=0)                   0.000     0.000    CLK100MHZ
    E3                   IBUF (Prop_ibuf_I_O)         1.411     1.411 r  CLK100MHZ_IBUF_inst/O
                         net (fo=1, routed)           1.920     3.331    CLK100MHZ_IBUF
    BUFGCTRL_X0Y16       BUFG (Prop_bufg_I_O)         0.091     3.422 r  CLK100MHZ_IBUF_BUFG_inst/O
                         net (fo=1685, routed)        1.597     5.020    tokenizer/clk
    SLICE_X77Y56         FDRE                                         r  tokenizer/char_ptr_reg[25]/C

Slack:                    inf
  Source:                 reset_raw
                            (input port)
  Destination:            tokenizer/char_ptr_reg[11]/R
                            (rising edge-triggered cell FDRE clocked by sys_clk_pin  {rise@0.000ns fall@5.000ns period=50.000ns})
  Path Group:             (none)
  Path Type:              Setup (Max at Slow Process Corner)
  Data Path Delay:        11.849ns  (logic 1.631ns (13.765%)  route 10.218ns (86.235%))
  Logic Levels:           2  (IBUF=1 LUT5=1)
  Clock Path Skew:        5.020ns (DCD - SCD + CPR)
    Destination Clock Delay (DCD):    5.020ns
    Source Clock Delay      (SCD):    0.000ns
    Clock Pessimism Removal (CPR):    0.000ns
  Clock Uncertainty:      0.025ns  ((TSJ^2 + TIJ^2)^1/2 + DJ) / 2 + PE
    Total System Jitter     (TSJ):    0.050ns
    Total Input Jitter      (TIJ):    0.000ns
    Discrete Jitter          (DJ):    0.000ns
    Phase Error              (PE):    0.000ns

    Location             Delay type                Incr(ns)  Path(ns)    Netlist Resource(s)
  -------------------------------------------------------------------    -------------------
    C12                                               0.000     0.000 f  reset_raw
                         net (fo=0)                   0.000     0.000    reset_raw
    C12                  IBUF (Prop_ibuf_I_O)         1.507     1.507 f  reset_raw_IBUF_inst/O
                         net (fo=4, routed)           5.148     6.656    UART_rx/reset_raw_IBUF
    SLICE_X46Y51         LUT5 (Prop_lut5_I4_O)        0.124     6.780 r  UART_rx/token_num[1]_i_1/O
                         net (fo=270, routed)         5.070    11.849    tokenizer/state_reg_2
    SLICE_X76Y54         FDRE                                         r  tokenizer/char_ptr_reg[11]/R
  -------------------------------------------------------------------    -------------------

                         (clock sys_clk_pin rise edge)
                                                      0.000     0.000 r  <hidden>
    E3                                                0.000     0.000 r  CLK100MHZ
                         net (fo=0)                   0.000     0.000    CLK100MHZ
    E3                   IBUF (Prop_ibuf_I_O)         1.411     1.411 r  CLK100MHZ_IBUF_inst/O
                         net (fo=1, routed)           1.920     3.331    CLK100MHZ_IBUF
    BUFGCTRL_X0Y16       BUFG (Prop_bufg_I_O)         0.091     3.422 r  CLK100MHZ_IBUF_BUFG_inst/O
                         net (fo=1685, routed)        1.597     5.020    tokenizer/clk
    SLICE_X76Y54         FDRE                                         r  tokenizer/char_ptr_reg[11]/C





Min Delay Paths
--------------------------------------------------------------------------------------
Slack:                    inf
  Source:                 reset_raw
                            (input port)
  Destination:            decode/Rs2E_reg[0]/R
                            (rising edge-triggered cell FDRE clocked by sys_clk_pin  {rise@0.000ns fall@5.000ns period=50.000ns})
  Path Group:             (none)
  Path Type:              Hold (Min at Fast Process Corner)
  Data Path Delay:        2.031ns  (logic 0.320ns (15.734%)  route 1.712ns (84.266%))
  Logic Levels:           2  (IBUF=1 LUT1=1)
  Clock Path Skew:        2.002ns (DCD - SCD - CPR)
    Destination Clock Delay (DCD):    2.002ns
    Source Clock Delay      (SCD):    0.000ns
    Clock Pessimism Removal (CPR):    -0.000ns

    Location             Delay type                Incr(ns)  Path(ns)    Netlist Resource(s)
  -------------------------------------------------------------------    -------------------
    C12                                               0.000     0.000 f  reset_raw
                         net (fo=0)                   0.000     0.000    reset_raw
    C12                  IBUF (Prop_ibuf_I_O)         0.275     0.275 f  reset_raw_IBUF_inst/O
                         net (fo=4, routed)           1.460     1.735    result_to_ascii/reset_raw_IBUF
    SLICE_X48Y94         LUT1 (Prop_lut1_I0_O)        0.045     1.780 r  result_to_ascii/Rs1E[4]_i_1/O
                         net (fo=504, routed)         0.251     2.031    decode/reset
    SLICE_X49Y93         FDRE                                         r  decode/Rs2E_reg[0]/R
  -------------------------------------------------------------------    -------------------

                         (clock sys_clk_pin rise edge)
                                                      0.000     0.000 r  <hidden>
    E3                                                0.000     0.000 r  CLK100MHZ
                         net (fo=0)                   0.000     0.000    CLK100MHZ
    E3                   IBUF (Prop_ibuf_I_O)         0.438     0.438 r  CLK100MHZ_IBUF_inst/O
                         net (fo=1, routed)           0.699     1.136    CLK100MHZ_IBUF
    BUFGCTRL_X0Y16       BUFG (Prop_bufg_I_O)         0.029     1.165 r  CLK100MHZ_IBUF_BUFG_inst/O
                         net (fo=1685, routed)        0.837     2.002    decode/CLK100MHZ_IBUF_BUFG
    SLICE_X49Y93         FDRE                                         r  decode/Rs2E_reg[0]/C

Slack:                    inf
  Source:                 reset_raw
                            (input port)
  Destination:            decode/Rs2E_reg[1]/R
                            (rising edge-triggered cell FDRE clocked by sys_clk_pin  {rise@0.000ns fall@5.000ns period=50.000ns})
  Path Group:             (none)
  Path Type:              Hold (Min at Fast Process Corner)
  Data Path Delay:        2.031ns  (logic 0.320ns (15.734%)  route 1.712ns (84.266%))
  Logic Levels:           2  (IBUF=1 LUT1=1)
  Clock Path Skew:        2.002ns (DCD - SCD - CPR)
    Destination Clock Delay (DCD):    2.002ns
    Source Clock Delay      (SCD):    0.000ns
    Clock Pessimism Removal (CPR):    -0.000ns

    Location             Delay type                Incr(ns)  Path(ns)    Netlist Resource(s)
  -------------------------------------------------------------------    -------------------
    C12                                               0.000     0.000 f  reset_raw
                         net (fo=0)                   0.000     0.000    reset_raw
    C12                  IBUF (Prop_ibuf_I_O)         0.275     0.275 f  reset_raw_IBUF_inst/O
                         net (fo=4, routed)           1.460     1.735    result_to_ascii/reset_raw_IBUF
    SLICE_X48Y94         LUT1 (Prop_lut1_I0_O)        0.045     1.780 r  result_to_ascii/Rs1E[4]_i_1/O
                         net (fo=504, routed)         0.251     2.031    decode/reset
    SLICE_X49Y93         FDRE                                         r  decode/Rs2E_reg[1]/R
  -------------------------------------------------------------------    -------------------

                         (clock sys_clk_pin rise edge)
                                                      0.000     0.000 r  <hidden>
    E3                                                0.000     0.000 r  CLK100MHZ
                         net (fo=0)                   0.000     0.000    CLK100MHZ
    E3                   IBUF (Prop_ibuf_I_O)         0.438     0.438 r  CLK100MHZ_IBUF_inst/O
                         net (fo=1, routed)           0.699     1.136    CLK100MHZ_IBUF
    BUFGCTRL_X0Y16       BUFG (Prop_bufg_I_O)         0.029     1.165 r  CLK100MHZ_IBUF_BUFG_inst/O
                         net (fo=1685, routed)        0.837     2.002    decode/CLK100MHZ_IBUF_BUFG
    SLICE_X49Y93         FDRE                                         r  decode/Rs2E_reg[1]/C

Slack:                    inf
  Source:                 reset_raw
                            (input port)
  Destination:            decode/Rs2E_reg[2]/R
                            (rising edge-triggered cell FDRE clocked by sys_clk_pin  {rise@0.000ns fall@5.000ns period=50.000ns})
  Path Group:             (none)
  Path Type:              Hold (Min at Fast Process Corner)
  Data Path Delay:        2.031ns  (logic 0.320ns (15.734%)  route 1.712ns (84.266%))
  Logic Levels:           2  (IBUF=1 LUT1=1)
  Clock Path Skew:        2.002ns (DCD - SCD - CPR)
    Destination Clock Delay (DCD):    2.002ns
    Source Clock Delay      (SCD):    0.000ns
    Clock Pessimism Removal (CPR):    -0.000ns

    Location             Delay type                Incr(ns)  Path(ns)    Netlist Resource(s)
  -------------------------------------------------------------------    -------------------
    C12                                               0.000     0.000 f  reset_raw
                         net (fo=0)                   0.000     0.000    reset_raw
    C12                  IBUF (Prop_ibuf_I_O)         0.275     0.275 f  reset_raw_IBUF_inst/O
                         net (fo=4, routed)           1.460     1.735    result_to_ascii/reset_raw_IBUF
    SLICE_X48Y94         LUT1 (Prop_lut1_I0_O)        0.045     1.780 r  result_to_ascii/Rs1E[4]_i_1/O
                         net (fo=504, routed)         0.251     2.031    decode/reset
    SLICE_X49Y93         FDRE                                         r  decode/Rs2E_reg[2]/R
  -------------------------------------------------------------------    -------------------

                         (clock sys_clk_pin rise edge)
                                                      0.000     0.000 r  <hidden>
    E3                                                0.000     0.000 r  CLK100MHZ
                         net (fo=0)                   0.000     0.000    CLK100MHZ
    E3                   IBUF (Prop_ibuf_I_O)         0.438     0.438 r  CLK100MHZ_IBUF_inst/O
                         net (fo=1, routed)           0.699     1.136    CLK100MHZ_IBUF
    BUFGCTRL_X0Y16       BUFG (Prop_bufg_I_O)         0.029     1.165 r  CLK100MHZ_IBUF_BUFG_inst/O
                         net (fo=1685, routed)        0.837     2.002    decode/CLK100MHZ_IBUF_BUFG
    SLICE_X49Y93         FDRE                                         r  decode/Rs2E_reg[2]/C

Slack:                    inf
  Source:                 reset_raw
                            (input port)
  Destination:            decode/Rs2E_reg[4]/R
                            (rising edge-triggered cell FDRE clocked by sys_clk_pin  {rise@0.000ns fall@5.000ns period=50.000ns})
  Path Group:             (none)
  Path Type:              Hold (Min at Fast Process Corner)
  Data Path Delay:        2.031ns  (logic 0.320ns (15.734%)  route 1.712ns (84.266%))
  Logic Levels:           2  (IBUF=1 LUT1=1)
  Clock Path Skew:        2.002ns (DCD - SCD - CPR)
    Destination Clock Delay (DCD):    2.002ns
    Source Clock Delay      (SCD):    0.000ns
    Clock Pessimism Removal (CPR):    -0.000ns

    Location             Delay type                Incr(ns)  Path(ns)    Netlist Resource(s)
  -------------------------------------------------------------------    -------------------
    C12                                               0.000     0.000 f  reset_raw
                         net (fo=0)                   0.000     0.000    reset_raw
    C12                  IBUF (Prop_ibuf_I_O)         0.275     0.275 f  reset_raw_IBUF_inst/O
                         net (fo=4, routed)           1.460     1.735    result_to_ascii/reset_raw_IBUF
    SLICE_X48Y94         LUT1 (Prop_lut1_I0_O)        0.045     1.780 r  result_to_ascii/Rs1E[4]_i_1/O
                         net (fo=504, routed)         0.251     2.031    decode/reset
    SLICE_X49Y93         FDRE                                         r  decode/Rs2E_reg[4]/R
  -------------------------------------------------------------------    -------------------

                         (clock sys_clk_pin rise edge)
                                                      0.000     0.000 r  <hidden>
    E3                                                0.000     0.000 r  CLK100MHZ
                         net (fo=0)                   0.000     0.000    CLK100MHZ
    E3                   IBUF (Prop_ibuf_I_O)         0.438     0.438 r  CLK100MHZ_IBUF_inst/O
                         net (fo=1, routed)           0.699     1.136    CLK100MHZ_IBUF
    BUFGCTRL_X0Y16       BUFG (Prop_bufg_I_O)         0.029     1.165 r  CLK100MHZ_IBUF_BUFG_inst/O
                         net (fo=1685, routed)        0.837     2.002    decode/CLK100MHZ_IBUF_BUFG
    SLICE_X49Y93         FDRE                                         r  decode/Rs2E_reg[4]/C

Slack:                    inf
  Source:                 reset_raw
                            (input port)
  Destination:            memory_access/ReadDataW_reg[18]/R
                            (rising edge-triggered cell FDRE clocked by sys_clk_pin  {rise@0.000ns fall@5.000ns period=50.000ns})
  Path Group:             (none)
  Path Type:              Hold (Min at Fast Process Corner)
  Data Path Delay:        2.032ns  (logic 0.320ns (15.731%)  route 1.712ns (84.269%))
  Logic Levels:           2  (IBUF=1 LUT1=1)
  Clock Path Skew:        2.002ns (DCD - SCD - CPR)
    Destination Clock Delay (DCD):    2.002ns
    Source Clock Delay      (SCD):    0.000ns
    Clock Pessimism Removal (CPR):    -0.000ns

    Location             Delay type                Incr(ns)  Path(ns)    Netlist Resource(s)
  -------------------------------------------------------------------    -------------------
    C12                                               0.000     0.000 f  reset_raw
                         net (fo=0)                   0.000     0.000    reset_raw
    C12                  IBUF (Prop_ibuf_I_O)         0.275     0.275 f  reset_raw_IBUF_inst/O
                         net (fo=4, routed)           1.460     1.735    result_to_ascii/reset_raw_IBUF
    SLICE_X48Y94         LUT1 (Prop_lut1_I0_O)        0.045     1.780 r  result_to_ascii/Rs1E[4]_i_1/O
                         net (fo=504, routed)         0.252     2.032    memory_access/reset
    SLICE_X47Y94         FDRE                                         r  memory_access/ReadDataW_reg[18]/R
  -------------------------------------------------------------------    -------------------

                         (clock sys_clk_pin rise edge)
                                                      0.000     0.000 r  <hidden>
    E3                                                0.000     0.000 r  CLK100MHZ
                         net (fo=0)                   0.000     0.000    CLK100MHZ
    E3                   IBUF (Prop_ibuf_I_O)         0.438     0.438 r  CLK100MHZ_IBUF_inst/O
                         net (fo=1, routed)           0.699     1.136    CLK100MHZ_IBUF
    BUFGCTRL_X0Y16       BUFG (Prop_bufg_I_O)         0.029     1.165 r  CLK100MHZ_IBUF_BUFG_inst/O
                         net (fo=1685, routed)        0.837     2.002    memory_access/CLK100MHZ_IBUF_BUFG
    SLICE_X47Y94         FDRE                                         r  memory_access/ReadDataW_reg[18]/C

Slack:                    inf
  Source:                 reset_raw
                            (input port)
  Destination:            memory_access/RdW_reg[1]/R
                            (rising edge-triggered cell FDRE clocked by sys_clk_pin  {rise@0.000ns fall@5.000ns period=50.000ns})
  Path Group:             (none)
  Path Type:              Hold (Min at Fast Process Corner)
  Data Path Delay:        2.035ns  (logic 0.320ns (15.701%)  route 1.716ns (84.299%))
  Logic Levels:           2  (IBUF=1 LUT1=1)
  Clock Path Skew:        2.002ns (DCD - SCD - CPR)
    Destination Clock Delay (DCD):    2.002ns
    Source Clock Delay      (SCD):    0.000ns
    Clock Pessimism Removal (CPR):    -0.000ns

    Location             Delay type                Incr(ns)  Path(ns)    Netlist Resource(s)
  -------------------------------------------------------------------    -------------------
    C12                                               0.000     0.000 f  reset_raw
                         net (fo=0)                   0.000     0.000    reset_raw
    C12                  IBUF (Prop_ibuf_I_O)         0.275     0.275 f  reset_raw_IBUF_inst/O
                         net (fo=4, routed)           1.460     1.735    result_to_ascii/reset_raw_IBUF
    SLICE_X48Y94         LUT1 (Prop_lut1_I0_O)        0.045     1.780 r  result_to_ascii/Rs1E[4]_i_1/O
                         net (fo=504, routed)         0.256     2.035    memory_access/reset
    SLICE_X48Y93         FDRE                                         r  memory_access/RdW_reg[1]/R
  -------------------------------------------------------------------    -------------------

                         (clock sys_clk_pin rise edge)
                                                      0.000     0.000 r  <hidden>
    E3                                                0.000     0.000 r  CLK100MHZ
                         net (fo=0)                   0.000     0.000    CLK100MHZ
    E3                   IBUF (Prop_ibuf_I_O)         0.438     0.438 r  CLK100MHZ_IBUF_inst/O
                         net (fo=1, routed)           0.699     1.136    CLK100MHZ_IBUF
    BUFGCTRL_X0Y16       BUFG (Prop_bufg_I_O)         0.029     1.165 r  CLK100MHZ_IBUF_BUFG_inst/O
                         net (fo=1685, routed)        0.837     2.002    memory_access/CLK100MHZ_IBUF_BUFG
    SLICE_X48Y93         FDRE                                         r  memory_access/RdW_reg[1]/C

Slack:                    inf
  Source:                 reset_raw
                            (input port)
  Destination:            memory_access/ReadDataW_reg[16]/R
                            (rising edge-triggered cell FDRE clocked by sys_clk_pin  {rise@0.000ns fall@5.000ns period=50.000ns})
  Path Group:             (none)
  Path Type:              Hold (Min at Fast Process Corner)
  Data Path Delay:        2.035ns  (logic 0.320ns (15.701%)  route 1.716ns (84.299%))
  Logic Levels:           2  (IBUF=1 LUT1=1)
  Clock Path Skew:        2.002ns (DCD - SCD - CPR)
    Destination Clock Delay (DCD):    2.002ns
    Source Clock Delay      (SCD):    0.000ns
    Clock Pessimism Removal (CPR):    -0.000ns

    Location             Delay type                Incr(ns)  Path(ns)    Netlist Resource(s)
  -------------------------------------------------------------------    -------------------
    C12                                               0.000     0.000 f  reset_raw
                         net (fo=0)                   0.000     0.000    reset_raw
    C12                  IBUF (Prop_ibuf_I_O)         0.275     0.275 f  reset_raw_IBUF_inst/O
                         net (fo=4, routed)           1.460     1.735    result_to_ascii/reset_raw_IBUF
    SLICE_X48Y94         LUT1 (Prop_lut1_I0_O)        0.045     1.780 r  result_to_ascii/Rs1E[4]_i_1/O
                         net (fo=504, routed)         0.256     2.035    memory_access/reset
    SLICE_X48Y93         FDRE                                         r  memory_access/ReadDataW_reg[16]/R
  -------------------------------------------------------------------    -------------------

                         (clock sys_clk_pin rise edge)
                                                      0.000     0.000 r  <hidden>
    E3                                                0.000     0.000 r  CLK100MHZ
                         net (fo=0)                   0.000     0.000    CLK100MHZ
    E3                   IBUF (Prop_ibuf_I_O)         0.438     0.438 r  CLK100MHZ_IBUF_inst/O
                         net (fo=1, routed)           0.699     1.136    CLK100MHZ_IBUF
    BUFGCTRL_X0Y16       BUFG (Prop_bufg_I_O)         0.029     1.165 r  CLK100MHZ_IBUF_BUFG_inst/O
                         net (fo=1685, routed)        0.837     2.002    memory_access/CLK100MHZ_IBUF_BUFG
    SLICE_X48Y93         FDRE                                         r  memory_access/ReadDataW_reg[16]/C

Slack:                    inf
  Source:                 reset_raw
                            (input port)
  Destination:            execute/WriteDataM_reg[16]/R
                            (rising edge-triggered cell FDRE clocked by sys_clk_pin  {rise@0.000ns fall@5.000ns period=50.000ns})
  Path Group:             (none)
  Path Type:              Hold (Min at Fast Process Corner)
  Data Path Delay:        2.086ns  (logic 0.320ns (15.319%)  route 1.767ns (84.681%))
  Logic Levels:           2  (IBUF=1 LUT1=1)
  Clock Path Skew:        2.002ns (DCD - SCD - CPR)
    Destination Clock Delay (DCD):    2.002ns
    Source Clock Delay      (SCD):    0.000ns
    Clock Pessimism Removal (CPR):    -0.000ns

    Location             Delay type                Incr(ns)  Path(ns)    Netlist Resource(s)
  -------------------------------------------------------------------    -------------------
    C12                                               0.000     0.000 f  reset_raw
                         net (fo=0)                   0.000     0.000    reset_raw
    C12                  IBUF (Prop_ibuf_I_O)         0.275     0.275 f  reset_raw_IBUF_inst/O
                         net (fo=4, routed)           1.460     1.735    result_to_ascii/reset_raw_IBUF
    SLICE_X48Y94         LUT1 (Prop_lut1_I0_O)        0.045     1.780 r  result_to_ascii/Rs1E[4]_i_1/O
                         net (fo=504, routed)         0.307     2.086    execute/reset
    SLICE_X47Y95         FDRE                                         r  execute/WriteDataM_reg[16]/R
  -------------------------------------------------------------------    -------------------

                         (clock sys_clk_pin rise edge)
                                                      0.000     0.000 r  <hidden>
    E3                                                0.000     0.000 r  CLK100MHZ
                         net (fo=0)                   0.000     0.000    CLK100MHZ
    E3                   IBUF (Prop_ibuf_I_O)         0.438     0.438 r  CLK100MHZ_IBUF_inst/O
                         net (fo=1, routed)           0.699     1.136    CLK100MHZ_IBUF
    BUFGCTRL_X0Y16       BUFG (Prop_bufg_I_O)         0.029     1.165 r  CLK100MHZ_IBUF_BUFG_inst/O
                         net (fo=1685, routed)        0.837     2.002    execute/CLK100MHZ_IBUF_BUFG
    SLICE_X47Y95         FDRE                                         r  execute/WriteDataM_reg[16]/C

Slack:                    inf
  Source:                 reset_raw
                            (input port)
  Destination:            execute/WriteDataM_reg[17]/R
                            (rising edge-triggered cell FDRE clocked by sys_clk_pin  {rise@0.000ns fall@5.000ns period=50.000ns})
  Path Group:             (none)
  Path Type:              Hold (Min at Fast Process Corner)
  Data Path Delay:        2.086ns  (logic 0.320ns (15.319%)  route 1.767ns (84.681%))
  Logic Levels:           2  (IBUF=1 LUT1=1)
  Clock Path Skew:        2.002ns (DCD - SCD - CPR)
    Destination Clock Delay (DCD):    2.002ns
    Source Clock Delay      (SCD):    0.000ns
    Clock Pessimism Removal (CPR):    -0.000ns

    Location             Delay type                Incr(ns)  Path(ns)    Netlist Resource(s)
  -------------------------------------------------------------------    -------------------
    C12                                               0.000     0.000 f  reset_raw
                         net (fo=0)                   0.000     0.000    reset_raw
    C12                  IBUF (Prop_ibuf_I_O)         0.275     0.275 f  reset_raw_IBUF_inst/O
                         net (fo=4, routed)           1.460     1.735    result_to_ascii/reset_raw_IBUF
    SLICE_X48Y94         LUT1 (Prop_lut1_I0_O)        0.045     1.780 r  result_to_ascii/Rs1E[4]_i_1/O
                         net (fo=504, routed)         0.307     2.086    execute/reset
    SLICE_X47Y95         FDRE                                         r  execute/WriteDataM_reg[17]/R
  -------------------------------------------------------------------    -------------------

                         (clock sys_clk_pin rise edge)
                                                      0.000     0.000 r  <hidden>
    E3                                                0.000     0.000 r  CLK100MHZ
                         net (fo=0)                   0.000     0.000    CLK100MHZ
    E3                   IBUF (Prop_ibuf_I_O)         0.438     0.438 r  CLK100MHZ_IBUF_inst/O
                         net (fo=1, routed)           0.699     1.136    CLK100MHZ_IBUF
    BUFGCTRL_X0Y16       BUFG (Prop_bufg_I_O)         0.029     1.165 r  CLK100MHZ_IBUF_BUFG_inst/O
                         net (fo=1685, routed)        0.837     2.002    execute/CLK100MHZ_IBUF_BUFG
    SLICE_X47Y95         FDRE                                         r  execute/WriteDataM_reg[17]/C

Slack:                    inf
  Source:                 reset_raw
                            (input port)
  Destination:            execute/WriteDataM_reg[18]/R
                            (rising edge-triggered cell FDRE clocked by sys_clk_pin  {rise@0.000ns fall@5.000ns period=50.000ns})
  Path Group:             (none)
  Path Type:              Hold (Min at Fast Process Corner)
  Data Path Delay:        2.086ns  (logic 0.320ns (15.319%)  route 1.767ns (84.681%))
  Logic Levels:           2  (IBUF=1 LUT1=1)
  Clock Path Skew:        2.002ns (DCD - SCD - CPR)
    Destination Clock Delay (DCD):    2.002ns
    Source Clock Delay      (SCD):    0.000ns
    Clock Pessimism Removal (CPR):    -0.000ns

    Location             Delay type                Incr(ns)  Path(ns)    Netlist Resource(s)
  -------------------------------------------------------------------    -------------------
    C12                                               0.000     0.000 f  reset_raw
                         net (fo=0)                   0.000     0.000    reset_raw
    C12                  IBUF (Prop_ibuf_I_O)         0.275     0.275 f  reset_raw_IBUF_inst/O
                         net (fo=4, routed)           1.460     1.735    result_to_ascii/reset_raw_IBUF
    SLICE_X48Y94         LUT1 (Prop_lut1_I0_O)        0.045     1.780 r  result_to_ascii/Rs1E[4]_i_1/O
                         net (fo=504, routed)         0.307     2.086    execute/reset
    SLICE_X47Y95         FDRE                                         r  execute/WriteDataM_reg[18]/R
  -------------------------------------------------------------------    -------------------

                         (clock sys_clk_pin rise edge)
                                                      0.000     0.000 r  <hidden>
    E3                                                0.000     0.000 r  CLK100MHZ
                         net (fo=0)                   0.000     0.000    CLK100MHZ
    E3                   IBUF (Prop_ibuf_I_O)         0.438     0.438 r  CLK100MHZ_IBUF_inst/O
                         net (fo=1, routed)           0.699     1.136    CLK100MHZ_IBUF
    BUFGCTRL_X0Y16       BUFG (Prop_bufg_I_O)         0.029     1.165 r  CLK100MHZ_IBUF_BUFG_inst/O
                         net (fo=1685, routed)        0.837     2.002    execute/CLK100MHZ_IBUF_BUFG
    SLICE_X47Y95         FDRE                                         r  execute/WriteDataM_reg[18]/C





